Teks Berita,Label,Sumber
"[SALAH] Gibran Minta MBG Dihentikan Usai Jenguk...
Faktanya, Gibran hanya meminta kepada orang...",Hoax,TurnBackHoax
[SALAH] Gibran Minta MBG Dihentikan Usai Jenguk...,Hoax,TurnBackHoax
"[PENIPUAN] Kontak “Pendaftaran Dana Bantuan” dari Menkeu...
Audio dari video yang beredar adalah...",Hoax,TurnBackHoax
[PENIPUAN] Kontak “Pendaftaran Dana Bantuan” dari Menkeu...,Hoax,TurnBackHoax
"[SALAH] Menkeu Suahasil Terlibat Korupsi Ratusan Triliun...
Konten yang beredar adalah hasil manipulasi...",Hoax,TurnBackHoax
[SALAH] Menkeu Suahasil Terlibat Korupsi Ratusan Triliun...,Hoax,TurnBackHoax
"[PENIPUAN] Foto Rekrutmen Pegawai Koperasi Merah Putih
Faktanya, rekrutmen pegawai Koperasi Desa Merah...",Hoax,TurnBackHoax
[PENIPUAN] Foto Rekrutmen Pegawai Koperasi Merah Putih,Hoax,TurnBackHoax
"[SALAH] Ada Kebijakan Razia Kendaraan dari Rumah...
Faktanya, tidak ditemukan informasi kredibel yang...",Hoax,TurnBackHoax
[SALAH] Ada Kebijakan Razia Kendaraan dari Rumah...,Hoax,TurnBackHoax
"[PENIPUAN] Tautan Pendaftaran Program Bantuan Lansia
Unggahan berisi tautan “pendaftaran program bantuan...",Hoax,TurnBackHoax
[PENIPUAN] Tautan Pendaftaran Program Bantuan Lansia,Hoax,TurnBackHoax
"[PENIPUAN] Tautan Pendaftaran Cek Kesehatan Gratis
Faktanya, tautan tidak mengarah ke laman...",Hoax,TurnBackHoax
[PENIPUAN] Tautan Pendaftaran Cek Kesehatan Gratis,Hoax,TurnBackHoax
"[SALAH] Ojol Dilarang Beli Pertalite
Faktanya, Bahlil memang pernah menyatakan demikian,...",Hoax,TurnBackHoax
[SALAH] Ojol Dilarang Beli Pertalite,Hoax,TurnBackHoax
"[SALAH] Malaysia Laporkan Indonesia ke PBB soal...
Faktanya, Malaysia tidak melaporkan Indonesia ke...",Hoax,TurnBackHoax
[SALAH] Malaysia Laporkan Indonesia ke PBB soal...,Hoax,TurnBackHoax
"[SALAH] Video ""Laut Merak Kering Imbas Erupsi...
Konteks asli dokumentasi adalah momen air...",Hoax,TurnBackHoax
"[SALAH] Video ""Laut Merak Kering Imbas Erupsi...",Hoax,TurnBackHoax
"[SALAH] Pembangunan IKN Dihentikan Sementara, Dana Dialihkan...
Faktanya, pembangunan IKN hanya pernah dihentikan...",Hoax,TurnBackHoax
"[SALAH] Pembangunan IKN Dihentikan Sementara, Dana Dialihkan...",Hoax,TurnBackHoax
"[PENIPUAN] Tautan Lowongan Kerja Elabram Systems
Faktanya, tautan pendaftaran tidak mengarah ke...",Hoax,TurnBackHoax
[PENIPUAN] Tautan Lowongan Kerja Elabram Systems,Hoax,TurnBackHoax
"[SALAH] Dokumentasi ""Aksi Pembakaran Gudang MBG di...
Konteks asli dokumentasi adalah momen aksi...",Hoax,TurnBackHoax
"[SALAH] Dokumentasi ""Aksi Pembakaran Gudang MBG di...",Hoax,TurnBackHoax
"[SALAH] Toko Harian Dipaksa Tutup karena Dekat...
Faktanya, video yang dibagikan adalah video...",Hoax,TurnBackHoax
[SALAH] Toko Harian Dipaksa Tutup karena Dekat...,Hoax,TurnBackHoax
"[SALAH] Gibran Sebut Tidak Tahu Kasus Keracunan...
Faktanya, tidak ditemukan pemberitaan kredibel yang...",Hoax,TurnBackHoax
[SALAH] Gibran Sebut Tidak Tahu Kasus Keracunan...,Hoax,TurnBackHoax
"[SALAH] Kota Malang Sepakat Hentikan MBG
Faktanya, Wali Kota Malang memastikan program...",Hoax,TurnBackHoax
[SALAH] Kota Malang Sepakat Hentikan MBG,Hoax,TurnBackHoax
"[PENIPUAN] Lowongan Kerja Cosmos Indonesia
Faktanya, tautan tidak mengarah ke laman...",Hoax,TurnBackHoax
[PENIPUAN] Lowongan Kerja Cosmos Indonesia,Hoax,TurnBackHoax
"[SALAH] Dokumentasi “Malaysia Kirim Pesawat, Padamkan Karhutla...
Konteks asli dokumentasi tersebut adalah momen...",Hoax,TurnBackHoax
"[SALAH] Dokumentasi “Malaysia Kirim Pesawat, Padamkan Karhutla...",Hoax,TurnBackHoax
"[PENIPUAN] Tautan Pendaftaran Bansos Digital
Unggahan berisi tautan “pendaftaran bansos digital”...",Hoax,TurnBackHoax
[PENIPUAN] Tautan Pendaftaran Bansos Digital,Hoax,TurnBackHoax
"[PENIPUAN] Tautan Pendaftaran Tunjangan Lansia 2026
Faktanya, konten merupakan hasil rekayasa AI,...",Hoax,TurnBackHoax
[PENIPUAN] Tautan Pendaftaran Tunjangan Lansia 2026,Hoax,TurnBackHoax
"[PENIPUAN] Tautan Pendaftaran Lowongan Kerja Puskesmas
Faktanya, pendaftaran lowongan kerja dan proses...",Hoax,TurnBackHoax
[PENIPUAN] Tautan Pendaftaran Lowongan Kerja Puskesmas,Hoax,TurnBackHoax
"[PENIPUAN] Email Rekrutmen Indonesia Weda Bay Industrial...
Faktanya, proses rekrutmen hanya dilakukan melalui...",Hoax,TurnBackHoax
[PENIPUAN] Email Rekrutmen Indonesia Weda Bay Industrial...,Hoax,TurnBackHoax
"[PENIPUAN] Tautan Lowongan Kerja Cap Lang
Faktanya, tautan tersebut bukan saluran resmi...",Hoax,TurnBackHoax
[PENIPUAN] Tautan Lowongan Kerja Cap Lang,Hoax,TurnBackHoax
"[PENIPUAN] Informasi ""Pendaftaran Dana Pensiunan"" dari Mahfud...
Faktanya, konten yang beredar adalah hasil...",Hoax,TurnBackHoax
"[PENIPUAN] Informasi ""Pendaftaran Dana Pensiunan"" dari Mahfud...",Hoax,TurnBackHoax
"[PENIPUAN] Tautan Lowongan Kerja Djarum Group
Faktanya, tautan tersebut bukan saluran resmi...",Hoax,TurnBackHoax
[PENIPUAN] Tautan Lowongan Kerja Djarum Group,Hoax,TurnBackHoax
"[SALAH] Video ""Gempa Susulan Guncang Pulau Flores...
Faktanya, video tersebut merupakan rekaman pergeseran...",Hoax,TurnBackHoax
"[SALAH] Video ""Gempa Susulan Guncang Pulau Flores...",Hoax,TurnBackHoax
"[PENIPUAN] Tautan Pendaftaran Beasiswa Unggulan 2026 dari...
Faktanya, tautan tersebut bukan berasal dari...",Hoax,TurnBackHoax
[PENIPUAN] Tautan Pendaftaran Beasiswa Unggulan 2026 dari...,Hoax,TurnBackHoax
"[PENIPUAN] Tautan Pendaftaran Magang di Kementerian Keuangan
Faktanya, tautan tidak mengarah ke situs...",Hoax,TurnBackHoax
[PENIPUAN] Tautan Pendaftaran Magang di Kementerian Keuangan,Hoax,TurnBackHoax
"[PENIPUAN] Tautan Pendaftaran Lowongan Indosat Ooredoo
Faktanya, pendaftaran kerja di Indosat Ooredoo...",Hoax,TurnBackHoax
[PENIPUAN] Tautan Pendaftaran Lowongan Indosat Ooredoo,Hoax,TurnBackHoax
"[SALAH] Darurat Tsunami di Pesisir Banten dan...
Gunung Anak Krakatau memang mengalami erupsi...",Hoax,TurnBackHoax
[SALAH] Darurat Tsunami di Pesisir Banten dan...,Hoax,TurnBackHoax
"[SALAH] Imbauan untuk Tidak Menampung Air Hujan...
Faktanya, BMKG Kalimantan Barat menegaskan tidak...",Hoax,TurnBackHoax
[SALAH] Imbauan untuk Tidak Menampung Air Hujan...,Hoax,TurnBackHoax
"[SALAH] Zulhas Temukan Bukti MBG Sengaja Diracun...
Faktanya, Zulhas hanya mengatakan jika kasus...",Hoax,TurnBackHoax
[SALAH] Zulhas Temukan Bukti MBG Sengaja Diracun...,Hoax,TurnBackHoax
"[SALAH] Anies Baswedan Menolak RUU Perampasan Aset
Tidak ditemukan pemberitaan atau sumber kredibel...",Hoax,TurnBackHoax
[SALAH] Anies Baswedan Menolak RUU Perampasan Aset,Hoax,TurnBackHoax
"[SALAH] Prabowo Tetapkan 30 September Libur Nasional,...
Faktanya, tidak ada bukti jika benar...",Hoax,TurnBackHoax
"[SALAH] Prabowo Tetapkan 30 September Libur Nasional,...",Hoax,TurnBackHoax
"[PENIPUAN] Video Megawati Membagikan Dana Bantuan Modal...
Faktanya, video yang beredar dimanipulasi dengan...",Hoax,TurnBackHoax
[PENIPUAN] Video Megawati Membagikan Dana Bantuan Modal...,Hoax,TurnBackHoax
"[SALAH] World Bank: Indonesia Negara Berkembang Termiskin...
Faktanya, World Bank tidak pernah menyatakan...",Hoax,TurnBackHoax
[SALAH] World Bank: Indonesia Negara Berkembang Termiskin...,Hoax,TurnBackHoax
"[SALAH] Perbatasan RI-Malaysia Resmi Ditutup karena Pilot...
Faktanya, hingga saat ini, tidak ada...",Hoax,TurnBackHoax
[SALAH] Perbatasan RI-Malaysia Resmi Ditutup karena Pilot...,Hoax,TurnBackHoax
"[SALAH] Erupsi Gunung di Indonesia Berkaitan dengan...
Faktanya, gelombang radio dari HAARP yang...",Hoax,TurnBackHoax
[SALAH] Erupsi Gunung di Indonesia Berkaitan dengan...,Hoax,TurnBackHoax
"[PENIPUAN] Kontak “Pendaftaran Bantuan dari Bank Indonesia”
Unggahan video berisi kontak “pendaftaran dana...",Hoax,TurnBackHoax
[PENIPUAN] Kontak “Pendaftaran Bantuan dari Bank Indonesia”,Hoax,TurnBackHoax
"[PENIPUAN] Tautan Lowongan Kerja Deloitte Indonesia
Faktanya, tautan tidak mengarah ke laman...",Hoax,TurnBackHoax
[PENIPUAN] Tautan Lowongan Kerja Deloitte Indonesia,Hoax,TurnBackHoax
"[SALAH] Hotel Shangri-La Surabaya Dijual Rp2,3 T
Faktanya, pihak Hotel Shangri-La Surabaya telah...",Hoax,TurnBackHoax
"[SALAH] Hotel Shangri-La Surabaya Dijual Rp2,3 T",Hoax,TurnBackHoax
"[SALAH] Kebakaran Hutan Kalimantan Merambat ke Permukiman...
Faktanya, foto tersebut terjadi di tahun...",Hoax,TurnBackHoax
[SALAH] Kebakaran Hutan Kalimantan Merambat ke Permukiman...,Hoax,TurnBackHoax
"[SALAH] Vaksin Cacar Air Sebabkan Pandemi Shingles
Faktanya, bukti ilmiah menunjukkan bahwa anak...",Hoax,TurnBackHoax
[SALAH] Vaksin Cacar Air Sebabkan Pandemi Shingles,Hoax,TurnBackHoax
"[PENIPUAN] Kontak “Pendaftaran Dana Bantuan” dari Menko...
Video yang beredar adalah hasil rekayasa...",Hoax,TurnBackHoax
[PENIPUAN] Kontak  “Pendaftaran Dana Bantuan” dari Menko...,Hoax,TurnBackHoax
"[PENIPUAN] Bantuan Pemerintah untuk Rakyat Umur 40-70...
Faktanya, tidak ditemukan informasi kredibel yang...",Hoax,TurnBackHoax
[PENIPUAN] Bantuan Pemerintah untuk Rakyat Umur 40-70...,Hoax,TurnBackHoax
"[SALAH] Rombongan Aksi 27 Agustus 2026 Terima...
Faktanya, berdasarkan rekam jejak aktivitas di...",Hoax,TurnBackHoax
[SALAH] Rombongan Aksi 27 Agustus 2026 Terima...,Hoax,TurnBackHoax
"[SALAH] Sejumlah Santri di Sidoarjo Meninggal Akibat...
Bupati Sidoarjo menegaskan tidak ada korban...",Hoax,TurnBackHoax
[SALAH] Sejumlah Santri di Sidoarjo Meninggal Akibat...,Hoax,TurnBackHoax
"[PENIPUAN] Pendaftaran Bantuan Dana Presiden
Konten yang beredar adalah hasil rekayasa...",Hoax,TurnBackHoax
[PENIPUAN] Pendaftaran Bantuan Dana Presiden,Hoax,TurnBackHoax
"[PENIPUAN] Pendaftaran Dana Bantuan dari Menteri Pendidikan
Konten yang beredar adalah hasil rekayasa...",Hoax,TurnBackHoax
[PENIPUAN] Pendaftaran Dana Bantuan dari Menteri Pendidikan,Hoax,TurnBackHoax
"[PENIPUAN] Tautan Undian Berhadiah Wondr BNI
Unggahan berisi tautan “undian berhadian Wondr...",Hoax,TurnBackHoax
[PENIPUAN] Tautan Undian Berhadiah Wondr BNI,Hoax,TurnBackHoax
"[PENIPUAN] Tautan Pendaftaran Lowongan Kerja Yupi Indo...
Faktanya, tautan tidak mengarah ke laman...",Hoax,TurnBackHoax
[PENIPUAN] Tautan Pendaftaran Lowongan Kerja Yupi Indo...,Hoax,TurnBackHoax
"[PENIPUAN] Tautan Pendaftaran Magang Setjen DPR RI...
Faktanya, tautan tidak mengarah ke situs...",Hoax,TurnBackHoax
[PENIPUAN] Tautan Pendaftaran Magang Setjen DPR RI...,Hoax,TurnBackHoax
"[PENIPUAN] Tautan Pendaftaran Lowongan Damkar, Satpol PP,...
Faktanya, pendaftaran Damkar, Satpol PP, dan...",Hoax,TurnBackHoax
"[PENIPUAN] Tautan Pendaftaran Lowongan Damkar, Satpol PP,...",Hoax,TurnBackHoax
"[PENIPUAN] Tautan Undian Berhadiah Bank Sumsel Babel...
Faktanya, tautan tidak mengarah ke laman...",Hoax,TurnBackHoax
[PENIPUAN] Tautan Undian Berhadiah Bank Sumsel Babel...,Hoax,TurnBackHoax
"[PENIPUAN] Wayan Koster Bagi-Bagi Dana Bantuan
Faktanya, akun “wyn kstr” yang digunakan...",Hoax,TurnBackHoax
[PENIPUAN] Wayan Koster Bagi-Bagi Dana Bantuan,Hoax,TurnBackHoax
"[PENIPUAN] Video “Sri Mulyani Tawarkan Modal Usaha...
Audio dalam video yang beredar adalah...",Hoax,TurnBackHoax
[PENIPUAN] Video “Sri Mulyani Tawarkan Modal Usaha...,Hoax,TurnBackHoax
"[PENIPUAN] Tautan Pendaftaran Sekolah Kedinasan 2026
Faktanya, tautan tersebut bukan saluran resmi...",Hoax,TurnBackHoax
[PENIPUAN] Tautan Pendaftaran Sekolah Kedinasan 2026,Hoax,TurnBackHoax
"[SALAH] Pulau Menjangan Kecil Dijual Rp500 Miliar
Faktanya, Pemerintah Kabupaten Jepara menegaskan bahwa...",Hoax,TurnBackHoax
[SALAH] Pulau Menjangan Kecil Dijual Rp500 Miliar,Hoax,TurnBackHoax
"[SALAH] Mau Hemat Dana, Pemerintah Tolak Keluarkan...
Faktanya, tidak ada penolakan dari pemerintah...",Hoax,TurnBackHoax
"[SALAH] Mau Hemat Dana, Pemerintah Tolak Keluarkan...",Hoax,TurnBackHoax
"[SALAH] Bayi di Jepara Meninggal Usai Imunisasi...
Faktanya, hasil pemeriksaan dokter, bayi meninggal...",Hoax,TurnBackHoax
[SALAH] Bayi di Jepara Meninggal Usai Imunisasi...,Hoax,TurnBackHoax
"[PENIPUAN] Tautan Undian Berhadiah Bank Riau Kepri...
Faktanya, konten merupakan hasil rekayasa AI,...",Hoax,TurnBackHoax
[PENIPUAN] Tautan Undian Berhadiah Bank Riau Kepri...,Hoax,TurnBackHoax
"[PENIPUAN] Video “Dedi Mulyadi Bagi-Bagi Dana Bantuan”
Audio dalam video yang beredar adalah...",Hoax,TurnBackHoax
[PENIPUAN] Video “Dedi Mulyadi Bagi-Bagi Dana Bantuan”,Hoax,TurnBackHoax
"[SALAH] Video ""Rombongan Bus dari Palembang ke...
Faktanya, video rombongan bus tersebut merupakan...",Hoax,TurnBackHoax
"[SALAH] Video ""Rombongan Bus dari Palembang ke...",Hoax,TurnBackHoax
"[SALAH] Video ""Suasana Malam Tanggal 27 Agustus...
Faktanya, video tersebut merupakan dokumentasi Pesta...",Hoax,TurnBackHoax
"[SALAH] Video ""Suasana Malam Tanggal 27 Agustus...",Hoax,TurnBackHoax
"[SALAH] Mualem Minta Aceh Pisah dari NKRI
Faktanya, tidak ditemukan informasi kredibel yang...",Hoax,TurnBackHoax
[SALAH] Mualem Minta Aceh Pisah dari NKRI,Hoax,TurnBackHoax
"[SALAH] Gunung Lewotobi Laki-Laki Erupsi Usai Gempa...
Faktanya, video tersebut merupakan rekaman erupsi...",Hoax,TurnBackHoax
[SALAH] Gunung Lewotobi Laki-Laki Erupsi Usai Gempa...,Hoax,TurnBackHoax
"[SALAH] Foto “Kebakaran Hutan Kalimantan Merambat ke...
Faktanya, kebakaran tersebut melanda gedung hunian...",Hoax,TurnBackHoax
[SALAH] Foto “Kebakaran Hutan Kalimantan Merambat ke...,Hoax,TurnBackHoax
"[SALAH] Pramono Anung Larang Warga Non-DKI Kerja...
Faktanya, ketentuan KTP DKI Jakarta tersebut...",Hoax,TurnBackHoax
[SALAH] Pramono Anung Larang Warga Non-DKI Kerja...,Hoax,TurnBackHoax
"[SALAH] Efek Samping Vaksin DPT Daptacel Sengaja...
Faktanya, dokumen sumber tangkapan layar bersifat...",Hoax,TurnBackHoax
[SALAH] Efek Samping Vaksin DPT Daptacel Sengaja...,Hoax,TurnBackHoax
"[SALAH] Video “Rombongan Bus Santri Tebuireng Ikut...
Faktanya, tidak ditemukan pemberitaan kredibel tentang...",Hoax,TurnBackHoax
[SALAH] Video “Rombongan Bus Santri Tebuireng Ikut...,Hoax,TurnBackHoax
"[SALAH] Cek Kesehatan Gratis Itu Agenda Plandemi...
Faktanya, program Cek Kesehatan Gratis merupakan...",Hoax,TurnBackHoax
[SALAH] Cek Kesehatan Gratis Itu Agenda Plandemi...,Hoax,TurnBackHoax
"[SALAH] Menteri Agama RI Nasaruddin Umar Mengundurkan...
Faktanya, tidak ditemukan informasi kredibel yang...",Hoax,TurnBackHoax
[SALAH] Menteri Agama RI Nasaruddin Umar Mengundurkan...,Hoax,TurnBackHoax
"[SALAH] Prabowo Instruksikan PPh 21 Dipotong 35%...
Faktanya, melalui akun Instagram resminya, Ditjen...",Hoax,TurnBackHoax
[SALAH] Prabowo Instruksikan PPh 21 Dipotong 35%...,Hoax,TurnBackHoax
"[SALAH] Demi MBG, Ratusan BUMN Bakal Ditutup...
Tidak ditemukan informasi kredibel yang membenarkan...",Hoax,TurnBackHoax
"[SALAH] Demi MBG, Ratusan BUMN Bakal Ditutup...",Hoax,TurnBackHoax
"[SALAH] Video ""Persiapan Demo 27 Agustus 2026,...
Faktanya, video yang dibagikan adalah video...",Hoax,TurnBackHoax
"[SALAH] Video ""Persiapan Demo 27 Agustus 2026,...",Hoax,TurnBackHoax
"[SALAH] Bahlil Sebut Rakyat Minta Harga BBM...
Tidak ditemukan pernyataan resmi yang membenarkan...",Hoax,TurnBackHoax
[SALAH] Bahlil Sebut Rakyat Minta Harga BBM...,Hoax,TurnBackHoax
"[PENIPUAN] Tautan Pendaftaran Program Indonesia Pintar (PIP)
Faktanya, tautan tersebut bukan saluran resmi...",Hoax,TurnBackHoax
[PENIPUAN] Tautan Pendaftaran Program Indonesia Pintar (PIP),Hoax,TurnBackHoax
"[PENIPUAN] Tautan ""Voucer Hari Kemerdekaan"" dari Indomaret
Faktanya, tautan voucer hari kemerdekaan tersebut...",Hoax,TurnBackHoax
"[PENIPUAN] Tautan ""Voucer Hari Kemerdekaan"" dari Indomaret",Hoax,TurnBackHoax
"[SALAH] DPR Buat RUU Larangan Membeli Rokok
Faktanya, DPR belum membuat RUU berkaitan...",Hoax,TurnBackHoax
[SALAH] DPR Buat RUU Larangan Membeli Rokok,Hoax,TurnBackHoax
"[PENIPUAN] Tautan Pendaftaran Bantuan Sejahtera Purna Bakti...
Faktanya, tautan yang beredar terindikasi phising/penipuan...",Hoax,TurnBackHoax
[PENIPUAN] Tautan Pendaftaran Bantuan Sejahtera Purna Bakti...,Hoax,TurnBackHoax
"[SALAH] Dokumentasi ""Tentara PBB Jaga Keamanan Aceh""
Faktanya, konten yang beredar merupakan hasil...",Hoax,TurnBackHoax
"[SALAH] Dokumentasi ""Tentara PBB Jaga Keamanan Aceh""",Hoax,TurnBackHoax
"[PENIPUAN] Tautan Pendaftaran Dosen dan Guru Pamong...
Faktanya, tautan tidak mengarah ke laman...",Hoax,TurnBackHoax
[PENIPUAN] Tautan Pendaftaran Dosen dan Guru Pamong...,Hoax,TurnBackHoax
"[SALAH] Video ""Rakyat NTT dan Aceh ke...
Konteks asli dokumentasi adalah momen aksi...",Hoax,TurnBackHoax
"[SALAH] Video ""Rakyat NTT dan Aceh ke...",Hoax,TurnBackHoax
"[SALAH] Video ""Gedung Ambruk saat Gempa Magnitudo...
Faktanya, video yang dibagikan adalah rekaman...",Hoax,TurnBackHoax
"[SALAH] Video ""Gedung Ambruk saat Gempa Magnitudo...",Hoax,TurnBackHoax
"[SALAH] Indonesia Resmi Keluar dari Keanggotaan World...
Faktanya, tidak ada pernyataan resmi Indonesia...",Hoax,TurnBackHoax
[SALAH] Indonesia Resmi Keluar dari Keanggotaan World...,Hoax,TurnBackHoax
"[SALAH] Dukcapil Melarang Nama Anak dari Inspirasi...
Faktanya, Dukcapil tidak membuat aturan baru...",Hoax,TurnBackHoax
[SALAH] Dukcapil Melarang Nama Anak dari Inspirasi...,Hoax,TurnBackHoax
"[SALAH] Kantor IMF di Indonesia Ditutup TNI-Polri
Faktanya, tidak ditemukan pemberitaan yang membenarkan...",Hoax,TurnBackHoax
[SALAH] Kantor IMF di Indonesia Ditutup TNI-Polri,Hoax,TurnBackHoax
"[PENIPUAN] Pendaftaran Lowongan Kerja Family Mart
Faktanya, tautan tidak mengarah ke laman...",Hoax,TurnBackHoax
[PENIPUAN] Pendaftaran Lowongan Kerja Family Mart,Hoax,TurnBackHoax
"[PENIPUAN] Tautan Pendaftaran “SIM Gratis Spesial HUT...
Faktanya, Korlantas Polri tidak pernah mengadakan...",Hoax,TurnBackHoax
[PENIPUAN] Tautan Pendaftaran “SIM Gratis Spesial HUT...,Hoax,TurnBackHoax
"[SALAH] BGN Minta SPPG Jadi Penyuplai Makanan...
Faktanya, tidak ditemukan informasi resmi maupun...",Hoax,TurnBackHoax
[SALAH] BGN Minta SPPG Jadi Penyuplai Makanan...,Hoax,TurnBackHoax
"[SALAH] Dadan Hindayana Mengaku Uang Korupsinya Dibagi...
Tidak ditemukan informasi valid dari pemberitaan...",Hoax,TurnBackHoax
[SALAH] Dadan Hindayana Mengaku Uang Korupsinya Dibagi...,Hoax,TurnBackHoax
"[SALAH] Aceh Berpisah dari Indonesia
Tidak ditemukan informasi valid atau pemberitaan...",Hoax,TurnBackHoax
[SALAH] Aceh Berpisah dari Indonesia,Hoax,TurnBackHoax
"[PENIPUAN] Pendaftaran Rekrutmen Astra Agro Lestari Lewat...
Faktanya, pendaftaran lowongan kerja dan proses...",Hoax,TurnBackHoax
[PENIPUAN] Pendaftaran Rekrutmen Astra Agro Lestari Lewat...,Hoax,TurnBackHoax
"[PENIPUAN] Gambar Pendaftaran Lowongan Kerja Japfa Indonesia
Faktanya, pendaftaran lowongan kerja hanya dilakukan...",Hoax,TurnBackHoax
[PENIPUAN] Gambar Pendaftaran Lowongan Kerja Japfa Indonesia,Hoax,TurnBackHoax
"[SALAH] Dokumentasi ""Aksi Demo di Aceh dan...
Faktanya, dokumentasi tersebut tidak ada kaitannya...",Hoax,TurnBackHoax
"[SALAH] Dokumentasi ""Aksi Demo di Aceh dan...",Hoax,TurnBackHoax
"[SALAH] Prabowo Bakal Perintahkan TNI-Polri Tangkap Semua...
Faktanya, tidak ada bukti jika benar...",Hoax,TurnBackHoax
[SALAH] Prabowo Bakal Perintahkan TNI-Polri Tangkap Semua...,Hoax,TurnBackHoax
"[PENIPUAN] WhatsApp Pendaftaran Bantuan Beras dari Pemerintah
Faktanya, tautan kanal WhatsApp tersebut bukan...",Hoax,TurnBackHoax
[PENIPUAN] WhatsApp Pendaftaran Bantuan Beras dari Pemerintah,Hoax,TurnBackHoax
"[SALAH] Honda Resmi Keluar dari Indonesia karena...
Faktanya, artikel CNBC hanya menyoroti penutupan...",Hoax,TurnBackHoax
[SALAH] Honda Resmi Keluar dari Indonesia karena...,Hoax,TurnBackHoax
"[PENIPUAN] Tautan “Pendaftaran UMKM di IKN”
Faktanya, tautan tidak mengarah ke situs...",Hoax,TurnBackHoax
[PENIPUAN] Tautan “Pendaftaran UMKM di IKN”,Hoax,TurnBackHoax
"[SALAH] Pemerintah Tetapkan Aceh Darurat Operasi Militer...
Faktanya, tangkapan layar artikel yang mengatasnamakan...",Hoax,TurnBackHoax
[SALAH] Pemerintah Tetapkan Aceh Darurat Operasi Militer...,Hoax,TurnBackHoax
"[PENIPUAN] Undian Berhadiah BRI Sambut HUT ke-81...
Faktanya, tautan undian berhadiah tersebut bukan...",Hoax,TurnBackHoax
[PENIPUAN] Undian Berhadiah BRI Sambut HUT ke-81...,Hoax,TurnBackHoax
"[SALAH] Snack Luppo Produk Israel Mengandung Pil...
Faktanya, video tersebut kemungkinan besar direkam...",Hoax,TurnBackHoax
[SALAH] Snack Luppo Produk Israel Mengandung Pil...,Hoax,TurnBackHoax
"[SALAH] KPK Menyita Delapan Rumah Mewah Gubernur...
Faktanya, tidak ada bukti jika benar...",Hoax,TurnBackHoax
[SALAH] KPK Menyita Delapan Rumah Mewah Gubernur...,Hoax,TurnBackHoax
"[SALAH] Infografis Sistem Desil Terbaru 2026
Faktanya, Kemensos menegaskan tidak membuat infografis...",Hoax,TurnBackHoax
[SALAH] Infografis Sistem Desil Terbaru 2026,Hoax,TurnBackHoax
"[SALAH] Prabowo Terbitkan Perpu Pemiskinan Koruptor
Faktanya, tidak ditemukan informasi kredibel yang...",Hoax,TurnBackHoax
[SALAH] Prabowo Terbitkan Perpu Pemiskinan Koruptor,Hoax,TurnBackHoax
"[SALAH] NHS Pertimbangkan ""Menonton Premier League"" sebagai...
Faktanya, program yang dimaksud merupakan proyek...",Hoax,TurnBackHoax
"[SALAH] NHS Pertimbangkan ""Menonton Premier League"" sebagai...",Hoax,TurnBackHoax
"[SALAH] Vaksin HPV Bikin Anak Laki-Laki Impoten
Faktanya, vaksin HPV justru melindungi dari...",Hoax,TurnBackHoax
[SALAH] Vaksin HPV Bikin Anak Laki-Laki Impoten,Hoax,TurnBackHoax
"[SALAH] Rektor UGM Ditangkap Imbas Kasus Ijazah...
Faktanya, tidak ditemukan pemberitaan kredibel yang...",Hoax,TurnBackHoax
[SALAH] Rektor UGM Ditangkap Imbas Kasus Ijazah...,Hoax,TurnBackHoax
"[SALAH] Vaksin HPV Sebabkan HIV
Faktanya, HIV ditularkan melalui paparan tertentu...",Hoax,TurnBackHoax
[SALAH] Vaksin HPV Sebabkan HIV,Hoax,TurnBackHoax
"[PENIPUAN] Bank Indonesia Cairkan Dana Hibah untuk...
Konten yang beredar adalah hasil rekayasa...",Hoax,TurnBackHoax
[PENIPUAN] Bank Indonesia Cairkan Dana Hibah untuk...,Hoax,TurnBackHoax
"[PENIPUAN] Pendaftaran “Dana Bantuan dari Bupati Bangkalan”
Konten yang beredar adalah hasil rekayasa...",Hoax,TurnBackHoax
[PENIPUAN] Pendaftaran “Dana Bantuan dari Bupati Bangkalan”,Hoax,TurnBackHoax
"[PENIPUAN] Pendaftaran Bantuan Sepeda Listrik untuk Anak...
Faktanya, video merupakan hasil manipulasi AI...",Hoax,TurnBackHoax
[PENIPUAN] Pendaftaran Bantuan Sepeda Listrik untuk Anak...,Hoax,TurnBackHoax
"[SALAH] DJP Pungut Pajak Masyarakat yang Jogging...
Faktanya, DJP tidak menerapkan pajak apabila...",Hoax,TurnBackHoax
[SALAH] DJP Pungut Pajak Masyarakat yang Jogging...,Hoax,TurnBackHoax
"[SALAH] Prabowo Tetapkan 28 Agustus Libur Bersama,...
Faktanya, tidak ada bukti jika benar...",Hoax,TurnBackHoax
"[SALAH] Prabowo Tetapkan 28 Agustus Libur Bersama,...",Hoax,TurnBackHoax
"[PENIPUAN] Tautan Pendaftaran BPJS Kesehatan Gratis 2026
Faktanya, tautan tersebut bukan saluran resmi...",Hoax,TurnBackHoax
[PENIPUAN] Tautan Pendaftaran BPJS Kesehatan Gratis 2026,Hoax,TurnBackHoax
"[SALAH] Vaksin Hepatitis B Berbahaya dan Sebabkan...
Faktanya, vaksin Hepatitis B berbahaya dan...",Hoax,TurnBackHoax
[SALAH] Vaksin Hepatitis B Berbahaya dan Sebabkan...,Hoax,TurnBackHoax
"[PENIPUAN] Tautan Klaim ""Bantuan Subsidi Pemerintah"" 2026
Faktanya, tautan tersebut bukan saluran resmi...",Hoax,TurnBackHoax
"[PENIPUAN] Tautan Klaim ""Bantuan Subsidi Pemerintah"" 2026",Hoax,TurnBackHoax
"[SALAH] MBG Bakal Disalurkan Lewat Kartu ATM
Faktanya, pencarian pada kanal resmi pemerintah...",Hoax,TurnBackHoax
[SALAH] MBG Bakal Disalurkan Lewat Kartu ATM,Hoax,TurnBackHoax
"[PENIPUAN] KDM Hadirkan Rumah Usaha, DP Rp750...
Faktanya, video merupakan kawasan Hunian Warisan...",Hoax,TurnBackHoax
"[PENIPUAN] KDM Hadirkan Rumah Usaha, DP Rp750...",Hoax,TurnBackHoax
"[SALAH] Dokumen BPOM Bocor, Sebut Vaksin Polio...
BPOM menegaskan klaim tentang “vaksin polio...",Hoax,TurnBackHoax
"[SALAH] Dokumen BPOM Bocor, Sebut Vaksin Polio...",Hoax,TurnBackHoax
"[SALAH] Video “Penggusuran Lahan untuk Pembangunan Kopdes...
Konteks asli video adalah penggusuran yang...",Hoax,TurnBackHoax
[SALAH] Video “Penggusuran Lahan untuk Pembangunan Kopdes...,Hoax,TurnBackHoax
"[PENIPUAN] Tautan Pendaftaran Lowongan Kerja PT Taspen
Faktanya, pendaftaran lowongan kerja hanya dilakukan...",Hoax,TurnBackHoax
[PENIPUAN] Tautan Pendaftaran Lowongan Kerja PT Taspen,Hoax,TurnBackHoax
"[SALAH] Bank Indonesia Bakal Cetak Uang Baru...
Faktanya, Bank Indonesia memastikan tidak ada...",Hoax,TurnBackHoax
[SALAH] Bank Indonesia Bakal Cetak Uang Baru...,Hoax,TurnBackHoax
"[SALAH] Gaji Manajer Koperasi Desa Merah Putih...
Menteri Keuangan Purbaya membantah informasi tersebut....",Hoax,TurnBackHoax
[SALAH] Gaji Manajer Koperasi Desa Merah Putih...,Hoax,TurnBackHoax
"[SALAH] Barang Bukti Kasus Korupsi Mantan Gubernur...
Faktanya, Kejaksaan Tinggi (Kejati) Lampung menegaskan...",Hoax,TurnBackHoax
[SALAH] Barang Bukti Kasus Korupsi Mantan Gubernur...,Hoax,TurnBackHoax
"[SALAH] Prabowo Perintahkan Penangkapan Jampidsus Febrie
Faktanya, tidak ditemukan informasi kredibel yang...",Hoax,TurnBackHoax
[SALAH] Prabowo Perintahkan Penangkapan Jampidsus Febrie,Hoax,TurnBackHoax
"[PENIPUAN] Tautan Pendaftaran Pulsa dan Kuota Internet...
Faktanya, tidak ditemukan informasi kredibel yang...",Hoax,TurnBackHoax
[PENIPUAN] Tautan Pendaftaran Pulsa dan Kuota Internet...,Hoax,TurnBackHoax
"[PENIPUAN] Tautan Lowongan Kerja Agrinas Jaladri Nusantara
Faktanya, tautan pendaftaran tidak mengarah ke...",Hoax,TurnBackHoax
[PENIPUAN] Tautan Lowongan Kerja Agrinas Jaladri Nusantara,Hoax,TurnBackHoax
"[PENIPUAN] Tautan “Pendaftaran Upacara 17 Agustus 2026...
Faktanya, tautan tidak mengarah ke situs...",Hoax,TurnBackHoax
[PENIPUAN] Tautan “Pendaftaran Upacara 17 Agustus 2026...,Hoax,TurnBackHoax
"[PENIPUAN] Tautan Pendaftaran Bantuan Bibit Tanaman Buah
Faktanya, bibit gratis dapat diperoleh dengan...",Hoax,TurnBackHoax
[PENIPUAN] Tautan Pendaftaran Bantuan Bibit Tanaman Buah,Hoax,TurnBackHoax
"[SALAH] Uni Eropa Larang Indonesia Produksi BBM...
Faktanya, hingga saat ini, tidak ada...",Hoax,TurnBackHoax
[SALAH] Uni Eropa Larang Indonesia Produksi BBM...,Hoax,TurnBackHoax
"[SALAH] Video “MenPAN-RB Umumkan CPNS 2026 Resmi...
Faktanya, video yang beredar dimanipulasi dengan...",Hoax,TurnBackHoax
[SALAH] Video “MenPAN-RB Umumkan CPNS 2026 Resmi...,Hoax,TurnBackHoax
"[SALAH] Ova Emilia Mundur dari Kursi Rektor...
Faktanya, Ova Emilia masih tercatat sebagai...",Hoax,TurnBackHoax
[SALAH] Ova Emilia Mundur dari Kursi Rektor...,Hoax,TurnBackHoax
"[SALAH] Dokumentasi ""Fasilitas Minyak Arab Saudi Terbakar...
Faktanya, video yang dibagikan adalah rekaman...",Hoax,TurnBackHoax
"[SALAH] Dokumentasi ""Fasilitas Minyak Arab Saudi Terbakar...",Hoax,TurnBackHoax
"[PENIPUAN] Tautan Lowongan Kerja untuk Lansia 2026
Faktanya, pendaftaran Program Lansia Aktif dari...",Hoax,TurnBackHoax
[PENIPUAN] Tautan Lowongan Kerja untuk Lansia 2026,Hoax,TurnBackHoax
"[SALAH] Pendaftaran Upacara HUT ke-81 RI di...
Pendaftaran hanya dilakukan di laman resmi...",Hoax,TurnBackHoax
[SALAH] Pendaftaran Upacara HUT ke-81 RI di...,Hoax,TurnBackHoax
"[SALAH] Dokumentasi ""Penggerebekan Markas Buzzer Penyerang MBG""
Faktanya, video tersebut merupakan rekaman penggerebekan...",Hoax,TurnBackHoax
"[SALAH] Dokumentasi ""Penggerebekan Markas Buzzer Penyerang MBG""",Hoax,TurnBackHoax
"[SALAH] Prabowo Pinjam Dana dari Korea dan...
Faktanya, tidak ditemukan informasi kredibel yang...",Hoax,TurnBackHoax
[SALAH] Prabowo Pinjam Dana dari Korea dan...,Hoax,TurnBackHoax
"[PENIPUAN] Aplikasi Investasi Emas Diawasi Bank Indonesia
Faktanya, Bank Indonesia (BI) tidak pernah...",Hoax,TurnBackHoax
[PENIPUAN] Aplikasi Investasi Emas Diawasi Bank Indonesia,Hoax,TurnBackHoax
"[PENIPUAN] Foto Pendaftaran Lowongan Kerja Cleo
Unggahan berisi tautan “pendaftaran lowongan kerja...",Hoax,TurnBackHoax
[PENIPUAN] Foto Pendaftaran Lowongan Kerja Cleo,Hoax,TurnBackHoax
"[SALAH] Vaksinasi Menyebabkan Autisme
Faktanya, World Health Organization (WHO) menegaskan...",Hoax,TurnBackHoax
[SALAH] Vaksinasi Menyebabkan Autisme,Hoax,TurnBackHoax
"[SALAH] Prabowo Mau Sita Usaha Gilingan Padi...
Faktanya, Prabowo mengancam akan menyita usaha...",Hoax,TurnBackHoax
[SALAH] Prabowo Mau Sita Usaha Gilingan Padi...,Hoax,TurnBackHoax
"[SALAH] Mendes Yandri: Pemerintah Berharap Toko di...
Konten yang beredar merupakan hasil rekayasa...",Hoax,TurnBackHoax
[SALAH] Mendes Yandri: Pemerintah Berharap Toko di...,Hoax,TurnBackHoax
"[PENIPUAN] Sultan Brunei Bagi-Bagi Dana Bantuan
Konten yang beredar adalah hasil rekayasa...",Hoax,TurnBackHoax
[PENIPUAN] Sultan Brunei Bagi-Bagi Dana Bantuan,Hoax,TurnBackHoax
"[PENIPUAN] Pendaftaran Lowongan Kerja Indogrosir
Faktanya, pendaftaran lowongan kerja hanya dilakukan...",Hoax,TurnBackHoax
[PENIPUAN] Pendaftaran Lowongan Kerja Indogrosir,Hoax,TurnBackHoax
"[SALAH] Dokumentasi ""Kondisi Pangkalan Militer Udara AS...
Faktanya, video yang dibagikan adalah peristiwa...",Hoax,TurnBackHoax
"[SALAH] Dokumentasi ""Kondisi Pangkalan Militer Udara AS...",Hoax,TurnBackHoax
"[PENIPUAN] Tautan Pendaftaran Bantuan Stimulan Perumahan Swadaya...
Faktanya, mekanisme penyaluran BSPS dilakukan melalui...",Hoax,TurnBackHoax
[PENIPUAN] Tautan Pendaftaran Bantuan Stimulan Perumahan Swadaya...,Hoax,TurnBackHoax
"[PENIPUAN] Tautan Pendaftaran Bantuan Pangan 2026
Faktanya, tautan yang dibagikan tidak mengarah...",Hoax,TurnBackHoax
[PENIPUAN] Tautan Pendaftaran Bantuan Pangan 2026,Hoax,TurnBackHoax
"[PENIPUAN] Foto Lowongan Kerja Customer Service Tokopedia
Faktanya, tautan tidak mengarah ke laman...",Hoax,TurnBackHoax
[PENIPUAN] Foto Lowongan Kerja Customer Service Tokopedia,Hoax,TurnBackHoax
"[SALAH] Prabowo dan Gibran Ambil Alih Pengesahan...
Faktanya, sejauh ini RUU Perampasan Aset...",Hoax,TurnBackHoax
[SALAH] Prabowo dan Gibran Ambil Alih Pengesahan...,Hoax,TurnBackHoax
"[SALAH] Prabowo: Warung Tidak Memberi Keuntungan untuk...
Faktanya, tidak ditemukan informasi kredibel yang...",Hoax,TurnBackHoax
[SALAH] Prabowo: Warung Tidak Memberi Keuntungan untuk...,Hoax,TurnBackHoax
"[SALAH] Polri Temukan Bunker Berisi Uang Ribuan...
Faktanya,video aslinya menampilkan konferensi pers pengungkapan...",Hoax,TurnBackHoax
[SALAH] Polri Temukan Bunker Berisi Uang Ribuan...,Hoax,TurnBackHoax
"[SALAH] Febrie Mau Bongkar Bunker Triliunan Rupiah...
Faktanya, tidak ditemukan pemberitaan kredibel yang...",Hoax,TurnBackHoax
[SALAH] Febrie Mau Bongkar Bunker Triliunan Rupiah...,Hoax,TurnBackHoax
"[SALAH] Dokumentasi ""Iran Menyerang Fasilitas Minyak di...
Faktanya, video yang dibagikan adalah video...",Hoax,TurnBackHoax
"[SALAH] Dokumentasi ""Iran Menyerang Fasilitas Minyak di...",Hoax,TurnBackHoax
"[PENIPUAN] Tautan Pendaftaran Lowongan Kerja Ajinomoto
Unggahan berisi tautan “pendaftaran lowongan kerja...",Hoax,TurnBackHoax
[PENIPUAN] Tautan Pendaftaran Lowongan Kerja Ajinomoto,Hoax,TurnBackHoax
"[PENIPUAN] Foto Pendaftaran Lowongan Kerja Pos Properti...
Unggahan berisi foto “pendaftaran lowongan kerja...",Hoax,TurnBackHoax
[PENIPUAN] Foto Pendaftaran Lowongan Kerja Pos Properti...,Hoax,TurnBackHoax
"[PENIPUAN] Foto Pendaftaran Lowongan Kerja Kalbe Farma
Unggahan berisi foto “pendaftaran lowongan kerja...",Hoax,TurnBackHoax
[PENIPUAN] Foto Pendaftaran Lowongan Kerja Kalbe Farma,Hoax,TurnBackHoax
"[PENIPUAN] Tautan Pendaftaran Magang Nasional Kemenimipas 2026
Faktanya, tautan tersebut bukan saluran resmi...",Hoax,TurnBackHoax
[PENIPUAN] Tautan Pendaftaran Magang Nasional Kemenimipas 2026,Hoax,TurnBackHoax
"[SALAH] Tahun 2027, Pemilik AC hingga Kulkas...
Tidak ditemukan informasi kredibel yang membenarkan...",Hoax,TurnBackHoax
"[SALAH] Tahun 2027, Pemilik AC hingga Kulkas...",Hoax,TurnBackHoax
"[SALAH] Dokumentasi ""Serangan Iran Terhadap Musuh di...
Faktanya, video yang disebarkan adalah dokumentasi...",Hoax,TurnBackHoax
"[SALAH] Dokumentasi ""Serangan Iran Terhadap Musuh di...",Hoax,TurnBackHoax
"[SALAH] Vaksin Covid-19 Jadi Penyebab Kematian Pelari...
Para ahli menjelaskan efek samping serius...",Hoax,TurnBackHoax
[SALAH] Vaksin Covid-19 Jadi Penyebab Kematian Pelari...,Hoax,TurnBackHoax
"[SALAH] Akun TikTok Samsat Bagikan Tautan Layanan...
Tautan yang beredar bukan merupakan layanan...",Hoax,TurnBackHoax
[SALAH] Akun TikTok Samsat Bagikan Tautan Layanan...,Hoax,TurnBackHoax
"[PENIPUAN] Tautan Pendaftaran Bantuan Tunai untuk Petani
Faktanya, tautan tersebut bukan saluran resmi...",Hoax,TurnBackHoax
[PENIPUAN] Tautan Pendaftaran Bantuan Tunai untuk Petani,Hoax,TurnBackHoax
"[PENIPUAN] Tautan Rekrutmen Penggerak HAM 2026
Faktanya, tautan bukan saluran resmi dari...",Hoax,TurnBackHoax
[PENIPUAN] Tautan Rekrutmen Penggerak HAM 2026,Hoax,TurnBackHoax
"[SALAH] Ada Larangan Pendirian Toko Kelontong di...
Tidak ditemukan informasi valid atau pemberitaan...",Hoax,TurnBackHoax
[SALAH] Ada Larangan Pendirian Toko Kelontong di...,Hoax,TurnBackHoax
"[SALAH] Komdigi Bakal Terapkan Aturan Balik Nama...
Faktanya, wacana yang dibahas berkaitan dengan...",Hoax,TurnBackHoax
[SALAH] Komdigi Bakal Terapkan Aturan Balik Nama...,Hoax,TurnBackHoax
"[SALAH] Ada Operasi Razia Pajak di Jalan...
Faktanya, foto yang beredar merupakan rekayasa,...",Hoax,TurnBackHoax
[SALAH] Ada Operasi Razia Pajak di Jalan...,Hoax,TurnBackHoax
"[PENIPUAN] Video Lowongan Kerja Astro
Unggahan berisi video “lowongan kerja Astro”...",Hoax,TurnBackHoax
[PENIPUAN] Video Lowongan Kerja Astro,Hoax,TurnBackHoax
"[PENIPUAN] Video Lowongan Sopir Tangki Pertamina
Unggahan berisi video “lowongan kerja sopir...",Hoax,TurnBackHoax
[PENIPUAN] Video Lowongan Sopir Tangki Pertamina,Hoax,TurnBackHoax
"[SALAH] Pemprov Jabar Akan Aktifkan Kembali Pembayaran...
Faktanya, Pemerintah Provinsi Jawa Barat melalui...",Hoax,TurnBackHoax
[SALAH] Pemprov Jabar Akan Aktifkan Kembali Pembayaran...,Hoax,TurnBackHoax
"[SALAH] Dokumentasi ""Tentara AS dan Sekutu Tidak...
Faktanya, video kedua yang dibagikan adalah...",Hoax,TurnBackHoax
"[SALAH] Dokumentasi ""Tentara AS dan Sekutu Tidak...",Hoax,TurnBackHoax
"[SALAH] Memijat Jari Mampu Turunkan Tekanan Darah...
Faktanya, pijat hanya berfungsi sebagai terapi...",Hoax,TurnBackHoax
[SALAH] Memijat Jari Mampu Turunkan Tekanan Darah...,Hoax,TurnBackHoax
"[PENIPUAN] Tautan Pendaftaran Lowongan Kerja PT Pertamina...
Faktanya, tautan pendaftaran tidak mengarah ke...",Hoax,TurnBackHoax
[PENIPUAN] Tautan Pendaftaran Lowongan Kerja PT Pertamina...,Hoax,TurnBackHoax
"[SALAH] Dokumentasi “Demo Ajakan Tolak Bayar Pajak”
Faktanya, gambar tersebut merupakan hasil buatan...",Hoax,TurnBackHoax
[SALAH] Dokumentasi “Demo Ajakan Tolak Bayar Pajak”,Hoax,TurnBackHoax
"[SALAH] Dokumentasi “Gudang Senjata AS di Arab...
Faktanya, video yang beredar bukan lah...",Hoax,TurnBackHoax
[SALAH] Dokumentasi “Gudang Senjata AS di Arab...,Hoax,TurnBackHoax
"[SALAH] Pakai Sandal Jepit saat Berkendara Bakal...
Faktanya, tidak ada ketentuan dalam Undang-Undang...",Hoax,TurnBackHoax
[SALAH] Pakai Sandal Jepit saat Berkendara Bakal...,Hoax,TurnBackHoax
"[SALAH] Dokumentasi ""Kebakaran Basis Militer AS di...
Faktanya, video yang dibagikan adalah rekaman...",Hoax,TurnBackHoax
"[SALAH] Dokumentasi ""Kebakaran Basis Militer AS di...",Hoax,TurnBackHoax
"[SALAH] Dokumentasi ""Markas AS di Timur Tengah...
Faktanya, video yang dibagikan adalah video...",Hoax,TurnBackHoax
"[SALAH] Dokumentasi ""Markas AS di Timur Tengah...",Hoax,TurnBackHoax
"[PENIPUAN] Tautan Pendaftaran Program Bantuan Pendidikan dan...
Faktanya, tautan bukan saluran resmi dari...",Hoax,TurnBackHoax
[PENIPUAN] Tautan Pendaftaran Program Bantuan Pendidikan dan...,Hoax,TurnBackHoax
"[SALAH] Bahlil Bakal Sita Televisi Milik Penunggak...
Faktanya, Juru Bicara Kementerian ESDM, Dwi...",Hoax,TurnBackHoax
[SALAH] Bahlil Bakal Sita Televisi Milik Penunggak...,Hoax,TurnBackHoax
"[PENIPUAN] Video Pendaftaran Lowongan Kerja Aice
Unggahan foto berisi klaim “pendaftaran lowongan...",Hoax,TurnBackHoax
[PENIPUAN] Video Pendaftaran Lowongan Kerja Aice,Hoax,TurnBackHoax
"[PENIPUAN] Video Pendaftaran Lowongan Kerja Kopi Kenangan
Unggahan video berisi klaim “pendaftaran lowongan...",Hoax,TurnBackHoax
[PENIPUAN] Video Pendaftaran Lowongan Kerja Kopi Kenangan,Hoax,TurnBackHoax
"[PENIPUAN] Lowongan Kerja PT Permodalan Nasional Madani
Faktanya, tautan pendaftaran tidak mengarah ke...",Hoax,TurnBackHoax
[PENIPUAN] Lowongan Kerja PT Permodalan Nasional Madani,Hoax,TurnBackHoax
"[SALAH] Bank Indonesia Menerbitkan Uang Kertas Rp5...
BI tidak pernah menerbitkan uang kertas...",Hoax,TurnBackHoax
[SALAH] Bank Indonesia Menerbitkan Uang Kertas Rp5...,Hoax,TurnBackHoax
"[SALAH] Paus Fransiskus dan Imam Besar Al...
Faktanya, perjanjian yang pernah ditandatangani dua...",Hoax,TurnBackHoax
[SALAH] Paus Fransiskus dan Imam Besar Al...,Hoax,TurnBackHoax
"[SALAH] Daun Patikan China Bisa Sembuhkan Ambeien...
Faktanya, daun Patikan China hanya membantu...",Hoax,TurnBackHoax
[SALAH] Daun Patikan China Bisa Sembuhkan Ambeien...,Hoax,TurnBackHoax
"[SALAH] DPR Resmi Tolak Pengesahan RUU Perampasan...
Faktanya, sejauh ini RUU Perampasan Aset...",Hoax,TurnBackHoax
[SALAH] DPR Resmi Tolak Pengesahan RUU Perampasan...,Hoax,TurnBackHoax
"[PENIPUAN] Tautan Pendaftaran Program Transmigrasi
Faktanya, pendaftaran Program Transmigrasi dilakukan melalui...",Hoax,TurnBackHoax
[PENIPUAN] Tautan Pendaftaran Program Transmigrasi,Hoax,TurnBackHoax
"[PENIPUAN] Tautan Pendaftaran Lowongan Kerja J&T Cargo
Unggahan berisi klaim “pendaftaran lowongan kerja...",Hoax,TurnBackHoax
[PENIPUAN] Tautan Pendaftaran Lowongan Kerja J&T Cargo,Hoax,TurnBackHoax
"[PENIPUAN] Tautan Pendaftaran PKH Khusus Balita
Faktanya, tidak ditemukan pengumuman resmi mengenai...",Hoax,TurnBackHoax
[PENIPUAN] Tautan Pendaftaran PKH Khusus Balita,Hoax,TurnBackHoax
"[PENIPUAN] Tautan Pendaftaran Program Bantuan Bibit Sawit
Faktanya, tidak ditemukan pengumuman resmi mengenai...",Hoax,TurnBackHoax
[PENIPUAN] Tautan Pendaftaran Program Bantuan Bibit Sawit,Hoax,TurnBackHoax
"[PENIPUAN] Tautan Pendaftaran PayLater OVO
Faktanya, tautan yang dibagikan tidak mengarah...",Hoax,TurnBackHoax
[PENIPUAN] Tautan Pendaftaran PayLater OVO,Hoax,TurnBackHoax
"[SALAH] Uang dan Emas yang Disita Terbukti...
Faktanya, tidak ditemukan informasi kredibel yang...",Hoax,TurnBackHoax
[SALAH] Uang dan Emas yang Disita Terbukti...,Hoax,TurnBackHoax
"[PENIPUAN] Tautan Pendaftaran Bantuan Haji dan Umrah
Faktanya, tautan terindikasi penipuan/phising karena mengarahkan...",Hoax,TurnBackHoax
[PENIPUAN] Tautan Pendaftaran Bantuan Haji dan Umrah,Hoax,TurnBackHoax
"[PENIPUAN] Tautan Pendaftaran Bantuan Alat Perikanan
Faktanya, tautan terindikasi penipuan/phising karena mengarahkan...",Hoax,TurnBackHoax
[PENIPUAN] Tautan Pendaftaran Bantuan Alat Perikanan,Hoax,TurnBackHoax
"[PENIPUAN] Pendaftaran Lowongan Kerja Telkomsel Melalui DM...
Pendaftaran lowongan kerja Telkomsel hanya dilakukan...",Hoax,TurnBackHoax
[PENIPUAN] Pendaftaran Lowongan Kerja Telkomsel Melalui DM...,Hoax,TurnBackHoax
"[PENIPUAN] Tautan Pendaftaran Lowongan Kerja SPX Express
Faktanya, pendaftaran loker hanya bisa melalui...",Hoax,TurnBackHoax
[PENIPUAN] Tautan Pendaftaran Lowongan Kerja SPX Express,Hoax,TurnBackHoax
"[SALAH] Luhut: WNI Tak Bayar Pajak Dicopot...
Faktanya, pencarian pada kanal resmi pemerintah...",Hoax,TurnBackHoax
[SALAH] Luhut: WNI Tak Bayar Pajak Dicopot...,Hoax,TurnBackHoax
"[SALAH] SPBU Bakal Dijaga Petugas Samsat untuk...
Tidak ada kebijakan yang mewajibkan petugas...",Hoax,TurnBackHoax
[SALAH] SPBU Bakal Dijaga Petugas Samsat untuk...,Hoax,TurnBackHoax
"[SALAH] Pasukan Tentara China Mendarat di Manado
Faktanya, video yang beredar tersebut adalah...",Hoax,TurnBackHoax
[SALAH] Pasukan Tentara China Mendarat di Manado,Hoax,TurnBackHoax
"[SALAH] Prabowo Bakal Ubah IKN Jadi Markas...
Faktanya, hasil pencarian tidak menemukan pemberitaan...",Hoax,TurnBackHoax
[SALAH] Prabowo Bakal Ubah IKN Jadi Markas...,Hoax,TurnBackHoax
"[PENIPUAN] Tautan Pendaftaran Lowongan Kerja Lion Parcel
Unggahan foto berisi klaim “pendaftaran lowongan...",Hoax,TurnBackHoax
[PENIPUAN] Tautan Pendaftaran Lowongan Kerja Lion Parcel,Hoax,TurnBackHoax
"[SALAH] Dokumentasi ""Gunung Krakatau Meletus, Bersamaan Gempa...
Konteks asli dokumentasi adalah momen erupsi...",Hoax,TurnBackHoax
"[SALAH] Dokumentasi ""Gunung Krakatau Meletus, Bersamaan Gempa...",Hoax,TurnBackHoax
"[PENIPUAN] Tautan Pendaftaran Lowongan Kerja Matahari Store
Unggahan foto berisi klaim “pendaftaran lowongan...",Hoax,TurnBackHoax
[PENIPUAN] Tautan Pendaftaran Lowongan Kerja Matahari Store,Hoax,TurnBackHoax
"[PENIPUAN] Tautan Pendaftaran Forum Awardee Beasiswa Unggulan...
Faktanya, tautan terindikasi penipuan/phising karena mengarahkan...",Hoax,TurnBackHoax
[PENIPUAN] Tautan Pendaftaran Forum Awardee Beasiswa Unggulan...,Hoax,TurnBackHoax
"[PENIPUAN] Tautan Pendaftaran CPNS Kementerian Pertahanan
Faktanya, seluruh proses rekrutmen CPNS hanya...",Hoax,TurnBackHoax
[PENIPUAN] Tautan Pendaftaran CPNS Kementerian Pertahanan,Hoax,TurnBackHoax
"[PENIPUAN] Tautan Pendaftaran Lowongan Kerja Yamaha Indonesia...
Akun dan unggahan video “pendaftaran lowongan...",Hoax,TurnBackHoax
[PENIPUAN] Tautan Pendaftaran Lowongan Kerja Yamaha Indonesia...,Hoax,TurnBackHoax
"[SALAH] Pasokan BBM Langka Imbas Sopir Tangki...
Faktanya, video merupakan rekaman lama yang...",Hoax,TurnBackHoax
[SALAH] Pasokan BBM Langka Imbas Sopir Tangki...,Hoax,TurnBackHoax
"[SALAH] Jokowi Perintahkan Prabowo Hentikan MBG untuk...
Faktanya, hasil pencarian tidak menemukan pemberitaan...",Hoax,TurnBackHoax
[SALAH] Jokowi Perintahkan Prabowo Hentikan MBG untuk...,Hoax,TurnBackHoax
"[SALAH] Sinyal 5G Jadi Penyebab Eropa Dilanda...
Faktanya, ilmuwan iklim asal Universitas Oxford...",Hoax,TurnBackHoax
[SALAH] Sinyal 5G Jadi Penyebab Eropa Dilanda...,Hoax,TurnBackHoax
"[PENIPUAN] Tautan Lowongan Kerja Perum Peruri
Faktanya, tautan pendaftaran tidak mengarah ke...",Hoax,TurnBackHoax
[PENIPUAN] Tautan Lowongan Kerja Perum Peruri,Hoax,TurnBackHoax
"[SALAH] Bahlil: Pengguna HP Bakal Dikenakan Pajak...
Faktanya, tidak ditemukan informasi kredibel yang...",Hoax,TurnBackHoax
[SALAH] Bahlil: Pengguna HP Bakal Dikenakan Pajak...,Hoax,TurnBackHoax
"[PENIPUAN] Tautan Pendaftaran Bantuan Pupuk Subsidi 2026
Faktanya, Ditjen Prasarana dan Sarana Pertanian...",Hoax,TurnBackHoax
[PENIPUAN] Tautan Pendaftaran Bantuan Pupuk Subsidi 2026,Hoax,TurnBackHoax
"[SALAH] Penggunaan Sumur Bor Bakal Dikenai Pajak...
Faktanya, penggunaan air tanah untuk keperluan...",Hoax,TurnBackHoax
[SALAH] Penggunaan Sumur Bor Bakal Dikenai Pajak...,Hoax,TurnBackHoax
"[PENIPUAN] Tautan Pendaftaran ""Program Bantuan DAP Australia""
Faktanya, Kementerian Agama melalui Ditjen Bimas...",Hoax,TurnBackHoax
"[PENIPUAN] Tautan Pendaftaran ""Program Bantuan DAP Australia""",Hoax,TurnBackHoax
"[SALAH] Pengisian BBM Dibatasi Empat Hari Sekali
Faktanya, tidak ada kebijakan resmi dari...",Hoax,TurnBackHoax
[SALAH] Pengisian BBM Dibatasi Empat Hari Sekali,Hoax,TurnBackHoax
"[PENIPUAN] Tautan Pendaftaran PayLater DANA
Faktanya, aktivasi DANA Cicil hanya dapat...",Hoax,TurnBackHoax
[PENIPUAN] Tautan Pendaftaran PayLater DANA,Hoax,TurnBackHoax
"[SALAH] Bahlil: Pemilik TV Harus Bayar Pajak...
Faktanya, Juru Bicara Kementerian ESDM, Dwi...",Hoax,TurnBackHoax
[SALAH] Bahlil: Pemilik TV Harus Bayar Pajak...,Hoax,TurnBackHoax
"[PENIPUAN] Tautan Pendaftaran Lowongan Ultra Milk 2026
Unggahan foto berisi klaim “pendaftaran lowongan...",Hoax,TurnBackHoax
[PENIPUAN] Tautan Pendaftaran Lowongan Ultra Milk 2026,Hoax,TurnBackHoax
"[PENIPUAN] Tautan Pendaftaran Lowongan Vitapharm
Unggahan video berisi klaim “pendaftaran lowongan...",Hoax,TurnBackHoax
[PENIPUAN] Tautan Pendaftaran Lowongan Vitapharm,Hoax,TurnBackHoax
"[SALAH] Vaksin Sebabkan Radang Otak pada Bayi
Berdasarkan hasil kajian Tim Komda PP...",Hoax,TurnBackHoax
[SALAH] Vaksin Sebabkan Radang Otak pada Bayi,Hoax,TurnBackHoax
"[SALAH] Komdigi Tetapkan Pajak Baru untuk Influencer...
Konteks asli video adalah momen Menteri...",Hoax,TurnBackHoax
[SALAH] Komdigi Tetapkan Pajak Baru untuk Influencer...,Hoax,TurnBackHoax
"[PENIPUAN] Pendaftaran Program BLT Khusus TKI/TKW 2026
Faktanya, tidak ditemukan informasi kredibel mengenai...",Hoax,TurnBackHoax
[PENIPUAN] Pendaftaran Program BLT Khusus TKI/TKW 2026,Hoax,TurnBackHoax
"[SALAH] Kemenhub Bakal Pungut Pajak Pejalan Kaki
Faktanya, tidak ditemukan informasi kredibel yang...",Hoax,TurnBackHoax
[SALAH] Kemenhub Bakal Pungut Pajak Pejalan Kaki,Hoax,TurnBackHoax
"[SALAH] Biaya Transportasi ke Rumah Sakit Ditanggung...
Faktanya, hingga saat ini tidak ada...",Hoax,TurnBackHoax
[SALAH] Biaya Transportasi ke Rumah Sakit Ditanggung...,Hoax,TurnBackHoax
"[SALAH] Bahlil Mundur dari Jabatan Ketua Partai...
Faktanya yang diganti dalam musyawarah itu...",Hoax,TurnBackHoax
[SALAH] Bahlil Mundur dari Jabatan Ketua Partai...,Hoax,TurnBackHoax
"[SALAH] DPR Sahkan RUU Perampasan Aset Usai...
Faktanya, sejauh ini RUU Perampasan Aset...",Hoax,TurnBackHoax
[SALAH] DPR Sahkan RUU Perampasan Aset Usai...,Hoax,TurnBackHoax
"[SALAH] Pemerintah Bakal Tutup Toko Swasta Demi...
Faktanya, pemerintah tidak akan menutup toko...",Hoax,TurnBackHoax
[SALAH] Pemerintah Bakal Tutup Toko Swasta Demi...,Hoax,TurnBackHoax
"[PENIPUAN] Tautan Pendaftaran Lowongan RSU Hermina
Akun beserta unggahan berisi tautan “lowongan...",Hoax,TurnBackHoax
[PENIPUAN] Tautan Pendaftaran Lowongan RSU Hermina,Hoax,TurnBackHoax
"[SALAH] Beli Pertalite Harus Tunjukkan STNK, Telat...
Faktanya, Corporate Secretary Pertamina Patra Niaga,...",Hoax,TurnBackHoax
"[SALAH] Beli Pertalite Harus Tunjukkan STNK, Telat...",Hoax,TurnBackHoax
"[SALAH] Dokumentasi “Anak Krakatau Meletus, Level Siaga...
Faktanya, video yang beredar adalah buatan...",Hoax,TurnBackHoax
"[SALAH] Dokumentasi “Anak Krakatau Meletus, Level Siaga...",Hoax,TurnBackHoax
"[PENIPUAN] Pendaftaran Bantuan Dana Qatar Charity
Konten yang beredar adalah hasil rekayasa...",Hoax,TurnBackHoax
[PENIPUAN] Pendaftaran Bantuan Dana Qatar Charity,Hoax,TurnBackHoax
"[SALAH] Tsunami Setinggi 10 Meter Terjang Gunungkidul
Faktanya, video tersebut merupakan gabungan rekaman...",Hoax,TurnBackHoax
[SALAH] Tsunami Setinggi 10 Meter Terjang Gunungkidul,Hoax,TurnBackHoax
"[PENIPUAN] Pendaftaran Lowongan Kerja Garuda Indonesia
Faktanya, tautan pendaftaran tidak mengarah ke...",Hoax,TurnBackHoax
[PENIPUAN] Pendaftaran Lowongan Kerja Garuda Indonesia,Hoax,TurnBackHoax
"[SALAH] Menteri Pigai Minta Masyarakat Belanja Rp1...
Faktanya, tidak ditemukan informasi kredibel yang...",Hoax,TurnBackHoax
[SALAH] Menteri Pigai Minta Masyarakat Belanja Rp1...,Hoax,TurnBackHoax
"[PENIPUAN] Tautan Pendaftaran Rumah Gratis Program 3...
Faktanya, Pengajuan rumah subsidi dilakukan melalui...",Hoax,TurnBackHoax
[PENIPUAN] Tautan Pendaftaran Rumah Gratis Program 3...,Hoax,TurnBackHoax
"[SALAH] 500 Juta Anak Kekurangan Gizi Usai...
Tidak ditemukan informasi valid dan pemberitaan...",Hoax,TurnBackHoax
[SALAH] 500 Juta Anak Kekurangan Gizi Usai...,Hoax,TurnBackHoax
"[SALAH] Gunung Api Bawah Laut di AS...
Ahli vulkanologi dan United States Geological...",Hoax,TurnBackHoax
[SALAH] Gunung Api Bawah Laut di AS...,Hoax,TurnBackHoax
"[SALAH] Mulai Juli, Harga Pertamax Turun ke...
Faktanya, daftar harga resmi BBM Pertamina...",Hoax,TurnBackHoax
"[SALAH] Mulai Juli, Harga Pertamax Turun ke...",Hoax,TurnBackHoax
"[PENIPUAN] Purbaya: Setiap Keluarga Wajib Terima Bantuan...
Konten yang beredar adalah hasil rekayasa...",Hoax,TurnBackHoax
[PENIPUAN] Purbaya: Setiap Keluarga Wajib Terima Bantuan...,Hoax,TurnBackHoax
"[PENIPUAN] Pendaftaran Pinjaman Koperasi Merah Putih
Faktanya, pengajuan pinjaman hanya bisa dilakukan...",Hoax,TurnBackHoax
[PENIPUAN] Pendaftaran Pinjaman Koperasi Merah Putih,Hoax,TurnBackHoax
"[SALAH] MK Alihkan Dana MBG ke Pendidikan...
Tidak ditemukan informasi kredibel yang membenarkan...",Hoax,TurnBackHoax
[SALAH] MK Alihkan Dana MBG ke Pendidikan...,Hoax,TurnBackHoax
"[SALAH] Pemerintah Bakal Pungut Pajak Sepeda
Faktanya, tidak ditemukan informasi kredibel yang...",Hoax,TurnBackHoax
[SALAH] Pemerintah Bakal Pungut Pajak Sepeda,Hoax,TurnBackHoax
"[PENIPUAN] Pendaftaran Bantuan Motor Listrik Gratis dari...
Nomor WA yang tertera tidak berhubungan...",Hoax,TurnBackHoax
[PENIPUAN] Pendaftaran Bantuan Motor Listrik Gratis dari...,Hoax,TurnBackHoax
"[PENIPUAN] Tautan Lowongan Kerja Bank Danamon
Faktanya, tautan pendaftaran tidak mengarah ke...",Hoax,TurnBackHoax
[PENIPUAN] Tautan Lowongan Kerja Bank Danamon,Hoax,TurnBackHoax
"[PENIPUAN] Purbaya Minta Data Pribadi untuk Salurkan...
Faktanya, audio tersebut tersebut diketahui hasil...",Hoax,TurnBackHoax
[PENIPUAN] Purbaya Minta Data Pribadi untuk Salurkan...,Hoax,TurnBackHoax
"[PENIPUAN] Sri Mulyani dan Purbaya Umumkan Dana...
Konten yang beredar adalah hasil rekayasa...",Hoax,TurnBackHoax
[PENIPUAN] Sri Mulyani dan Purbaya Umumkan Dana...,Hoax,TurnBackHoax
"[PENIPUAN] Tautan Pendaftaran ""Program Bantuan Pensiunan dari...
Faktanya, tautan pendaftaran tidak mengarah ke...",Hoax,TurnBackHoax
"[PENIPUAN] Tautan Pendaftaran ""Program Bantuan Pensiunan dari...",Hoax,TurnBackHoax
"[SALAH] Indonesia Jadi Tuan Rumah Piala Dunia...
Faktnya, Kongres Luar Biasa FIFA memutuskan...",Hoax,TurnBackHoax
[SALAH] Indonesia Jadi Tuan Rumah Piala Dunia...,Hoax,TurnBackHoax
"[PENIPUAN] Tautan Pendaftaran Lowongan Kerja Garuda Food
Seluruh proses rekrutmen Garuda Food hanya...",Hoax,TurnBackHoax
[PENIPUAN] Tautan Pendaftaran Lowongan Kerja Garuda Food,Hoax,TurnBackHoax
"[PENIPUAN] Tautan Lowongan Kerja Jasamarga
Faktanya, tautan tidak mengarah ke laman...",Hoax,TurnBackHoax
[PENIPUAN] Tautan Lowongan Kerja Jasamarga,Hoax,TurnBackHoax
"[PENIPUAN] Lowongan Kerja PT Surveyor Indonesia (Persero)
Tautan pendaftaran tidak mengarah ke laman...",Hoax,TurnBackHoax
[PENIPUAN] Lowongan Kerja PT Surveyor Indonesia (Persero),Hoax,TurnBackHoax
"[PENIPUAN] Tautan Pendaftaran Alat Bantu Disabilitas Gratis...
Tautan terindikasi penipuan/phising karena mengarahkan pengguna...",Hoax,TurnBackHoax
[PENIPUAN] Tautan Pendaftaran Alat Bantu Disabilitas Gratis...,Hoax,TurnBackHoax
"[SALAH] NU dan Muhammadiyah Keluarkan Fatwa ""Stop...
Tidak ditemukan informasi valid dan pemberitaan...",Hoax,TurnBackHoax
"[SALAH] NU dan Muhammadiyah Keluarkan Fatwa ""Stop...",Hoax,TurnBackHoax
"[PENIPUAN] Purbaya Ajak Warga Daftar Bantuan Dana...
Faktanya, video tersebut merupakan hasil manipulasi...",Hoax,TurnBackHoax
[PENIPUAN] Purbaya Ajak Warga Daftar Bantuan Dana...,Hoax,TurnBackHoax
"[PENIPUAN] Lowongan Kerja PT Cipta Kridatama
Tautan pendaftaran tidak mengarah ke laman...",Hoax,TurnBackHoax
[PENIPUAN] Lowongan Kerja PT Cipta Kridatama,Hoax,TurnBackHoax
"[SALAH] Dokumentasi “Serangan Iran ke Gedung Kedubes...
Faktanya, video yang beredar bukan memperlihatkan...",Hoax,TurnBackHoax
[SALAH] Dokumentasi “Serangan Iran ke Gedung Kedubes...,Hoax,TurnBackHoax
"[SALAH] Dokumentasi “Kuwait Meledakkan Sejumlah Roket Milik...
Video yang beredar tersebut adalah kebakaran...",Hoax,TurnBackHoax
[SALAH] Dokumentasi “Kuwait Meledakkan Sejumlah Roket Milik...,Hoax,TurnBackHoax
"[PENIPUAN] Lowongan Kerja Bank Syariah Nasional
Tautan pendaftaran tidak mengarah ke laman...",Hoax,TurnBackHoax
[PENIPUAN] Lowongan Kerja Bank Syariah Nasional,Hoax,TurnBackHoax
"[PENIPUAN] Lowongan Kerja PT Sucofindo (Persero)
Tautan pendaftaran tidak mengarah ke laman...",Hoax,TurnBackHoax
[PENIPUAN] Lowongan Kerja PT Sucofindo (Persero),Hoax,TurnBackHoax
"[PENIPUAN] Tautan Lowongan Kerja Elnusa
Unggahan dan akun berisi tautan “lowongan...",Hoax,TurnBackHoax
[PENIPUAN] Tautan Lowongan Kerja Elnusa,Hoax,TurnBackHoax
"[SALAH] Kepala BGN Nanik Ditangkap karena Terlibat...
Faktanya, tidak ditemukan pemberitaan kredibel yang...",Hoax,TurnBackHoax
[SALAH] Kepala BGN Nanik Ditangkap karena Terlibat...,Hoax,TurnBackHoax
"[SALAH] Vaksin Merusak DNA dan Kekebalan Tubuh
Faktanya, vaksin mRNA tidak masuk ke...",Hoax,TurnBackHoax
[SALAH] Vaksin Merusak DNA dan Kekebalan Tubuh,Hoax,TurnBackHoax
"[PENIPUAN] Laman Aktivasi Identitas Kependudukan Digital
Tautan yang diklaim sebagai akses aktivasi...",Hoax,TurnBackHoax
[PENIPUAN] Laman Aktivasi Identitas Kependudukan Digital,Hoax,TurnBackHoax
"[PENIPUAN] Tautan Rekrutmen Pendamping Program Percepatan Peningkatan...
Tautan tersebut bukan berasal dari situs...",Hoax,TurnBackHoax
[PENIPUAN] Tautan Rekrutmen Pendamping Program Percepatan Peningkatan...,Hoax,TurnBackHoax
"[PENIPUAN] Tautan Lowongan Kerja Astra International
Unggahan dan akun berisi tautan “lowongan...",Hoax,TurnBackHoax
[PENIPUAN] Tautan Lowongan Kerja Astra International,Hoax,TurnBackHoax
"[PENIPUAN] Tautan Rekrutmen Nindya Karya
Tautan pendaftaran tidak mengarah ke laman...",Hoax,TurnBackHoax
[PENIPUAN] Tautan Rekrutmen Nindya Karya,Hoax,TurnBackHoax
"[SALAH] Prabowo Panggil Jokowi ke Istana untuk...
Prabowo tidak pernah mengundang Jokowi pada...",Hoax,TurnBackHoax
[SALAH] Prabowo Panggil Jokowi ke Istana untuk...,Hoax,TurnBackHoax
"[PENIPUAN] Tautan Pendaftaran Lowongan Kerja Kimia Farma
Unggahan berisi tautan “pendaftaran lowongan kerja...",Hoax,TurnBackHoax
[PENIPUAN] Tautan Pendaftaran Lowongan Kerja Kimia Farma,Hoax,TurnBackHoax
"[SALAH] Istana Segera Ambil Alih Kasus Ijazah...
Tidak ditemukan informasi valid dari pemberitaan...",Hoax,TurnBackHoax
[SALAH] Istana Segera Ambil Alih Kasus Ijazah...,Hoax,TurnBackHoax
"[PENIPUAN] Tautan Bantuan Gas LPG Gratis dari...
Tautan dan akun yang beredar bukan...",Hoax,TurnBackHoax
[PENIPUAN] Tautan Bantuan Gas LPG Gratis dari...,Hoax,TurnBackHoax
"[SALAH] Presiden Ukraina Zelenskyy Tewas karena Serangan...
Faktanya, video yang disebarkan adalah video...",Hoax,TurnBackHoax
[SALAH] Presiden Ukraina Zelenskyy Tewas karena Serangan...,Hoax,TurnBackHoax
"[SALAH] Pemerintah Bakal Hapus Pertalite
Pertamina belum pernah mengeluarkan wacana penghapusan...",Hoax,TurnBackHoax
[SALAH] Pemerintah Bakal Hapus Pertalite,Hoax,TurnBackHoax
"[SALAH] MBG Tetap Beroperasi di Masa Libur...
Faktanya, Pemerintah Indonesia melalui BGN memastikan...",Hoax,TurnBackHoax
[SALAH] MBG Tetap Beroperasi di Masa Libur...,Hoax,TurnBackHoax
"[PENIPUAN] Tautan Pendaftaran Bantuan Dana Hibah Internasional...
Tidak ditemukan informasi kredibel yang membenarkan...",Hoax,TurnBackHoax
[PENIPUAN] Tautan Pendaftaran Bantuan Dana Hibah Internasional...,Hoax,TurnBackHoax
"[PENIPUAN] Tautan Pendaftaran Lowongan Philips Industries
Unggahan berisi video dengan tautan “pendaftaran...",Hoax,TurnBackHoax
[PENIPUAN] Tautan Pendaftaran Lowongan Philips Industries,Hoax,TurnBackHoax
"[SALAH] MK dan DPR Resmi Hentikan MBG
Faktanya, MK tengah memproses sejumlah gugatan...",Hoax,TurnBackHoax
[SALAH] MK dan DPR Resmi Hentikan MBG,Hoax,TurnBackHoax
"[PENIPUAN] Tautan Pendaftaran Saldo OVO Gratis
OVO memang telah mengadakan kuis berhadiah...",Hoax,TurnBackHoax
[PENIPUAN] Tautan Pendaftaran Saldo OVO Gratis,Hoax,TurnBackHoax
"[PENIPUAN] Tautan Bantuan Dana Hibah dari MUI
Tidak ditemukan informasi kredibel yang membenarkan...",Hoax,TurnBackHoax
[PENIPUAN] Tautan Bantuan Dana Hibah dari MUI,Hoax,TurnBackHoax
"[SALAH] Puan Maharani Minta Pemerintah Genjot Penarikan...
Faktanya, video tersebut merupakan hasil rekayasa...",Hoax,TurnBackHoax
[SALAH] Puan Maharani Minta Pemerintah Genjot Penarikan...,Hoax,TurnBackHoax
"[SALAH] Singapura Gelap Gulita karena RI Batalkan...
Faktanya, tidak ditemukan pemberitaan kredibel yang...",Hoax,TurnBackHoax
[SALAH] Singapura Gelap Gulita karena RI Batalkan...,Hoax,TurnBackHoax
"[SALAH] Dokumentasi “Serangan Iran ke Kota Haifa,...
Video yang beredar tersebut adalah kebakaran...",Hoax,TurnBackHoax
"[SALAH] Dokumentasi “Serangan Iran ke Kota Haifa,...",Hoax,TurnBackHoax
"[SALAH] Dokumentasi “Serangan Iran ke Fasilitas Militer...
Video yang beredar tidak berhubungan dengan...",Hoax,TurnBackHoax
[SALAH] Dokumentasi “Serangan Iran ke Fasilitas Militer...,Hoax,TurnBackHoax
"[SALAH] Bendera Iran Tidak Dikibarkan di Piala...
Bendera Iran juga ikut dikibarkan dalam...",Hoax,TurnBackHoax
[SALAH] Bendera Iran Tidak Dikibarkan di Piala...,Hoax,TurnBackHoax
"[SALAH] Dokumentasi ""Fasilitas Produksi Misil Israel Jadi...
Faktanya, video yang dibagikan adalah video...",Hoax,TurnBackHoax
"[SALAH] Dokumentasi ""Fasilitas Produksi Misil Israel Jadi...",Hoax,TurnBackHoax
"[SALAH] Pemadaman Listrik Global 9 Hari Mulai...
Faktanya, tidak ditemukan prediksi resmi, temuan...",Hoax,TurnBackHoax
[SALAH] Pemadaman Listrik Global 9 Hari Mulai...,Hoax,TurnBackHoax
"[SALAH] KPK Hentikan Penyelidikan Kasus Korupsi MBG...
KPK memang sempat menghentikan sementara penyelidikan...",Hoax,TurnBackHoax
[SALAH] KPK Hentikan Penyelidikan Kasus Korupsi MBG...,Hoax,TurnBackHoax
"[SALAH] Gunung Lawu Bakal Erupsi Besar
Badan Geologi membantah klaim yang beredar...",Hoax,TurnBackHoax
[SALAH] Gunung Lawu Bakal Erupsi Besar,Hoax,TurnBackHoax
"[SALAH] Bakal Ada Pemadaman Listrik Total di...
PLN menegaskan bahwa kabar tersebut tidak...",Hoax,TurnBackHoax
[SALAH] Bakal Ada Pemadaman Listrik Total di...,Hoax,TurnBackHoax
"[PENIPUAN] Tautan Pendaftaran Lowongan Kerja Adhi Karya
Unggahan berisi video dan narasi “pendaftaran...",Hoax,TurnBackHoax
[PENIPUAN] Tautan Pendaftaran Lowongan Kerja Adhi Karya,Hoax,TurnBackHoax
"[PENIPUAN] Tautan Pendaftaran Lowongan Kerja Sari Roti
Unggahan berisi tautan dan narasi “pendaftaran...",Hoax,TurnBackHoax
[PENIPUAN] Tautan Pendaftaran Lowongan Kerja Sari Roti,Hoax,TurnBackHoax
"[PENIPUAN] Tautan Lowongan Kerja AQUA
Faktanya, tautan tidak mengarah ke laman...",Hoax,TurnBackHoax
[PENIPUAN] Tautan Lowongan Kerja AQUA,Hoax,TurnBackHoax
"[SALAH] Presiden Resmi Bubarkan Bea Cukai
Wacana pembubaran Bea Cukai pernah ada,...",Hoax,TurnBackHoax
[SALAH] Presiden Resmi Bubarkan Bea Cukai,Hoax,TurnBackHoax
"[PENIPUAN] Tautan Lowongan Kerja United Tractors
Tautan pendaftaran tidak mengarah ke laman...",Hoax,TurnBackHoax
[PENIPUAN] Tautan Lowongan Kerja United Tractors,Hoax,TurnBackHoax
"[SALAH] Mahasiswa Unhas Diancam Drop Out Usai...
Pihak Universitas Hasanuddin telah membantah isu...",Hoax,TurnBackHoax
[SALAH] Mahasiswa Unhas Diancam Drop Out Usai...,Hoax,TurnBackHoax
"[SALAH] Dokumentasi ""Presiden Erdogan Tidak Mau Bersalaman...
Faktanya, Erdogan menolak bersalaman karena tidak...",Hoax,TurnBackHoax
"[SALAH] Dokumentasi ""Presiden Erdogan Tidak Mau Bersalaman...",Hoax,TurnBackHoax
"[SALAH] Pembelian Pertalite Dibatasi Rp50.000 per Transaksi
Faktanya, Pertamina Patra Niaga menyatakan hingga...",Hoax,TurnBackHoax
[SALAH] Pembelian Pertalite Dibatasi Rp50.000 per Transaksi,Hoax,TurnBackHoax
"[SALAH] Dokumentasi ""Jet Tempur AS Serang Situs...
Video yang beredar bukan penyerangan AS...",Hoax,TurnBackHoax
"[SALAH] Dokumentasi ""Jet Tempur AS Serang Situs...",Hoax,TurnBackHoax
"[PENIPUAN] Tautan Pendaftaran Bansos, Langsung Cair Rp5,4...
Akun Facebook dan tautan yang dibagikan...",Hoax,TurnBackHoax
"[PENIPUAN] Tautan Pendaftaran Bansos, Langsung Cair Rp5,4...",Hoax,TurnBackHoax
"[SALAH] Virus Hanta Tak Menular Antar-Manusia, Vaksinnya...
Virus Andes merupakan satu-satunya jenis hantavirus...",Hoax,TurnBackHoax
"[SALAH] Virus Hanta Tak Menular Antar-Manusia, Vaksinnya...",Hoax,TurnBackHoax
"[SALAH] Jepang Ajak WNI Pindah Negara, Janji...
Tidak ditemukan informasi atau pernyataan resmi...",Hoax,TurnBackHoax
"[SALAH] Jepang Ajak WNI Pindah Negara, Janji...",Hoax,TurnBackHoax
"[SALAH] Indonesia Tinggalkan US$ untuk Perkuat Rupiah
Video yang beredar tidak memuat pernyataan...",Hoax,TurnBackHoax
[SALAH] Indonesia Tinggalkan US$ untuk Perkuat Rupiah,Hoax,TurnBackHoax
"[PENIPUAN] Tautan Pendaftaran ""Kartu Bantuan BBM Gratis""
Faktanya, tautan pendaftaran tidak mengarah ke...",Hoax,TurnBackHoax
"[PENIPUAN] Tautan Pendaftaran ""Kartu Bantuan BBM Gratis""",Hoax,TurnBackHoax
"[PENIPUAN] Tautan Lowongan Kerja Antam
Tautan pendaftaran tidak mengarah ke laman...",Hoax,TurnBackHoax
[PENIPUAN] Tautan Lowongan Kerja Antam,Hoax,TurnBackHoax
"[PENIPUAN] Lowongan Kerja FIFGROUP
Unggahan dan akun berisi tautan “lowongan...",Hoax,TurnBackHoax
[PENIPUAN] Lowongan Kerja FIFGROUP,Hoax,TurnBackHoax
"[PENIPUAN] Pendeta Norman Ambarita Umumkan Bantuan DAP...
Video tersebut merupakan hasil rekayasa AI,...",Hoax,TurnBackHoax
[PENIPUAN] Pendeta Norman Ambarita Umumkan Bantuan DAP...,Hoax,TurnBackHoax
"[PENIPUAN] Lowongan Kerja Bank Mandiri
Unggahan dan akun berisi tautan “lowongan...",Hoax,TurnBackHoax
[PENIPUAN] Lowongan Kerja Bank Mandiri,Hoax,TurnBackHoax
"[PENIPUAN] Tautan Pendaftaran Lowongan Kerja Bank BRI...
Tautan pendaftaran tidak mengarah ke laman...",Hoax,TurnBackHoax
[PENIPUAN] Tautan Pendaftaran Lowongan Kerja Bank BRI...,Hoax,TurnBackHoax
"[PENIPUAN] WhatsApp Bagi-Bagi Mobil Rayakan HUT ke-18
Tidak ditemukan informasi kredibel yang membenarkan...",Hoax,TurnBackHoax
[PENIPUAN] WhatsApp Bagi-Bagi Mobil Rayakan HUT ke-18,Hoax,TurnBackHoax
"[SALAH] Singapura akan Kuras Dolar Amerika dari...
Tidak ada informasi maupun pemberitaan kredibel...",Hoax,TurnBackHoax
[SALAH] Singapura akan Kuras Dolar Amerika dari...,Hoax,TurnBackHoax
"[SALAH] Purbaya Alihkan Anggaran MBG untuk Pemberian...
Tidak ada pernyataan resmi dari pemerintah...",Hoax,TurnBackHoax
[SALAH] Purbaya Alihkan Anggaran MBG untuk Pemberian...,Hoax,TurnBackHoax
"[SALAH] Prabowo Melarang Demo Kenaikan Harga BBM
Tidak ditemukan informasi valid atau pemberitaan...",Hoax,TurnBackHoax
[SALAH] Prabowo Melarang Demo Kenaikan Harga BBM,Hoax,TurnBackHoax
"[PENIPUAN] Tautan Pendaftaran Lowongan JNE
Unggahan berisi video “pendaftaran lowongan JNE”...",Hoax,TurnBackHoax
[PENIPUAN] Tautan Pendaftaran Lowongan JNE,Hoax,TurnBackHoax
"[SALAH] Indonesia Tolak Permintaan Timor Leste Kembali...
Tidak ada pernyataan valid yang membenarkan...",Hoax,TurnBackHoax
[SALAH] Indonesia Tolak Permintaan Timor Leste Kembali...,Hoax,TurnBackHoax
"[SALAH] Edaran ""Pemberhentian Sementara MBG"" dari BGN
Badan Gizi Nasional (BGN) menyatakan bahwa...",Hoax,TurnBackHoax
"[SALAH] Edaran ""Pemberhentian Sementara MBG"" dari BGN",Hoax,TurnBackHoax
"[SALAH] Eks Waka BGN Sony Sanjaya Sebut...
Tidak ditemukan pernyataan kredibel yang membenarkan...",Hoax,TurnBackHoax
[SALAH] Eks Waka BGN Sony Sanjaya Sebut...,Hoax,TurnBackHoax
"[SALAH] Foto ""Korban Hantavirus di Jakarta""
Video tersebut berasal dari video di...",Hoax,TurnBackHoax
"[SALAH] Foto ""Korban Hantavirus di Jakarta""",Hoax,TurnBackHoax
"[SALAH] Imbas Kasus Korupsi BGN, MBG Dihentikan...
Badan Komunikasi Pemerintah RI menegaskan bahwa...",Hoax,TurnBackHoax
"[SALAH] Imbas Kasus Korupsi BGN, MBG Dihentikan...",Hoax,TurnBackHoax
"[SALAH] Penderita Diabetes Tipe 1 dan Tipe...
Faktanya, diabetes tipe 1 terapi insulin...",Hoax,TurnBackHoax
[SALAH] Penderita Diabetes Tipe 1 dan Tipe...,Hoax,TurnBackHoax
"[PENIPUAN] Mahfud MD Bagi-Bagi Hasil Rampasan Aset...
Video tersebut merupakan hasil rekayasa AI,...",Hoax,TurnBackHoax
[PENIPUAN] Mahfud MD Bagi-Bagi Hasil Rampasan Aset...,Hoax,TurnBackHoax
"[SALAH] Dokumentasi ""Skala Kehancuran Tel Aviv""
Faktanya, video yang dibagikan adalah kondisi...",Hoax,TurnBackHoax
"[SALAH] Dokumentasi ""Skala Kehancuran Tel Aviv""",Hoax,TurnBackHoax
"[PENIPUAN] Tautan Pendaftaran PPPK Kejaksaan RI 2026
Tautan pendaftaran tidak mengarah ke laman...",Hoax,TurnBackHoax
[PENIPUAN] Tautan Pendaftaran PPPK Kejaksaan RI 2026,Hoax,TurnBackHoax
"[SALAH] Ada Uang Pecahan Rp18.000 Bergambar Prabowo...
Faktanya, foto tersebut merupakan hasil rekayasa...",Hoax,TurnBackHoax
[SALAH] Ada Uang Pecahan Rp18.000 Bergambar Prabowo...,Hoax,TurnBackHoax
"[PENIPUAN] Tautan Pendaftaran Lowongan Kerja Bank BCA...
Tautan pendaftaran tidak mengarah ke laman...",Hoax,TurnBackHoax
[PENIPUAN] Tautan Pendaftaran Lowongan Kerja Bank BCA...,Hoax,TurnBackHoax
"[SALAH] WNI Pemilik SPT di Atas Rp3...
Faktanya, Menkeu Purbaya dan CCP Danantara...",Hoax,TurnBackHoax
[SALAH] WNI Pemilik SPT di Atas Rp3...,Hoax,TurnBackHoax
"[SALAH] Roy Suryo CS Dibebaskan dari Kasus...
Tidak ditemukan informasi valid dari pemberitaan...",Hoax,TurnBackHoax
[SALAH] Roy Suryo CS Dibebaskan dari Kasus...,Hoax,TurnBackHoax
"[PENIPUAN] Tautan Pendaftaran Lowongan Perum DAMRI
Unggahan berisi tautan “pendaftaran lowongan kerja...",Hoax,TurnBackHoax
[PENIPUAN] Tautan Pendaftaran Lowongan Perum DAMRI,Hoax,TurnBackHoax
"[SALAH] Dadan Hindayana Sebut Jokowi Terima Uang...
Faktanya unggahan tersebut merupakan manipulasi dari...",Hoax,TurnBackHoax
[SALAH] Dadan Hindayana Sebut Jokowi Terima Uang...,Hoax,TurnBackHoax
"[PENIPUAN] Tautan Pendaftaran Lowongan Kerja BTN
Unggahan berisi foto “pendaftaran lowongan kerja...",Hoax,TurnBackHoax
[PENIPUAN] Tautan Pendaftaran Lowongan Kerja BTN,Hoax,TurnBackHoax
"[SALAH] Video ""Bom Bunuh Diri di Kantor...
Faktanya, video tersebut merupakan cuplikan film...",Hoax,TurnBackHoax
"[SALAH] Video ""Bom Bunuh Diri di Kantor...",Hoax,TurnBackHoax
"[PENIPUAN] Purbaya: Penerima Bansos Harus Bayar Rp100.000...
Faktanya, audio dalam video tersebut merupakan...",Hoax,TurnBackHoax
[PENIPUAN] Purbaya: Penerima Bansos Harus Bayar Rp100.000...,Hoax,TurnBackHoax
"[PENIPUAN] Tautan Pendaftaran Lowongan Pekerjaan Panasonic
Faktanya, tautan tidak mengarah ke laman...",Hoax,TurnBackHoax
[PENIPUAN] Tautan Pendaftaran Lowongan Pekerjaan Panasonic,Hoax,TurnBackHoax
"[SALAH] Dokumentasi ""Tentara IDF Terkena Ledakan Ranjau""
Faktanya, video yang dibagikan adalah video...",Hoax,TurnBackHoax
"[SALAH] Dokumentasi ""Tentara IDF Terkena Ledakan Ranjau""",Hoax,TurnBackHoax
"[SALAH] Tanpa Pakai Obat, Memijat Jari Mampu...
Memijat jari tangan dapat menyembuhkan berbagai...",Hoax,TurnBackHoax
"[SALAH] Tanpa Pakai Obat, Memijat Jari Mampu...",Hoax,TurnBackHoax
"[PENIPUAN] Tautan Pendaftaran Lowongan Kerja Program MBG
Tautan rekrutmen Program Makan Bergizi Gratis...",Hoax,TurnBackHoax
[PENIPUAN] Tautan Pendaftaran Lowongan Kerja Program MBG,Hoax,TurnBackHoax
"[PENIPUAN] Tautan Pendaftaran Lowongan Kerja Dinas Kesehatan
Faktanya, rekrutmen dilakukan melalui situs resmi...",Hoax,TurnBackHoax
[PENIPUAN] Tautan Pendaftaran Lowongan Kerja Dinas Kesehatan,Hoax,TurnBackHoax
"[SALAH] Porsi MBG Bakal Ditambah Jadi Sarapan...
Faktanya, tidak ditemukan informasi kredibel yang...",Hoax,TurnBackHoax
[SALAH] Porsi MBG Bakal Ditambah Jadi Sarapan...,Hoax,TurnBackHoax
"[SALAH] Lepas dari Malaysia, Sabah-Sarawak Resmi Jadi...
Tidak ada pernyataan valid yang membenarkan...",Hoax,TurnBackHoax
"[SALAH] Lepas dari Malaysia, Sabah-Sarawak Resmi Jadi...",Hoax,TurnBackHoax
"[SALAH] Malaysia Kecam Indonesia atas Peledakan Kapal...
Isi video hanya membahas tentang kasus-kasus...",Hoax,TurnBackHoax
[SALAH] Malaysia Kecam Indonesia atas Peledakan Kapal...,Hoax,TurnBackHoax
"[PENIPUAN] Tautan Pendaftaran Lowongan Kerja Hyundai
Unggahan berisi tautan “pendaftaran lowongan kerja...",Hoax,TurnBackHoax
[PENIPUAN] Tautan Pendaftaran Lowongan Kerja Hyundai,Hoax,TurnBackHoax
"[PENIPUAN] Tautan Pendaftaran Lowongan Kerja Dinas Perhubungan
Unggahan berisi tautan “pendaftaran lowongan kerja...",Hoax,TurnBackHoax
[PENIPUAN] Tautan Pendaftaran Lowongan Kerja Dinas Perhubungan,Hoax,TurnBackHoax
"[SALAH] Bahasa Indonesia Jadi Bahasa Resmi Sabah-Sarawak
Tidak ditemukan informasi kredibel yang membenarkan...",Hoax,TurnBackHoax
[SALAH] Bahasa Indonesia Jadi Bahasa Resmi Sabah-Sarawak,Hoax,TurnBackHoax
"[SALAH] Trump Minta Izin Prabowo Jadikan Selat...
Tidak ada laporan resmi dari pemerintah...",Hoax,TurnBackHoax
[SALAH] Trump Minta Izin Prabowo Jadikan Selat...,Hoax,TurnBackHoax
"[SALAH] Pfizer Rilis Daftar Efek Samping Vaksin...
Faktanya, Pfizer membantah klaim bahwa mereka...",Hoax,TurnBackHoax
[SALAH] Pfizer Rilis Daftar Efek Samping Vaksin...,Hoax,TurnBackHoax
"[SALAH] Kebakaran di Markas Militer Israel karena...
Faktanya, video yang dibagikan adalah video...",Hoax,TurnBackHoax
[SALAH] Kebakaran di Markas Militer Israel karena...,Hoax,TurnBackHoax
"[SALAH] Bandara Kertajati Resmi Jadi Milik Militer...
Tidak ditemukan informasi valid atau pemberitaan...",Hoax,TurnBackHoax
[SALAH] Bandara Kertajati Resmi Jadi Milik Militer...,Hoax,TurnBackHoax
"[PENIPUAN] Tautan Pendaftaran Lowongan Kerja di SPBU...
Unggahan berisi tautan “pendaftaran lowongan kerja...",Hoax,TurnBackHoax
[PENIPUAN] Tautan Pendaftaran Lowongan Kerja di SPBU...,Hoax,TurnBackHoax
"[SALAH] Juni 2026, Mobil di Atas 1.400...
Tidak ditemukan informasi kredibel yang membenarkan...",Hoax,TurnBackHoax
"[SALAH] Juni 2026, Mobil di Atas 1.400...",Hoax,TurnBackHoax
"[SALAH] Prabowo: Menjual Hutan Papua Itu Kunci...
Tidak ditemukan informasi kredibel yang membenarkan...",Hoax,TurnBackHoax
[SALAH] Prabowo: Menjual Hutan Papua Itu Kunci...,Hoax,TurnBackHoax
"[SALAH] Hotman Paris: DPR Bisa Dibubarkan Lewat...
Tidak ditemukan informasi kredibel yang membenarkan...",Hoax,TurnBackHoax
[SALAH] Hotman Paris: DPR Bisa Dibubarkan Lewat...,Hoax,TurnBackHoax
"[PENIPUAN] Tautan Klaim Voucher Cashback dari Shopee
Tidak ditemukan bukti bahwa voucher cashback...",Hoax,TurnBackHoax
[PENIPUAN] Tautan Klaim Voucher Cashback dari Shopee,Hoax,TurnBackHoax
"[SALAH] Tarif Listrik Naik Dua Kali Lipat
Faktanya, PT PLN (Persero) menegaskan bahwa...",Hoax,TurnBackHoax
[SALAH] Tarif Listrik Naik Dua Kali Lipat,Hoax,TurnBackHoax
"[PENIPUAN] Tautan Pendaftaran Lowongan Telkom Indonesia
Unggahan berisi tautan “pendaftaran lowongan Telkom...",Hoax,TurnBackHoax
[PENIPUAN] Tautan Pendaftaran Lowongan Telkom Indonesia,Hoax,TurnBackHoax
"[PENIPUAN] Nomor Kontak untuk Pembelian SIM Card...
Masyarakat Indonesia bisa memesan internet satelit...",Hoax,TurnBackHoax
[PENIPUAN] Nomor Kontak untuk Pembelian SIM Card...,Hoax,TurnBackHoax
"[PENIPUAN] Pendaftaran Undian Berhadiah Bank Bengkulu
Informasi mengenai program undian berhadiah yang...",Hoax,TurnBackHoax
[PENIPUAN] Pendaftaran Undian Berhadiah Bank Bengkulu,Hoax,TurnBackHoax
"[SALAH] Dokumentasi ""Israel Dihantam Rudal Khorramshahr""
Faktanya, video yang dibagikan adalah video...",Hoax,TurnBackHoax
"[SALAH] Dokumentasi ""Israel Dihantam Rudal Khorramshahr""",Hoax,TurnBackHoax
"[PENIPUAN] Tautan Pendaftaran Lowongan Gudang Garam
Unggahan berisi tautan “pendaftaran lowongan kerja...",Hoax,TurnBackHoax
[PENIPUAN] Tautan Pendaftaran Lowongan Gudang Garam,Hoax,TurnBackHoax
"[SALAH] Guru Honorer Dilarang Mengajar di Sekolah...
Tidak terdapat ketentuan dalam surat edaran...",Hoax,TurnBackHoax
[SALAH] Guru Honorer Dilarang Mengajar di Sekolah...,Hoax,TurnBackHoax
"[SALAH] Prabowo Resmi Hapus MBG
Tidak ditemukan informasi valid atau pemberitaan...",Hoax,TurnBackHoax
[SALAH] Prabowo Resmi Hapus MBG,Hoax,TurnBackHoax
"[SALAH] BGN Impor Ratusan Juta Butir Telur...
Tidak ditemukan laporan resmi maupun pemberitaan...",Hoax,TurnBackHoax
[SALAH] BGN Impor Ratusan Juta Butir Telur...,Hoax,TurnBackHoax
"[PENIPUAN] Tautan Lowongan Kerja Bank Panin 2026
Unggahan berisi foto “lowongan kerja Bank...",Hoax,TurnBackHoax
[PENIPUAN] Tautan Lowongan Kerja Bank Panin 2026,Hoax,TurnBackHoax
"[PENIPUAN] Tautan Lowongan Kerja Bank Permata 2026
Unggahan berisi foto “lowongan kerja Bank...",Hoax,TurnBackHoax
[PENIPUAN] Tautan Lowongan Kerja Bank Permata 2026,Hoax,TurnBackHoax
"[PENIPUAN] Tautan Pendaftaran Lowongan Kerja PT Pelindo
Unggahan berisi tautan “pendaftaran lowongan kerja...",Hoax,TurnBackHoax
[PENIPUAN] Tautan Pendaftaran Lowongan Kerja PT Pelindo,Hoax,TurnBackHoax
"[PENIPUAN] Tautan Pendaftaran Rekrutmen Sekolah Tani Indonesia
Unggahan berisi tautan “pendaftaran rekrutmen Sekolah...",Hoax,TurnBackHoax
[PENIPUAN] Tautan Pendaftaran Rekrutmen Sekolah Tani Indonesia,Hoax,TurnBackHoax
"[PENIPUAN] Purbaya Bagi-Bagi Hasil Rampasan Aset Koruptor
Faktanya, konten yang beredar merupakan hasil...",Hoax,TurnBackHoax
[PENIPUAN] Purbaya Bagi-Bagi Hasil Rampasan Aset Koruptor,Hoax,TurnBackHoax
"[PENIPUAN] Tautan Pendaftaran Lowongan Kerja Bank CIMB...
Unggahan berisi tautan “pendaftaran lowongan kerja...",Hoax,TurnBackHoax
[PENIPUAN] Tautan Pendaftaran Lowongan Kerja Bank CIMB...,Hoax,TurnBackHoax
"[PENIPUAN] Tautan Pendaftaran Lowongan Kerja Bank Mega...
Unggahan berisi tautan “pendaftaran lowongan kerja...",Hoax,TurnBackHoax
[PENIPUAN] Tautan Pendaftaran Lowongan Kerja Bank Mega...,Hoax,TurnBackHoax
"[PENIPUAN] Tautan Pendaftaran Lowongan Kerja Petrosea
Unggahan berisi foto “pendaftaran lowongan kerja...",Hoax,TurnBackHoax
[PENIPUAN] Tautan Pendaftaran Lowongan Kerja Petrosea,Hoax,TurnBackHoax
"[SALAH] Dokumentasi ""Kebakaran di Tel Aviv""
Faktanya, video yang dibagikan adalah peristiwa...",Hoax,TurnBackHoax
"[SALAH] Dokumentasi ""Kebakaran di Tel Aviv""",Hoax,TurnBackHoax
"[PENIPUAN] Tautan Pendaftaran Lowongan Kerja PPSDM Migas
Unggahan berisi tautan “pendaftaran lowongan kerja...",Hoax,TurnBackHoax
[PENIPUAN] Tautan Pendaftaran Lowongan Kerja PPSDM Migas,Hoax,TurnBackHoax
"[PENIPUAN] Tautan Pendaftaran Lowongan Kerja Mayora
Unggahan berisi tautan “pendaftaran lowongan kerja...",Hoax,TurnBackHoax
[PENIPUAN] Tautan Pendaftaran Lowongan Kerja Mayora,Hoax,TurnBackHoax
"[PENIPUAN] Tautan Pendaftaran Lowongan Kerja PT Amman
Unggahan berisi tautan “pendaftaran lowongan kerja...",Hoax,TurnBackHoax
[PENIPUAN] Tautan Pendaftaran Lowongan Kerja PT Amman,Hoax,TurnBackHoax
"[PENIPUAN] Tautan Pendaftaran Lowongan Kerja Roti'O
Unggahan berisi tautan “pendaftaran lowongan kerja...",Hoax,TurnBackHoax
[PENIPUAN] Tautan Pendaftaran Lowongan Kerja Roti'O,Hoax,TurnBackHoax
"[PENIPUAN] Tautan Rekrutmen Pegawai BNI 2026
Unggahan berisi tautan “rekrutmen pegawai BNI...",Hoax,TurnBackHoax
[PENIPUAN] Tautan Rekrutmen Pegawai BNI 2026,Hoax,TurnBackHoax
"[PENIPUAN] Tautan Lowongan Kerja PT Wilmar
Unggahan berisi tautan “lowongan kerja PT...",Hoax,TurnBackHoax
[PENIPUAN] Tautan Lowongan Kerja PT Wilmar,Hoax,TurnBackHoax
"[PENIPUAN] Tautan Pendaftaran Lowongan Kerja Bank Sinarmas
Unggahan berisi tautan “pendaftaran lowongan kerja...",Hoax,TurnBackHoax
[PENIPUAN] Tautan Pendaftaran Lowongan Kerja Bank Sinarmas,Hoax,TurnBackHoax
"[SALAH] Foto ""Ratusan Tentara Israel Terbunuh di...
Faktanya, konten yang beredar merupakan hasil...",Hoax,TurnBackHoax
"[SALAH] Foto ""Ratusan Tentara Israel Terbunuh di...",Hoax,TurnBackHoax
"[SALAH] Utang Whoosh Bakal Lunas dalam Dua...
Informasi tersebut keliru karena “dua bulan”...",Hoax,TurnBackHoax
[SALAH] Utang Whoosh Bakal Lunas dalam Dua...,Hoax,TurnBackHoax
"[PENIPUAN] Tautan Pendaftaran Bantuan Bibit Udang Gratis...
Tidak ditemukan informasi kredibel yang membenarkan...",Hoax,TurnBackHoax
[PENIPUAN] Tautan Pendaftaran Bantuan Bibit Udang Gratis...,Hoax,TurnBackHoax
"[SALAH] Hasil Sidang Menyatakan Ijazah Jokowi Terbukti...
Faktanya belum ada pernyataan resmi dari...",Hoax,TurnBackHoax
[SALAH] Hasil Sidang Menyatakan Ijazah Jokowi Terbukti...,Hoax,TurnBackHoax
"[SALAH] Ratusan Purnawirawan Duduki MPR RI, Desak...
Faktanya, tidak ditemukan informasi resmi atau...",Hoax,TurnBackHoax
"[SALAH] Ratusan Purnawirawan Duduki MPR RI, Desak...",Hoax,TurnBackHoax
"[SALAH] Pemerintah Kota Tangerang Selatan Siap Legalkan...
Faktanya, Pemerintah Kota Tangerang Selatan justru...",Hoax,TurnBackHoax
[SALAH] Pemerintah Kota Tangerang Selatan Siap Legalkan...,Hoax,TurnBackHoax
"[SALAH] Dokumentasi ""Gencatan Senjata Tipuan, Iran akan...
Faktanya, video yang dibagikan adalah video...",Hoax,TurnBackHoax
"[SALAH] Dokumentasi ""Gencatan Senjata Tipuan, Iran akan...",Hoax,TurnBackHoax
"[PENIPUAN] Tautan Pendaftaran Lowongan Kerja Honda
Unggahan berisi tautan “pendaftaran lowongan kerja...",Hoax,TurnBackHoax
[PENIPUAN] Tautan Pendaftaran Lowongan Kerja Honda,Hoax,TurnBackHoax
"[PENIPUAN] Tautan Pendaftaran Lowongan Bank Syariah Indonesia...
Unggahan berisi tautan “pendaftaran lowongan kerja...",Hoax,TurnBackHoax
[PENIPUAN] Tautan Pendaftaran Lowongan Bank Syariah Indonesia...,Hoax,TurnBackHoax
"[PENIPUAN] Tautan Pendaftaran Lowongan Kerja Alfamidi
Unggahan berisi tautan “pendaftaran lowongan kerja...",Hoax,TurnBackHoax
[PENIPUAN] Tautan Pendaftaran Lowongan Kerja Alfamidi,Hoax,TurnBackHoax
"[SALAH] Dokumen Kementerian Imigrasi soal Penolakan Warga...
Faktanya, Kementerian Imigrasi dan Pemasyarakatan tidak...",Hoax,TurnBackHoax
[SALAH] Dokumen Kementerian Imigrasi soal Penolakan Warga...,Hoax,TurnBackHoax
"[SALAH] Tautan Pendaftaran Bantuan Modal Usaha dari...
Faktanya audio konten tersebut merupakan hasil...",Hoax,TurnBackHoax
[SALAH] Tautan Pendaftaran Bantuan Modal Usaha dari...,Hoax,TurnBackHoax
"[SALAH] Prabowo Segel Selat Malaka
Faktanya, dalam video yang beredar tersebut...",Hoax,TurnBackHoax
[SALAH] Prabowo Segel Selat Malaka,Hoax,TurnBackHoax
"[SALAH] Pigai: Penculikan WNI oleh Militer Israel...
Tidak ditemukan informasi kredibel yang membenarkan...",Hoax,TurnBackHoax
[SALAH] Pigai: Penculikan WNI oleh Militer Israel...,Hoax,TurnBackHoax
"[PENIPUAN] Purbaya Bagi-Bagi Dana Iduladha
Konten yang beredar adalah hasil rekayasa...",Hoax,TurnBackHoax
[PENIPUAN] Purbaya Bagi-Bagi Dana Iduladha,Hoax,TurnBackHoax
"[SALAH] ASEAN Sebut Indonesia Bakal Bangkrut Tahun...
Tidak ditemukan pernyataan resmi dari ASEAN...",Hoax,TurnBackHoax
[SALAH] ASEAN Sebut Indonesia Bakal Bangkrut Tahun...,Hoax,TurnBackHoax
"[SALAH] Raja Malaysia Melarang Penggunaan Bahasa Indonesia...
Raja Malaysia hanya menekankan rakyatnya agar...",Hoax,TurnBackHoax
[SALAH] Raja Malaysia Melarang Penggunaan Bahasa Indonesia...,Hoax,TurnBackHoax
"[PENIPUAN] Tautan Rekrutmen Karyawan RSCM
Unggahan berisi tautan “rekrutmen karyawan RSCM”...",Hoax,TurnBackHoax
[PENIPUAN] Tautan Rekrutmen Karyawan RSCM,Hoax,TurnBackHoax
"[PENIPUAN] Tautan Pendaftaran Kemitraan Aquviva
Unggahan berisi tautan “pendaftaran kemitraan Aquviva”...",Hoax,TurnBackHoax
[PENIPUAN] Tautan Pendaftaran Kemitraan Aquviva,Hoax,TurnBackHoax
"[PENIPUAN] Tautan Pendaftaran Lowongan Kerja SiCepat Ekspres
Unggahan berisi tautan “pendaftaran lowongan kerja...",Hoax,TurnBackHoax
[PENIPUAN] Tautan Pendaftaran Lowongan Kerja SiCepat Ekspres,Hoax,TurnBackHoax
"[PENIPUAN] Tautan Pendaftaran Lowongan Kerja Semen Indonesia
Unggahan berisi tautan “pendaftaran lowongan kerja...",Hoax,TurnBackHoax
[PENIPUAN] Tautan Pendaftaran Lowongan Kerja Semen Indonesia,Hoax,TurnBackHoax
"[PENIPUAN] Tautan Pendaftaran Lowongan Kerja Le Minerale
Unggahan berisi tautan “pendaftaran lowongan kerja...",Hoax,TurnBackHoax
[PENIPUAN] Tautan Pendaftaran Lowongan Kerja Le Minerale,Hoax,TurnBackHoax
"[PENIPUAN] Tautan Rekrutmen PT PELNI
Unggahan berisi tautan “rekrutmen PT PELNI”...",Hoax,TurnBackHoax
[PENIPUAN] Tautan Rekrutmen PT PELNI,Hoax,TurnBackHoax
"[PENIPUAN] Tautan Lowongan Kerja PT Yakult Indonesia
Unggahan berisi tautan “pendaftaran lowongan kerja...",Hoax,TurnBackHoax
[PENIPUAN] Tautan Lowongan Kerja PT Yakult Indonesia,Hoax,TurnBackHoax
"[SALAH] Prabowo: MBG dan Koperasi Desa Itu...
Faktanya, Prabowo memang menyebut dana sitaan...",Hoax,TurnBackHoax
[SALAH] Prabowo: MBG dan Koperasi Desa Itu...,Hoax,TurnBackHoax
"[SALAH] Gibran Dinyatakan Tidak Sah Menjadi Wapres
Faktanya, MK menyatakan pencalonan Gibran sah...",Hoax,TurnBackHoax
[SALAH] Gibran Dinyatakan Tidak Sah Menjadi Wapres,Hoax,TurnBackHoax
"[PENIPUAN] Program Dana Hibah dari Purbaya
Faktanya, akun tersebut bukan merupakan akun...",Hoax,TurnBackHoax
[PENIPUAN] Program Dana Hibah dari Purbaya,Hoax,TurnBackHoax
"[SALAH] Jokowi Dinobatkan Jadi Salah Satu Alumni...
Faktanya, tidak ditemukan pernyataan resmi yang...",Hoax,TurnBackHoax
[SALAH] Jokowi Dinobatkan Jadi Salah Satu Alumni...,Hoax,TurnBackHoax
"[SALAH] Zulhas: Rakyat Itu Aib Pemerintah
Tidak ditemukan informasi kredibel yang membenarkan...",Hoax,TurnBackHoax
[SALAH] Zulhas: Rakyat Itu Aib Pemerintah,Hoax,TurnBackHoax
"[SALAH] Kemenag: Kyai dan Ulama adalah Orang...
Faktanya, Kemenag telah menegaskan bahwa pihaknya...",Hoax,TurnBackHoax
[SALAH] Kemenag: Kyai dan Ulama adalah Orang...,Hoax,TurnBackHoax
"[PENIPUAN] Tautan Rekrutmen PT Timah Tbk
Unggahan berisi tautan “rekrutmen PT Timah...",Hoax,TurnBackHoax
[PENIPUAN] Tautan Rekrutmen PT Timah Tbk,Hoax,TurnBackHoax
"[PENIPUAN] Tautan Lowongan Kerja PT Pamapersada Nusantara
Unggahan berisi tautan “lowongan kerja Pamapersada...",Hoax,TurnBackHoax
[PENIPUAN] Tautan Lowongan Kerja PT Pamapersada Nusantara,Hoax,TurnBackHoax
"[PENIPUAN] Tautan Pendaftaran Lowongan Kerja Jasa Raharja
Unggahan berisi tautan “pendaftaran lowongan kerja...",Hoax,TurnBackHoax
[PENIPUAN] Tautan Pendaftaran Lowongan Kerja Jasa Raharja,Hoax,TurnBackHoax
"[PENIPUAN] Tautan Pendaftaran Lowongan Kerja KFC Indonesia
Unggahan berisi tautan “pendaftaran lowongan kerja...",Hoax,TurnBackHoax
[PENIPUAN] Tautan Pendaftaran Lowongan Kerja KFC Indonesia,Hoax,TurnBackHoax
"[PENIPUAN] Tautan Pendaftaran Lowongan Kerja Astra Indonesia
Unggahan berisi tautan “pendaftaran lowongan kerja...",Hoax,TurnBackHoax
[PENIPUAN] Tautan Pendaftaran Lowongan Kerja Astra Indonesia,Hoax,TurnBackHoax
"[PENIPUAN] Tautan Pendaftaran Lowongan Kerja MR.DIY
Unggahan berisi tautan “pendaftaran lowongan kerja...",Hoax,TurnBackHoax
[PENIPUAN] Tautan Pendaftaran Lowongan Kerja MR.DIY,Hoax,TurnBackHoax
"[PENIPUAN] Kepala BP BUMN Umumkan Dana Bantuan...
Konten yang beredar merupakan hasil rekayasa...",Hoax,TurnBackHoax
[PENIPUAN] Kepala BP BUMN Umumkan Dana Bantuan...,Hoax,TurnBackHoax
"[PENIPUAN] Undian Berhadiah Superbank 2026
Tidak ditemukan informasi kredibel mengenai gebyar...",Hoax,TurnBackHoax
[PENIPUAN] Undian Berhadiah Superbank 2026,Hoax,TurnBackHoax
"[SALAH] Menag Nasaruddin Terjerat Kasus Korupsi
Tidak ditemukan informasi kredibel yang membenarkan...",Hoax,TurnBackHoax
[SALAH] Menag Nasaruddin Terjerat Kasus Korupsi,Hoax,TurnBackHoax
"[PENIPUAN] Tautan Undian Berhadiah Bank Maluku Utara...
Tautan yang dibagikan tidak mengarah ke...",Hoax,TurnBackHoax
[PENIPUAN] Tautan Undian Berhadiah Bank Maluku Utara...,Hoax,TurnBackHoax
"[PENIPUAN] Rekrutmen Tim Ekspedisi Patriot
Unggahan berisi tautan “rekrutmen Tim Ekspedisi...",Hoax,TurnBackHoax
[PENIPUAN] Rekrutmen Tim Ekspedisi Patriot,Hoax,TurnBackHoax
"[SALAH] Peringatan ke Warga untuk Meninggalkan Tel...
Faktanya, video yang disebarkan adalah video...",Hoax,TurnBackHoax
[SALAH] Peringatan ke Warga untuk Meninggalkan Tel...,Hoax,TurnBackHoax
"[SALAH] Zulhas Minta Tambah Anggaran Koperasi Desa...
Faktanya, Menko Pangan Zulkifli Hasan (Zulhas)...",Hoax,TurnBackHoax
[SALAH] Zulhas Minta Tambah Anggaran Koperasi Desa...,Hoax,TurnBackHoax
"[SALAH] Kemenag Tuding Amien Rais Provokator Bangsa
Tidak ditemukan bukti kredibel yang membenarkan...",Hoax,TurnBackHoax
[SALAH] Kemenag Tuding Amien Rais Provokator Bangsa,Hoax,TurnBackHoax
"[SALAH] Malaysia Dilanda Bencana Kelaparan
Malaysia ingin mengimpor 500 ribu ton...",Hoax,TurnBackHoax
[SALAH] Malaysia Dilanda Bencana Kelaparan,Hoax,TurnBackHoax
"[SALAH] Indonesia Stop Pakai US$, Purbaya Pindah...
Tidak ditemukan laporan resmi maupun pemberitaan...",Hoax,TurnBackHoax
"[SALAH] Indonesia Stop Pakai US$, Purbaya Pindah...",Hoax,TurnBackHoax
"[PENIPUAN] Tautan Rekrutmen Raharja Energi Cepu
Unggahan berisi tautan “rekrutmen PT Raharja...",Hoax,TurnBackHoax
[PENIPUAN] Tautan Rekrutmen Raharja Energi Cepu,Hoax,TurnBackHoax
"[SALAH] WHO Anjurkan Konsumsi Ivermectin Tiap Hari...
WHO tidak pernah menyarankan obat ivermectin...",Hoax,TurnBackHoax
[SALAH] WHO Anjurkan Konsumsi Ivermectin Tiap Hari...,Hoax,TurnBackHoax
"[SALAH] Dokumentasi ""Tel Aviv Hangus Terbakar""
Faktanya, video yang dibagikan adalah video...",Hoax,TurnBackHoax
"[SALAH] Dokumentasi ""Tel Aviv Hangus Terbakar""",Hoax,TurnBackHoax
"[PENIPUAN] Tautan Pendaftaran Lowongan Kerja KAI
Unggahan berisi tautan “pendaftaran lowongan kerja...",Hoax,TurnBackHoax
[PENIPUAN] Tautan Pendaftaran Lowongan Kerja KAI,Hoax,TurnBackHoax
"[PENIPUAN] Tautan Undian Berhadiah Bank Banten 2026
Tautan undian berhadiah yang beredar bukan...",Hoax,TurnBackHoax
[PENIPUAN] Tautan Undian Berhadiah Bank Banten 2026,Hoax,TurnBackHoax
"[SALAH] Italia Memutus Hubungan dengan Trump
Perbedaan pandangan antara Italia dan Amerika...",Hoax,TurnBackHoax
[SALAH] Italia Memutus Hubungan dengan Trump,Hoax,TurnBackHoax
"[PENIPUAN] Tautan Pendaftaran Lowongan Kerja Alfamart
Unggahan berisi tautan “pendaftaran lowongan kerja...",Hoax,TurnBackHoax
[PENIPUAN] Tautan Pendaftaran Lowongan Kerja Alfamart,Hoax,TurnBackHoax
"[PENIPUAN] Tautan Pendaftaran Lowongan Kerja Indomaret
Unggahan berisi tautan “pendaftaran lowongan kerja...",Hoax,TurnBackHoax
[PENIPUAN] Tautan Pendaftaran Lowongan Kerja Indomaret,Hoax,TurnBackHoax
"[PENIPUAN] Tautan Pendaftaran Rekrutmen PT EPSON 2026
Unggahan berisi tautan “pendaftaran rekrutmen PT...",Hoax,TurnBackHoax
[PENIPUAN] Tautan Pendaftaran Rekrutmen PT EPSON 2026,Hoax,TurnBackHoax
"[PENIPUAN] Undian Berhadiah Bank BNI 2026
Informasi mengenai undian berhadiah Bank BNI...",Hoax,TurnBackHoax
[PENIPUAN] Undian Berhadiah Bank BNI 2026,Hoax,TurnBackHoax
"[PENIPUAN] Gibran Umumkan Program Bantuan Modal Usaha
Konten yang beredar merupakan hasil rekayasa...",Hoax,TurnBackHoax
[PENIPUAN] Gibran Umumkan Program Bantuan Modal Usaha,Hoax,TurnBackHoax
"[PENIPUAN] Undian Berhadiah Bank Sumatra Utara 2026
Tidak ditemukan informasi kredibel mengenai gebyar...",Hoax,TurnBackHoax
[PENIPUAN] Undian Berhadiah Bank Sumatra Utara 2026,Hoax,TurnBackHoax
"[SALAH] Indonesia Resmi Ambil Alih Selat Malaka
Faktanya Indonesia berupaya mengamankan Selat Malaka...",Hoax,TurnBackHoax
[SALAH] Indonesia Resmi Ambil Alih Selat Malaka,Hoax,TurnBackHoax
"[SALAH] Purbaya Pangkas Gaji ke-13 PNS, PPPK,...
Tidak ditemukan pernyataan dari Menteri Purbaya...",Hoax,TurnBackHoax
"[SALAH] Purbaya Pangkas Gaji ke-13 PNS, PPPK,...",Hoax,TurnBackHoax
"[SALAH] Menag: Zakat dan Infak Dipakai untuk...
Tidak ada bukti Menteri Agama menyatakan...",Hoax,TurnBackHoax
[SALAH] Menag: Zakat dan Infak Dipakai untuk...,Hoax,TurnBackHoax
"[SALAH] Prabowo Bakal Berhenti jika Program MBG...
Faktanya, tIdak ditemukan pernyataan resmi yang...",Hoax,TurnBackHoax
[SALAH] Prabowo Bakal Berhenti jika Program MBG...,Hoax,TurnBackHoax
"[SALAH] Purbaya Mempersilakan Investor Cari Negara Lain
Faktanya, kementerian Keuangan menegaskan tidak pernah...",Hoax,TurnBackHoax
[SALAH] Purbaya Mempersilakan Investor Cari Negara Lain,Hoax,TurnBackHoax
"[SALAH] Taspen Bakal Hapus Utang Pensiunan PNS
Faktanya, tidak ditemukan informasi resmi atau...",Hoax,TurnBackHoax
[SALAH] Taspen Bakal Hapus Utang Pensiunan PNS,Hoax,TurnBackHoax
"[PENIPUAN] Laman Pendaftaran Saldo DANA Gratis
Laman tersebut bukan merupakan laman resmi...",Hoax,TurnBackHoax
[PENIPUAN] Laman Pendaftaran Saldo DANA Gratis,Hoax,TurnBackHoax
"[SALAH] Video ""Sejumlah Tikus Terinfeksi Hantavirus Disebar...
Faktanya, konten yang beredar merupakan hasil...",Hoax,TurnBackHoax
"[SALAH] Video ""Sejumlah Tikus Terinfeksi Hantavirus Disebar...",Hoax,TurnBackHoax
"[SALAH] Andrie Yunus Dinyatakan Buta Permanen
Tidak ditemukan vonis medis yang menyatakan...",Hoax,TurnBackHoax
[SALAH] Andrie Yunus Dinyatakan Buta Permanen,Hoax,TurnBackHoax
"[SALAH] Hantavirus Itu Virus Bohongan dari Israel
Faktanya, Hantavirus sudah ada sejak 1950-an...",Hoax,TurnBackHoax
[SALAH] Hantavirus Itu Virus Bohongan dari Israel,Hoax,TurnBackHoax
"[SALAH] Dapur MBG Dirusak Warga yang Anaknya...
Faktanya, video merupakan rekaman kerusuhan yang...",Hoax,TurnBackHoax
[SALAH] Dapur MBG Dirusak Warga yang Anaknya...,Hoax,TurnBackHoax
"[PENIPUAN] Haji Isam Beri Dana Bantuan untuk...
Faktanya audio konten tersebut merupakan hasil...",Hoax,TurnBackHoax
[PENIPUAN] Haji Isam Beri Dana Bantuan untuk...,Hoax,TurnBackHoax
"[PENIPUAN] Tautan Pendaftaran ""Program E-Voucher Subsidi Pertamina""
Faktanya, tidak ditemukan program e-voucher subsidi...",Hoax,TurnBackHoax
"[PENIPUAN] Tautan Pendaftaran ""Program E-Voucher Subsidi Pertamina""",Hoax,TurnBackHoax
"[SALAH] Gibran Serahkan Surat Pengunduran Diri ke...
Faktanya, video merupakan momen Gibran menyerahkan...",Hoax,TurnBackHoax
[SALAH] Gibran Serahkan Surat Pengunduran Diri ke...,Hoax,TurnBackHoax
"[SALAH] Vaksin Campak Sebabkan Autisme Anak
Faktanya, tidak ditemukan informasi resmi atau...",Hoax,TurnBackHoax
[SALAH] Vaksin Campak Sebabkan Autisme Anak,Hoax,TurnBackHoax
"[PENIPUAN] Tautan Pendaftaran Lowongan Kerja Kapal Api...
Unggahan berisi tautan “pendaftaran lowongan kerja...",Hoax,TurnBackHoax
[PENIPUAN] Tautan Pendaftaran Lowongan Kerja Kapal Api...,Hoax,TurnBackHoax
"[PENIPUAN] Tautan Pendaftaran Bantuan Padat Karya 2026
Unggahan berisi tautan “pendaftaran bantuan padat...",Hoax,TurnBackHoax
[PENIPUAN] Tautan Pendaftaran Bantuan Padat Karya 2026,Hoax,TurnBackHoax
"[PENIPUAN] Tautan Pendaftaran Lowongan Kerja J&T Express
Unggahan berisi tautan “pendaftaran lowongan kerja...",Hoax,TurnBackHoax
[PENIPUAN] Tautan Pendaftaran Lowongan Kerja J&T Express,Hoax,TurnBackHoax
"[SALAH] Indonesia Jual Beras Rp10.000 per Kg...
Angka Rp10 ribu per kilogram yang...",Hoax,TurnBackHoax
[SALAH] Indonesia Jual Beras Rp10.000 per Kg...,Hoax,TurnBackHoax
"[SALAH] Jahe, Kunyit, Kencur, dan Serai Bersihkan...
Meskipun ketiga bahan tersebut memiliki manfaat...",Hoax,TurnBackHoax
"[SALAH] Jahe, Kunyit, Kencur, dan Serai Bersihkan...",Hoax,TurnBackHoax
"[PENIPUAN] Prabowo dan Gibran Beri Bantuan Alat...
Tidak ditemukan bukti dari sumber resmi...",Hoax,TurnBackHoax
[PENIPUAN] Prabowo dan Gibran Beri Bantuan Alat...,Hoax,TurnBackHoax
"[SALAH] Kapal Kargo Milik Iran Ditembak AL...
Faktanya, video yang dibagikan adalah video...",Hoax,TurnBackHoax
[SALAH] Kapal Kargo Milik Iran Ditembak AL...,Hoax,TurnBackHoax
"[PENIPUAN] Tautan Rekrutmen Waskita Karya
Unggahan berisi tautan “rekrutmen Waskita Karya”...",Hoax,TurnBackHoax
[PENIPUAN] Tautan Rekrutmen Waskita Karya,Hoax,TurnBackHoax
"[SALAH] Prabowo Siap Beri Seribu Rumah Subsidi...
Janji Prabowo adalah membangun sejuta rumah...",Hoax,TurnBackHoax
[SALAH] Prabowo Siap Beri Seribu Rumah Subsidi...,Hoax,TurnBackHoax
"[SALAH] Hampir 90% Masyarakat Indonesia Ingin Program...
Tidak ditemukan sumber kredibel yang membenarkan...",Hoax,TurnBackHoax
[SALAH] Hampir 90% Masyarakat Indonesia Ingin Program...,Hoax,TurnBackHoax
"[PENIPUAN] Kemenkeu Umumkan Program Bantuan Pensiunan Indonesia
Audio dalam konten yang beredar merupakan...",Hoax,TurnBackHoax
[PENIPUAN] Kemenkeu Umumkan Program Bantuan Pensiunan Indonesia,Hoax,TurnBackHoax
"[PENIPUAN] KDM Bikin Program Motor Murah
Audio dalam konten yang beredar merupakan...",Hoax,TurnBackHoax
[PENIPUAN] KDM Bikin Program Motor Murah,Hoax,TurnBackHoax
"[PENIPUAN] Tautan Rekrutmen Bersama BUMN 2026
Unggahan berisi tautan “rekrutmen bersama BUMN...",Hoax,TurnBackHoax
[PENIPUAN] Tautan Rekrutmen Bersama BUMN 2026,Hoax,TurnBackHoax
"[SALAH] Video ""Tank Israel Diserang Pejuang Lebanon""
Faktanya, video merupakan hasil manipulasi AI....",Hoax,TurnBackHoax
"[SALAH] Video ""Tank Israel Diserang Pejuang Lebanon""",Hoax,TurnBackHoax
"[PENIPUAN] Gibran Bagi-Bagi Bansos Kompor dan Blender
Faktanya, tidak ada program bantuan sosial...",Hoax,TurnBackHoax
[PENIPUAN] Gibran Bagi-Bagi Bansos Kompor dan Blender,Hoax,TurnBackHoax
"[SALAH] Foto ""Ratusan Mayat IDF di Perbatasan...
Faktanya, foto tersebut merupakan hasil rekayasa...",Hoax,TurnBackHoax
"[SALAH] Foto ""Ratusan Mayat IDF di Perbatasan...",Hoax,TurnBackHoax
"[SALAH] Korea Utara Bersiap Luncurkan 500 Rudal...
Tidak ditemukan informasi tentang akan terjadinya...",Hoax,TurnBackHoax
[SALAH] Korea Utara Bersiap Luncurkan 500 Rudal...,Hoax,TurnBackHoax
"[SALAH] Malaysia Resmi Bubar Usai Raja Malaysia...
Tidak ada pernyataan dari Raja Malaysia...",Hoax,TurnBackHoax
[SALAH] Malaysia Resmi Bubar Usai Raja Malaysia...,Hoax,TurnBackHoax
"[SALAH] Hasil Rapat Terbatas Menyatakan Indonesia Masuk...
Faktanya rapat terbatas di Hambalang pada...",Hoax,TurnBackHoax
[SALAH] Hasil Rapat Terbatas Menyatakan Indonesia Masuk...,Hoax,TurnBackHoax
"[SALAH] AS Resmi Dikeluarkan dari NATO
Faktanya Amerika Serikat masih terdaftar sebagai...",Hoax,TurnBackHoax
[SALAH] AS Resmi Dikeluarkan dari NATO,Hoax,TurnBackHoax
"[SALAH] Polri: 1.600 Dapur MBG Milik Polri,...
Tidak ditemukan informasi kredibel yang membenarkan...",Hoax,TurnBackHoax
"[SALAH] Polri: 1.600 Dapur MBG Milik Polri,...",Hoax,TurnBackHoax
"[SALAH] Polri Pekerjakan Ribuan Narapidana untuk Memasak...
Tidak ditemukan laporan resmi maupun pemberitaan...",Hoax,TurnBackHoax
[SALAH] Polri Pekerjakan Ribuan Narapidana untuk Memasak...,Hoax,TurnBackHoax
"[PENIPUAN] Tautan Pendaftaran BLT untuk Ibu Hamil
Unggahan berisi tautan “pendaftaran BLT untuk...",Hoax,TurnBackHoax
[PENIPUAN] Tautan Pendaftaran BLT untuk Ibu Hamil,Hoax,TurnBackHoax
"[PENIPUAN] Tautan Pendaftaran Lowongan Mie Gacoan
Unggahan berisi tautan “pendaftaran lowongan Mie...",Hoax,TurnBackHoax
[PENIPUAN] Tautan Pendaftaran Lowongan Mie Gacoan,Hoax,TurnBackHoax
"[SALAH] Kemenag: Pencabulan 50 Santri di Pati...
Faktanya, Menag Nasaruddin telah menegaskan bahwa...",Hoax,TurnBackHoax
[SALAH] Kemenag: Pencabulan 50 Santri di Pati...,Hoax,TurnBackHoax
"[SALAH] Menag Minta Warga Setor Dana untuk...
Kepala Biro Humas dan Komunikasi Publik...",Hoax,TurnBackHoax
[SALAH] Menag Minta Warga Setor Dana untuk...,Hoax,TurnBackHoax
"[SALAH] Dokumentasi ""Ratusan Oligarki dan Politisi Melarikan...
Faktanya, video yang dibagikan adalah peristiwa...",Hoax,TurnBackHoax
"[SALAH] Dokumentasi ""Ratusan Oligarki dan Politisi Melarikan...",Hoax,TurnBackHoax
"[PENIPUAN] Tautan Pendaftaran Lowongan Kerja Richeese Factory
Unggahan berisi tautan “pendaftaran lowongan kerja...",Hoax,TurnBackHoax
[PENIPUAN] Tautan Pendaftaran Lowongan Kerja Richeese Factory,Hoax,TurnBackHoax
"[PENIPUAN] Tautan Pendaftaran Lowongan Kerja Harita Nickel
Unggahan berisi tautan “pendaftaran lowongan kerja...",Hoax,TurnBackHoax
[PENIPUAN] Tautan Pendaftaran Lowongan Kerja Harita Nickel,Hoax,TurnBackHoax
"[PENIPUAN] Gubernur Papua Bagi-Bagi Bantuan Lewat Facebook
Konten yang beredar merupakan hasil rekayasa...",Hoax,TurnBackHoax
[PENIPUAN] Gubernur Papua Bagi-Bagi Bantuan Lewat Facebook,Hoax,TurnBackHoax
"[SALAH] Prabowo Bakal Tambahkan Pembangunan 1 Juta...
Tidak ditemukan informasi kredibel yang membenarkan...",Hoax,TurnBackHoax
[SALAH] Prabowo Bakal Tambahkan Pembangunan 1 Juta...,Hoax,TurnBackHoax
"[PENIPUAN] Tautan Pendaftaran Kartu Debit Seabank
Seabank tidak menyediakan fasilitas kartu debit,...",Hoax,TurnBackHoax
[PENIPUAN] Tautan Pendaftaran Kartu Debit Seabank,Hoax,TurnBackHoax
"[SALAH] Indonesia Tutup Selat Malaka
Tidak ditemukan informasi kredibel yang menyebut...",Hoax,TurnBackHoax
[SALAH] Indonesia Tutup Selat Malaka,Hoax,TurnBackHoax
"[PENIPUAN] Pendaftaran CPNS Bea Cukai 2026
Faktanya, pendaftaran CPNS Bea Cukai 2026...",Hoax,TurnBackHoax
[PENIPUAN] Pendaftaran CPNS Bea Cukai 2026,Hoax,TurnBackHoax
"[SALAH] Kemenag: Uang Infaq dan Zakat Kini...
Tidak ditemukan pernyataan resmi maupun pemberitaan...",Hoax,TurnBackHoax
[SALAH] Kemenag: Uang Infaq dan Zakat Kini...,Hoax,TurnBackHoax
"[SALAH] Prabowo Minta Kapolri Beri Hukuman Berat...
Tidak ditemukan informasi kredibel yang membenarkan...",Hoax,TurnBackHoax
[SALAH] Prabowo Minta Kapolri Beri Hukuman Berat...,Hoax,TurnBackHoax
"[SALAH] Indonesia Bakal Pungut Tarif ke Kapal...
Konteks asli video adalah dokumentasi Latihan...",Hoax,TurnBackHoax
[SALAH] Indonesia Bakal Pungut Tarif ke Kapal...,Hoax,TurnBackHoax
"[SALAH] Pembuat Ijazah Jokowi Akui Ada Modifikasi...
Tidak ditemukan informasi kredibel yang membenarkan...",Hoax,TurnBackHoax
[SALAH] Pembuat Ijazah Jokowi Akui Ada Modifikasi...,Hoax,TurnBackHoax
"[SALAH] Indonesia Resmi Hentikan Ekspor Gas ke...
Penghentian ekspor gas dilakukan secara bertahap,...",Hoax,TurnBackHoax
[SALAH] Indonesia Resmi Hentikan Ekspor Gas ke...,Hoax,TurnBackHoax
"[SALAH] China Menahan Kapal Perang AS di...
Tidak ditemukan pemberitaan kredibel yang membenarkan...",Hoax,TurnBackHoax
[SALAH] China Menahan Kapal Perang AS di...,Hoax,TurnBackHoax
"[SALAH] Indonesia Pimpin Negara ASEAN Rebut Laut...
Tidak benar Indonesia memimpin ASEAN untuk...",Hoax,TurnBackHoax
[SALAH] Indonesia Pimpin Negara ASEAN Rebut Laut...,Hoax,TurnBackHoax
"[PENIPUAN] Tautan Pendaftaran Sub Agen LPG
Unggahan berisi tautan “pendaftaran sub agen...",Hoax,TurnBackHoax
[PENIPUAN] Tautan Pendaftaran Sub Agen LPG,Hoax,TurnBackHoax
"[SALAH] DPR Setujui Penutupan Alfamart dan Indomaret...
Faktanya, tidak ditemukan informasi resmi atau...",Hoax,TurnBackHoax
[SALAH] DPR Setujui Penutupan Alfamart dan Indomaret...,Hoax,TurnBackHoax
"[PENIPUAN] Tautan Lowongan Lion Air Group
Unggahan berisi tautan “lowongan Lion Air...",Hoax,TurnBackHoax
[PENIPUAN] Tautan Lowongan Lion Air Group,Hoax,TurnBackHoax
"[SALAH] PCR Itu Penipuan untuk Ciptakan Ilusi...
Faktanya, metode PCR tetap diakui secara...",Hoax,TurnBackHoax
[SALAH] PCR Itu Penipuan untuk Ciptakan Ilusi...,Hoax,TurnBackHoax
"[PENIPUAN] Tautan Pendaftaran Lowongan PT HM Sampoerna
Unggahan berisi tautan “pendaftaran lowongan PT...",Hoax,TurnBackHoax
[PENIPUAN] Tautan Pendaftaran Lowongan PT HM Sampoerna,Hoax,TurnBackHoax
"[PENIPUAN] Lowongan Kerja Pos Indonesia
Faktanya, Pos Indonesia tidak sedang membuka...",Hoax,TurnBackHoax
[PENIPUAN] Lowongan Kerja Pos Indonesia,Hoax,TurnBackHoax
"[SALAH] Video ""Iran Serang Kapal India di...
Faktanya, konteks asli video tersebut adalah...",Hoax,TurnBackHoax
"[SALAH] Video ""Iran Serang Kapal India di...",Hoax,TurnBackHoax
"[PENIPUAN] Program Magang Kantor Perwakilan Bank Indonesia
Unggahan berisi tautan “program magang kantor...",Hoax,TurnBackHoax
[PENIPUAN] Program Magang Kantor Perwakilan Bank Indonesia,Hoax,TurnBackHoax
"[SALAH] Penangkapan Pilot Jet Tempur AS di...
Faktanya, potongan video yang dibagikan adalah...",Hoax,TurnBackHoax
[SALAH] Penangkapan Pilot Jet Tempur AS di...,Hoax,TurnBackHoax
"[SALAH] Korea Utara Luncurkan Ratusan Misil ke...
Faktanya peluncuran rudal yang dilakukan Korea...",Hoax,TurnBackHoax
[SALAH] Korea Utara Luncurkan Ratusan Misil ke...,Hoax,TurnBackHoax
"[SALAH] Ikan Lele Jadi Penyebab Gagal Ginjal...
Faktanya, gagal ginjal kronis umumnya disebabkan...",Hoax,TurnBackHoax
[SALAH] Ikan Lele Jadi Penyebab Gagal Ginjal...,Hoax,TurnBackHoax
"[PENIPUAN] Tautan Pendaftaran Driver Gojek
Unggahan berisi tautan “pendaftaran lowongan driver...",Hoax,TurnBackHoax
[PENIPUAN] Tautan Pendaftaran Driver Gojek,Hoax,TurnBackHoax
"[SALAH] Video ""AS dan Israel Invasi Darat...
Sejauh ini, laporan yang ada hanya...",Hoax,TurnBackHoax
"[SALAH] Video ""AS dan Israel Invasi Darat...",Hoax,TurnBackHoax
"[SALAH] Ribuan Helikopter Turki Diterbangkan Membantu Ira
Video tersebut merupakan rekaman latihan Angkatan...",Hoax,TurnBackHoax
[SALAH] Ribuan Helikopter Turki Diterbangkan Membantu Ira,Hoax,TurnBackHoax
"[SALAH] Singapura Serang Kapal Perang RI yang...
Tidak ada kabar penyerangan Singapura terhadap...",Hoax,TurnBackHoax
[SALAH] Singapura Serang Kapal Perang RI yang...,Hoax,TurnBackHoax
"[SALAH] Video ""Iran Bom Kapal Tanker Milik...
Faktanya, konten yang beredar merupakan hasil...",Hoax,TurnBackHoax
"[SALAH] Video ""Iran Bom Kapal Tanker Milik...",Hoax,TurnBackHoax
"[PENIPUAN] Tautan Pendaftaran Sarjana Penggerak Pembangunan Indonesia...
Unggahan berisi tautan “pendaftaran Sarjana Penggerak...",Hoax,TurnBackHoax
[PENIPUAN] Tautan Pendaftaran Sarjana Penggerak Pembangunan Indonesia...,Hoax,TurnBackHoax
"[SALAH] Nadiem Tidak Pernah Kunjungan Kampus selama...
Faktanya, Nadiem Makarim selama menjabat sebagai...",Hoax,TurnBackHoax
[SALAH] Nadiem Tidak Pernah Kunjungan Kampus selama...,Hoax,TurnBackHoax
"[PENIPUAN] Kardinal Suharyo Umumkan Dana Bantuan untuk...
Konten yang beredar merupakan hasil rekayasa...",Hoax,TurnBackHoax
[PENIPUAN] Kardinal Suharyo Umumkan Dana Bantuan untuk...,Hoax,TurnBackHoax
"[PENIPUAN] Dedi Mulyadi Buka Program Beasiswa Garuda...
Konten yang beredar adalah hasil rekayasa...",Hoax,TurnBackHoax
[PENIPUAN] Dedi Mulyadi Buka Program Beasiswa Garuda...,Hoax,TurnBackHoax
"[PENIPUAN] Tautan Rekrutmen Petugas PTSP Kejaksaan
Unggahan berisi tautan “rekrutmen petugas PTSP...",Hoax,TurnBackHoax
[PENIPUAN] Tautan Rekrutmen Petugas PTSP Kejaksaan,Hoax,TurnBackHoax
"[SALAH] Kode Token Listrik Gratis untuk Tiga...
Faktanya, kode 59 yang ditampilkan hanya...",Hoax,TurnBackHoax
[SALAH] Kode Token Listrik Gratis untuk Tiga...,Hoax,TurnBackHoax
"[PENIPUAN] Bantuan Usaha UMKM dari Menkeu Purbaya
Faktanya, video merupakan hasil manipulasi AI...",Hoax,TurnBackHoax
[PENIPUAN] Bantuan Usaha UMKM dari Menkeu Purbaya,Hoax,TurnBackHoax
"[SALAH] Purbaya Tantang Luhut untuk Beri Transparansi...
Tidak ditemukan informasi kredibel yang membenarkan...",Hoax,TurnBackHoax
[SALAH] Purbaya Tantang Luhut untuk Beri Transparansi...,Hoax,TurnBackHoax
"[SALAH] Tentara AS Disergap Milisi Iran di...
Tidak ditemukan informasi kredibel yang membenarkan...",Hoax,TurnBackHoax
[SALAH] Tentara AS Disergap Milisi Iran di...,Hoax,TurnBackHoax
"[SALAH] Prabowo Kerahkan Alutsista karena Malaysia dan...
Faktanya Malaysia dan Singapura hanya menyampaikan...",Hoax,TurnBackHoax
[SALAH] Prabowo Kerahkan Alutsista karena Malaysia dan...,Hoax,TurnBackHoax
"[SALAH] Andrie Yunus Korban Penyiraman Air Keras...
Tidak ditemukan informasi resmi atau pemberitaan...",Hoax,TurnBackHoax
[SALAH] Andrie Yunus Korban Penyiraman Air Keras...,Hoax,TurnBackHoax
"[SALAH] Video ""Kebakaran di Tel Aviv Usai...
Video yang beredar tidak memiliki kaitan...",Hoax,TurnBackHoax
"[SALAH] Video ""Kebakaran di Tel Aviv Usai...",Hoax,TurnBackHoax
"[SALAH] Warga Iran Turun ke Jalan untuk...
Faktanya, video yang beredar di TikTok...",Hoax,TurnBackHoax
[SALAH] Warga Iran Turun ke Jalan untuk...,Hoax,TurnBackHoax
"[SALAH] Presiden Pakistan Robek Dokumen PBB karena...
Faktanya, Zulfikar Ali Bhutto marah bukan...",Hoax,TurnBackHoax
[SALAH] Presiden Pakistan Robek Dokumen PBB karena...,Hoax,TurnBackHoax
"[SALAH] Menteri Agama Bikin Rekening Kas Masjid...
Faktanya, video yang beredar tidak membahas...",Hoax,TurnBackHoax
[SALAH] Menteri Agama Bikin Rekening Kas Masjid...,Hoax,TurnBackHoax
"[SALAH] AS Bakal Pindah Lokasi Perang ke...
Tidak ada informasi kredibel yang membenarkan...",Hoax,TurnBackHoax
[SALAH] AS Bakal Pindah Lokasi Perang ke...,Hoax,TurnBackHoax
"[SALAH] Indonesia Tarik Semua Pasukan Perdamaian TNI...
Faktanya, pemerintah menyatakan pasukan TNI tetap...",Hoax,TurnBackHoax
[SALAH] Indonesia Tarik Semua Pasukan Perdamaian TNI...,Hoax,TurnBackHoax
"[PENIPUAN] Tautan Pendaftaran Pendamping Program Pamsimas
Unggahan berisi tautan “pendaftaran pendamping program...",Hoax,TurnBackHoax
[PENIPUAN] Tautan Pendaftaran Pendamping Program Pamsimas,Hoax,TurnBackHoax
"[PENIPUAN] Tautan Pendaftaran Rekrutmen Freeport Indonesia
Unggahan berisi tautan “pendaftaran rekrutmen Freeport...",Hoax,TurnBackHoax
[PENIPUAN] Tautan Pendaftaran Rekrutmen Freeport Indonesia,Hoax,TurnBackHoax
"[PENIPUAN] Tautan Pendaftaran Lowongan Wings Group 2026
Unggahan berisi tautan “pendaftaran lowongan Wings...",Hoax,TurnBackHoax
[PENIPUAN] Tautan Pendaftaran Lowongan Wings Group 2026,Hoax,TurnBackHoax
"[SALAH] Megawati: Guru Honorer Itu Sampah Negara
Tidak ditemukan informasi kredibel yang membenarkan...",Hoax,TurnBackHoax
[SALAH] Megawati: Guru Honorer Itu Sampah Negara,Hoax,TurnBackHoax
"[SALAH] Dokumentasi ""Tsunami Jepang 2026""
Faktanya, konteks video merupakan Tsunami Jepang...",Hoax,TurnBackHoax
"[SALAH] Dokumentasi ""Tsunami Jepang 2026""",Hoax,TurnBackHoax
"[PENIPUAN] Tautan Pendaftaran Lowongan BUMN dan Indofood...
Unggahan berisi tautan “pendaftaran lowongan BUMN...",Hoax,TurnBackHoax
[PENIPUAN] Tautan Pendaftaran Lowongan BUMN dan Indofood...,Hoax,TurnBackHoax
"[PENIPUAN] Tautan Rekrutmen Program Langkah Bakti Jasa...
Unggahan berisi tautan “rekrutmen program Langkah...",Hoax,TurnBackHoax
[PENIPUAN] Tautan Rekrutmen Program Langkah Bakti Jasa...,Hoax,TurnBackHoax
"[SALAH] Rusia Deklarasikan Perlindungan untuk Indonesia dari...
Tidak ditemukan informasi kredibel yang membenarkan...",Hoax,TurnBackHoax
[SALAH] Rusia Deklarasikan Perlindungan untuk Indonesia dari...,Hoax,TurnBackHoax
"[SALAH] Gabung Iran, China Kirim Kapal Induk...
Tidak ditemukan informasi kredibel yang membenarkan...",Hoax,TurnBackHoax
"[SALAH] Gabung Iran, China Kirim Kapal Induk...",Hoax,TurnBackHoax
"[SALAH] Ade Armando Adalah Pendiri Mafindo
Mafindo menegaskan bahwa organisasinya bersifat independen,...",Hoax,TurnBackHoax
[SALAH] Ade Armando Adalah Pendiri Mafindo,Hoax,TurnBackHoax
"[SALAH] Rudal Iran Menghantam Bunker Utama Pasukan...
Faktanya, video yang dibagikan adalah video...",Hoax,TurnBackHoax
[SALAH] Rudal Iran Menghantam Bunker Utama Pasukan...,Hoax,TurnBackHoax
"[SALAH] Berkat MBG, Ekonomi Indonesia Naik 8%...
Faktanya, angka 8% merupakan sasaran jangka...",Hoax,TurnBackHoax
"[SALAH] Berkat MBG, Ekonomi Indonesia Naik 8%...",Hoax,TurnBackHoax
"[PENIPUAN] Video ""Sandiaga Uno Promosikan Platform Investasi...
Konten yang beredar merupakan hasil rekayasa...",Hoax,TurnBackHoax
"[PENIPUAN] Video ""Sandiaga Uno Promosikan Platform Investasi...",Hoax,TurnBackHoax
"[PENIPUAN] Pengajuan Pinjaman Koperasi Merah Putih Lewat...
Konten yang beredar merupakan hasil rekayasa...",Hoax,TurnBackHoax
[PENIPUAN] Pengajuan Pinjaman Koperasi Merah Putih Lewat...,Hoax,TurnBackHoax
"[PENIPUAN] Tautan Lowongan Kerja Puskesmas Indonesia
Unggahan berisi tautan “lowongan kerja puskesmas...",Hoax,TurnBackHoax
[PENIPUAN] Tautan Lowongan Kerja Puskesmas Indonesia,Hoax,TurnBackHoax
"[SALAH] Purbaya Alihkan Gaji DPR ke Program...
Tidak ditemukan informasi kredibel yang membenarkan...",Hoax,TurnBackHoax
[SALAH] Purbaya Alihkan Gaji DPR ke Program...,Hoax,TurnBackHoax
"[SALAH] Video “Jusuf Kalla Mengaku Pernah Memimpin...
Faktanya, video yang beredar di TikTok...",Hoax,TurnBackHoax
[SALAH] Video “Jusuf Kalla Mengaku Pernah Memimpin...,Hoax,TurnBackHoax
"[SALAH] Prabowo Bakal Penjarakan Luhut atas Kasus...
Tidak ditemukan informasi kredibel yang membenarkan...",Hoax,TurnBackHoax
[SALAH] Prabowo Bakal Penjarakan Luhut atas Kasus...,Hoax,TurnBackHoax
"[SALAH] Purbaya Usul MBG Diubah Jadi Bansos...
Tidak ditemukan informasi kredibel yang membenarkan...",Hoax,TurnBackHoax
[SALAH] Purbaya Usul MBG Diubah Jadi Bansos...,Hoax,TurnBackHoax
"[SALAH] AS Bakal Ambil Alih Selat Malaka
Kapal perang AS hanya melintasi Selat...",Hoax,TurnBackHoax
[SALAH] AS Bakal Ambil Alih Selat Malaka,Hoax,TurnBackHoax
"[SALAH] Brunei Putus Hubungan Diplomatik dengan Israel
Brunei memang tidak pernah memiliki hubungan...",Hoax,TurnBackHoax
[SALAH] Brunei Putus Hubungan Diplomatik dengan Israel,Hoax,TurnBackHoax
"[PENIPUAN] Menteri Purbaya Salurkan Dana Hibah Rp11...
Faktanya, video yang beredar merupakan hasil...",Hoax,TurnBackHoax
[PENIPUAN] Menteri Purbaya Salurkan Dana Hibah Rp11...,Hoax,TurnBackHoax
"[SALAH] Video ""Pesawat C-130 Milik AS Gagal...
Faktanya, konteks asli video tersebut adalah...",Hoax,TurnBackHoax
"[SALAH] Video ""Pesawat C-130 Milik AS Gagal...",Hoax,TurnBackHoax
"[SALAH] Menkeu Purbaya Mau Ubah Program MBG...
Tidak ditemukan informasi kredibel yang membenarkan...",Hoax,TurnBackHoax
[SALAH] Menkeu Purbaya Mau Ubah Program MBG...,Hoax,TurnBackHoax
"[SALAH] HP Panas dan Baterai Boros Itu...
Faktanya, handphone yang cepat panas dan...",Hoax,TurnBackHoax
[SALAH] HP Panas dan Baterai Boros Itu...,Hoax,TurnBackHoax
"[SALAH] PM Jepang Sebut Bakal Bantu Israel-AS...
Faktanya, video yang beredar merupakan rekaman...",Hoax,TurnBackHoax
[SALAH] PM Jepang Sebut Bakal Bantu Israel-AS...,Hoax,TurnBackHoax
"[SALAH] Menlu China Menyatakan Israel Harus Dibubarkan
Tidak ditemukan pemberitaan maupun informasi kredibel...",Hoax,TurnBackHoax
[SALAH] Menlu China Menyatakan Israel Harus Dibubarkan,Hoax,TurnBackHoax
"[PENIPUAN] Tautan Pendaftaran Magang Nasional Kemnaker RI
Unggahan berisi tautan “pendaftaran magang nasional...",Hoax,TurnBackHoax
[PENIPUAN] Tautan Pendaftaran Magang Nasional Kemnaker RI,Hoax,TurnBackHoax
"[SALAH] BMKG: Kemarau 2026 Bakal Jadi yang...
BMKG telah membantah klaim tersebut melalui...",Hoax,TurnBackHoax
[SALAH] BMKG: Kemarau 2026 Bakal Jadi yang...,Hoax,TurnBackHoax
"[PENIPUAN] Tautan Pendaftaran Manajer Koperasi Desa Merah...
Unggahan berisi tautan “pendaftaran lowongan manajer...",Hoax,TurnBackHoax
[PENIPUAN] Tautan Pendaftaran Manajer Koperasi Desa Merah...,Hoax,TurnBackHoax
"[SALAH] PM Timor Leste: Tangkap JK, Dia...
Tidak ditemukan informasi valid atau pemberitaan...",Hoax,TurnBackHoax
"[SALAH] PM Timor Leste: Tangkap JK, Dia...",Hoax,TurnBackHoax
"[SALAH] Video ""Kapal Perang Indonesia Disiapkan untuk...
Faktanya video tersebut merupakan hasil rekayasa...",Hoax,TurnBackHoax
"[SALAH] Video ""Kapal Perang Indonesia Disiapkan untuk...",Hoax,TurnBackHoax
"[SALAH] Foto “Rudal Israel Menghantam Kedutaan Korea...
Potret yang beredar adalah hasil rekayasa...",Hoax,TurnBackHoax
[SALAH] Foto “Rudal Israel Menghantam Kedutaan Korea...,Hoax,TurnBackHoax
"[SALAH] Foto ""Pilot F-15 yang Berhasil Diselamatkan...
Faktanya, foto tersebut merupakan hasil rekayasa...",Hoax,TurnBackHoax
"[SALAH] Foto ""Pilot F-15 yang Berhasil Diselamatkan...",Hoax,TurnBackHoax
"[SALAH] Indonesia Kirim Kapal dan Jet Tempur...
Konten yang beredar merupakan hasil rekayasa...",Hoax,TurnBackHoax
[SALAH] Indonesia Kirim Kapal dan Jet Tempur...,Hoax,TurnBackHoax
"[SALAH] Video ""Gedung DPRD Makassar Dibakar""
Faktanya, konteks asli video tersebut adalah...",Hoax,TurnBackHoax
"[SALAH] Video ""Gedung DPRD Makassar Dibakar""",Hoax,TurnBackHoax
"[SALAH] Dokumentasi ""Perang Darat Iran dan AS""
Faktanya, video yang beredar menampilkan klip...",Hoax,TurnBackHoax
"[SALAH] Dokumentasi ""Perang Darat Iran dan AS""",Hoax,TurnBackHoax
"[SALAH] Video ""Upacara Pemakaman Netanyahu""
Benjamin Netanyahu masih hidup hingga saat...",Hoax,TurnBackHoax
"[SALAH] Video ""Upacara Pemakaman Netanyahu""",Hoax,TurnBackHoax
"[PENIPUAN] Bantuan Untuk Umat Hindu di Bali
Klaim tersebut mencatut program bantuan yang...",Hoax,TurnBackHoax
[PENIPUAN] Bantuan Untuk Umat Hindu di Bali,Hoax,TurnBackHoax
"[SALAH] Video ""Rudal Israel Hantam Rumah Sakit""
Video yang beredar merupakan rekaman kebakaran...",Hoax,TurnBackHoax
"[SALAH] Video ""Rudal Israel Hantam Rumah Sakit""",Hoax,TurnBackHoax
"[SALAH] Ratusan Ribu Pemukim Israel Panik setelah...
Video yang beredar merupakan rekaman lama...",Hoax,TurnBackHoax
[SALAH] Ratusan Ribu Pemukim Israel Panik setelah...,Hoax,TurnBackHoax
"[SALAH] Video ""Tentara Iran Masuk Wilayah Darat...
Video tersebut merupakan dokumentasi konflik lokal...",Hoax,TurnBackHoax
"[SALAH] Video ""Tentara Iran Masuk Wilayah Darat...",Hoax,TurnBackHoax
"[SALAH] Video ""KDM Usulkan Semua Aset Koruptor...
Konten yang beredar merupakan hasil rekayasa...",Hoax,TurnBackHoax
"[SALAH] Video ""KDM Usulkan Semua Aset Koruptor...",Hoax,TurnBackHoax
"[PENIPUAN] Menkeu Purbaya Resmikan Program Bantuan Dana...
Video yang beredar merupakan hasil rekayasa...",Hoax,TurnBackHoax
[PENIPUAN] Menkeu Purbaya Resmikan Program Bantuan Dana...,Hoax,TurnBackHoax
"[PENIPUAN] Prabowo Bagikan Bansos 2026 Lewat Facebook
Konten yang beredar merupakan hasil rekayasa...",Hoax,TurnBackHoax
[PENIPUAN] Prabowo Bagikan Bansos 2026 Lewat Facebook,Hoax,TurnBackHoax
"[PENIPUAN] Tautan Pendaftaran CPNS POLSUSPAS 2026
Unggahan berisi tautan “pendaftaran CPNS POLSUSPAS...",Hoax,TurnBackHoax
[PENIPUAN] Tautan Pendaftaran CPNS POLSUSPAS 2026,Hoax,TurnBackHoax
"[SALAH] Video “Aksi Demo Menuju DPR untuk...
Konteks asli video adalah dokumentasi aksi...",Hoax,TurnBackHoax
[SALAH] Video “Aksi Demo Menuju DPR untuk...,Hoax,TurnBackHoax
"[PENIPUAN] Menteri Pertanian Amran Sulaiman Bagi-Bagi Rejeki...
Video tersebut merupakan hasil rekayasa AI,...",Hoax,TurnBackHoax
[PENIPUAN] Menteri Pertanian Amran Sulaiman Bagi-Bagi Rejeki...,Hoax,TurnBackHoax
"[SALAH] Rudal Iran Hantam Kantor Pejabat AS,...
Video yang beredar adalah hasil rekayasa...",Hoax,TurnBackHoax
"[SALAH] Rudal Iran Hantam Kantor Pejabat AS,...",Hoax,TurnBackHoax
"[PENIPUAN] Tautan Pendaftaran Bantuan Hewan Ternak
Unggahan berisi tautan “pendaftaran bantuan hewan...",Hoax,TurnBackHoax
[PENIPUAN] Tautan Pendaftaran Bantuan Hewan Ternak,Hoax,TurnBackHoax
"[PENIPUAN] Bantuan Kuota Haji Gratis dari Anies...
Konten yang beredar merupakan hasil rekayasa...",Hoax,TurnBackHoax
[PENIPUAN] Bantuan Kuota Haji Gratis dari Anies...,Hoax,TurnBackHoax
"[PENIPUAN] Anies Baswedan Bagi-Bagi Bantuan Modal Usaha...
Konten yang beredar merupakan hasil rekayasa...",Hoax,TurnBackHoax
[PENIPUAN] Anies Baswedan Bagi-Bagi Bantuan Modal Usaha...,Hoax,TurnBackHoax
"[SALAH] Ratusan Ribu Tentara Chechnya Rusia Tiba...
Faktanya, foto tersebut adalah pasukan militer...",Hoax,TurnBackHoax
[SALAH] Ratusan Ribu Tentara Chechnya Rusia Tiba...,Hoax,TurnBackHoax
"[SALAH] Indonesia Deklarasikan Perang dengan Israel saat...
Faktanya perwakilan RI untuk PBB, Umar...",Hoax,TurnBackHoax
[SALAH] Indonesia Deklarasikan Perang dengan Israel saat...,Hoax,TurnBackHoax
"[SALAH] Video “Misil Israel Hantam Mekkah, Tewaskan...
Serangan tersebut merupakan serangan di Kota...",Hoax,TurnBackHoax
"[SALAH] Video “Misil Israel Hantam Mekkah, Tewaskan...",Hoax,TurnBackHoax
"[SALAH] Purbaya: Indonesia Berpotensi Krisis Moneter
Tidak ditemukan pernyataan dari Menteri Purbaya...",Hoax,TurnBackHoax
[SALAH] Purbaya: Indonesia Berpotensi Krisis Moneter,Hoax,TurnBackHoax
"[SALAH] Video “Ledakan Bom Nuklir AS ke...
Konteks asli dokumentasi adalah visualisasi ledakan...",Hoax,TurnBackHoax
[SALAH] Video “Ledakan Bom Nuklir AS ke...,Hoax,TurnBackHoax
"[PENIPUAN] Pendaftaran Lowongan Petugas Haji 2026
Tautan yang beredar bukan berasal dari...",Hoax,TurnBackHoax
[PENIPUAN] Pendaftaran Lowongan Petugas Haji 2026,Hoax,TurnBackHoax
"[SALAH] Warga AS Temukan Gudang Emas Milik...
Konten yang beredar adalah hasil rekayasa...",Hoax,TurnBackHoax
[SALAH] Warga AS Temukan Gudang Emas Milik...,Hoax,TurnBackHoax
"[SALAH] Foto ""TNI Kepung Tentara AS-Israel di...
Unggahan dengan narasi “TNI kepung Tentara...",Hoax,TurnBackHoax
"[SALAH] Foto ""TNI Kepung Tentara AS-Israel di...",Hoax,TurnBackHoax
"[SALAH] Uji Coba Perang Darat, China Kirim...
Tidak ditemukan informasi kredibel yang membenarkan...",Hoax,TurnBackHoax
"[SALAH] Uji Coba Perang Darat, China Kirim...",Hoax,TurnBackHoax
"[SALAH] Dokumentasi ""Kapal Tanker RI Mendapat Izin...
Faktanya, video tersebut merupakan hasil rekayasa...",Hoax,TurnBackHoax
"[SALAH] Dokumentasi ""Kapal Tanker RI Mendapat Izin...",Hoax,TurnBackHoax
"[SALAH] DPR Sepakati Gaji Guru Rp5 Juta...
Faktanya, tidak ada keputusan resmi DPR...",Hoax,TurnBackHoax
[SALAH] DPR Sepakati Gaji Guru Rp5 Juta...,Hoax,TurnBackHoax
"[SALAH] Video ""US Kerahkan Puluhan Ribu Tentara...
Faktanya, konteks asli video tersebut adalah...",Hoax,TurnBackHoax
"[SALAH] Video ""US Kerahkan Puluhan Ribu Tentara...",Hoax,TurnBackHoax
"[PENIPUAN] Tautan Pendaftaran CPNS Kementerian Keuangan 2026
Faktanya, tautan yang dibagikan tidak mengarah...",Hoax,TurnBackHoax
[PENIPUAN] Tautan Pendaftaran CPNS Kementerian Keuangan 2026,Hoax,TurnBackHoax
"[SALAH] BKN Umumkan Status Baru ASN
Faktanya, BKN tidak pernah mengeluarkan pernyataan...",Hoax,TurnBackHoax
[SALAH] BKN Umumkan Status Baru ASN,Hoax,TurnBackHoax
"[SALAH] Trump Dilarang Masuk ke Australia
Faktanya, larangan Trump masuk ke Australia...",Hoax,TurnBackHoax
[SALAH] Trump Dilarang Masuk ke Australia,Hoax,TurnBackHoax
"[SALAH] Rekaman Wawancara Pilot AS yang Ditangkap...
Video tersebut merupakan rekaman lama yang...",Hoax,TurnBackHoax
[SALAH] Rekaman Wawancara Pilot AS yang Ditangkap...,Hoax,TurnBackHoax
"[SALAH] Video “Asrama Mahasiswa Papua di Jogja...
Polresta Yogyakarta menegaskan video tersebut merupakan...",Hoax,TurnBackHoax
[SALAH] Video “Asrama Mahasiswa Papua di Jogja...,Hoax,TurnBackHoax
"[SALAH] Video ""Serbuan Kawanan Burung di Tel...
Video yang beredar sebenarnya merupakan rekaman...",Hoax,TurnBackHoax
"[SALAH] Video ""Serbuan Kawanan Burung di Tel...",Hoax,TurnBackHoax
"[SALAH] Netanyahu Tantang Indonesia Perang di Gaza
Video yang beredar telah dipelintir karena...",Hoax,TurnBackHoax
[SALAH] Netanyahu Tantang Indonesia Perang di Gaza,Hoax,TurnBackHoax
"[PENIPUAN] Undian Berhadiah Bank NTB Syariah
Program undian resmi hanya dilakukan melalui...",Hoax,TurnBackHoax
[PENIPUAN] Undian Berhadiah Bank NTB Syariah,Hoax,TurnBackHoax
"[SALAH] Video “Astronot Artemis di Permukaan Bulan”
Konten yang beredar adalah hasil rekayasa...",Hoax,TurnBackHoax
[SALAH] Video “Astronot Artemis di Permukaan Bulan”,Hoax,TurnBackHoax
"[SALAH] Israel Akui Kalah atas Iran, Bakal...
Konteks asli dokumentasi adalah momen Perdana...",Hoax,TurnBackHoax
"[SALAH] Israel Akui Kalah atas Iran, Bakal...",Hoax,TurnBackHoax
"[PENIPUAN] Gibran Umumkan Program Dana Hibah dari...
Faktanya, konteks asli video tersebut adalah...",Hoax,TurnBackHoax
[PENIPUAN] Gibran Umumkan Program Dana Hibah dari...,Hoax,TurnBackHoax
"[SALAH] Pigai Klaim Kematian Prajurit TNI di...
Tidak ditemukan bukti pernyataan tersebut di...",Hoax,TurnBackHoax
[SALAH] Pigai Klaim Kematian Prajurit TNI di...,Hoax,TurnBackHoax
"[SALAH] Undian Berhadiah Bank Papua 2026
Informasi mengenai undian berhadiah Bank Papua...",Hoax,TurnBackHoax
[SALAH] Undian Berhadiah Bank Papua 2026,Hoax,TurnBackHoax
"[PENIPUAN] Dana Hibah Kiai Abdullah
Tidak ditemukan informasi tersebut pada sumber...",Hoax,TurnBackHoax
[PENIPUAN] Dana Hibah Kiai Abdullah,Hoax,TurnBackHoax
"[SALAH] Video ""Netanyahu Dikeroyok Parlemen Israel""
Faktanya, video tersebut menunjukkan serangan terhadap...",Hoax,TurnBackHoax
"[SALAH] Video ""Netanyahu Dikeroyok Parlemen Israel""",Hoax,TurnBackHoax
"[SALAH] Terkonfirmasi Iran Menyerang Kapal Tanker Terkait...
Faktanya, video yang dibagikan adalah video...",Hoax,TurnBackHoax
[SALAH] Terkonfirmasi Iran Menyerang Kapal Tanker Terkait...,Hoax,TurnBackHoax
"[SALAH] Pemerintah Resmi Cabut Cukai Rokok
Faktanya, pemerintah tidak mencabut cukai hasil...",Hoax,TurnBackHoax
[SALAH] Pemerintah Resmi Cabut Cukai Rokok,Hoax,TurnBackHoax
"[PENIPUAN] Bantuan Modal Usaha dari Pemerintah Lewat...
Video yang beredar adalah hasil rekayasa...",Hoax,TurnBackHoax
[PENIPUAN] Bantuan Modal Usaha dari Pemerintah Lewat...,Hoax,TurnBackHoax
"[PENIPUAN] Tautan Rekrutmen Pertamina 2026
Unggahan berisi tautan “rekrutmen Pertamina 2026”...",Hoax,TurnBackHoax
[PENIPUAN] Tautan Rekrutmen Pertamina 2026,Hoax,TurnBackHoax
"[SALAH] Arab Saudi Putuskan Hubungan dengan AS
Tidak ditemukan informasi kredibel yang membenarkan...",Hoax,TurnBackHoax
[SALAH] Arab Saudi Putuskan Hubungan dengan AS,Hoax,TurnBackHoax
"[PENIPUAN] Lowongan Pekerjaan Angkasa Pura
Pendaftaran lowongan kerja Angkasa Pura hanya...",Hoax,TurnBackHoax
[PENIPUAN] Lowongan Pekerjaan Angkasa Pura,Hoax,TurnBackHoax
"[SALAH] Prabowo dan Purbaya Sepakat Turunkan Harga...
Tidak ada keputusan resmi maupun kesepakatan...",Hoax,TurnBackHoax
[SALAH] Prabowo dan Purbaya Sepakat Turunkan Harga...,Hoax,TurnBackHoax
"[SALAH] Anies Baswedan Serukan Penggulingan Prabowo
Faktanya, judul berita dan foto yang...",Hoax,TurnBackHoax
[SALAH] Anies Baswedan Serukan Penggulingan Prabowo,Hoax,TurnBackHoax
"[SALAH] Bahlil: PLN Merugi karena Rakyat Tidak...
Tidak ditemukan pernyataan resmi maupun pemberitaan...",Hoax,TurnBackHoax
[SALAH] Bahlil: PLN Merugi karena Rakyat Tidak...,Hoax,TurnBackHoax
"[SALAH] Indonesia Gabung Kubu Iran, Prabowo Deklarasi...
Tidak ditemukan pernyataan resmi atau pemberitaan...",Hoax,TurnBackHoax
"[SALAH] Indonesia Gabung Kubu Iran, Prabowo Deklarasi...",Hoax,TurnBackHoax
"[SALAH] Rusia Bakal Bikin Pangkalan Militer di...
Kementerian Pertahanan RI menegaskan bahwa informasi...",Hoax,TurnBackHoax
[SALAH] Rusia Bakal Bikin Pangkalan Militer di...,Hoax,TurnBackHoax
"[SALAH] Gus Yahya dan Dubes AS Ajak...
Tidak ditemukan informasi valid atau pemberitaan...",Hoax,TurnBackHoax
[SALAH] Gus Yahya dan Dubes AS Ajak...,Hoax,TurnBackHoax
"[PENIPUAN] Pendaftaran Bansos Kemensos Lewat Facebook
Video yang beredar merupakan hasil rekayasa...",Hoax,TurnBackHoax
[PENIPUAN] Pendaftaran Bansos Kemensos Lewat Facebook,Hoax,TurnBackHoax
"[SALAH] Prabowo Perintahkan Siap Perang dengan Israel...
Faktanya, Prabowo menyampaikan “berperan” bukan “berperang.”...",Hoax,TurnBackHoax
[SALAH] Prabowo Perintahkan Siap Perang dengan Israel...,Hoax,TurnBackHoax
"[SALAH] Video ""Prabowo Ajak Masyarakat Dukung Trump""
Video hasil rekayasa AI, probabilitas atau...",Hoax,TurnBackHoax
"[SALAH] Video ""Prabowo Ajak Masyarakat Dukung Trump""",Hoax,TurnBackHoax
"[SALAH] Puluhan Ribu Tentara Korea Utara Bergerak...
Tidak ditemukan informasi kredibel yang membenarkan...",Hoax,TurnBackHoax
[SALAH] Puluhan Ribu Tentara Korea Utara Bergerak...,Hoax,TurnBackHoax
"[PENIPUAN] Pendaftaran Bansos Beras dan Minyak Lewat...
Video yang beredar merupakan hasil rekayasa...",Hoax,TurnBackHoax
[PENIPUAN] Pendaftaran Bansos Beras dan Minyak Lewat...,Hoax,TurnBackHoax
"[SALAH] Warga Indonesia Sumbang Ratusan Miliar ke...
Tidak ditemukan pernyataan kredibel yang membenarkan...",Hoax,TurnBackHoax
[SALAH] Warga Indonesia Sumbang Ratusan Miliar ke...,Hoax,TurnBackHoax
"[SALAH] Video Meteor Jatuh di Lampung, Bakar...
Fenomena tersebut merupakan sampah antariksa yang...",Hoax,TurnBackHoax
"[SALAH] Video Meteor Jatuh di Lampung, Bakar...",Hoax,TurnBackHoax
"[PENIPUAN] Sri Mulyani Bagi-Bagi Bansos 2026
Tidak ditemukan informasi kredibel yang membenarkan...",Hoax,TurnBackHoax
[PENIPUAN] Sri Mulyani Bagi-Bagi Bansos 2026,Hoax,TurnBackHoax
"[PENIPUAN] Purbaya Beri Bantuan Untuk Lansia
Program bantuan sosial bagi lansia tidak...",Hoax,TurnBackHoax
[PENIPUAN] Purbaya Beri Bantuan Untuk Lansia,Hoax,TurnBackHoax
"[PENIPUAN] Tautan Pendaftaran Kartu Indonesia Pintar (KIP)...
Unggahan berisi tautan “pendaftaran KIP kuliah...",Hoax,TurnBackHoax
[PENIPUAN] Tautan Pendaftaran Kartu Indonesia Pintar (KIP)...,Hoax,TurnBackHoax
"[PENIPUAN] Tautan Pendaftaran Beasiswa Djarum
Unggahan berisi tautan “pendaftaran Beasiswa Djarum”...",Hoax,TurnBackHoax
[PENIPUAN] Tautan Pendaftaran Beasiswa Djarum,Hoax,TurnBackHoax
"[PENIPUAN] Tautan Pendaftaran BLT Kesra 2026
Faktanya, pemerintah belum mengumumkan rencana penyaluran...",Hoax,TurnBackHoax
[PENIPUAN] Tautan Pendaftaran BLT Kesra 2026,Hoax,TurnBackHoax
"[SALAH] Turki Kerahkan Ribuan Helikopter ke Iran
Faktanya, video tersebut merupakan bagian dari...",Hoax,TurnBackHoax
[SALAH] Turki Kerahkan Ribuan Helikopter ke Iran,Hoax,TurnBackHoax
"[SALAH] Rakyat UEA Desak Raja Arab untuk...
Faktanya, konteks asli video 300.000 atlet...",Hoax,TurnBackHoax
[SALAH] Rakyat UEA Desak Raja Arab untuk...,Hoax,TurnBackHoax
"[SALAH] 2 Helikopter Amerika Dirudal Iran
Informasi yang beredar tidak berkaitan dengan...",Hoax,TurnBackHoax
[SALAH] 2 Helikopter Amerika Dirudal Iran,Hoax,TurnBackHoax
"[PENIPUAN] Tautan Pendaftaran Kerja di LPSK
Video merupakan hasil buatan AI dan...",Hoax,TurnBackHoax
[PENIPUAN] Tautan Pendaftaran Kerja di LPSK,Hoax,TurnBackHoax
"[SALAH] Prabowo Bakal Bongkar Dana Rp100 Triliun...
Tidak ditemukan informasi kredibel yang membenarkan...",Hoax,TurnBackHoax
[SALAH] Prabowo Bakal Bongkar Dana Rp100 Triliun...,Hoax,TurnBackHoax
"[PENIPUAN] Bantuan Rice Cooker dan Kompor 2026...
Foto konten yang beredar merupakan hasil...",Hoax,TurnBackHoax
[PENIPUAN] Bantuan Rice Cooker dan Kompor 2026...,Hoax,TurnBackHoax
"[SALAH] Iran Ledakkan Tenaga Pembangkit Listrik Israel
Faktanya, konteks asli video tersebut adalah...",Hoax,TurnBackHoax
[SALAH] Iran Ledakkan Tenaga Pembangkit Listrik Israel,Hoax,TurnBackHoax
"[SALAH] Iran Putus Kabel Optik Selat Hormuz,...
Faktanya, kabel optik bawah laut hanya...",Hoax,TurnBackHoax
"[SALAH] Iran Putus Kabel Optik Selat Hormuz,...",Hoax,TurnBackHoax
"[SALAH] Jutaan Rakyat Singapura Pindah ke Batam
Bukan jutaan warga Singapura yang pindah...",Hoax,TurnBackHoax
[SALAH] Jutaan Rakyat Singapura Pindah ke Batam,Hoax,TurnBackHoax
"[SALAH] Jutaan Burung Gagak Serbu AS, Warga...
Video yang beredar merupakan hasil rekayasa...",Hoax,TurnBackHoax
"[SALAH] Jutaan Burung Gagak Serbu AS, Warga...",Hoax,TurnBackHoax
"[SALAH] Spanyol Keluar dari NATO Usai AS...
Tidak ditemukan informasi kredibel yang membenarkan...",Hoax,TurnBackHoax
[SALAH] Spanyol Keluar dari NATO Usai AS...,Hoax,TurnBackHoax
"[SALAH] Trump Peringatkan Indonesia soal Penarikan Diri...
Faktanya, tidak ditemukan pernyataan resmi maupun...",Hoax,TurnBackHoax
[SALAH] Trump Peringatkan Indonesia soal Penarikan Diri...,Hoax,TurnBackHoax
"[SALAH] Foto ""Angkatan Laut Iran Tangkap Kapal...
Faktanya, foto tersebut merupakan hasil rekayasa...",Hoax,TurnBackHoax
"[SALAH] Foto ""Angkatan Laut Iran Tangkap Kapal...",Hoax,TurnBackHoax
"[SALAH] Trump Menyerah Terhadap Iran
Faktanya, Trump justru menuntut Iran menyerah...",Hoax,TurnBackHoax
[SALAH] Trump Menyerah Terhadap Iran,Hoax,TurnBackHoax
"[SALAH] Prabowo Ubah MBG Jadi Pemberian Uang...
Berdasarkan hasil penelusuran, tidak ditemukan pemberitaan...",Hoax,TurnBackHoax
[SALAH] Prabowo Ubah MBG Jadi Pemberian Uang...,Hoax,TurnBackHoax
"[SALAH] Video ""Warga Israel Melarikan Diri dari...
Video yang beredar merupakan rekaman aktivitas...",Hoax,TurnBackHoax
"[SALAH] Video ""Warga Israel Melarikan Diri dari...",Hoax,TurnBackHoax
"[SALAH] Natalius Pigai: Kasus Penyiraman Air Keras...
Tidak ditemukan pernyataan Natalius Pigai seperti...",Hoax,TurnBackHoax
[SALAH] Natalius Pigai: Kasus Penyiraman Air Keras...,Hoax,TurnBackHoax
"[SALAH] Video ""Perdana Menteri Israel Dimasukkan ke...
Video yang beredar merupakan rekaman peristiwa...",Hoax,TurnBackHoax
"[SALAH] Video ""Perdana Menteri Israel Dimasukkan ke...",Hoax,TurnBackHoax
"[SALAH] Vaksin BCG atau DPT Memicu Campak...
Faktanya, vaksin BCG mengandung bakteri yang...",Hoax,TurnBackHoax
[SALAH] Vaksin BCG atau DPT Memicu Campak...,Hoax,TurnBackHoax
"[SALAH] Mencium Kucing Mampu Sebabkan Infeksi Otak
Faktanya, meskipun kucing merupakan inang parasit...",Hoax,TurnBackHoax
[SALAH] Mencium Kucing Mampu Sebabkan Infeksi Otak,Hoax,TurnBackHoax
"[PENIPUAN] Gubernur Malut Sherly Tjoanda Bagi-Bagi Uang...
Konten yang beredar adalah hasil rekayasa...",Hoax,TurnBackHoax
[PENIPUAN] Gubernur Malut Sherly Tjoanda Bagi-Bagi Uang...,Hoax,TurnBackHoax
"[SALAH] Bentrokan di Bandara Ben Gurion, Tel...
Faktanya, video yang dibagikan terjadi di...",Hoax,TurnBackHoax
"[SALAH] Bentrokan di Bandara Ben Gurion, Tel...",Hoax,TurnBackHoax
"[SALAH] Video ""Kepanikan di Pantai Eilat karena...
Faktanya, kepanikan di Daytona Beach dipicu...",Hoax,TurnBackHoax
"[SALAH] Video ""Kepanikan di Pantai Eilat karena...",Hoax,TurnBackHoax
"[SALAH] Video ""Rudal Iran Ledakkan Bandara Israel""
Faktanya, video yang beredar merupakan hasil...",Hoax,TurnBackHoax
"[SALAH] Video ""Rudal Iran Ledakkan Bandara Israel""",Hoax,TurnBackHoax
"[SALAH] China Kirim Personel dan Alat Tempur...
Faktanya, video yang beredar merupakan gabungan...",Hoax,TurnBackHoax
[SALAH] China Kirim Personel dan Alat Tempur...,Hoax,TurnBackHoax
"[SALAH] Jusuf Kalla Temukan Dana Triliunan Demi...
Faktanya, tidak ditemukan informasi kredibel yang...",Hoax,TurnBackHoax
[SALAH] Jusuf Kalla Temukan Dana Triliunan Demi...,Hoax,TurnBackHoax
"[SALAH] Gus Yaqut Bebas dari Segala Tuntutan
Tidak ditemukan informasi valid dari pemberitaan...",Hoax,TurnBackHoax
[SALAH] Gus Yaqut Bebas dari Segala Tuntutan,Hoax,TurnBackHoax
"[SALAH] Foto ""Militer AS dan Israel Berhasil...
Faktanya gambar tersebut adalah pasukan militer...",Hoax,TurnBackHoax
"[SALAH] Foto ""Militer AS dan Israel Berhasil...",Hoax,TurnBackHoax
"[SALAH] Iran Berhasil Mengamankan Pasukan Delta Force...
Faktanya, gambar tersebut merupakan hasil rekayasa...",Hoax,TurnBackHoax
[SALAH] Iran Berhasil Mengamankan Pasukan Delta Force...,Hoax,TurnBackHoax
"[PENIPUAN] Tautan Pendaftaran Lowongan Ombudsman 2026
Unggahan berisi tautan “pendaftaran lowongan Ombudsman...",Hoax,TurnBackHoax
[PENIPUAN] Tautan Pendaftaran Lowongan Ombudsman 2026,Hoax,TurnBackHoax
"[SALAH] Jembatan Penghubung Arab Saudi–Bahrain Dibom Iran
Video yang beredar merupakan rekaman lama...",Hoax,TurnBackHoax
[SALAH] Jembatan Penghubung Arab Saudi–Bahrain Dibom Iran,Hoax,TurnBackHoax
"[SALAH] Jokowi Larang Purbaya Adakan Koperasi Merah...
Tidak ditemukan informasi kredibel yang membenarkan...",Hoax,TurnBackHoax
[SALAH] Jokowi Larang Purbaya Adakan Koperasi Merah...,Hoax,TurnBackHoax
"[SALAH] Prabowo Tunjuk Susi Pudjiastuti, Mahfud MD,...
Tidak ditemukan informasi kredibel yang membenarkan...",Hoax,TurnBackHoax
"[SALAH] Prabowo Tunjuk Susi Pudjiastuti, Mahfud MD,...",Hoax,TurnBackHoax
"[SALAH] Prabowo dan Puan Setuju China Kelola...
Tidak ditemukan informasi kredibel yang membenarkan...",Hoax,TurnBackHoax
[SALAH] Prabowo dan Puan Setuju China Kelola...,Hoax,TurnBackHoax
"[SALAH] Bandara di Dubai Lumpuh Akibat Serangan...
Faktanya, video yang beredar merupakan hasil...",Hoax,TurnBackHoax
[SALAH] Bandara di Dubai Lumpuh Akibat Serangan...,Hoax,TurnBackHoax
"[SALAH] Kantor Kedubes AS di Arab Saudi...
Faktanya, foto yang beredar merupakan hasil...",Hoax,TurnBackHoax
[SALAH] Kantor Kedubes AS di Arab Saudi...,Hoax,TurnBackHoax
"[SALAH] Kejagung Sita Rp920 Miliar dari Rumah...
Kementerian Keuangan telah mengonfirmasi bahwa klaim...",Hoax,TurnBackHoax
[SALAH] Kejagung Sita Rp920 Miliar dari Rumah...,Hoax,TurnBackHoax
"[SALAH] Video ""Kilang Minyak Terbesar Israel Hancur...
Video merupakan hasil generate AI dengan...",Hoax,TurnBackHoax
"[SALAH] Video ""Kilang Minyak Terbesar Israel Hancur...",Hoax,TurnBackHoax
"[PENIPUAN] Tautan Pendaftaran Pencairan THR ASN 2026
Unggahan berisi tautan “pendaftaran pencairan thr...",Hoax,TurnBackHoax
[PENIPUAN] Tautan Pendaftaran Pencairan THR ASN 2026,Hoax,TurnBackHoax
"[SALAH] Potret ""WNI Jadi Teknisi Rudal Iran""
Faktanya, gambar tersebut merupakan hasil rekayasa...",Hoax,TurnBackHoax
"[SALAH] Potret ""WNI Jadi Teknisi Rudal Iran""",Hoax,TurnBackHoax
"[SALAH] Pengakuan Rektor UGM Terima Uang Triliunan...
Tidak ditemukan pernyataan Rektor UGM bahwa...",Hoax,TurnBackHoax
[SALAH] Pengakuan Rektor UGM Terima Uang Triliunan...,Hoax,TurnBackHoax
"[SALAH] Dokumentasi ""Sejumlah Tentara AS Disandera Iran""
Faktanya, gambar tersebut merupakan hasil rekayasa...",Hoax,TurnBackHoax
"[SALAH] Dokumentasi ""Sejumlah Tentara AS Disandera Iran""",Hoax,TurnBackHoax
"[SALAH] Rudal Iran Berhasil Serang Gedung Putih...
Rudal Fattah 2 hanya bisa menjangkau...",Hoax,TurnBackHoax
[SALAH] Rudal Iran Berhasil Serang Gedung Putih...,Hoax,TurnBackHoax
"[SALAH] Ukraina Kerahkan Ratusan Jet Tempur Menyerbu...
Faktanya, video tersebut merupakan hasil rekayasa...",Hoax,TurnBackHoax
[SALAH] Ukraina Kerahkan Ratusan Jet Tempur Menyerbu...,Hoax,TurnBackHoax
"[PENIPUAN] Tautan Pendaftaran Program Bantuan Sapi 2026
Tautan yang dibagikan merupakan percobaan phishing....",Hoax,TurnBackHoax
[PENIPUAN] Tautan Pendaftaran Program Bantuan Sapi 2026,Hoax,TurnBackHoax
"[SALAH] China Kembangkan Robot yang Dapat Mengandung...
Faktanya, Nanyang Technological University tidak memiliki...",Hoax,TurnBackHoax
[SALAH] China Kembangkan Robot yang Dapat Mengandung...,Hoax,TurnBackHoax
"[PENIPUAN] Tautan Penyaluran Bantuan Subsidi Upah (BSU)...
Faktanya, tautan yang dibagikan tidak mengarah...",Hoax,TurnBackHoax
[PENIPUAN] Tautan Penyaluran Bantuan Subsidi Upah (BSU)...,Hoax,TurnBackHoax
"[SALAH] Dokumentasi ""Las Vegas Hancur Digempur Iran""
Faktanya, video yang beredar merupakan hasil...",Hoax,TurnBackHoax
"[SALAH] Dokumentasi ""Las Vegas Hancur Digempur Iran""",Hoax,TurnBackHoax
"[PENIPUAN] Pendaftaran Rekrutmen Pendamping PKH 2026
Unggahan berisi tautan “pendaftaran rekrutmen pendamping...",Hoax,TurnBackHoax
[PENIPUAN] Pendaftaran Rekrutmen Pendamping PKH 2026,Hoax,TurnBackHoax
"[SALAH] Aturan Baru Kemenag: Malam Takbiran Dibatasi...
Tidak ditemukan informasi valid dari pemberitaan...",Hoax,TurnBackHoax
[SALAH] Aturan Baru Kemenag: Malam Takbiran Dibatasi...,Hoax,TurnBackHoax
"[SALAH] Adik Kandung PM Israel Tewas Terbakar...
Tidak ditemukan pemberitaan yang membenarkan narasi...",Hoax,TurnBackHoax
[SALAH] Adik Kandung PM Israel Tewas Terbakar...,Hoax,TurnBackHoax
"[SALAH] Kondisi Terbaru Tel Aviv Usai Serangan...
Faktanya video yang ditampilkan adalah kondisi...",Hoax,TurnBackHoax
[SALAH] Kondisi Terbaru Tel Aviv Usai Serangan...,Hoax,TurnBackHoax
"[SALAH] Timor Leste Mulai Bergerak Membantu Israel...
Faktanya, video tersebut merupakan hasil rekayasa...",Hoax,TurnBackHoax
[SALAH] Timor Leste Mulai Bergerak Membantu Israel...,Hoax,TurnBackHoax
"[SALAH] Luhut Terbukti Terlibat Kasus Korupsi Chromebook
Nadiem Makarim tidak pernah menyatakan bahwa...",Hoax,TurnBackHoax
[SALAH] Luhut Terbukti Terlibat Kasus Korupsi Chromebook,Hoax,TurnBackHoax
"[SALAH] Purbaya Sebut Kepala Desa Pakai Dana...
Video merupakan hasil manipulasi AI dan...",Hoax,TurnBackHoax
[SALAH] Purbaya Sebut Kepala Desa Pakai Dana...,Hoax,TurnBackHoax
"[SALAH] Foto ""Dua Kapal Tanker Rusia Hancur...
Faktanya, konteks asli foto kapal pengangkut...",Hoax,TurnBackHoax
"[SALAH] Foto ""Dua Kapal Tanker Rusia Hancur...",Hoax,TurnBackHoax
"[SALAH] Prabowo Hapus Penerima Bansos, Alihkan Anggaran...
Tidak ada pernyataan resmi atau informasi...",Hoax,TurnBackHoax
"[SALAH] Prabowo Hapus Penerima Bansos, Alihkan Anggaran...",Hoax,TurnBackHoax
"[SALAH] Video ""Ratusan Tentara Israel Ditangkap Iran""
Faktanya, video tersebut merupakan hasil rekayasa...",Hoax,TurnBackHoax
"[SALAH] Video ""Ratusan Tentara Israel Ditangkap Iran""",Hoax,TurnBackHoax
"[SALAH] Dokumentasi ""Israel Banjir Akibat Serangan Iran""
Video yang beredar merupakan rekaman lama...",Hoax,TurnBackHoax
"[SALAH] Dokumentasi ""Israel Banjir Akibat Serangan Iran""",Hoax,TurnBackHoax
"[PENIPUAN] Tautan Pendaftaran Mudik Gratis Pertamina
Tautan yang dibagikan tidak mengarah ke...",Hoax,TurnBackHoax
[PENIPUAN] Tautan Pendaftaran Mudik Gratis Pertamina,Hoax,TurnBackHoax
"[SALAH] Iran Berhasil Tembus AS dan Hancurkan...
Faktanya, video yang beredar merupakan hasil...",Hoax,TurnBackHoax
[SALAH] Iran Berhasil Tembus AS dan Hancurkan...,Hoax,TurnBackHoax
"[SALAH] Presiden Palestina Kecam Serangan Iran terhadap...
Tidak ditemukan informasi valid atau pemberitaan...",Hoax,TurnBackHoax
[SALAH] Presiden Palestina Kecam Serangan Iran terhadap...,Hoax,TurnBackHoax
"[SALAH] Video “Rudal Iran Kheibar Hantam Pelabuhan...
Konten yang beredar adalah hasil rekayasa...",Hoax,TurnBackHoax
[SALAH] Video “Rudal Iran Kheibar Hantam Pelabuhan...,Hoax,TurnBackHoax
"[PENIPUAN] Tautan Pendaftaran Petani Milenial 2026
Unggahan berisi tautan “pendaftaran petani milenial...",Hoax,TurnBackHoax
[PENIPUAN] Tautan Pendaftaran Petani Milenial 2026,Hoax,TurnBackHoax
"[SALAH] AS dan Israel Menyerah kepada Iran...
Tangkapan layar yang dibagikan merujuk pada...",Hoax,TurnBackHoax
[SALAH] AS dan Israel Menyerah kepada Iran...,Hoax,TurnBackHoax
"[SALAH] Dokumentasi ""Bandara Israel Hancur Lebur Dirudal...
Faktanya, video yang beredar merupakan hasil...",Hoax,TurnBackHoax
"[SALAH] Dokumentasi ""Bandara Israel Hancur Lebur Dirudal...",Hoax,TurnBackHoax
"[PENIPUAN] Tautan Pendaftaran THR Keagamaan
Tautan yang dibagikan merupakan percobaan phishing...",Hoax,TurnBackHoax
[PENIPUAN] Tautan Pendaftaran THR Keagamaan,Hoax,TurnBackHoax
"[PENIPUAN] Tautan Undian Ramadan Berhadiah dari Alfamart
Tautan tidak mengarah ke laman resmi...",Hoax,TurnBackHoax
[PENIPUAN] Tautan Undian Ramadan Berhadiah dari Alfamart,Hoax,TurnBackHoax
"[SALAH] 1.100 Prajurit AS Gugur saat Perang...
Faktanya, per 10-11 Maret 2026 mengenai...",Hoax,TurnBackHoax
[SALAH] 1.100 Prajurit AS Gugur saat Perang...,Hoax,TurnBackHoax
"[SALAH] Puan Maharani Desak Pemerintah Tunda MBG
Tidak ditemukan informasi kredibel yang mendukung...",Hoax,TurnBackHoax
[SALAH] Puan Maharani Desak Pemerintah Tunda MBG,Hoax,TurnBackHoax
"[SALAH] Video Massa Geruduk Kediaman Donald Trump,...
Video yang digunakan merupakan momen Capitol...",Hoax,TurnBackHoax
"[SALAH] Video Massa Geruduk Kediaman Donald Trump,...",Hoax,TurnBackHoax
"[SALAH] Dokumentasi ""Pembangkit Listrik Tenaga Nuklir Israel...
Faktanya, video tersebut merupakan dokumentasi meledaknya...",Hoax,TurnBackHoax
"[SALAH] Dokumentasi ""Pembangkit Listrik Tenaga Nuklir Israel...",Hoax,TurnBackHoax
"[SALAH] Dokumentasi ""Serangan Iran di Pangkalan Udara...
Faktanya, video yang beredar berasal dari...",Hoax,TurnBackHoax
"[SALAH] Dokumentasi ""Serangan Iran di Pangkalan Udara...",Hoax,TurnBackHoax
"[SALAH] Pasokan BBM di Aceh Sudah Langka
Faktanya, BBM di Aceh belum mengalami...",Hoax,TurnBackHoax
[SALAH] Pasokan BBM di Aceh Sudah Langka,Hoax,TurnBackHoax
"[SALAH] Video “TNI Melabrak Kepala Desa Pemotong...
Faktanya, video tersebut merupakan hasil rekayasa...",Hoax,TurnBackHoax
[SALAH] Video “TNI Melabrak Kepala Desa Pemotong...,Hoax,TurnBackHoax
"[SALAH] China Bakal Lindungi Iran dari Serangan...
China tidak pernah berjanji akan lindungi...",Hoax,TurnBackHoax
[SALAH] China Bakal Lindungi Iran dari Serangan...,Hoax,TurnBackHoax
"[PENIPUAN] Koperasi Merah Putih Buka Pinjaman Tanpa...
Video tersebut merupakan konten buatan AI...",Hoax,TurnBackHoax
[PENIPUAN] Koperasi Merah Putih Buka Pinjaman Tanpa...,Hoax,TurnBackHoax
"[PENIPUAN] Tautan Rekrutmen Bersama SKK Migas dan...
Tautan yang dibagikan dalam unggahan Facebook...",Hoax,TurnBackHoax
[PENIPUAN] Tautan Rekrutmen Bersama SKK Migas dan...,Hoax,TurnBackHoax
"[PENIPUAN] Tautan Undian dan Promo Ramadan dari...
Akun Facebook yang menyebarkan informasi tersebut...",Hoax,TurnBackHoax
[PENIPUAN] Tautan Undian dan Promo Ramadan dari...,Hoax,TurnBackHoax
"[SALAH] FIFA Tunjuk Indonesia Jadi Tuan Rumah...
Foto tersebut merupakan dokumentasi pertemuan pada...",Hoax,TurnBackHoax
[SALAH] FIFA Tunjuk Indonesia Jadi Tuan Rumah...,Hoax,TurnBackHoax
"[SALAH] Video ""Warga Israel Berlarian di Bandara...
Video yang beredar merupakan rekaman lama...",Hoax,TurnBackHoax
"[SALAH] Video ""Warga Israel Berlarian di Bandara...",Hoax,TurnBackHoax
"[PENIPUAN] Tautan Pendaftaran Rekrutmen Pegawai Koperasi Merah...
Tautan yang diklaim sebagai pendaftaran rekrutmen...",Hoax,TurnBackHoax
[PENIPUAN] Tautan Pendaftaran Rekrutmen Pegawai Koperasi Merah...,Hoax,TurnBackHoax
"[SALAH] Foto ""Israel Rata dengan Tanah Akibat...
Faktanya, konteks asli foto tersebut adalah...",Hoax,TurnBackHoax
"[SALAH] Foto ""Israel Rata dengan Tanah Akibat...",Hoax,TurnBackHoax
"[PENIPUAN] Tautan Pendaftaran PPPK BGN Tahap 3
Tautan yang dibagikan merupakan percobaan phishing...",Hoax,TurnBackHoax
[PENIPUAN] Tautan Pendaftaran PPPK BGN Tahap 3,Hoax,TurnBackHoax
"[SALAH] Dokumentasi ""Evakuasi Penumpang di Bandara Israel...
Faktanya, video yang beredar tidak berkaitan...",Hoax,TurnBackHoax
"[SALAH] Dokumentasi ""Evakuasi Penumpang di Bandara Israel...",Hoax,TurnBackHoax
"[SALAH] Video ""Serangan Rudal Iran ke Pangkalan...
Video merupakan hasil rekayasa kecerdasan buatan...",Hoax,TurnBackHoax
"[SALAH] Video ""Serangan Rudal Iran ke Pangkalan...",Hoax,TurnBackHoax
"[SALAH] Gubernur Jateng Ancam Bakal Hapus dan...
Gubernur Jawa Tengah tidak pernah menyampaikan...",Hoax,TurnBackHoax
[SALAH] Gubernur Jateng Ancam Bakal Hapus dan...,Hoax,TurnBackHoax
"[PENIPUAN] Tautan Pendaftaran Program Mudik Gratis 2026
Faktanya, pendaftaran Mudik Gratis 2026 dilakukan...",Hoax,TurnBackHoax
[PENIPUAN] Tautan Pendaftaran Program Mudik Gratis 2026,Hoax,TurnBackHoax
"[PENIPUAN] Purbaya Bagi-Bagi Dana Bantuan Lewat Kuis
Faktanya, tidak ditemukan sumber valid yang...",Hoax,TurnBackHoax
[PENIPUAN] Purbaya Bagi-Bagi Dana Bantuan Lewat Kuis,Hoax,TurnBackHoax
"[PENIPUAN] Tautan Bantuan Sosial PKH Tahap 1...
Tautan yang beredar dan diklaim sebagai...",Hoax,TurnBackHoax
[PENIPUAN] Tautan Bantuan Sosial PKH Tahap 1...,Hoax,TurnBackHoax
"[SALAH] Dokumentasi ""500 Drone Kamikaze Hantam Kapal...
Video yang diklaim dokumentasi 500 drone...",Hoax,TurnBackHoax
"[SALAH] Dokumentasi ""500 Drone Kamikaze Hantam Kapal...",Hoax,TurnBackHoax
"[SALAH] Polisi: Akibat Cuaca Ekstrem, Barang Bukti...
Kadiv Humas Polri Irjen Pol. Johnny...",Hoax,TurnBackHoax
"[SALAH] Polisi: Akibat Cuaca Ekstrem, Barang Bukti...",Hoax,TurnBackHoax
"[PENIPUAN] Konglomerat Prajogo Pangestu Bagi-Bagi Uang Lewat...
Konten yang beredar merupakan hasil rekayasa...",Hoax,TurnBackHoax
[PENIPUAN] Konglomerat Prajogo Pangestu Bagi-Bagi Uang Lewat...,Hoax,TurnBackHoax
"[PENIPUAN] Tautan Pendaftaran CPNS Kemenkumham 2026
Faktanya, Badan Kepegawaian Negara (BKN) menegaskan...",Hoax,TurnBackHoax
[PENIPUAN] Tautan Pendaftaran CPNS Kemenkumham 2026,Hoax,TurnBackHoax
"[SALAH] Video ""Iran Serang Israel Pakai Rudal""
Faktanya, konteks asli video tersebut adalah...",Hoax,TurnBackHoax
"[SALAH] Video ""Iran Serang Israel Pakai Rudal""",Hoax,TurnBackHoax
"[SALAH] DPR AS Resmi Lengserkan Trump dari...
Faktanya, Donald Trump secara sah masih...",Hoax,TurnBackHoax
[SALAH] DPR AS Resmi Lengserkan Trump dari...,Hoax,TurnBackHoax
"[PENIPUAN] Tautan Pendaftaran Rekrutmen CPNS IKN 2026
Faktanya, hingga saat ini tidak ditemukan...",Hoax,TurnBackHoax
[PENIPUAN] Tautan Pendaftaran Rekrutmen CPNS IKN 2026,Hoax,TurnBackHoax
"[SALAH] Purbaya: Indonesia Kebanyakan Lembaga Tidak Bermanfaat...
Tidak ada pernyataan resmi atau informasi...",Hoax,TurnBackHoax
[SALAH] Purbaya: Indonesia Kebanyakan Lembaga Tidak Bermanfaat...,Hoax,TurnBackHoax
"[SALAH] Video ""Iran Kirimkan Ribuan Rudal ke...
Hasil penelusuran menunjukkan bahwa objek di...",Hoax,TurnBackHoax
"[SALAH] Video ""Iran Kirimkan Ribuan Rudal ke...",Hoax,TurnBackHoax
"[SALAH] Benyamin Netanyahu Meninggal Dunia Imbas Serangan...
Hingga Selasa (03/03/2026), tidak ada laporan...",Hoax,TurnBackHoax
[SALAH] Benyamin Netanyahu Meninggal Dunia Imbas Serangan...,Hoax,TurnBackHoax
"[SALAH] Prabowo Bakal Hentikan MBG Usai Idulfitri
Tidak pernah ada rencana pemberhentian program...",Hoax,TurnBackHoax
[SALAH] Prabowo Bakal Hentikan MBG Usai Idulfitri,Hoax,TurnBackHoax
"[SALAH] BMKG Prediksi Potensi Tsunami dan Megathrust...
BMKG tidak pernah menyampaikan prediksi waktu...",Hoax,TurnBackHoax
[SALAH] BMKG Prediksi Potensi Tsunami dan Megathrust...,Hoax,TurnBackHoax
"[PENIPUAN] Laman Pelatihan Prakerja Skillhub Kemnaker
Situs resmi Skillhub yang dibuat oleh...",Hoax,TurnBackHoax
[PENIPUAN] Laman Pelatihan Prakerja Skillhub Kemnaker,Hoax,TurnBackHoax
"[SALAH] Video ""Wanita asal Filipina Terserang Rudal...
Hasil penelusuran menunjukkan bahwa rekaman tersebut...",Hoax,TurnBackHoax
"[SALAH] Video ""Wanita asal Filipina Terserang Rudal...",Hoax,TurnBackHoax
"[PENIPUAN] Tautan Rekrutmen Nasional Penggerak Literasi Daerah...
Unggahan berisi tautan “pendaftaran rekrutmen nasional...",Hoax,TurnBackHoax
[PENIPUAN] Tautan Rekrutmen Nasional Penggerak Literasi Daerah...,Hoax,TurnBackHoax
"[SALAH] Dua Siswa SD di Aceh Meninggal...
Badan Gizi Nasional (BGN) menyebut informasi...",Hoax,TurnBackHoax
[SALAH] Dua Siswa SD di Aceh Meninggal...,Hoax,TurnBackHoax
"[PENIPUAN] Tautan Pendaftaran Rekrutmen Pemadam Kebakaran 2026
Tidak ditemukan informasi resmi pendaftaran rekrutmen...",Hoax,TurnBackHoax
[PENIPUAN] Tautan Pendaftaran Rekrutmen Pemadam Kebakaran 2026,Hoax,TurnBackHoax
"[SALAH] AC Masjid Meledak, 20 Jamaah Meninggal...
Faktanya, foto yang beredar merupakan dokumentasi...",Hoax,TurnBackHoax
"[SALAH] AC Masjid Meledak, 20 Jamaah Meninggal...",Hoax,TurnBackHoax
"[SALAH] BGN Bakal Pidanakan Orang Tua Pengunggah...
Faktanya unggahan tersebut merupakan manipulasi dari...",Hoax,TurnBackHoax
[SALAH] BGN Bakal Pidanakan Orang Tua Pengunggah...,Hoax,TurnBackHoax
"[SALAH] Purbaya Ingin Ganti Program MBG Jadi...
Tidak ditemukan informasi kredibel yang membenarkan...",Hoax,TurnBackHoax
[SALAH] Purbaya Ingin Ganti Program MBG Jadi...,Hoax,TurnBackHoax
"[SALAH] Puan Maharani Usulkan Rakyat Sumbangkan Harta...
Tidak ditemukan informasi kredibel yang membenarkan...",Hoax,TurnBackHoax
[SALAH] Puan Maharani Usulkan Rakyat Sumbangkan Harta...,Hoax,TurnBackHoax
"[SALAH] Penemuan Jasad Pemimpin Tertinggi Iran Ali...
Foto yang diklaim sebagai jenazah Ali...",Hoax,TurnBackHoax
[SALAH] Penemuan Jasad Pemimpin Tertinggi Iran Ali...,Hoax,TurnBackHoax
"[SALAH] Korea Utara Tolak Undangan Trump Bergabung...
Tidak ditemukan informasi resmi yang membenarkan...",Hoax,TurnBackHoax
[SALAH] Korea Utara Tolak Undangan Trump Bergabung...,Hoax,TurnBackHoax
"[SALAH] Elon Musk Bakal Bantu Prabowo soal...
Faktanya unggahan tersebut merupakan manipulasi dari...",Hoax,TurnBackHoax
[SALAH] Elon Musk Bakal Bantu Prabowo soal...,Hoax,TurnBackHoax
"[PENIPUAN] Tautan Pendaftaran Bansos PKH, KPM, dan...
Tautan yang beredar dan diklaim sebagai...",Hoax,TurnBackHoax
"[PENIPUAN] Tautan Pendaftaran Bansos PKH, KPM, dan...",Hoax,TurnBackHoax
"[SALAH] Vaksinasi HPV Bisa Membahayakan Nyawa Anak
Klaim bahwa Indonesia menjadi negara uji...",Hoax,TurnBackHoax
[SALAH] Vaksinasi HPV Bisa Membahayakan Nyawa Anak,Hoax,TurnBackHoax
"[PENIPUAN] Tautan “Undian Haji dan Umrah Gratis...
Unggahan berisi tautan “pendaftaran undian haji...",Hoax,TurnBackHoax
[PENIPUAN] Tautan “Undian Haji dan Umrah Gratis...,Hoax,TurnBackHoax
"[SALAH] DPR Dukung Penutupan Indomaret dan Alfamart...
Tidak ditemukan informasi valid dari pemberitaan...",Hoax,TurnBackHoax
[SALAH] DPR Dukung Penutupan Indomaret dan Alfamart...,Hoax,TurnBackHoax
"[SALAH] Video ""Pemakaman Presiden Iran Ali Khamenei""
Faktanya, konteks asli video tersebut adalah...",Hoax,TurnBackHoax
"[SALAH] Video ""Pemakaman Presiden Iran Ali Khamenei""",Hoax,TurnBackHoax
"[SALAH] Kapal Induk USS Abraham Lincoln Diserang...
U.S. Central Command (CENTCOM) membantah klaim...",Hoax,TurnBackHoax
[SALAH] Kapal Induk USS Abraham Lincoln Diserang...,Hoax,TurnBackHoax
"[PENIPUAN] Tautan Pendaftaran Pemutihan Denda Iuran BPJS
Tautan yang dibagikan merupakan percobaan phishing...",Hoax,TurnBackHoax
[PENIPUAN] Tautan Pendaftaran Pemutihan Denda Iuran BPJS,Hoax,TurnBackHoax
"[SALAH] TNI Temukan 41 Ton Emas Ilegal...
Video narasi berita tersebut merupakan konten...",Hoax,TurnBackHoax
[SALAH] TNI Temukan 41 Ton Emas Ilegal...,Hoax,TurnBackHoax
"[PENIPUAN] Tautan Pendaftaran Rekrutmen PLN 2026
Unggahan berisi tautan “pendaftaran rekrutmen PLN...",Hoax,TurnBackHoax
[PENIPUAN] Tautan Pendaftaran Rekrutmen PLN 2026,Hoax,TurnBackHoax
"[PENIPUAN] Tautan Pendaftaran Rekrutmen BPS 2026
Unggahan berisi tautan “pendaftaran rekrutmen BPS...",Hoax,TurnBackHoax
[PENIPUAN] Tautan Pendaftaran Rekrutmen BPS 2026,Hoax,TurnBackHoax
"[PENIPUAN] Tautan Internet Gratis Selama Ramadhan
Tautan yang beredar di Facebook bukan...",Hoax,TurnBackHoax
[PENIPUAN] Tautan Internet Gratis Selama Ramadhan,Hoax,TurnBackHoax
"[PENIPUAN] Tautan Pendaftaran Mudik Gratis dari PLN
Faktanya, pendaftaran Mudik Gratis PLN hanya...",Hoax,TurnBackHoax
[PENIPUAN] Tautan Pendaftaran Mudik Gratis dari PLN,Hoax,TurnBackHoax
"[SALAH] Ada BLT Desa untuk Warga Desa...
Faktanya, BLT Desa ditujukan bagi keluarga...",Hoax,TurnBackHoax
[SALAH] Ada BLT Desa untuk Warga Desa...,Hoax,TurnBackHoax
"[SALAH] Puan Maharani Umumkan Dana Bantuan untuk...
Tidak ada informasi kredibel terkait klaim,...",Hoax,TurnBackHoax
[SALAH] Puan Maharani Umumkan Dana Bantuan untuk...,Hoax,TurnBackHoax
"[SALAH] UGM Akui Tidak Pernah Melegalisir Ijazah...
Faktanya pihak UGM tidak pernah membuat...",Hoax,TurnBackHoax
[SALAH] UGM Akui Tidak Pernah Melegalisir Ijazah...,Hoax,TurnBackHoax
"[SALAH] Ahok: Saya akan Penjarakan Jokowi dan...
Faktanya Ahok mengancam akan memenjarakan direksi...",Hoax,TurnBackHoax
[SALAH] Ahok: Saya akan Penjarakan Jokowi dan...,Hoax,TurnBackHoax
"[PENIPUAN] Tautan Pendaftaran CPNS KLHK 2026
Faktanya, hingga kini belum ada pengumuman...",Hoax,TurnBackHoax
[PENIPUAN] Tautan Pendaftaran CPNS KLHK 2026,Hoax,TurnBackHoax
"[SALAH] Prabowo Gunakan Hak Istimewa untuk Lengserkan...
Klaim bahwa Presiden Prabowo dapat menggunakan...",Hoax,TurnBackHoax
[SALAH] Prabowo Gunakan Hak Istimewa untuk Lengserkan...,Hoax,TurnBackHoax
"[SALAH] Daging Manusia di Produk McDonald's
Klaim bahwa McDonald’s menggunakan daging manusia...",Hoax,TurnBackHoax
[SALAH] Daging Manusia di Produk McDonald's,Hoax,TurnBackHoax
"[SALAH] Purbaya Mau Alihkan Dana Desa untuk...
Klaim bahwa Menteri Keuangan Purbaya Yudhi...",Hoax,TurnBackHoax
[SALAH] Purbaya Mau Alihkan Dana Desa untuk...,Hoax,TurnBackHoax
"[SALAH] 30% dari Dana Haji Bakal Dialokasikan...
Tidak ada kebijakan resmi dari pemerintah...",Hoax,TurnBackHoax
[SALAH] 30% dari Dana Haji Bakal Dialokasikan...,Hoax,TurnBackHoax
"[SALAH] Guru ASN Setahun Bayar BPJS 26...
Faktanya, potongan iuran BPJS Kesehatan guru...",Hoax,TurnBackHoax
[SALAH] Guru ASN Setahun Bayar BPJS 26...,Hoax,TurnBackHoax
"[SALAH] Video “Penemuan Batu Meteor di Persawahan...
Konten yang beredar adalah hasil rekayasa...",Hoax,TurnBackHoax
[SALAH] Video “Penemuan Batu Meteor di Persawahan...,Hoax,TurnBackHoax
"[PENIPUAN] Prabowo Umumkan Promo Mobil Listrik
Konteks asli video adalah momen Prabowo...",Hoax,TurnBackHoax
[PENIPUAN] Prabowo Umumkan Promo Mobil Listrik,Hoax,TurnBackHoax
"[SALAH] WNI Islam Dideportasi dari Jepang karena...
Video narasi berita tersebut merupakan konten...",Hoax,TurnBackHoax
[SALAH] WNI Islam Dideportasi dari Jepang karena...,Hoax,TurnBackHoax
"[PENIPUAN] Tautan Pendaftaran Sembako Ramadan 1447 H...
PT Pertamina (Persero) tidak pernah menyelenggarakan...",Hoax,TurnBackHoax
[PENIPUAN] Tautan Pendaftaran Sembako Ramadan 1447 H...,Hoax,TurnBackHoax
"[SALAH] Pemerintah Sediakan Puluhan Ribu Mobil Murah...
Tidak ditemukan informasi resmi yang membenarkan...",Hoax,TurnBackHoax
[SALAH] Pemerintah Sediakan Puluhan Ribu Mobil Murah...,Hoax,TurnBackHoax
"[SALAH] Peraturan Baru 2026, Denda Tilang Naik...
Tidak ada kebijakan resmi dari Polri...",Hoax,TurnBackHoax
"[SALAH] Peraturan Baru 2026, Denda Tilang Naik...",Hoax,TurnBackHoax
"[PENIPUAN] Surat Edaran Dana Bantuan dari Kemenkeu
Faktanya, Kepala Biro Komunikasi dan Layanan...",Hoax,TurnBackHoax
[PENIPUAN] Surat Edaran Dana Bantuan dari Kemenkeu,Hoax,TurnBackHoax
"[SALAH] Prabowo Bakal Pidanakan Pendemo
Faktanya Prabowo tidak melarang dan mempidanakan...",Hoax,TurnBackHoax
[SALAH] Prabowo Bakal Pidanakan Pendemo,Hoax,TurnBackHoax
"[SALAH] Korea Utara Beraliansi dengan Iran untuk...
Tidak ditemukan pemberitaan kredibel yang membenarkan...",Hoax,TurnBackHoax
[SALAH] Korea Utara Beraliansi dengan Iran untuk...,Hoax,TurnBackHoax
"[SALAH] Bupati Pati Sudewo Mengaku Rutin Setor...
Tidak ditemukan pemberitaan kredibel yang membenarkan...",Hoax,TurnBackHoax
[SALAH] Bupati Pati Sudewo Mengaku Rutin Setor...,Hoax,TurnBackHoax
"[SALAH] Video ""Pertemuan Putin dengan Presiden Palestina...
Video yang beredar adalah rekaman lama...",Hoax,TurnBackHoax
"[SALAH] Video ""Pertemuan Putin dengan Presiden Palestina...",Hoax,TurnBackHoax
"[SALAH] Kemenag Mau Maksimalkan Zakat untuk Program...
Kemenag menegaskan bahwa Zakat hanya diperuntukkan...",Hoax,TurnBackHoax
[SALAH] Kemenag Mau Maksimalkan Zakat untuk Program...,Hoax,TurnBackHoax
"[SALAH] Mulai 2027, Biaya Parkir digabung dengan...
Tidak ditemukan informasi valid dari pemberitaan...",Hoax,TurnBackHoax
"[SALAH] Mulai 2027, Biaya Parkir digabung dengan...",Hoax,TurnBackHoax
"[PENIPUAN] Tautan Pendaftaran Undian Berhadiah Bank SulutGo...
Tautan yang dibagikan tidak mengarah ke...",Hoax,TurnBackHoax
[PENIPUAN] Tautan Pendaftaran Undian Berhadiah Bank SulutGo...,Hoax,TurnBackHoax
"[SALAH] Prabowo Reshuffle Menteri pada Februari 2026
Menteri Sekretaris Negara (Mensesneg) Prasetyo Hadi...",Hoax,TurnBackHoax
[SALAH] Prabowo Reshuffle Menteri pada Februari 2026,Hoax,TurnBackHoax
"[PENIPUAN] Tautan Pendaftaran Diskon Tarif Listrik dan...
Tautan yang dibagikan tidak mengarah ke...",Hoax,TurnBackHoax
[PENIPUAN] Tautan Pendaftaran Diskon Tarif Listrik dan...,Hoax,TurnBackHoax
"[SALAH] Dirjen Bimas Islam Umumkan Dana Hibah...
Faktanya, konten yang beredar merupakan hasil...",Hoax,TurnBackHoax
[SALAH] Dirjen Bimas Islam Umumkan Dana Hibah...,Hoax,TurnBackHoax
"[PENIPUAN] Tautan Pendaftaran PPPK Kemenag 2026
Faktanya, hingga saat ini Kemenag belum...",Hoax,TurnBackHoax
[PENIPUAN] Tautan Pendaftaran PPPK Kemenag 2026,Hoax,TurnBackHoax
"[PENIPUAN] Tautan Pendaftaran Lowongan Kerja Unilever Indonesia
Unggahan berisi tautan “pendaftaran lowongan kerja...",Hoax,TurnBackHoax
[PENIPUAN] Tautan Pendaftaran Lowongan Kerja Unilever Indonesia,Hoax,TurnBackHoax
"[PENIPUAN] Tautan Pendaftaran Seleksi Guru Sekolah Garuda...
Faktanya, pendaftaran hanya dapat dilakukan melalui...",Hoax,TurnBackHoax
[PENIPUAN] Tautan Pendaftaran Seleksi Guru Sekolah Garuda...,Hoax,TurnBackHoax
"[SALAH] Survei Metro TV: 100% Masyarakat Tidak...
Faktanya, Metro TV menayangkan survei Indikator...",Hoax,TurnBackHoax
[SALAH] Survei Metro TV: 100% Masyarakat Tidak...,Hoax,TurnBackHoax
"[PENIPUAN] Bantuan Dana untuk Masyarakat Non Muslim...
Kemenag telah membantah informasi tersebut secara...",Hoax,TurnBackHoax
[PENIPUAN] Bantuan Dana untuk Masyarakat Non Muslim...,Hoax,TurnBackHoax
"[PENIPUAN] Tautan Lowongan Kerja PT Paragon Tahun...
Pendaftaran lowongan kerja di PT Paragon...",Hoax,TurnBackHoax
[PENIPUAN] Tautan Lowongan Kerja PT Paragon Tahun...,Hoax,TurnBackHoax
"[SALAH] Video ""Kopi Saset Mengandung Obat Berbahaya""
Faktanya, PT Sari Incofood Corporation melalui...",Hoax,TurnBackHoax
"[SALAH] Video ""Kopi Saset Mengandung Obat Berbahaya""",Hoax,TurnBackHoax
"[PENIPUAN] Video ""Prabowo Bagikan Undangan BLT Kesra...
Konten yang beredar merupakan hasil rekayasa...",Hoax,TurnBackHoax
"[PENIPUAN] Video ""Prabowo Bagikan Undangan BLT Kesra...",Hoax,TurnBackHoax
"[PENIPUAN] Menkeu Purbaya Bagi-bagi Uang Khusus Lansia
Konten yang beredar merupakan hasil rekayasa...",Hoax,TurnBackHoax
[PENIPUAN] Menkeu Purbaya Bagi-bagi Uang Khusus Lansia,Hoax,TurnBackHoax
"[SALAH] Potret ""Kanibalisme di Epstein Files""
Gambar tersebut merupakan cuplikan adegan film...",Hoax,TurnBackHoax
"[SALAH] Potret ""Kanibalisme di Epstein Files""",Hoax,TurnBackHoax
"[PENIPUAN] Menteri Agama Umumkan Dana Hibah Al...
Hasil analisis menggunakan Hive Moderation menunjukkan...",Hoax,TurnBackHoax
[PENIPUAN] Menteri Agama Umumkan Dana Hibah Al...,Hoax,TurnBackHoax
"[SALAH] Gibran Ultimatum DPR Rampungkan UU Perampasan...
Faktanya, pernyataan Gibran hanya dorongan atau...",Hoax,TurnBackHoax
[SALAH] Gibran Ultimatum DPR Rampungkan UU Perampasan...,Hoax,TurnBackHoax
"[SALAH] Warga Jateng Sepakat Tak Bayar Pajak...
Tidak ditemukan informasi kredibel yang mendukung...",Hoax,TurnBackHoax
[SALAH] Warga Jateng Sepakat Tak Bayar Pajak...,Hoax,TurnBackHoax
"[SALAH] BEM UGM Tuntut Rektor Mundur karena...
Tidak ditemukan informasi valid atau pemberitaan...",Hoax,TurnBackHoax
[SALAH] BEM UGM Tuntut Rektor Mundur karena...,Hoax,TurnBackHoax
"[PENIPUAN] Tautan Pendaftaran Bansos Ramadhan 2026
Tautan yang dibagikan tidak mengarah ke...",Hoax,TurnBackHoax
[PENIPUAN] Tautan Pendaftaran Bansos Ramadhan 2026,Hoax,TurnBackHoax
"[SALAH] Penemuan Masjid Ribuan Tahun di Sungai...
Hasil penelusuran tidak menemukan laporan resmi...",Hoax,TurnBackHoax
[SALAH] Penemuan Masjid Ribuan Tahun di Sungai...,Hoax,TurnBackHoax
"[SALAH] Purbaya Bakal Transfer Anggaran MBG ke...
Tidak ada usulan dari Menteri Keuangan...",Hoax,TurnBackHoax
[SALAH] Purbaya Bakal Transfer Anggaran MBG ke...,Hoax,TurnBackHoax
"[SALAH] Anies Berhasil Bawa Jokowi ke Persidangan
Berdasarkan hasil penelusuran, tidak ditemukan pemberitaan...",Hoax,TurnBackHoax
[SALAH] Anies Berhasil Bawa Jokowi ke Persidangan,Hoax,TurnBackHoax
"[PENIPUAN] Menteri Purbaya Bagi-Bagi Bantuan Modal Usaha
Konten merupakan hasil manipulasi AI dengan...",Hoax,TurnBackHoax
[PENIPUAN] Menteri Purbaya Bagi-Bagi Bantuan Modal Usaha,Hoax,TurnBackHoax
"[SALAH] BPS Sebut Rata-Rata Gaji Rakyat Indonesia...
Tidak ada survei resmi BPS yang...",Hoax,TurnBackHoax
[SALAH] BPS Sebut Rata-Rata Gaji Rakyat Indonesia...,Hoax,TurnBackHoax
"[SALAH] BPJS Kesehatan (PBI JK) Dicabut karena...
Penonaktifan sejumlah peserta BPJS PBI dilakukan...",Hoax,TurnBackHoax
[SALAH] BPJS Kesehatan (PBI JK) Dicabut karena...,Hoax,TurnBackHoax
"[SALAH] Foto ""Mahfud MD Tunjukkan Ijazah Palsu...
Faktanya, foto dalam unggahan merupakan hasil...",Hoax,TurnBackHoax
"[SALAH] Foto ""Mahfud MD Tunjukkan Ijazah Palsu...",Hoax,TurnBackHoax
"[SALAH] Purbaya Bongkar Penemuan Rp700 Miliar Milik...
Tidak ditemukan informasi kredibel yang membenarkan...",Hoax,TurnBackHoax
[SALAH] Purbaya Bongkar Penemuan Rp700 Miliar Milik...,Hoax,TurnBackHoax
"[SALAH] Netanyahu Dipenjara Seumur Hidup
Faktanya, hingga artikel ini rilis, Netanyahu...",Hoax,TurnBackHoax
[SALAH] Netanyahu Dipenjara Seumur Hidup,Hoax,TurnBackHoax
"[SALAH] Prabowo Terima Usulan Menkeu untuk Hentikan...
Tidak ditemukan informasi valid atau pemberitaan...",Hoax,TurnBackHoax
[SALAH] Prabowo Terima Usulan Menkeu untuk Hentikan...,Hoax,TurnBackHoax
"[SALAH] Video Prajurit TNI Membalikkan Meja Anggota...
Faktanya, video yang disebarkan terdeteksi dibuat...",Hoax,TurnBackHoax
[SALAH] Video Prajurit TNI Membalikkan Meja Anggota...,Hoax,TurnBackHoax
"[SALAH] Mahfud MD Masuk Kabinet Prabowo
Berdasarkan hasil penelusuran, tidak ditemukan pemberitaan...",Hoax,TurnBackHoax
[SALAH] Mahfud MD Masuk Kabinet Prabowo,Hoax,TurnBackHoax
"[SALAH] PBB Datang ke Indonesia untuk Resmikan...
Faktanya, hingga saat ini Ibu Kota...",Hoax,TurnBackHoax
[SALAH] PBB Datang ke Indonesia untuk Resmikan...,Hoax,TurnBackHoax
"[SALAH] Kemenhut Resmi Buka CPNS Polisi Kehutanan...
Faktanya, Kementerian Kehutanan (Kemenhut) menyatakan bahwa...",Hoax,TurnBackHoax
[SALAH] Kemenhut Resmi Buka CPNS Polisi Kehutanan...,Hoax,TurnBackHoax
"[SALAH] Mensos Anggap Rakyat “Orang Mampu” kalau...
Tidak ada pernyataan resmi atau informasi...",Hoax,TurnBackHoax
[SALAH] Mensos Anggap Rakyat “Orang Mampu” kalau...,Hoax,TurnBackHoax
"[PENIPUAN] Tautan Lowongan Kerja Perum Bulog Tahun...
Pendaftaran lowongan kerja Perum Bulog Indonesia...",Hoax,TurnBackHoax
[PENIPUAN] Tautan Lowongan Kerja Perum Bulog Tahun...,Hoax,TurnBackHoax
"[SALAH] Hotman Paris Gugat UGM Rp900 Miliar
Faktanya, tidak ditemukan informasi kredibel yang...",Hoax,TurnBackHoax
[SALAH] Hotman Paris Gugat UGM Rp900 Miliar,Hoax,TurnBackHoax
"[SALAH] Video ""Perencanaan Pandemi Covid-19 dari Epstein...
Video yang beredar bukan rekaman simulasi...",Hoax,TurnBackHoax
"[SALAH] Video ""Perencanaan Pandemi Covid-19 dari Epstein...",Hoax,TurnBackHoax
"[SALAH] Prabowo Perintahkan Purbaya Siapkan Anggaran Pengangkatan...
Tidak ada pernyataan resmi atau informasi...",Hoax,TurnBackHoax
[SALAH] Prabowo Perintahkan Purbaya Siapkan Anggaran Pengangkatan...,Hoax,TurnBackHoax
"[PENIPUAN] Tautan Pendaftaran Festival SeaBank Berhadiah
Unggahan berisi tautan “pendaftaran festival SeaBank...",Hoax,TurnBackHoax
[PENIPUAN] Tautan Pendaftaran Festival SeaBank Berhadiah,Hoax,TurnBackHoax
"[SALAH] Luhut Sebut Rakyat Harus Kerja Supaya...
Tidak ditemukan informasi kredibel yang membenarkan...",Hoax,TurnBackHoax
[SALAH] Luhut Sebut Rakyat Harus Kerja Supaya...,Hoax,TurnBackHoax
"[SALAH] Iran Menembakkan Rudal dari bawah Laut
Faktanya, video yang dibagikan adalah rekaman...",Hoax,TurnBackHoax
[SALAH] Iran Menembakkan Rudal dari bawah Laut,Hoax,TurnBackHoax
"[SALAH] Video “Ribuan Massa Turun ke Jalan...
Faktanya, konteks asli video tersebut adalah...",Hoax,TurnBackHoax
[SALAH] Video “Ribuan Massa Turun ke Jalan...,Hoax,TurnBackHoax
"[SALAH] 545 Anggota DPR Ditangkap karena Kasus...
Faktanya, tidak ditemukan pemberitaan kredibel mengenai...",Hoax,TurnBackHoax
[SALAH] 545 Anggota DPR Ditangkap karena Kasus...,Hoax,TurnBackHoax
"[PENIPUAN] Tautan Pendaftaran Bantuan Alat Pertanian 2026
Faktanya, tautan pendaftaran bantuan pertanian yang...",Hoax,TurnBackHoax
[PENIPUAN] Tautan Pendaftaran Bantuan Alat Pertanian 2026,Hoax,TurnBackHoax
"[SALAH] Masyarakat Solo Demo Tolak Jokowi sebagai...
Faktanya unggahan tersebut merupakan manipulasi dari...",Hoax,TurnBackHoax
[SALAH] Masyarakat Solo Demo Tolak Jokowi sebagai...,Hoax,TurnBackHoax
"[SALAH] Ringgit Malaysia Ditolak di Luar Negeri...
Isu penolakan Ringgit telah berulang sejak...",Hoax,TurnBackHoax
[SALAH] Ringgit Malaysia Ditolak di Luar Negeri...,Hoax,TurnBackHoax
"[SALAH] Jokowi Dijemput Paksa Hadiri Sidang Ijazah...
Video tersebut tidak berkaitan dengan Presiden...",Hoax,TurnBackHoax
[SALAH] Jokowi Dijemput Paksa Hadiri Sidang Ijazah...,Hoax,TurnBackHoax
"[SALAH] Prabowo dan Purbaya Desak Puan Mundur...
Tidak ditemukan informasi kredibel yang membenarkan...",Hoax,TurnBackHoax
[SALAH] Prabowo dan Purbaya Desak Puan Mundur...,Hoax,TurnBackHoax
"[SALAH] DPR Tolak RUU Perampasan Aset
Faktanya, Komisi III DPR RI telah...",Hoax,TurnBackHoax
[SALAH] DPR Tolak RUU Perampasan Aset,Hoax,TurnBackHoax
"[SALAH] Video “Gempa dan Tsunami Terbesar di...
Konten yang beredar adalah hasil rekayasa...",Hoax,TurnBackHoax
[SALAH] Video “Gempa dan Tsunami Terbesar di...,Hoax,TurnBackHoax
"[SALAH] Jokowi Minta Penyelidikan Kasus KM 50...
Konten yang beredar adalah hasil suntingan...",Hoax,TurnBackHoax
[SALAH] Jokowi Minta Penyelidikan Kasus KM 50...,Hoax,TurnBackHoax
"[SALAH] Video ""TNI Tegur Anggota Dewan Penerobos...
Faktanya, video tersebut merupakan hasil rekayasa...",Hoax,TurnBackHoax
"[SALAH] Video ""TNI Tegur Anggota Dewan Penerobos...",Hoax,TurnBackHoax
"[PENIPUAN] Ahok Bagi-Bagi Bantuan Modal Usaha
Berdasarkan hasil penelusuran, video “Ahok bagi-bagi...",Hoax,TurnBackHoax
[PENIPUAN] Ahok Bagi-Bagi Bantuan Modal Usaha,Hoax,TurnBackHoax
"[SALAH] Jokowi Resmi Jadi Wantimpres
Faktanya, hingga satu tahun masa pemerintahan...",Hoax,TurnBackHoax
[SALAH] Jokowi Resmi Jadi Wantimpres,Hoax,TurnBackHoax
"[PENIPUAN] Tautan Rekrutmen CPNS Kementrian Imigrasi 2026
Unggahan berisi tautan “rekrutmen CPNS Kementrian...",Hoax,TurnBackHoax
[PENIPUAN] Tautan Rekrutmen CPNS Kementrian Imigrasi 2026,Hoax,TurnBackHoax
"[SALAH] Trump Janji Lepas Presiden Venezuela jika...
Berdasarkan hasil penelusuran, tidak ditemukan pemberitaan...",Hoax,TurnBackHoax
[SALAH] Trump Janji Lepas Presiden Venezuela jika...,Hoax,TurnBackHoax
"[SALAH] Prabowo Copot Ratusan Anggota DPR Fraksi...
Tidak ditemukan informasi valid atau pemberitaan...",Hoax,TurnBackHoax
[SALAH] Prabowo Copot Ratusan Anggota DPR Fraksi...,Hoax,TurnBackHoax
"[SALAH] Video ""Pembuatan Telur Sintetis""
Faktanya, video yang diklaim sebagai proses...",Hoax,TurnBackHoax
"[SALAH] Video ""Pembuatan Telur Sintetis""",Hoax,TurnBackHoax
"[SALAH] TNI Audit dan Marahi Kades Terkait...
Faktanya, video tersebut merupakan hasil rekayasa...",Hoax,TurnBackHoax
[SALAH] TNI Audit dan Marahi Kades Terkait...,Hoax,TurnBackHoax
"[SALAH] Gibran Rakabuming dan AHY Sepakati Pembubaran...
Faktanya, tidak ada pemberitaan kredibel maupun...",Hoax,TurnBackHoax
[SALAH] Gibran Rakabuming dan AHY Sepakati Pembubaran...,Hoax,TurnBackHoax
"[SALAH] Purbaya: Kades Jadi Kaya Sejak Ada...
Faktanya, video tersebut merupakan hasil rekayasa...",Hoax,TurnBackHoax
[SALAH] Purbaya: Kades Jadi Kaya Sejak Ada...,Hoax,TurnBackHoax
"[SALAH] Purbaya Tegaskan Guru Negeri dan Swasta...
Tidak ditemukan informasi kredibel yang membenarkan...",Hoax,TurnBackHoax
[SALAH] Purbaya Tegaskan Guru Negeri dan Swasta...,Hoax,TurnBackHoax
"[SALAH] Video Menkeu Purbaya Berbicara tentang Pencairan...
Faktanya, video yang disebarkan terdeteksi dibuat...",Hoax,TurnBackHoax
[SALAH] Video Menkeu Purbaya Berbicara tentang Pencairan...,Hoax,TurnBackHoax
"[SALAH] Hakim Kabur saat Sidang Ijazah Jokowi
Tidak ada hakim yang kabur dalam...",Hoax,TurnBackHoax
[SALAH] Hakim Kabur saat Sidang Ijazah Jokowi,Hoax,TurnBackHoax
"[SALAH] Video ""Negara Eropa Mengirim Pasukan ke...
Video yang beredar merupakan hasil rekayasa...",Hoax,TurnBackHoax
"[SALAH] Video ""Negara Eropa Mengirim Pasukan ke...",Hoax,TurnBackHoax
"[PENIPUAN] Tautan Pendaftaran Petugas Sensus Ekonomi 2026
Unggahan berisi tautan “pendaftaran petugas sensus...",Hoax,TurnBackHoax
[PENIPUAN] Tautan Pendaftaran Petugas Sensus Ekonomi 2026,Hoax,TurnBackHoax
"[SALAH] Video “Tsunami Menerjang Kuta Bali”
Konten yang beredar adalah hasil rekayasa...",Hoax,TurnBackHoax
[SALAH] Video “Tsunami Menerjang Kuta Bali”,Hoax,TurnBackHoax
"[PENIPUAN] Tautan Rekrutmen CPNS Kejaksaan RI 2026
Faktanya, pemerintah belum membuka rekrutmen CPNS...",Hoax,TurnBackHoax
[PENIPUAN] Tautan Rekrutmen CPNS Kejaksaan RI 2026,Hoax,TurnBackHoax
"[SALAH] Video ""TNI Tegur Polisi soal Pungutan...
Konten yang beredar merupakan hasil rekayasa...",Hoax,TurnBackHoax
"[SALAH] Video ""TNI Tegur Polisi soal Pungutan...",Hoax,TurnBackHoax
"[SALAH] Prabowo Copot Bahlil dari Jabatan Menteri...
Faktanya, gambar pada klaim tersebut merupakan...",Hoax,TurnBackHoax
[SALAH] Prabowo Copot Bahlil dari Jabatan Menteri...,Hoax,TurnBackHoax
"[PENIPUAN] Giveaway dari PT Astra Honda Motor...
Faktanya, seluruh program pemberian hadiah dari...",Hoax,TurnBackHoax
[PENIPUAN] Giveaway dari PT Astra Honda Motor...,Hoax,TurnBackHoax
"[SALAH] Video ""Jokowi Pergi Berziarah ke Kuil...
Faktanya, video yang beredar merupakan hasil...",Hoax,TurnBackHoax
"[SALAH] Video ""Jokowi Pergi Berziarah ke Kuil...",Hoax,TurnBackHoax
"[SALAH] Video Tentara Cina Mendarat di Bandara...
Konteks asli video adalah dokumentasi pasukan...",Hoax,TurnBackHoax
[SALAH] Video Tentara Cina Mendarat di Bandara...,Hoax,TurnBackHoax
"[SALAH] Layvin Kurzawa Jalani Proses Naturalisasi
Konteks asli dokumentasi adalah momen Layvin...",Hoax,TurnBackHoax
[SALAH] Layvin Kurzawa Jalani Proses Naturalisasi,Hoax,TurnBackHoax
"[SALAH] Polisi Umumkan Surat Penahanan Roy Suryo
Faktanya, video yang beredar merupakan dokumentasi...",Hoax,TurnBackHoax
[SALAH] Polisi Umumkan Surat Penahanan Roy Suryo,Hoax,TurnBackHoax
"[SALAH] Foto Trump dan Bill Clinton Terlibat...
Foto-foto yang diklaim menampilkan Donald Trump...",Hoax,TurnBackHoax
[SALAH] Foto Trump dan Bill Clinton Terlibat...,Hoax,TurnBackHoax
"[SALAH] Daftar Barang Rumah Tangga Pemicu Kanker
Faktanya, tidak terdapat bukti ilmiah yang...",Hoax,TurnBackHoax
[SALAH] Daftar Barang Rumah Tangga Pemicu Kanker,Hoax,TurnBackHoax
"[PENIPUAN] Tautan Pendaftaran Pengangkatan PPPK Penuh Waktu...
Faktanya, pengangkatan PPPK Paruh Waktu menjadi...",Hoax,TurnBackHoax
[PENIPUAN] Tautan Pendaftaran Pengangkatan PPPK Penuh Waktu...,Hoax,TurnBackHoax
"[SALAH] AS Keluar dari NATO, Trump Pilih...
Faktanya, AS masih menjadi anggota penuh...",Hoax,TurnBackHoax
"[SALAH] AS Keluar dari NATO, Trump Pilih...",Hoax,TurnBackHoax
"[SALAH] Pelatih Timnas Futsal Indonesia Hector Souto...
Tidak ditemukan informasi valid atau pemberitaan...",Hoax,TurnBackHoax
[SALAH] Pelatih Timnas Futsal Indonesia Hector Souto...,Hoax,TurnBackHoax
"[SALAH] PBB Serukan Pembubaran Dewan Perdamaian Trump
Tidak ditemukan informasi atau pemberitaan kredibel...",Hoax,TurnBackHoax
[SALAH] PBB Serukan Pembubaran Dewan Perdamaian Trump,Hoax,TurnBackHoax
"[PENIPUAN] Tautan “Undian Berhadiah dari BCA”
Unggahan berisi tautan “pendaftaran undian berhadiah...",Hoax,TurnBackHoax
[PENIPUAN] Tautan “Undian Berhadiah dari BCA”,Hoax,TurnBackHoax
"[PENIPUAN] Tautan Kupon Undian Livin Mandiri
Unggahan berisi tautan “pendaftaran undian Livin...",Hoax,TurnBackHoax
[PENIPUAN] Tautan Kupon Undian Livin Mandiri,Hoax,TurnBackHoax
"[PENIPUAN] Tautan Pengecekan BSU Pangan Tunai 2026
Faktanya, hingga saat ini tidak terdapat...",Hoax,TurnBackHoax
[PENIPUAN] Tautan Pengecekan BSU Pangan Tunai 2026,Hoax,TurnBackHoax
"[PENIPUAN] BLT Kesra Rp900 ribu Cair Jelang...
Faktanya, hingga saat ini, tidak terdapat...",Hoax,TurnBackHoax
[PENIPUAN] BLT Kesra Rp900 ribu Cair Jelang...,Hoax,TurnBackHoax
"[PENIPUAN] Pemutakhiran Akun Data Pokok Pendidikan Melalui...
Faktanya, segala proses manajemen dan pemutakhiran...",Hoax,TurnBackHoax
[PENIPUAN] Pemutakhiran Akun Data Pokok Pendidikan Melalui...,Hoax,TurnBackHoax
"[PENIPUAN] Tautan ""Pendaftaran ASN BASARNAS 2026""
Unggahan berisi tautan “pendaftaran ASN BASARNAS...",Hoax,TurnBackHoax
"[PENIPUAN] Tautan ""Pendaftaran ASN BASARNAS 2026""",Hoax,TurnBackHoax
"[PENIPUAN] Undian Berhadiah Mengatasnamakan Bank BJB
Tautan yang dibagikan tidak mengarah ke...",Hoax,TurnBackHoax
[PENIPUAN] Undian Berhadiah Mengatasnamakan Bank BJB,Hoax,TurnBackHoax
"[PENIPUAN] Undian Berhadiah Bank BSI 2026
Tautan tidak mengarah ke laman resmi...",Hoax,TurnBackHoax
[PENIPUAN] Undian Berhadiah Bank BSI 2026,Hoax,TurnBackHoax
"[SALAH] Prabowo Marah karena Luhut Main Proyek...
Tidak ditemukan informasi kredibel yang membenarkan...",Hoax,TurnBackHoax
[SALAH] Prabowo Marah karena Luhut Main Proyek...,Hoax,TurnBackHoax
"[SALAH] Video Aksi Damai Ribuan Umat Islam...
Faktanya, video yang disebarkan terdeteksi buatan...",Hoax,TurnBackHoax
[SALAH] Video Aksi Damai Ribuan Umat Islam...,Hoax,TurnBackHoax
"[PENIPUAN] Pendaftaran CPNS Kementerian Pertanian 2026
Pemerintah belum membuka pendaftaran CPNS 2026...",Hoax,TurnBackHoax
[PENIPUAN] Pendaftaran CPNS Kementerian Pertanian 2026,Hoax,TurnBackHoax
"[SALAH] Agustus 2026 Gravitasi Bumi Berhenti 7...
NASA menegaskan bahwa gravitasi Bumi bersifat...",Hoax,TurnBackHoax
[SALAH] Agustus 2026 Gravitasi Bumi Berhenti 7...,Hoax,TurnBackHoax
"[SALAH] Trump Serukan Boikot Semua Produk Tiongkok
Tidak ada pernyataan resmi atau informasi...",Hoax,TurnBackHoax
[SALAH] Trump Serukan Boikot Semua Produk Tiongkok,Hoax,TurnBackHoax
"[PENIPUAN] Tautan “Bantuan Pemerintah Bagi Usaha Pariwisata”
Faktanya, program bantuan pemerintah bagi usaha...",Hoax,TurnBackHoax
[PENIPUAN] Tautan “Bantuan Pemerintah Bagi Usaha Pariwisata”,Hoax,TurnBackHoax
"[PENIPUAN] Tautan Rekrutmen Badan Narkotika Nasional Provinsi
Unggahan berisi tautan “rekrutmen staf Badan...",Hoax,TurnBackHoax
[PENIPUAN] Tautan Rekrutmen Badan Narkotika Nasional Provinsi,Hoax,TurnBackHoax
"[SALAH] Video “Pembajakan Pesawat AS saat Badai...
Konten yang beredar adalah hasil rekayasa...",Hoax,TurnBackHoax
[SALAH] Video “Pembajakan Pesawat AS saat Badai...,Hoax,TurnBackHoax
"[SALAH] Video “Gempa Magnitudo 8,1 di Mexico...
Konten yang beredar adalah hasil rekayasa...",Hoax,TurnBackHoax
"[SALAH] Video “Gempa Magnitudo 8,1 di Mexico...",Hoax,TurnBackHoax
"[SALAH] Aturan Baru ASN: Pakai Seragam Biru...
Informasi mengenai adanya aturan seragam baru...",Hoax,TurnBackHoax
[SALAH] Aturan Baru ASN: Pakai Seragam Biru...,Hoax,TurnBackHoax
"[SALAH] Potret Rumah Tertimbun Pasir Banjir di...
Faktanya, rumah tertimbun pasir merupakan dampak...",Hoax,TurnBackHoax
[SALAH] Potret Rumah Tertimbun Pasir Banjir di...,Hoax,TurnBackHoax
"[PENIPUAN] Tautan Pendaftaran Undian Berhadiah Bank Nagari...
Tautan yang dibagikan tidak mengarah ke...",Hoax,TurnBackHoax
[PENIPUAN] Tautan Pendaftaran Undian Berhadiah Bank Nagari...,Hoax,TurnBackHoax
"[SALAH] Mahasiswa BEM Seluruh Indonesia Sepakat Menolak...
Faktanya unggahan tersebut merupakan manipulasi dari...",Hoax,TurnBackHoax
[SALAH] Mahasiswa BEM Seluruh Indonesia Sepakat Menolak...,Hoax,TurnBackHoax
"[SALAH] PBB Memindahkan Kantor Pusat ke Indonesia
Faktanya, pertemuan Presiden Prabowo Subianto dengan...",Hoax,TurnBackHoax
[SALAH] PBB Memindahkan Kantor Pusat ke Indonesia,Hoax,TurnBackHoax
"[SALAH] Jokowi Mengaku Mendapat Sedikit dari Korupsi...
Faktanya unggahan tersebut merupakan manipulasi dari...",Hoax,TurnBackHoax
[SALAH] Jokowi Mengaku Mendapat Sedikit dari Korupsi...,Hoax,TurnBackHoax
"[PENIPUAN] Tautan Pendaftaran Lowongan BAZNAS 2026
Unggahan berisi tautan “pendaftaran lowongan BAZNAS...",Hoax,TurnBackHoax
[PENIPUAN] Tautan Pendaftaran Lowongan BAZNAS 2026,Hoax,TurnBackHoax
"[SALAH] Purbaya Umumkan Gaji Pensiunan Naik 12%...
Faktanya, konten yang beredar merupakan hasil...",Hoax,TurnBackHoax
[SALAH] Purbaya Umumkan Gaji Pensiunan Naik 12%...,Hoax,TurnBackHoax
"[SALAH] Video ""New York Dihantam Rudal Imbas...
Konteks asli konten yang beredar adalah...",Hoax,TurnBackHoax
"[SALAH] Video ""New York Dihantam Rudal Imbas...",Hoax,TurnBackHoax
"[PENIPUAN] Tautan Pendaftaran Undian BRImo Festival
Unggahan berisi tautan “pendaftaran undian BRImo...",Hoax,TurnBackHoax
[PENIPUAN] Tautan Pendaftaran Undian BRImo Festival,Hoax,TurnBackHoax
"[SALAH] Survei LSI: 85% Masyarakat Setuju Jokowi...
Konten yang beredar adalah hasil suntingan...",Hoax,TurnBackHoax
[SALAH] Survei LSI: 85% Masyarakat Setuju Jokowi...,Hoax,TurnBackHoax
"[PENIPUAN] Informasi Bantuan Sosial Pemerintah Rp7 Juta...
Tautan yang dibagikan tidak mengarah ke...",Hoax,TurnBackHoax
[PENIPUAN] Informasi Bantuan Sosial Pemerintah Rp7 Juta...,Hoax,TurnBackHoax
"[SALAH] Syarat Pemakzulan Terpenuhi, Gibran Pulang ke...
Faktanya, belum ada rapat resmi di...",Hoax,TurnBackHoax
"[SALAH] Syarat Pemakzulan Terpenuhi, Gibran Pulang ke...",Hoax,TurnBackHoax
"[SALAH] Foto Sudewo Kembali ke Rumahnya pada...
Faktanya, foto tersebut merupakan tangkapan layar...",Hoax,TurnBackHoax
[SALAH] Foto Sudewo Kembali ke Rumahnya pada...,Hoax,TurnBackHoax
"[SALAH] PSI Dorong Gibran Maju Pilpres 2029...
Faktanya,tidak ditemukan informasi kredibel yang membenarkan...",Hoax,TurnBackHoax
[SALAH] PSI Dorong Gibran Maju Pilpres 2029...,Hoax,TurnBackHoax
"[PENIPUAN] Pendaftaran Lowongan Pekerjaan BPJS Kesehatan
Tautan yang dibagikan tidak mengarah ke...",Hoax,TurnBackHoax
[PENIPUAN] Pendaftaran Lowongan Pekerjaan BPJS Kesehatan,Hoax,TurnBackHoax
"[SALAH] Surat Edaran Libur Sekolah Selama Ramadhan...
Faktanya, belum ada edaran resmi dari...",Hoax,TurnBackHoax
[SALAH] Surat Edaran Libur Sekolah Selama Ramadhan...,Hoax,TurnBackHoax
"[PENIPUAN] Tautan Penghapusan Utang Pinjol dari OJK
OJK menegaskan bahwa pihaknya tidak pernah...",Hoax,TurnBackHoax
[PENIPUAN] Tautan Penghapusan Utang Pinjol dari OJK,Hoax,TurnBackHoax
"[SALAH] Transjakarta Kemasukan Air saat Banjir di...
Video merupakan hasil rekayasa AI dengan...",Hoax,TurnBackHoax
[SALAH] Transjakarta Kemasukan Air saat Banjir di...,Hoax,TurnBackHoax
"[SALAH] Video ""Polisi Hancurkan Mobil Warga yang...
Konteks asli dokumentasi adalah momen Aipda...",Hoax,TurnBackHoax
"[SALAH] Video ""Polisi Hancurkan Mobil Warga yang...",Hoax,TurnBackHoax
"[PENIPUAN] Tautan Layanan Program BBM Gratis
Tidak ditemukan informasi kredibel yang membenarkan...",Hoax,TurnBackHoax
[PENIPUAN] Tautan Layanan Program BBM Gratis,Hoax,TurnBackHoax
"[SALAH] Es Kue Jadul berbahan Spons di...
Faktanya, berdasarkan hasil pengecekan Tim DOKKES...",Hoax,TurnBackHoax
[SALAH] Es Kue Jadul berbahan Spons di...,Hoax,TurnBackHoax
"[SALAH] Aset Kaesang dan Bobby Disita Kejagung
Tidak ditemukan informasi valid dari pemberitaan...",Hoax,TurnBackHoax
[SALAH] Aset Kaesang dan Bobby Disita Kejagung,Hoax,TurnBackHoax
"[PENIPUAN] Tautan Rekrutmen Guru Pendamping 2026
Unggahan berisi tautan “rekrutmen guru pendamping...",Hoax,TurnBackHoax
[PENIPUAN] Tautan Rekrutmen Guru Pendamping 2026,Hoax,TurnBackHoax
"[SALAH] PDIP Siap Usung Hasto di Pilpres...
Tidak ditemukan informasi valid atau pemberitaan...",Hoax,TurnBackHoax
[SALAH] PDIP Siap Usung Hasto di Pilpres...,Hoax,TurnBackHoax
"[PENIPUAN] Tautan ""Lowongan Kerja Dinas PPKUKM Jakarta""
Unggahan berisi tautan “lowongan kerja Dinas...",Hoax,TurnBackHoax
"[PENIPUAN] Tautan ""Lowongan Kerja Dinas PPKUKM Jakarta""",Hoax,TurnBackHoax
"[SALAH] DPR Tunda Pembahasan RUU Perampasan Aset...
Tidak ditemukan informasi kredibel yang membenarkan...",Hoax,TurnBackHoax
[SALAH] DPR Tunda Pembahasan RUU Perampasan Aset...,Hoax,TurnBackHoax
"[SALAH] BGN Melarang Keluhan soal Makanan
Tidak ditemukan pernyataan resmi dari Badan...",Hoax,TurnBackHoax
[SALAH] BGN Melarang Keluhan soal Makanan,Hoax,TurnBackHoax
"[PENIPUAN] Dedi Mulyadi Bagi-Bagi Uang Lewat Kuis...
Konteks asli video adalah momen Dedi...",Hoax,TurnBackHoax
[PENIPUAN] Dedi Mulyadi Bagi-Bagi Uang Lewat Kuis...,Hoax,TurnBackHoax
"[PENIPUAN] Tautan “Lowongan Kerja Kemenkes”
Unggahan berisi tautan “lowongan kerja Kemenkes”...",Hoax,TurnBackHoax
[PENIPUAN] Tautan “Lowongan Kerja Kemenkes”,Hoax,TurnBackHoax
"[PENIPUAN] Tautan Lowongan Kerja PT Nabati Indonesia
Pendaftaran lowongan kerja di PT Nabati...",Hoax,TurnBackHoax
[PENIPUAN] Tautan Lowongan Kerja PT Nabati Indonesia,Hoax,TurnBackHoax
"[SALAH] Frekuensi Rife 5000 Hz Mampu Atasi...
Hingga saat ini, tidak terdapat bukti...",Hoax,TurnBackHoax
[SALAH] Frekuensi Rife 5000 Hz Mampu Atasi...,Hoax,TurnBackHoax
"[PENIPUAN] Tautan Pendaftaran Bantuan Insentif untuk Guru...
Tautan tersebut bukan berasal dari kanal...",Hoax,TurnBackHoax
[PENIPUAN] Tautan Pendaftaran Bantuan Insentif untuk Guru...,Hoax,TurnBackHoax
"[SALAH] Wali Kota Madiun Maidi Menyerahkan Rp800...
Judul artikel yang beredar telah dipelintir...",Hoax,TurnBackHoax
[SALAH] Wali Kota Madiun Maidi Menyerahkan Rp800...,Hoax,TurnBackHoax
"[SALAH] Prabowo Jual Laut dan Hutan Aceh-Sumatra...
Tidak ditemukan informasi yang membenarkan klaim...",Hoax,TurnBackHoax
[SALAH] Prabowo Jual Laut dan Hutan Aceh-Sumatra...,Hoax,TurnBackHoax
"[PENIPUAN] Tautan Pendaftaran Undian Berhadiah Bank Kalteng...
Tautan yang dibagikan tidak mengarah ke...",Hoax,TurnBackHoax
[PENIPUAN] Tautan Pendaftaran Undian Berhadiah Bank Kalteng...,Hoax,TurnBackHoax
"[SALAH] Video “Evakuasi Yasid Pendaki Hilang di...
Konteks asli video adalah dokumentasi evakuasi...",Hoax,TurnBackHoax
[SALAH] Video “Evakuasi Yasid Pendaki Hilang di...,Hoax,TurnBackHoax
"[PENIPUAN] Tautan Pendaftaran Undian Berhadiah Bank Sulteng...
Tautan yang dibagikan tidak mengarah ke...",Hoax,TurnBackHoax
[PENIPUAN] Tautan Pendaftaran Undian Berhadiah Bank Sulteng...,Hoax,TurnBackHoax
"[SALAH] Jokowi Terima Uang Pengadaan Iklan Bank...
Konten yang beredar adalah hasil suntingan...",Hoax,TurnBackHoax
[SALAH] Jokowi Terima Uang Pengadaan Iklan Bank...,Hoax,TurnBackHoax
"[SALAH] Dito Ariotedjo Sebut Jokowi Terima Uang...
Konten yang beredar adalah hasil suntingan...",Hoax,TurnBackHoax
[SALAH] Dito Ariotedjo Sebut Jokowi Terima Uang...,Hoax,TurnBackHoax
"[SALAH] Imigran asal Timor Leste Meningkat, RI...
Tidak ditemukan informasi kredibel yang membenarkan...",Hoax,TurnBackHoax
"[SALAH] Imigran asal Timor Leste Meningkat, RI...",Hoax,TurnBackHoax
"[SALAH] AS Larang Sertifikasi Halal di Indonesia,...
Tidak ada informasi valid dari pemberitaan...",Hoax,TurnBackHoax
"[SALAH] AS Larang Sertifikasi Halal di Indonesia,...",Hoax,TurnBackHoax
"[SALAH] Pesawat Raksasa Milik Rusia Datang ke...
Faktanya, berdasarkan informasi yang beredar, pesawat...",Hoax,TurnBackHoax
[SALAH] Pesawat Raksasa Milik Rusia Datang ke...,Hoax,TurnBackHoax
"[SALAH] Peringatan Keras Megawati dan Puan ke...
Faktanya, video yang disebarkan berisi foto-foto...",Hoax,TurnBackHoax
[SALAH] Peringatan Keras Megawati dan Puan ke...,Hoax,TurnBackHoax
"[SALAH] Jokowi Sebut Gibran-Kaesang Akan Jadi Presiden...
Faktanya unggahan tersebut merupakan manipulasi dari...",Hoax,TurnBackHoax
[SALAH] Jokowi Sebut Gibran-Kaesang Akan Jadi Presiden...,Hoax,TurnBackHoax
"[PENIPUAN] Tautan Pendaftaran Kartu Prakerja 2026
Unggahan berisi tautan pendaftaran “Kartu Prakerja...",Hoax,TurnBackHoax
[PENIPUAN] Tautan Pendaftaran Kartu Prakerja 2026,Hoax,TurnBackHoax
"[SALAH] KPK Tegaskan Jokowi Tidak Terlibat Kasus...
Tidak ditemukan informasi valid atau pemberitaan...",Hoax,TurnBackHoax
[SALAH] KPK Tegaskan Jokowi Tidak Terlibat Kasus...,Hoax,TurnBackHoax
"[SALAH] Purbaya Menolak Penyaluran Dana Rp200 Triliun...
Tidak ditemukan informasi maupun pemberitaan kredibel...",Hoax,TurnBackHoax
[SALAH] Purbaya Menolak Penyaluran Dana Rp200 Triliun...,Hoax,TurnBackHoax
"[SALAH] Korea Selatan Tutup Pintu untuk Wisatawan...
Tidak ditemukan informasi kredibel yang membenarkan...",Hoax,TurnBackHoax
[SALAH] Korea Selatan Tutup Pintu untuk Wisatawan...,Hoax,TurnBackHoax
"[SALAH] Jokowi Jadikan IKN sebagai Jaminan Pinjaman...
Tidak ditemukan informasi kredibel yang membenarkan...",Hoax,TurnBackHoax
[SALAH] Jokowi Jadikan IKN sebagai Jaminan Pinjaman...,Hoax,TurnBackHoax
"[SALAH] PM Denmark Tuntut Israel Dihapus dari...
Tidak ditemukan informasi kredibel yang membenarkan...",Hoax,TurnBackHoax
[SALAH] PM Denmark Tuntut Israel Dihapus dari...,Hoax,TurnBackHoax
"[PENIPUAN] Bantuan Subsidi Upah Bakal Cair Januari...
Faktanya, pemerintah sampai saat ini belum...",Hoax,TurnBackHoax
[PENIPUAN] Bantuan Subsidi Upah Bakal Cair Januari...,Hoax,TurnBackHoax
"[SALAH] China Putuskan Hubungan Investasi dengan Malaysia
Tidak ditemukan informasi kredibel yang membenarkan...",Hoax,TurnBackHoax
[SALAH] China Putuskan Hubungan Investasi dengan Malaysia,Hoax,TurnBackHoax
"[SALAH] SBY Masuk Rumah Sakit pada Januari...
Tidak ada informasi maupun pemberitaan kredibel...",Hoax,TurnBackHoax
[SALAH] SBY Masuk Rumah Sakit pada Januari...,Hoax,TurnBackHoax
"[SALAH] Trump Mau Pindahkan Jutaan Warga Israel...
Informasi mengenai rencana pemindahan jutaan warga...",Hoax,TurnBackHoax
[SALAH] Trump Mau Pindahkan Jutaan Warga Israel...,Hoax,TurnBackHoax
"[PENIPUAN] Program Pemutihan Sertifikat Tanah Gratis 2026
Informasi mengenai pemutihan sertifikat tanah gratis...",Hoax,TurnBackHoax
[PENIPUAN] Program Pemutihan Sertifikat Tanah Gratis 2026,Hoax,TurnBackHoax
"[PENIPUAN] Tautan Pembuatan SIM Online Gratis 2026
Tautan yang dibagikan tidak mengarah ke...",Hoax,TurnBackHoax
[PENIPUAN] Tautan Pembuatan SIM Online Gratis 2026,Hoax,TurnBackHoax
"[SALAH] Kezia Syifa Gabung ke Militer AS...
Video hasil rekayasa AI dengan probabilitas...",Hoax,TurnBackHoax
[SALAH] Kezia Syifa Gabung ke Militer AS...,Hoax,TurnBackHoax
"[SALAH] Bahlil Terseret Kasus Korupsi Pertamina
Pada kasus korupsi migas Pertamina, Kejaksaan...",Hoax,TurnBackHoax
[SALAH] Bahlil Terseret Kasus Korupsi Pertamina,Hoax,TurnBackHoax
"[PENIPUAN] Tautan Lowongan Kerja PT Denso Indonesia
Pendaftaran lowongan kerja di PT Denso...",Hoax,TurnBackHoax
[PENIPUAN] Tautan Lowongan Kerja PT Denso Indonesia,Hoax,TurnBackHoax
"[SALAH] China Resmi Tutup Pintu untuk Wisatawan...
Tidak ditemukan informasi valid dari pemberitaan...",Hoax,TurnBackHoax
[SALAH] China Resmi Tutup Pintu untuk Wisatawan...,Hoax,TurnBackHoax
"[SALAH] Purbaya Mau Hapus Dana Desa, Diganti...
Tidak ditemukan informasi valid atau pemberitaan...",Hoax,TurnBackHoax
"[SALAH] Purbaya Mau Hapus Dana Desa, Diganti...",Hoax,TurnBackHoax
"[PENIPUAN] Tautan Pendaftaran Token Listrik Gratis 2026
Unggahan berisi tautan pendaftaran “token listrik...",Hoax,TurnBackHoax
[PENIPUAN] Tautan Pendaftaran Token Listrik Gratis 2026,Hoax,TurnBackHoax
"[SALAH] Video ""Detik-Detik Pesawat ATR Jatuh karena...
Konteks asli video adalah dokumentasi terbakarnya...",Hoax,TurnBackHoax
"[SALAH] Video ""Detik-Detik Pesawat ATR Jatuh karena...",Hoax,TurnBackHoax
"[SALAH] Foto ""Bangkai Pesawat ATR yang Hilang...
Hasil pemeriksaan menunjukkan bahwa foto tersebut...",Hoax,TurnBackHoax
"[SALAH] Foto ""Bangkai Pesawat ATR yang Hilang...",Hoax,TurnBackHoax
"[SALAH] Bahlil Ajak PLN Naikkan Harga Token...
Tidak ditemukan pernyataan resmi atau pemberitaan...",Hoax,TurnBackHoax
[SALAH] Bahlil Ajak PLN Naikkan Harga Token...,Hoax,TurnBackHoax
"[SALAH] Purbaya Ungkap Data Uang Jokowi Ribuan...
Faktanya, tidak ditemukan pernyataan resmi atau...",Hoax,TurnBackHoax
[SALAH] Purbaya Ungkap Data Uang Jokowi Ribuan...,Hoax,TurnBackHoax
"[SALAH] Video ""Situasi di Pesawat ATR sebelum...
Faktanya, video tersebut tidak berkaitan dengan...",Hoax,TurnBackHoax
"[SALAH] Video ""Situasi di Pesawat ATR sebelum...",Hoax,TurnBackHoax
"[SALAH] Video “Mobil Tersambar Petir di Jalan...
Konten yang beredar adalah hasil rekayasa...",Hoax,TurnBackHoax
[SALAH] Video “Mobil Tersambar Petir di Jalan...,Hoax,TurnBackHoax
"[PENIPUAN] Tautan Pendaftaran CPNS 2026
Faktanya, belum ada keputusan resmi mengenai...",Hoax,TurnBackHoax
[PENIPUAN] Tautan Pendaftaran CPNS 2026,Hoax,TurnBackHoax
"[SALAH] Purbaya akan Telusuri Aliran Dana di...
Tidak ditemukan informasi kredibel yang mendukung...",Hoax,TurnBackHoax
[SALAH] Purbaya akan Telusuri Aliran Dana di...,Hoax,TurnBackHoax
"[SALAH] Purbaya Ungkap Hasil Korupsi Jokowi Disembunyikan...
Faktanya, penelusuran KPK yang berkoordinasi dengan...",Hoax,TurnBackHoax
[SALAH] Purbaya Ungkap Hasil Korupsi Jokowi Disembunyikan...,Hoax,TurnBackHoax
"[SALAH] Menkeu Purbaya Bakal Audit Kekayaan Luhut
Tidak ditemukan informasi kredibel yang membenarkan...",Hoax,TurnBackHoax
[SALAH] Menkeu Purbaya Bakal Audit Kekayaan Luhut,Hoax,TurnBackHoax
"[SALAH] Tolak Angin Mengandung Bahan Kimia yang...
Faktanya, Tolak Angin aman dikonsumsi jika...",Hoax,TurnBackHoax
[SALAH] Tolak Angin Mengandung Bahan Kimia yang...,Hoax,TurnBackHoax
"[SALAH] Video Demo Santri Meminta Indonesia Berdamai...
Faktanya, video tersebut merupakan hasil rekayasa...",Hoax,TurnBackHoax
[SALAH] Video Demo Santri Meminta Indonesia Berdamai...,Hoax,TurnBackHoax
"[SALAH] Roy Suryo Terjerat Kasus Narkoba
Faktanya orang berinisial RS yang ditangkap...",Hoax,TurnBackHoax
[SALAH] Roy Suryo Terjerat Kasus Narkoba,Hoax,TurnBackHoax
"[PENIPUAN] Tautan Pendaftaran CPNS Kemenkes 2026
Tautan yang dibagikan tidak mengarah ke...",Hoax,TurnBackHoax
[PENIPUAN] Tautan Pendaftaran CPNS Kemenkes 2026,Hoax,TurnBackHoax
"[SALAH] Listrik dan ATM Bakal Mati selama...
Video yang beredar hanya menampilkan pernyataan...",Hoax,TurnBackHoax
[SALAH] Listrik dan ATM Bakal Mati selama...,Hoax,TurnBackHoax
"[SALAH] Video “Keributan saat Sidang Nadiem Makarim”
Konteks asli video adalah momen ricuh...",Hoax,TurnBackHoax
[SALAH] Video “Keributan saat Sidang Nadiem Makarim”,Hoax,TurnBackHoax
"[SALAH] Akun TikTok Informasi Bantuan Pemerintah
Akun TikTok “info.pemerintahidn” bukan merupakan akun...",Hoax,TurnBackHoax
[SALAH] Akun TikTok Informasi Bantuan Pemerintah,Hoax,TurnBackHoax
"[SALAH] Video Siswa Keracunan MBG 18 Januari...
Faktanya, konteks video merupakan kasus keracunan...",Hoax,TurnBackHoax
[SALAH] Video Siswa Keracunan MBG 18 Januari...,Hoax,TurnBackHoax
"[SALAH] Prabowo: Gaji DPR Tiga Bulan untuk...
Tidak ada informasi valid atau pemberitaan...",Hoax,TurnBackHoax
[SALAH] Prabowo: Gaji DPR Tiga Bulan untuk...,Hoax,TurnBackHoax
"[SALAH] Uji Coba Nuklir AS Sebabkan Gempa...
Faktanya, tsunami Aceh 2004 disebabkan oleh...",Hoax,TurnBackHoax
[SALAH] Uji Coba Nuklir AS Sebabkan Gempa...,Hoax,TurnBackHoax
"[SALAH] Nadiem Makarim Menyerahkan Rp450 Triliun kepada...
Faktanya, tidak ditemukan pemberitaan kredibel yang...",Hoax,TurnBackHoax
[SALAH] Nadiem Makarim Menyerahkan Rp450 Triliun kepada...,Hoax,TurnBackHoax
"[SALAH] Demo Mahasiswa UGM Tuntut Jokowi Tunjukan...
Berdasarkan hasil penelusuran, video tersebut berkaitan...",Hoax,TurnBackHoax
[SALAH] Demo Mahasiswa UGM Tuntut Jokowi Tunjukan...,Hoax,TurnBackHoax
"[SALAH] Chemtrails di Langit Bekasi Dan Jawa...
Klaim tentang contrail sebagai penyebar penyakit,...",Hoax,TurnBackHoax
[SALAH] Chemtrails di Langit Bekasi Dan Jawa...,Hoax,TurnBackHoax
"[PENIPUAN] Tautan Pendaftaran Program Bantuan Budidaya Ikan...
Pendaftaran program bantuan budidaya ikan dapat...",Hoax,TurnBackHoax
[PENIPUAN] Tautan Pendaftaran Program Bantuan Budidaya Ikan...,Hoax,TurnBackHoax
"[SALAH] Helikopter yang Ditumpangi Sahroni Jatuh saat...
Faktanya, konteks asli video yang beredar...",Hoax,TurnBackHoax
[SALAH] Helikopter yang Ditumpangi Sahroni Jatuh saat...,Hoax,TurnBackHoax
"[SALAH] Menteri ESDM Bahlil Ancam Mundur Jika...
Tidak ditemukan informasi kredibel yang membenarkan...",Hoax,TurnBackHoax
[SALAH] Menteri ESDM Bahlil Ancam Mundur Jika...,Hoax,TurnBackHoax
"[SALAH] Purbaya Tidak Setuju Perjanjian Dagang Trump-Prabowo
Tidak ditemukan bukti atau pernyataan resmi...",Hoax,TurnBackHoax
[SALAH] Purbaya Tidak Setuju Perjanjian Dagang Trump-Prabowo,Hoax,TurnBackHoax
"[SALAH] Ledakan di Tambang Emas PT Antam...
Faktanya, kepulan asap di tambang PT...",Hoax,TurnBackHoax
[SALAH] Ledakan di Tambang Emas PT Antam...,Hoax,TurnBackHoax
"[PENIPUAN] Bantuan Dana dari BP2MI untuk Pekerja...
Faktanya, Kementerian P2MI menyatakan tidak pernah...",Hoax,TurnBackHoax
[PENIPUAN] Bantuan Dana dari BP2MI untuk Pekerja...,Hoax,TurnBackHoax
"[PENIPUAN] Tautan Pendaftaran ""Bantuan Bibit Ayam Pemerintah...
Unggahan berisi tautan pendaftaran “bantuan bibit...",Hoax,TurnBackHoax
"[PENIPUAN] Tautan Pendaftaran ""Bantuan Bibit Ayam Pemerintah...",Hoax,TurnBackHoax
"[SALAH] Video ""Ka'bah Diterjang Banjir""
Konten yang beredar adalah hasil rekayasa...",Hoax,TurnBackHoax
"[SALAH] Video ""Ka'bah Diterjang Banjir""",Hoax,TurnBackHoax
"[SALAH] Presiden AS Donald Trump Dimakzulkan Setelah...
Faktanya, hingga saat ini Donald Trump...",Hoax,TurnBackHoax
[SALAH] Presiden AS Donald Trump Dimakzulkan Setelah...,Hoax,TurnBackHoax
"[SALAH] Prabowo Tegaskan Indonesia Siap Perang Melawan...
Tidak ditemukan informasi kredibel yang membenarkan...",Hoax,TurnBackHoax
[SALAH] Prabowo Tegaskan Indonesia Siap Perang Melawan...,Hoax,TurnBackHoax
"[SALAH] Khairun Nisa 'Pramugari' Viral Resmi Masuk...
Klaim Khairun Nisa telah direkrut sebagai...",Hoax,TurnBackHoax
[SALAH] Khairun Nisa 'Pramugari' Viral Resmi Masuk...,Hoax,TurnBackHoax
"[SALAH] Video Purbaya Menolak dijadikan Wapres
Konten yang beredar merupakan hasil rekayasa...",Hoax,TurnBackHoax
[SALAH] Video Purbaya Menolak dijadikan Wapres,Hoax,TurnBackHoax
"[PENIPUAN] Undian Berhadiah dari Bank Jateng
Tautan yang dibagikan tidak mengarah ke...",Hoax,TurnBackHoax
[PENIPUAN] Undian Berhadiah dari Bank Jateng,Hoax,TurnBackHoax
"[SALAH] Demo di DPRD Kalimantan Selatan 12...
Faktanya, video merupakan penolakan KUHAP baru...",Hoax,TurnBackHoax
[SALAH] Demo di DPRD Kalimantan Selatan 12...,Hoax,TurnBackHoax
"[SALAH] KPK Bakal Panggil Jokowi dalam Kasus...
Faktanya, KPK telah memastikan tidak akan...",Hoax,TurnBackHoax
[SALAH] KPK Bakal Panggil Jokowi dalam Kasus...,Hoax,TurnBackHoax
"[PENIPUAN] Video ""Menteri Agama Resmikan Bantuan Dana...
Konten yang beredar merupakan hasil rekayasa...",Hoax,TurnBackHoax
"[PENIPUAN] Video ""Menteri Agama Resmikan Bantuan Dana...",Hoax,TurnBackHoax
"[PENIPUAN] Tautan Layanan “Gratis Pemutihan Pajak Motor...
Unggahan berisi tautan akses “gratis pemutihan...",Hoax,TurnBackHoax
[PENIPUAN] Tautan Layanan “Gratis Pemutihan Pajak Motor...,Hoax,TurnBackHoax
"[SALAH] Video “10 Januari 2026 Badai Tornado...
Konteks asli video adalah dokumentasi angin...",Hoax,TurnBackHoax
[SALAH] Video “10 Januari 2026 Badai Tornado...,Hoax,TurnBackHoax
"[SALAH] Seorang Anak Dikeluarkan dari Perut Ular...
Faktanya, korban berhasil diselamatkan oleh ayahnya...",Hoax,TurnBackHoax
[SALAH] Seorang Anak Dikeluarkan dari Perut Ular...,Hoax,TurnBackHoax
"[SALAH] Kebutaan Disebabkan Penggunaan HP di Ruangan...
Penggunaan handphone dalam kondisi gelap memang...",Hoax,TurnBackHoax
[SALAH] Kebutaan Disebabkan Penggunaan HP di Ruangan...,Hoax,TurnBackHoax
"[SALAH] Video Pria Ditangkap karena Mencuri Susu...
Faktanya, pria di video tersebut merupakan...",Hoax,TurnBackHoax
[SALAH] Video Pria Ditangkap karena Mencuri Susu...,Hoax,TurnBackHoax
"[PENIPUAN] Undian Berhadiah Bank Aceh 2026
Tautan yang dibagikan tidak mengarah ke...",Hoax,TurnBackHoax
[PENIPUAN] Undian Berhadiah Bank Aceh 2026,Hoax,TurnBackHoax
"[SALAH] Prabowo Copot Sejumlah Menteri saat Retret...
Tidak ada informasi valid atau pemberitaan...",Hoax,TurnBackHoax
[SALAH] Prabowo Copot Sejumlah Menteri saat Retret...,Hoax,TurnBackHoax
"[SALAH] TNI akan Audit Dana Desa yang...
Konten yang beredar merupakan hasil rekayasa...",Hoax,TurnBackHoax
[SALAH] TNI akan Audit Dana Desa yang...,Hoax,TurnBackHoax
"[PENIPUAN] BRI Sediakan Pinjaman Online hingga Rp500...
Pinjaman hingga Rp500 juta memang tersedia...",Hoax,TurnBackHoax
[PENIPUAN] BRI Sediakan Pinjaman Online hingga Rp500...,Hoax,TurnBackHoax
"[SALAH] Trump: Saya Tidak Butuh PBB, AS...
Tidak ada pernyataan resmi atau informasi...",Hoax,TurnBackHoax
"[SALAH] Trump: Saya Tidak Butuh PBB, AS...",Hoax,TurnBackHoax
"[SALAH] Prabowo Ingin Jadikan Purbaya sebagai Presiden...
Tidak ditemukan informasi dari sumber kredibel...",Hoax,TurnBackHoax
[SALAH] Prabowo Ingin Jadikan Purbaya sebagai Presiden...,Hoax,TurnBackHoax
"[SALAH] Video ""Ustaz Ajak Jamaah Bersahabat dengan...
Faktanya, video tersebut merupakan hasil rekayasa...",Hoax,TurnBackHoax
"[SALAH] Video ""Ustaz Ajak Jamaah Bersahabat dengan...",Hoax,TurnBackHoax
"[SALAH] Jokowi Terima Uang Ratusan Triliun Rupiah...
Konten yang beredar adalah hasil suntingan...",Hoax,TurnBackHoax
[SALAH] Jokowi Terima Uang Ratusan Triliun Rupiah...,Hoax,TurnBackHoax
"[SALAH] Video ""Aktivis Aceh Demo di Gedung...
Konteks asli video adalah dokumentasi aksi...",Hoax,TurnBackHoax
"[SALAH] Video ""Aktivis Aceh Demo di Gedung...",Hoax,TurnBackHoax
"[SALAH] Purbaya Bongkar Transaksi Jahat Jokowi
Tidak ada informasi atau pemberitaan kredibel...",Hoax,TurnBackHoax
[SALAH] Purbaya Bongkar Transaksi Jahat Jokowi,Hoax,TurnBackHoax
"[SALAH] Trump Bakal Buat Indonesia seperti Venezuela
Tidak ditemukan informasi kredibel yang membenarkan...",Hoax,TurnBackHoax
[SALAH] Trump Bakal Buat Indonesia seperti Venezuela,Hoax,TurnBackHoax
"[SALAH] Rakyat Venezuela Demo Minta Bantuan Usai...
Konteks asli video adalah dokumentasi momen...",Hoax,TurnBackHoax
[SALAH] Rakyat Venezuela Demo Minta Bantuan Usai...,Hoax,TurnBackHoax
"[SALAH] Purbaya dan Prabowo Sepakat Turunkan Harga...
Faktanya, tidak ada keputusan resmi maupun...",Hoax,TurnBackHoax
[SALAH] Purbaya dan Prabowo Sepakat Turunkan Harga...,Hoax,TurnBackHoax
"[SALAH] Dana Desa Dihapus, Diganti “Program untuk...
Faktanya, program Dana Desa masih berlanjut...",Hoax,TurnBackHoax
"[SALAH] Dana Desa Dihapus, Diganti “Program untuk...",Hoax,TurnBackHoax
"[PENIPUAN] Tautan Pendaftaran “Lowongan Kerja Pegadaian 2026""
Unggahan berisi tautan “pendaftaran lowongan kerja...",Hoax,TurnBackHoax
"[PENIPUAN] Tautan Pendaftaran “Lowongan Kerja Pegadaian 2026""",Hoax,TurnBackHoax
"[SALAH] Denmark Latihan Kesiapan Tempur Lawan AS...
Konteks asli video adalah dokumentasi latihan...",Hoax,TurnBackHoax
[SALAH] Denmark Latihan Kesiapan Tempur Lawan AS...,Hoax,TurnBackHoax
"[SALAH] Akibat Banyak yang Keracunan, Purbaya Usul...
Kemenkeu telah membatah informasi tersebut, program...",Hoax,TurnBackHoax
"[SALAH] Akibat Banyak yang Keracunan, Purbaya Usul...",Hoax,TurnBackHoax
"[SALAH] Hasil Uji Laboratorium Sinkhole di Sumbar...
Air sinkhole di Situjuah Batua, Limapuluh...",Hoax,TurnBackHoax
[SALAH] Hasil Uji Laboratorium Sinkhole di Sumbar...,Hoax,TurnBackHoax
"[SALAH] Hakim PN Surakarta Tegaskan Ijazah Jokowi...
Tidak ada informasi valid atau pemberitaan...",Hoax,TurnBackHoax
[SALAH] Hakim PN Surakarta Tegaskan Ijazah Jokowi...,Hoax,TurnBackHoax
"[SALAH] Menkeu Purbaya Ancam Luhut dan Sri...
Tidak ditemukan informasi dari sumber kredibel...",Hoax,TurnBackHoax
[SALAH] Menkeu Purbaya Ancam Luhut dan Sri...,Hoax,TurnBackHoax
"[SALAH] Seskab Teddy Telepon Pandji Pragiwaksono, Minta...
Faktanya, audio dalam video adalah pernyataan...",Hoax,TurnBackHoax
"[SALAH] Seskab Teddy Telepon Pandji Pragiwaksono, Minta...",Hoax,TurnBackHoax
"[SALAH] Artis Cilik Farel Prayoga Meninggal Dunia...
Faktanya, melalui unggahan akun Instagram penyanyi...",Hoax,TurnBackHoax
[SALAH] Artis Cilik Farel Prayoga Meninggal Dunia...,Hoax,TurnBackHoax
"[SALAH] Video ""TNI Bangun Jembatan Darurat di...
Faktanya, video tersebut diketahui hasil rekayasa...",Hoax,TurnBackHoax
"[SALAH] Video ""TNI Bangun Jembatan Darurat di...",Hoax,TurnBackHoax
"[SALAH] TNI Sebut China Sudah Sangat Berharga...
Tidak ditemukan informasi yang membenarkan klaim....",Hoax,TurnBackHoax
[SALAH] TNI Sebut China Sudah Sangat Berharga...,Hoax,TurnBackHoax
"[SALAH] Foto Helikopter dan Pasukan pada Operasi...
Faktanya, foto yang dibagikan adalah dokumentasi...",Hoax,TurnBackHoax
[SALAH] Foto Helikopter dan Pasukan pada Operasi...,Hoax,TurnBackHoax
"[SALAH] Menkeu Purbaya Audit Dana Pembangunan Jalan...
Tidak ditemukan informasi dari sumber kredibel...",Hoax,TurnBackHoax
[SALAH] Menkeu Purbaya Audit Dana Pembangunan Jalan...,Hoax,TurnBackHoax
"[SALAH] Video ""Mahasiswa Tolak Pelaksanaan Program MBG...
Konten yang beredar merupakan hasil rekayasa...",Hoax,TurnBackHoax
"[SALAH] Video ""Mahasiswa Tolak Pelaksanaan Program MBG...",Hoax,TurnBackHoax
"[PENIPUAN] Pemerintah Resmikan Pinjaman Berbasis Online COD...
Tidak ditemukan informasi kredibel yang membenarkan...",Hoax,TurnBackHoax
[PENIPUAN] Pemerintah Resmikan Pinjaman Berbasis Online COD...,Hoax,TurnBackHoax
"[SALAH] Kantor Polisi Cina Sudah Berdiri di...
Tidak ada laporan resmi atau informasi...",Hoax,TurnBackHoax
[SALAH] Kantor Polisi Cina Sudah Berdiri di...,Hoax,TurnBackHoax
"[PENIPUAN] Tautan Pendaftaran “Lowongan Mitra BPS 2026""
Faktanya, pendaftaran Mitra BPS untuk tahun...",Hoax,TurnBackHoax
"[PENIPUAN] Tautan Pendaftaran “Lowongan Mitra BPS 2026""",Hoax,TurnBackHoax
"[SALAH] Pesawat Tempur Amerika Serang Venezuela
Konten yang beredar bukan merupakan peristiwa...",Hoax,TurnBackHoax
[SALAH] Pesawat Tempur Amerika Serang Venezuela,Hoax,TurnBackHoax
"[PENIPUAN] Tautan “Pendaftaran Pendamping Desa 2026”
Faktanya, tautan tidak mengarah ke laman...",Hoax,TurnBackHoax
[PENIPUAN] Tautan “Pendaftaran Pendamping Desa 2026”,Hoax,TurnBackHoax
"[SALAH] Menkeu Purbaya Peringatkan Sri Mulyani untuk...
Tidak ditemukan informasi kredibel yang mendukung...",Hoax,TurnBackHoax
[SALAH] Menkeu Purbaya Peringatkan Sri Mulyani untuk...,Hoax,TurnBackHoax
"[PENIPUAN] Tautan Pendaftaran Lowongan ""Pegawai Bea Cukai...
Unggahan berisi tautan “pendaftaran lowongan pegawai...",Hoax,TurnBackHoax
"[PENIPUAN] Tautan Pendaftaran Lowongan ""Pegawai Bea Cukai...",Hoax,TurnBackHoax
"[SALAH] Menkeu Purbaya Peringatkan DPR: Jangan Sampai...
Tidak ditemukan satupun informasi dari sumber...",Hoax,TurnBackHoax
[SALAH] Menkeu Purbaya Peringatkan DPR: Jangan Sampai...,Hoax,TurnBackHoax
"[SALAH] Menag RI: Dua Juta Umat Muslim...
Tidak ada informasi valid atau pemberitaan...",Hoax,TurnBackHoax
[SALAH] Menag RI: Dua Juta Umat Muslim...,Hoax,TurnBackHoax
"[PENIPUAN] Tautan Pendaftaran ""CPNS Dinas Perhubungan 2026""
Unggahan berisi tautan “pendaftaran CPNS Dinas...",Hoax,TurnBackHoax
"[PENIPUAN] Tautan Pendaftaran ""CPNS Dinas Perhubungan 2026""",Hoax,TurnBackHoax
"[PENIPUAN] Tautan ""Pendaftaran Bantuan PKH 2026 Rp900...
Tautan yang dibagikan tidak mengarah ke...",Hoax,TurnBackHoax
"[PENIPUAN] Tautan ""Pendaftaran Bantuan PKH 2026 Rp900...",Hoax,TurnBackHoax
"[SALAH] Anggaran Program MBG Dialihkan untuk Bencana...
Tidak ditemukan pemberitaan kredibel yang membenarkan...",Hoax,TurnBackHoax
[SALAH] Anggaran Program MBG Dialihkan untuk Bencana...,Hoax,TurnBackHoax
"[SALAH] Prabowo Ultimatum Jenderal Polisi di Kementerian:...
Tidak ditemukan informasi kredibel yang membenarkan...",Hoax,TurnBackHoax
[SALAH] Prabowo Ultimatum Jenderal Polisi di Kementerian:...,Hoax,TurnBackHoax
"[SALAH] DPR Desak Pemerintah Jangan Halangi Rakyat...
Tidak ditemukan informasi dari sumber kredibel...",Hoax,TurnBackHoax
[SALAH] DPR Desak Pemerintah Jangan Halangi Rakyat...,Hoax,TurnBackHoax
"[SALAH] Presiden Sementara Venezuela Tegaskan Bakal Lawan...
Faktanya, Presiden sementara Venezuela adalah Delcy...",Hoax,TurnBackHoax
[SALAH] Presiden Sementara Venezuela Tegaskan Bakal Lawan...,Hoax,TurnBackHoax
"[SALAH] Kejagung Tetapkan Luhut Jadi Tersangka Korupsi...
Tidak ditemukan pemberitaan kredibel yang membenarkan...",Hoax,TurnBackHoax
[SALAH] Kejagung Tetapkan Luhut Jadi Tersangka Korupsi...,Hoax,TurnBackHoax
"[SALAH] Video Warga Aceh Tamiang Rebutan Peluk...
Faktanya, video tersebut kemungkinan besar direkam...",Hoax,TurnBackHoax
[SALAH] Video Warga Aceh Tamiang Rebutan Peluk...,Hoax,TurnBackHoax
"[SALAH] Kembang Api Godzilla Di Jepang Saat...
Video kembang api berbentuk Godzilla tersebut...",Hoax,TurnBackHoax
[SALAH] Kembang Api Godzilla Di Jepang Saat...,Hoax,TurnBackHoax
"[SALAH] Video Dedi Mulyadi Disambut Warga Padang...
Video yang beredar merupakan dokumentasi kunjungan...",Hoax,TurnBackHoax
[SALAH] Video Dedi Mulyadi Disambut Warga Padang...,Hoax,TurnBackHoax
"[SALAH] Pembaca Kitab Mazmur dalam Ibadah Misa...
Video tersebut menampilkan pembacaan Surah Al-Baqarah...",Hoax,TurnBackHoax
[SALAH] Pembaca Kitab Mazmur dalam Ibadah Misa...,Hoax,TurnBackHoax
"[PENIPUAN] Tautan Pendaftaran Lowongan Kerja BNPB 2026
Faktanya, informasi lowongan kerja resmi BNPB...",Hoax,TurnBackHoax
[PENIPUAN] Tautan Pendaftaran Lowongan Kerja BNPB 2026,Hoax,TurnBackHoax
"[SALAH] Malaysia Sebut Pemerintahan Prabowo seperti Penindasan...
Konten yang beredar merupakan hasil rekayasa...",Hoax,TurnBackHoax
[SALAH] Malaysia Sebut Pemerintahan Prabowo seperti Penindasan...,Hoax,TurnBackHoax
"[SALAH] Purbaya Memohon ke Prabowo untuk Sahkan...
Tidak ditemukan informasi kredibel yang membenarkan...",Hoax,TurnBackHoax
[SALAH] Purbaya Memohon ke Prabowo untuk Sahkan...,Hoax,TurnBackHoax
"[SALAH] BMKG Keluarkan Peringatan Ancaman Fenomena Squall...
BMKG tidak pernah mengeluarkan pernyataan maupun...",Hoax,TurnBackHoax
[SALAH] BMKG Keluarkan Peringatan Ancaman Fenomena Squall...,Hoax,TurnBackHoax
"[SALAH] Video Rumah Tiga Lantai Terseret Arus...
Konten yang beredar merupakan hasil rekayasa...",Hoax,TurnBackHoax
[SALAH] Video Rumah Tiga Lantai Terseret Arus...,Hoax,TurnBackHoax
"[SALAH] Ahmad Sidik (Pelapor Ijazah Palsu Wagub...
Tidak ada informasi valid atau pemberitaan...",Hoax,TurnBackHoax
[SALAH] Ahmad Sidik (Pelapor Ijazah Palsu Wagub...,Hoax,TurnBackHoax
"[SALAH] Video “Bahlil Joget di Tengah Duka...
Konteks asli video adalah momen Bahlil...",Hoax,TurnBackHoax
[SALAH] Video “Bahlil Joget di Tengah Duka...,Hoax,TurnBackHoax
"[SALAH] 2026 Ojol Wajib Beli Motor Listrik...
Tidak ada informasi valid atau pemberitaan...",Hoax,TurnBackHoax
[SALAH] 2026 Ojol Wajib Beli Motor Listrik...,Hoax,TurnBackHoax
"[SALAH] Video “Pertemuan Damai Jokowi dan Roy...
Konten yang beredar adalah hasil rekayasa...",Hoax,TurnBackHoax
[SALAH] Video “Pertemuan Damai Jokowi dan Roy...,Hoax,TurnBackHoax
"[SALAH] Hotman Paris Temukan Aliran Dana dalam...
Tidak ada informasi valid atau pemberitaan...",Hoax,TurnBackHoax
[SALAH] Hotman Paris Temukan Aliran Dana dalam...,Hoax,TurnBackHoax
"[PENIPUAN] Pemerintah Akan Salurkan BLT UMKM 2026...
Tautan yang dibagikan tidak mengarah ke...",Hoax,TurnBackHoax
[PENIPUAN] Pemerintah Akan Salurkan BLT UMKM 2026...,Hoax,TurnBackHoax
"[SALAH] Akuarium Besar di Mall Bandung Pecah
Konten yang beredar merupakan hasil rekayasa...",Hoax,TurnBackHoax
[SALAH] Akuarium Besar di Mall Bandung Pecah,Hoax,TurnBackHoax
"[PENIPUAN] Najwa Shihab Promosikan Program Motor Murah...
Konten yang beredar merupakan hasil rekayasa...",Hoax,TurnBackHoax
[PENIPUAN] Najwa Shihab Promosikan Program Motor Murah...,Hoax,TurnBackHoax
"[PENIPUAN] Tautan Pendaftaran ""Lowongan Kerja Dinas Lingkungan...
Unggahan berisi tautan “lowongan kerja dinas...",Hoax,TurnBackHoax
"[PENIPUAN] Tautan Pendaftaran ""Lowongan Kerja Dinas Lingkungan...",Hoax,TurnBackHoax
"[SALAH] PBB Kirim Tim Investigasi ke Aceh...
Konteks asli dokumentasi adalah momen United...",Hoax,TurnBackHoax
[SALAH] PBB Kirim Tim Investigasi ke Aceh...,Hoax,TurnBackHoax
"[SALAH] Mantan Model Dewasa Dilantik Jadi Tim...
Selebgram Ayu Aulia bukan tim kreatif...",Hoax,TurnBackHoax
[SALAH] Mantan Model Dewasa Dilantik Jadi Tim...,Hoax,TurnBackHoax
"[PENIPUAN] Dirjen Bimas Kristen Kemenag RI Bagikan...
Faktanya, sebesar 99,8 persen video tersebut...",Hoax,TurnBackHoax
[PENIPUAN] Dirjen Bimas Kristen Kemenag RI Bagikan...,Hoax,TurnBackHoax
"[SALAH] Pemkab Sampang Alergi Muhammadiyah
Konten yang beredar adalah hasil rekayasa...",Hoax,TurnBackHoax
[SALAH] Pemkab Sampang Alergi Muhammadiyah,Hoax,TurnBackHoax
"[SALAH] Video Rapat DPRD Jawa Barat tentang...
Faktanya, video yang disebarkan adalah media...",Hoax,TurnBackHoax
[SALAH] Video Rapat DPRD Jawa Barat tentang...,Hoax,TurnBackHoax
"[SALAH] TNI Tangkap Anggota KKB dan WNA...
Konten yang beredar adalah hasil rekayasa...",Hoax,TurnBackHoax
[SALAH] TNI Tangkap Anggota KKB dan WNA...,Hoax,TurnBackHoax
"[SALAH] Bahlil Minta PLN Menaikkan Harga Token...
Tidak ditemukan informasi resmi atau pemberitaan...",Hoax,TurnBackHoax
[SALAH] Bahlil Minta PLN Menaikkan Harga Token...,Hoax,TurnBackHoax
"[SALAH] China Kirim Bantuan Tank dan Peluncur...
Tidak ditemukan informasi kredibel yang membenarkan...",Hoax,TurnBackHoax
[SALAH] China Kirim Bantuan Tank dan Peluncur...,Hoax,TurnBackHoax
"[SALAH] Snack Luppo Mengandung Tablet Berbahaya yang...
Faktanya, video tersebut kemungkinan besar direkam...",Hoax,TurnBackHoax
[SALAH] Snack Luppo Mengandung Tablet Berbahaya yang...,Hoax,TurnBackHoax
"[SALAH] Puluhan Truk Malaysia Curi Kabel Tembaga...
Konten yang beredar adalah hasil rekayasa...",Hoax,TurnBackHoax
[SALAH] Puluhan Truk Malaysia Curi Kabel Tembaga...,Hoax,TurnBackHoax
"[SALAH] Roy Suryo Divonis 30 Tahun Penjara...
Tidak ditemukan pemberitaan kredibel yang membenarkan...",Hoax,TurnBackHoax
[SALAH] Roy Suryo Divonis 30 Tahun Penjara...,Hoax,TurnBackHoax
"[SALAH] Video “Desember 2025 Mahasiswa UGM Demo...
Konteks asli video adalah momen mahasiswa...",Hoax,TurnBackHoax
[SALAH] Video “Desember 2025 Mahasiswa UGM Demo...,Hoax,TurnBackHoax
"[SALAH] Tom Lembong Sebut Kaesang Terima Uang...
Faktanya, tidak ditemukan pemberitaan kredibel yang...",Hoax,TurnBackHoax
[SALAH] Tom Lembong Sebut Kaesang Terima Uang...,Hoax,TurnBackHoax
"[PENIPUAN] Tautan Akses Pencairan Simpanan JHT
Tautan yang dibagikan tidak mengarah ke...",Hoax,TurnBackHoax
[PENIPUAN] Tautan Akses Pencairan Simpanan JHT,Hoax,TurnBackHoax
"[SALAH] Puluhan Rumah Elit Jadi Lautan Usai...
Konteks asli video adalah dokumentasi rumah...",Hoax,TurnBackHoax
[SALAH] Puluhan Rumah Elit Jadi Lautan Usai...,Hoax,TurnBackHoax
"[SALAH] Demo di London Akibat Perlakuan Bonnie...
Konteks asli video adalah momen demonstrasi...",Hoax,TurnBackHoax
[SALAH] Demo di London Akibat Perlakuan Bonnie...,Hoax,TurnBackHoax
"[SALAH] Video ""TNI Tangkap Mafia Asing Tambang...
Konten yang beredar merupakan hasil rekayasa...",Hoax,TurnBackHoax
"[SALAH] Video ""TNI Tangkap Mafia Asing Tambang...",Hoax,TurnBackHoax
"[PENIPUAN] Wapres Gibran Promosikan Program Motor Murah
Audio dalam konten yang beredar merupakan...",Hoax,TurnBackHoax
[PENIPUAN] Wapres Gibran Promosikan Program Motor Murah,Hoax,TurnBackHoax
"[PENIPUAN] Pengusaha Haji Isam Bagi-bagi Uang Melalui...
Konten yang beredar merupakan hasil rekayasa...",Hoax,TurnBackHoax
[PENIPUAN] Pengusaha Haji Isam Bagi-bagi Uang Melalui...,Hoax,TurnBackHoax
"[SALAH] Titiek Soeharto Resmi Jadi Ketua DPR...
Faktanya, sampai saat ini posisi Ketua...",Hoax,TurnBackHoax
[SALAH] Titiek Soeharto Resmi Jadi Ketua DPR...,Hoax,TurnBackHoax
"[SALAH] Foto “Raffi Ahmad dan Prabowo Bersama...
Potret yang beredar adalah hasil rekayasa...",Hoax,TurnBackHoax
[SALAH] Foto “Raffi Ahmad dan Prabowo Bersama...,Hoax,TurnBackHoax
"[SALAH] Video “700 Kepala Desa Tertangkap KPK”
Konteks asli video adalah momen Kepolisian...",Hoax,TurnBackHoax
[SALAH] Video “700 Kepala Desa Tertangkap KPK”,Hoax,TurnBackHoax
"[SALAH] Video “Ka’bah Dihias dengan Ornamen Natal”
Video yang beredar merupakan hasil rekayasa...",Hoax,TurnBackHoax
[SALAH] Video “Ka’bah Dihias dengan Ornamen Natal”,Hoax,TurnBackHoax
"[SALAH] Video Banjir Uang di Guci 20...
Faktanya, sebesar 81,3 persen gambar dari...",Hoax,TurnBackHoax
[SALAH] Video Banjir Uang di Guci 20...,Hoax,TurnBackHoax
"[SALAH] Video ""Polisi Tilang Iring-iringan Pengantar Jenazah""
Konten yang beredar merupakan hasil rekayasa...",Hoax,TurnBackHoax
"[SALAH] Video ""Polisi Tilang Iring-iringan Pengantar Jenazah""",Hoax,TurnBackHoax
"[SALAH] Puan Maharani Usulkan Kenaikan Pajak Demi...
Tidak ditemukan informasi kredibel yang membenarkan...",Hoax,TurnBackHoax
[SALAH] Puan Maharani Usulkan Kenaikan Pajak Demi...,Hoax,TurnBackHoax
"[SALAH] Natal Bersama di Masjid Istiqlal
Faktanya, video yang dibagikan adalah rekaman...",Hoax,TurnBackHoax
[SALAH] Natal Bersama di Masjid Istiqlal,Hoax,TurnBackHoax
"[SALAH] Bom Bunuh Diri di Bandara Hang...
Faktanya, video yang disebarkan adalah rekaman...",Hoax,TurnBackHoax
[SALAH] Bom Bunuh Diri di Bandara Hang...,Hoax,TurnBackHoax
"[SALAH] Megawati Ingin Rekrut Purbaya Masuk ke...
Tidak ada informasi valid atau pemberitaan...",Hoax,TurnBackHoax
[SALAH] Megawati Ingin Rekrut Purbaya Masuk ke...,Hoax,TurnBackHoax
"[SALAH] Penerima Vaksin Covid-19 Wajib Menjalani Tes...
Faktanya, tes D-dimer tidak perlu dijalani,...",Hoax,TurnBackHoax
[SALAH] Penerima Vaksin Covid-19 Wajib Menjalani Tes...,Hoax,TurnBackHoax
"[SALAH] Kedatangan Sultan Dubai ke Aceh untuk...
Tidak ditemukan informasi kredibel yang membenarkan...",Hoax,TurnBackHoax
[SALAH] Kedatangan Sultan Dubai ke Aceh untuk...,Hoax,TurnBackHoax
"[SALAH] Indra Sjafri Siap Bawa Timnas Malaysia...
Faktanya, tidak ditemukan informasi kredibel terkait...",Hoax,TurnBackHoax
[SALAH] Indra Sjafri Siap Bawa Timnas Malaysia...,Hoax,TurnBackHoax
"[SALAH] Perpanjangan SIM dan Pengurusan BPKB Gratis...
Konten yang beredar merupakan hasil rekayasa...",Hoax,TurnBackHoax
[SALAH] Perpanjangan SIM dan Pengurusan BPKB Gratis...,Hoax,TurnBackHoax
"[SALAH] Menkeu Purbaya Ingin Hentikan Program MBG...
Tidak ditemukan informasi kredibel yang membenarkan...",Hoax,TurnBackHoax
[SALAH] Menkeu Purbaya Ingin Hentikan Program MBG...,Hoax,TurnBackHoax
"[SALAH] Video ""Warga Aceh Demo Menuntut Pembebasan...
Konteks asli video adalah demonstrasi Aliansi...",Hoax,TurnBackHoax
"[SALAH] Video ""Warga Aceh Demo Menuntut Pembebasan...",Hoax,TurnBackHoax
"[SALAH] Purbaya Otak di Balik Penyitaan Duit...
UU Tipikor mengatur bahwa penyitaan dan...",Hoax,TurnBackHoax
[SALAH] Purbaya Otak di Balik Penyitaan Duit...,Hoax,TurnBackHoax
"[SALAH] Prabowo Bebaskan Tarif Listrik Selama Tiga...
PLN memastikan informasi tarif listrik gratis...",Hoax,TurnBackHoax
[SALAH] Prabowo Bebaskan Tarif Listrik Selama Tiga...,Hoax,TurnBackHoax
"[PENIPUAN] Tautan “Pendaftaran BLT Kesra di Bulan...
Faktanya, pemerintah menyediakan dua kanal resmi...",Hoax,TurnBackHoax
[PENIPUAN] Tautan “Pendaftaran BLT Kesra di Bulan...,Hoax,TurnBackHoax
"[SALAH] Yusril Pecat Oknum Polisi yang Jebak...
Tidak ditemukan sumber valid yang membenarkan...",Hoax,TurnBackHoax
[SALAH] Yusril Pecat Oknum Polisi yang Jebak...,Hoax,TurnBackHoax
"[SALAH] Video ""TNI Tangkap Pemimpin Tambang Ilegal...
Konten yang beredar merupakan hasil rekayasa...",Hoax,TurnBackHoax
"[SALAH] Video ""TNI Tangkap Pemimpin Tambang Ilegal...",Hoax,TurnBackHoax
"[SALAH] Christian Panucci Resmi Jadi Pelatih Timnas
Faktanya, Christian Panucci ke Indonesia untuk...",Hoax,TurnBackHoax
[SALAH] Christian Panucci Resmi Jadi Pelatih Timnas,Hoax,TurnBackHoax
"[SALAH] Video Mahasiswa UI Desak DPR RI...
Konten yang beredar merupakan hasil rekayasa...",Hoax,TurnBackHoax
[SALAH] Video Mahasiswa UI Desak DPR RI...,Hoax,TurnBackHoax
"[SALAH] Ferdy Sambo Meninggal di Penjara
Tidak ditemukan sumber kredibel yang mendukung...",Hoax,TurnBackHoax
[SALAH] Ferdy Sambo Meninggal di Penjara,Hoax,TurnBackHoax
"[SALAH] Video Gajah Selamatkan Harimau di Banjir...
Faktanya, video yang disebarkan terdeteksi buatan...",Hoax,TurnBackHoax
[SALAH] Video Gajah Selamatkan Harimau di Banjir...,Hoax,TurnBackHoax
"[SALAH] Video ""Bantuan untuk Sumatera Cuma Kardus...
Faktanya, bantuan dijatuhkan menggunakan ""helibox"" prosedur...",Hoax,TurnBackHoax
"[SALAH] Video ""Bantuan untuk Sumatera Cuma Kardus...",Hoax,TurnBackHoax
"[SALAH] Jokowi Terima Uang dari Bupati Bekasi
Konten yang beredar adalah hasil suntingan...",Hoax,TurnBackHoax
[SALAH] Jokowi Terima Uang dari Bupati Bekasi,Hoax,TurnBackHoax
"[SALAH] Mensesneg Ancam Pidana Warga yang Ambil...
Tidak ditemukan informasi kredibel yang membenarkan...",Hoax,TurnBackHoax
[SALAH] Mensesneg Ancam Pidana Warga yang Ambil...,Hoax,TurnBackHoax
"[SALAH] Australia Minta Kembali Bantuan saat Tsunami...
Tidak ada pernyataan resmi Pemerintah Australia...",Hoax,TurnBackHoax
[SALAH] Australia Minta Kembali Bantuan saat Tsunami...,Hoax,TurnBackHoax
"[SALAH] Video ""TNI Terima Laporan Soal 1.065...
Konten yang beredar merupakan hasil rekayasa...",Hoax,TurnBackHoax
"[SALAH] Video ""TNI Terima Laporan Soal 1.065...",Hoax,TurnBackHoax
"[SALAH] Majelis Umum PBB Beri Suara Terbanyak...
Konteks asli video adalah momen rapat...",Hoax,TurnBackHoax
[SALAH] Majelis Umum PBB Beri Suara Terbanyak...,Hoax,TurnBackHoax
"[SALAH] Menkeu Purbaya Sebut Luhut sebagai Dalang...
Tidak ditemukan informasi kredibel yang membenarkan...",Hoax,TurnBackHoax
[SALAH] Menkeu Purbaya Sebut Luhut sebagai Dalang...,Hoax,TurnBackHoax
"[SALAH] Wanita Meninggal Dunia Akibat Rabies Cakaran...
Foto tersebut berasal dari video di...",Hoax,TurnBackHoax
[SALAH] Wanita Meninggal Dunia Akibat Rabies Cakaran...,Hoax,TurnBackHoax
"[SALAH] TNI Kecam Gubernur Sumatera yang Lempar...
Video yang beredar adalah hasil rekayasa...",Hoax,TurnBackHoax
[SALAH] TNI Kecam Gubernur Sumatera yang Lempar...,Hoax,TurnBackHoax
"[SALAH] TNI AL Tembak Fasilitas Pengeboran Minyak...
Video yang beredar adalah hasil rekayasa...",Hoax,TurnBackHoax
[SALAH] TNI AL Tembak Fasilitas Pengeboran Minyak...,Hoax,TurnBackHoax
"[SALAH] Mahfud MD: KPK Wajib Curiga dengan...
Tidak ditemukan informasi kredibel yang membenarkan...",Hoax,TurnBackHoax
[SALAH] Mahfud MD: KPK Wajib Curiga dengan...,Hoax,TurnBackHoax
"[SALAH] Video ""TNI Desak DPR Bentuk Pansus...
Konten yang beredar merupakan hasil rekayasa...",Hoax,TurnBackHoax
"[SALAH] Video ""TNI Desak DPR Bentuk Pansus...",Hoax,TurnBackHoax
"[SALAH] Prabowo Perintahkan Seluruh Kantor Desa Diaudit
Tidak ada informasi valid atau pemberitaan...",Hoax,TurnBackHoax
[SALAH] Prabowo Perintahkan Seluruh Kantor Desa Diaudit,Hoax,TurnBackHoax
"[PENIPUAN] Tautan Pendaftaran ""Beasiswa Garuda""
Faktanya, pendaftaran Beasiswa Garuda tahun 2025...",Hoax,TurnBackHoax
"[PENIPUAN] Tautan Pendaftaran ""Beasiswa Garuda""",Hoax,TurnBackHoax
"[SALAH] Anies Baswedan Sumbang Dana 300 T...
Faktanya, Anies Baswedan melalui Humanies Project...",Hoax,TurnBackHoax
[SALAH] Anies Baswedan Sumbang Dana 300 T...,Hoax,TurnBackHoax
"[SALAH] Bahlil Dipecat karena Bohongi Prabowo Soal...
Tidak ditemukan sumber valid yang membenarkan...",Hoax,TurnBackHoax
[SALAH] Bahlil Dipecat karena Bohongi Prabowo Soal...,Hoax,TurnBackHoax
"[SALAH] Video “Cuaca Buruk Menimbulkan Hujan Pasir”
Faktanya, kepulan yang terlihat seperti awan...",Hoax,TurnBackHoax
[SALAH] Video “Cuaca Buruk Menimbulkan Hujan Pasir”,Hoax,TurnBackHoax
"[PENIPUAN] Video “Purbaya Bagi-Bagi Dana Bantuan Menuju...
Video yang beredar adalah hasil rekayasa...",Hoax,TurnBackHoax
[PENIPUAN] Video “Purbaya Bagi-Bagi Dana Bantuan Menuju...,Hoax,TurnBackHoax
"[SALAH] Anies Baswedan Tumpengan Usai Roy Suryo...
Konteks asli video adalah momen Anies...",Hoax,TurnBackHoax
[SALAH] Anies Baswedan Tumpengan Usai Roy Suryo...,Hoax,TurnBackHoax
"[SALAH] Video KDM Disambut Warga Aceh Korban...
Faktanya, video tersebut dalam rangka KDM...",Hoax,TurnBackHoax
[SALAH] Video KDM Disambut Warga Aceh Korban...,Hoax,TurnBackHoax
"[SALAH] Video Evakuasi Kucing di Tengah Aliran...
Faktanya, sebesar 99,9 persen video tersebut...",Hoax,TurnBackHoax
[SALAH] Video Evakuasi Kucing di Tengah Aliran...,Hoax,TurnBackHoax
"[SALAH] Luhut Ancam Korban Banjir Bandang Sumatera
Faktanya, video yang disebarkan berkaitan dengan...",Hoax,TurnBackHoax
[SALAH] Luhut Ancam Korban Banjir Bandang Sumatera,Hoax,TurnBackHoax
"[SALAH] Video ""Polisi Gerebek Kantor Kepala Desa...
Konten yang beredar merupakan hasil rekayasa...",Hoax,TurnBackHoax
"[SALAH] Video ""Polisi Gerebek Kantor Kepala Desa...",Hoax,TurnBackHoax
"[SALAH] Luhut Ancam Hentikan Bantuan Jika Aceh...
Tidak ditemukan informasi kredibel yang membenarkan...",Hoax,TurnBackHoax
[SALAH] Luhut Ancam Hentikan Bantuan Jika Aceh...,Hoax,TurnBackHoax
"[SALAH] Video ""Mahasiswa Desak Pembubaran PDI Perjuangan""
Konten yang beredar merupakan hasil rekayasa...",Hoax,TurnBackHoax
"[SALAH] Video ""Mahasiswa Desak Pembubaran PDI Perjuangan""",Hoax,TurnBackHoax
"[PENIPUAN] Tautan Pendaftaran “Lowongan Kerja PT Gudang...
Unggahan berisi tautan pendaftaran “lowongan kerja...",Hoax,TurnBackHoax
[PENIPUAN] Tautan Pendaftaran “Lowongan Kerja PT Gudang...,Hoax,TurnBackHoax
"[PENIPUAN] Tautan Pendaftaran CPNS 2025/2026
Faktanya, pendaftaran seleksi CPNS 2026 belum...",Hoax,TurnBackHoax
[PENIPUAN] Tautan Pendaftaran CPNS 2025/2026,Hoax,TurnBackHoax
"[PENIPUAN] Tautan “Open Rekrutmen KAI Service 2026”
Informasi rekrutmen KAI Services dapat diakses...",Hoax,TurnBackHoax
[PENIPUAN] Tautan “Open Rekrutmen KAI Service 2026”,Hoax,TurnBackHoax
"[SALAH] Pigai: Itu Tanah Mereka (Papua), Mereka...
Tidak ada pernyataan resmi atau informasi...",Hoax,TurnBackHoax
"[SALAH] Pigai: Itu Tanah Mereka (Papua), Mereka...",Hoax,TurnBackHoax
"[SALAH] Panglima TNI Agus Subianto Ucapkan Selamat...
Konten yang beredar adalah hasil rekayasa...",Hoax,TurnBackHoax
[SALAH] Panglima TNI Agus Subianto Ucapkan Selamat...,Hoax,TurnBackHoax
"[SALAH] Foto Proses Pembuatan Patung Megawati
Faktanya, foto tersebut merupakan hasil rekayasa...",Hoax,TurnBackHoax
[SALAH] Foto Proses Pembuatan Patung Megawati,Hoax,TurnBackHoax
"[SALAH] Luhut: Biarkan China Mengelola Bandara Morowali
Konten yang beredar merupakan hasil suntingan...",Hoax,TurnBackHoax
[SALAH] Luhut: Biarkan China Mengelola Bandara Morowali,Hoax,TurnBackHoax
"[SALAH] Indonesia Gelontorkan Rp16,7 Triliun untuk Pulihkan...
Faktanya, angka 16,7 triliun merujuk pada...",Hoax,TurnBackHoax
"[SALAH] Indonesia Gelontorkan Rp16,7 Triliun untuk Pulihkan...",Hoax,TurnBackHoax
"[SALAH] Video ""Anggota Dewan Minta Uang Sewa...
Konten yang beredar merupakan hasil rekayasa...",Hoax,TurnBackHoax
"[SALAH] Video ""Anggota Dewan Minta Uang Sewa...",Hoax,TurnBackHoax
"[SALAH] Pemda Teriak Minta Dana Banjir, Purbaya:...
Tidak ditemukan informasi kredibel yang membenarkan...",Hoax,TurnBackHoax
"[SALAH] Pemda Teriak Minta Dana Banjir, Purbaya:...",Hoax,TurnBackHoax
"[SALAH] Ratusan Orang Tewas Imbas Jebolnya Tanggul...
Tidak ditemukan bukti dan sumber kredibel...",Hoax,TurnBackHoax
[SALAH] Ratusan Orang Tewas Imbas Jebolnya Tanggul...,Hoax,TurnBackHoax
"[SALAH] Roy Suryo Tersangka Baru Korupsi Hambalang
Tidak ditemukan pemberitaan kredibel yang membenarkan...",Hoax,TurnBackHoax
[SALAH] Roy Suryo Tersangka Baru Korupsi Hambalang,Hoax,TurnBackHoax
"[SALAH] Dedi Mulyadi Copot Farhan dari Wali...
Faktanya, hingga Selasa (16/12/2025), Farhan masih...",Hoax,TurnBackHoax
[SALAH] Dedi Mulyadi Copot Farhan dari Wali...,Hoax,TurnBackHoax
"[SALAH] Pernyataan Menkeu Purbaya “Tahun 2026 Standar...
Tidak ditemukan informasi kredibel yang membenarkan...",Hoax,TurnBackHoax
[SALAH] Pernyataan Menkeu Purbaya “Tahun 2026 Standar...,Hoax,TurnBackHoax
"[PENIPUAN] Lowongan Kerja Tim Dapur MBG Seluruh...
Faktanya,tautan rekrutmen yang disebar di Tiktok...",Hoax,TurnBackHoax
[PENIPUAN] Lowongan Kerja Tim Dapur MBG Seluruh...,Hoax,TurnBackHoax
"[SALAH] Video “Banjir Morowali Desember 2025, Hanyutkan...
Konteks asli video adalah potongan dokumentasi...",Hoax,TurnBackHoax
"[SALAH] Video “Banjir Morowali Desember 2025, Hanyutkan...",Hoax,TurnBackHoax
"[PENIPUAN] Ivan Gunawan Bagi-Bagi Uang Khusus Lansia
Konten yang beredar merupakan hasil rekayasa...",Hoax,TurnBackHoax
[PENIPUAN] Ivan Gunawan Bagi-Bagi Uang Khusus Lansia,Hoax,TurnBackHoax
"[SALAH] Menkeu Purbaya Semprot DPR: Baru Rapat...
Tidak ditemukan informasi kredibel yang membenarkan...",Hoax,TurnBackHoax
[SALAH] Menkeu Purbaya Semprot DPR: Baru Rapat...,Hoax,TurnBackHoax
"[SALAH] Partai Golkar Tolak RUU Perampasan Aset
Faktanya, Ketua Fraksi Partai Golkar menyatakan...",Hoax,TurnBackHoax
[SALAH] Partai Golkar Tolak RUU Perampasan Aset,Hoax,TurnBackHoax
"[SALAH] Video Berita Bom Rakitan Berkekuatan Tinggi...
Faktanya, video yang disebarkan adalah buatan...",Hoax,TurnBackHoax
[SALAH] Video Berita Bom Rakitan Berkekuatan Tinggi...,Hoax,TurnBackHoax
"[SALAH] Video ""Demo Menuntut Purbaya Agar Mencabut...
Konteks asli video adalah momen demonstrasi...",Hoax,TurnBackHoax
"[SALAH] Video ""Demo Menuntut Purbaya Agar Mencabut...",Hoax,TurnBackHoax
"[SALAH] Video ""Pemerintah Gagal Atasi Bencana, Warga...
Konteks asli video adalah demonstrasi di...",Hoax,TurnBackHoax
"[SALAH] Video ""Pemerintah Gagal Atasi Bencana, Warga...",Hoax,TurnBackHoax
"[SALAH] Pelawak Nunung Srimulat Meninggal Dunia pada...
Faktanya, Nunung masih aktif mengunggah konten...",Hoax,TurnBackHoax
[SALAH] Pelawak Nunung Srimulat Meninggal Dunia pada...,Hoax,TurnBackHoax
"[SALAH] Dirut PLN Pakai Uang PLN untuk...
Tidak ditemukan informasi kredibel yang membenarkan...",Hoax,TurnBackHoax
[SALAH] Dirut PLN Pakai Uang PLN untuk...,Hoax,TurnBackHoax
"[SALAH] Ridwan Kamil Gugat Dedi Mulyadi ke...
Tidak ditemukan pemberitaan kredibel yang membenarkan...",Hoax,TurnBackHoax
[SALAH] Ridwan Kamil Gugat Dedi Mulyadi ke...,Hoax,TurnBackHoax
"[SALAH] Bau Menyengat Sepanjang Jalan ke Aceh...
Kapolres Aceh Tamiang memastikan tidak ditemukan...",Hoax,TurnBackHoax
[SALAH] Bau Menyengat Sepanjang Jalan ke Aceh...,Hoax,TurnBackHoax
"[SALAH] TNI Desak DPR Bentuk Pansus untuk...
Konten yang beredar merupakan hasil rekayasa...",Hoax,TurnBackHoax
[SALAH] TNI Desak DPR Bentuk Pansus untuk...,Hoax,TurnBackHoax
"[SALAH] Kepala SMP Negeri 1 Solo Tegaskan...
Faktanya, Kepala SMP Negeri 1 Solo...",Hoax,TurnBackHoax
[SALAH] Kepala SMP Negeri 1 Solo Tegaskan...,Hoax,TurnBackHoax
"[SALAH] Video Tim Gabungan TNI AL Mengepung...
Faktanya, hasil deteksi SynthID dan Hive...",Hoax,TurnBackHoax
[SALAH] Video Tim Gabungan TNI AL Mengepung...,Hoax,TurnBackHoax
"[SALAH] Raja Juli Antoni Mengundurkan Diri dari...
Tidak ditemukan informasi kredibel yang membenarkan...",Hoax,TurnBackHoax
[SALAH] Raja Juli Antoni Mengundurkan Diri dari...,Hoax,TurnBackHoax
"[PENIPUAN] Video ""Menkeu Purbaya Tawarkan Pinjaman Cepat...
Konten yang beredar merupakan hasil rekayasa...",Hoax,TurnBackHoax
"[PENIPUAN] Video ""Menkeu Purbaya Tawarkan Pinjaman Cepat...",Hoax,TurnBackHoax
"[SALAH] Prabowo: 95 Persen Kepala Desa Tidak...
Konteks asli potret Prabowo dalam konten...",Hoax,TurnBackHoax
[SALAH] Prabowo: 95 Persen Kepala Desa Tidak...,Hoax,TurnBackHoax
"[SALAH] Banjir di Lampung 9 Desember 2025
Faktanya, kejadian banjir terjadi di kawasan...",Hoax,TurnBackHoax
[SALAH] Banjir di Lampung 9 Desember 2025,Hoax,TurnBackHoax
"[SALAH] Titik Hijau Artinya Henpon Disadap, Ketik...
Faktanya, notifikasi titik hijau adalah fitur...",Hoax,TurnBackHoax
"[SALAH] Titik Hijau Artinya Henpon Disadap, Ketik...",Hoax,TurnBackHoax
"[SALAH] Video ""Ribuan Massa Mulai Orasi Aksi...
Konteks asli video adalah momen pawai...",Hoax,TurnBackHoax
"[SALAH] Video ""Ribuan Massa Mulai Orasi Aksi...",Hoax,TurnBackHoax
"[SALAH] Prabowo Mengganti Bansos/PKH dengan Kebijakan Sembako...
Faktanya, tidak ditemukan pemberitaan kredibel yang...",Hoax,TurnBackHoax
[SALAH] Prabowo Mengganti Bansos/PKH dengan Kebijakan Sembako...,Hoax,TurnBackHoax
"[SALAH] Duta Besar Inggris Sebut Keberadaan Indonesia...
Faktanya Klaim merupakan tangkapan layar Berita...",Hoax,TurnBackHoax
[SALAH] Duta Besar Inggris Sebut Keberadaan Indonesia...,Hoax,TurnBackHoax
"[SALAH] Video “Ular Piton Muncul saat Banjir...
Konten yang beredar adalah hasil rekayasa...",Hoax,TurnBackHoax
[SALAH] Video “Ular Piton Muncul saat Banjir...,Hoax,TurnBackHoax
"[SALAH] Jokowi Terima Suap Emas dan Uang...
Konten yang beredar adalah hasil suntingan...",Hoax,TurnBackHoax
[SALAH] Jokowi Terima Suap Emas dan Uang...,Hoax,TurnBackHoax
"[SALAH] Bandara IMIP Morowali akan Dirobohkan Usai...
Konten yang beredar merupakan hasil rekayasa...",Hoax,TurnBackHoax
[SALAH] Bandara IMIP Morowali akan Dirobohkan Usai...,Hoax,TurnBackHoax
"[SALAH] Puan Ajak Warga Gotong Royong Beli...
Tidak ada informasi valid atau pemberitaan...",Hoax,TurnBackHoax
[SALAH] Puan Ajak Warga Gotong Royong Beli...,Hoax,TurnBackHoax
"[SALAH] Ditemukan Tewas Berpelukan, Ibu dan Anak...
Faktanya, video merupakan bukan korban akibat...",Hoax,TurnBackHoax
"[SALAH] Ditemukan Tewas Berpelukan, Ibu dan Anak...",Hoax,TurnBackHoax
"[PENIPUAN] Tautan ""Pendaftaran 500 Ribu Pekerja di...
Faktanya, BGN tidak tidak menyediakan tautan...",Hoax,TurnBackHoax
"[PENIPUAN] Tautan ""Pendaftaran 500 Ribu Pekerja di...",Hoax,TurnBackHoax
"[PENIPUAN] Video Dirjen Bimas Kristen tentang Pendaftaran...
Faktanya, selain terdeteksi buatan AI dengan...",Hoax,TurnBackHoax
[PENIPUAN] Video Dirjen Bimas Kristen tentang Pendaftaran...,Hoax,TurnBackHoax
"[SALAH] Video “Persiapan Aksi Damai Mualaf Massal...
Konteks asli video adalah aksi ajakan...",Hoax,TurnBackHoax
[SALAH] Video “Persiapan Aksi Damai Mualaf Massal...,Hoax,TurnBackHoax
"[SALAH] Video ""Pasukan Khusus TNI Gerebek Asrama...
Konten yang beredar merupakan hasil rekayasa...",Hoax,TurnBackHoax
"[SALAH] Video ""Pasukan Khusus TNI Gerebek Asrama...",Hoax,TurnBackHoax
"[SALAH] Pemerintah Temukan 3,5 Ton Emas di...
Tidak ditemukan informasi kredibel yang membenarkan...",Hoax,TurnBackHoax
"[SALAH] Pemerintah Temukan 3,5 Ton Emas di...",Hoax,TurnBackHoax
"[SALAH] Timur Kapadze Resmi Menjadi Pelatih Timnas...
Faktanya, per 1 Desember 2025, Timur...",Hoax,TurnBackHoax
[SALAH] Timur Kapadze Resmi Menjadi Pelatih Timnas...,Hoax,TurnBackHoax
"[SALAH] Presiden Prabowo Tetapkan Banjir Sumatra Sebagai...
Faktanya, pemerintah belum menetapkan banjir di...",Hoax,TurnBackHoax
[SALAH] Presiden Prabowo Tetapkan Banjir Sumatra Sebagai...,Hoax,TurnBackHoax
"[SALAH] Tsunami Setelah Banjir Bandang di Pesisir...
Tidak ditemukan informasi valid atau pemberitaan...",Hoax,TurnBackHoax
[SALAH] Tsunami Setelah Banjir Bandang di Pesisir...,Hoax,TurnBackHoax
"[SALAH] Akibat Banjir di Sumatera, Kayu Masuk...
Faktanya, kejadian kecelakaan truk yang muatan...",Hoax,TurnBackHoax
"[SALAH] Akibat Banjir di Sumatera, Kayu Masuk...",Hoax,TurnBackHoax
"[SALAH] Video ""TNI Temukan Truk Pengangkut Kayu...
Konten yang beredar merupakan hasil rekayasa...",Hoax,TurnBackHoax
"[SALAH] Video ""TNI Temukan Truk Pengangkut Kayu...",Hoax,TurnBackHoax
"[SALAH] BMKG Sebut Siklon 97s Berpotensi Besar...
Faktanya, informasi tersebut bukan berasal dari...",Hoax,TurnBackHoax
[SALAH] BMKG Sebut Siklon 97s Berpotensi Besar...,Hoax,TurnBackHoax
"[PENIPUAN] Tautan Pendaftaran Bantuan Sosial Kemensos
Faktanya, pendaftaran penerima bansos hanya melalui...",Hoax,TurnBackHoax
[PENIPUAN] Tautan Pendaftaran Bantuan Sosial Kemensos,Hoax,TurnBackHoax
"[SALAH] Video Panglima Kopassus Pidato tentang Bandara...
Faktanya, video dibuat menggunakan Veo, generator...",Hoax,TurnBackHoax
[SALAH] Video Panglima Kopassus Pidato tentang Bandara...,Hoax,TurnBackHoax
"[SALAH] Rektor UGM Dipilih Langsung Oleh Jokowi
Faktanya, pemilihan rektor UGM dilakukan dengan...",Hoax,TurnBackHoax
[SALAH] Rektor UGM Dipilih Langsung Oleh Jokowi,Hoax,TurnBackHoax
"[SALAH] Video “Jokowi Kunjungi Lokasi Bencana Sumatra...
Konteks asli video adalah momen Jokowi...",Hoax,TurnBackHoax
[SALAH] Video “Jokowi Kunjungi Lokasi Bencana Sumatra...,Hoax,TurnBackHoax
"[SALAH] Menteri Keuangan Purbaya Yudhi Sadewa Sebut...
Faktanya, Menteri Keuangan Purbaya Yudhi Sadewa...",Hoax,TurnBackHoax
[SALAH] Menteri Keuangan Purbaya Yudhi Sadewa Sebut...,Hoax,TurnBackHoax
"[PENIPUAN] Tautan Pendaftaran CPNS Kejaksaan Agung
Kejaksaan RI telah menegaskan seluruh informasi...",Hoax,TurnBackHoax
[PENIPUAN] Tautan Pendaftaran CPNS Kejaksaan Agung,Hoax,TurnBackHoax
"[SALAH] Video ""TNI Tangkap Kapal Malaysia Pengangkut...
Konten yang beredar merupakan hasil rekayasa...",Hoax,TurnBackHoax
"[SALAH] Video ""TNI Tangkap Kapal Malaysia Pengangkut...",Hoax,TurnBackHoax
"[SALAH] Video Banjir Sibolga Diiringi Erupsi Gunung...
Berdasarkan data PVMBG, dua gunung api...",Hoax,TurnBackHoax
[SALAH] Video Banjir Sibolga Diiringi Erupsi Gunung...,Hoax,TurnBackHoax
"[SALAH] Video “Masyarakat di Sumatra Tahan Pintu...
Video yang beredar adalah hasil rekayasa...",Hoax,TurnBackHoax
[SALAH] Video “Masyarakat di Sumatra Tahan Pintu...,Hoax,TurnBackHoax
"[SALAH] Pesawat Tempur Bermotif Bintang Kejora Lepas...
Video yang beredar adalah hasil rekayasa...",Hoax,TurnBackHoax
[SALAH] Pesawat Tempur Bermotif Bintang Kejora Lepas...,Hoax,TurnBackHoax
"[PENIPUAN] Pendaftaran Lowongan Kerja Guru Sekolah Rakyat
Faktanya, tautan yang beredar tidak mengarah...",Hoax,TurnBackHoax
[PENIPUAN] Pendaftaran Lowongan Kerja Guru Sekolah Rakyat,Hoax,TurnBackHoax
"[SALAH] Harimau Terbawa Arus Banjir Sibolga, Sumatera
Konten yang beredar merupakan hasil rekayasa...",Hoax,TurnBackHoax
"[SALAH] Harimau Terbawa Arus Banjir Sibolga, Sumatera",Hoax,TurnBackHoax
"[PENIPUAN] Bansos Akhir Tahun Rp50 Juta dari...
Konten yang beredar merupakan hasil rekayasa...",Hoax,TurnBackHoax
[PENIPUAN] Bansos Akhir Tahun Rp50 Juta dari...,Hoax,TurnBackHoax
"[SALAH] Video ""Temuan Emas Batangan dan Uang...
Faktanya, video yang beredar adalah hasil...",Hoax,TurnBackHoax
"[SALAH] Video ""Temuan Emas Batangan dan Uang...",Hoax,TurnBackHoax
"[SALAH] Video ""Nelayan Indonesia Ditangkap Tentara Malaysia”
Faktanya, video yang beredar adalah hasil...",Hoax,TurnBackHoax
"[SALAH] Video ""Nelayan Indonesia Ditangkap Tentara Malaysia”",Hoax,TurnBackHoax
"[SALAH] Purbaya Minta Prabowo Stop Sementara BLT,...
Tidak ditemukan informasi kredibel yang membenarkan...",Hoax,TurnBackHoax
"[SALAH] Purbaya Minta Prabowo Stop Sementara BLT,...",Hoax,TurnBackHoax
"[SALAH] Potret “Masjid Selamat dari Musibah Banjir...
Faktanya, itu merupakan potret masjid di...",Hoax,TurnBackHoax
[SALAH] Potret “Masjid Selamat dari Musibah Banjir...,Hoax,TurnBackHoax
"[SALAH] Mahfud MD Usulkan RUU Perampasan Aset...
Tidak ditemukan informasi kredibel yang membenarkan...",Hoax,TurnBackHoax
[SALAH] Mahfud MD Usulkan RUU Perampasan Aset...,Hoax,TurnBackHoax
"[PENIPUAN] Hotman Paris Promosikan Situs Judol
Audio di video tersebut sudah dimanipulasi....",Hoax,TurnBackHoax
[PENIPUAN] Hotman Paris Promosikan Situs Judol,Hoax,TurnBackHoax
"[SALAH] Video Gajah Menyelamatkan Bocah saat Banjir
Video hasil rekayasa AI dengan probabilitas...",Hoax,TurnBackHoax
[SALAH] Video Gajah Menyelamatkan Bocah saat Banjir,Hoax,TurnBackHoax
"[SALAH] Video Detik-Detik Banjir Tidak Membawa Sebuah...
Video tersebut merupakan hasil rekayasa AI,...",Hoax,TurnBackHoax
[SALAH] Video Detik-Detik Banjir Tidak Membawa Sebuah...,Hoax,TurnBackHoax
"[SALAH] Rakyat Papua Usir Imigran dari Jawa
Konteks asli video adalah dokumentasi protes...",Hoax,TurnBackHoax
[SALAH] Rakyat Papua Usir Imigran dari Jawa,Hoax,TurnBackHoax
"[SALAH] Angin Puting Beliung Terjang Medan pada...
Konteks asli video adalah dokumentasi angin...",Hoax,TurnBackHoax
[SALAH] Angin Puting Beliung Terjang Medan pada...,Hoax,TurnBackHoax
"[SALAH] Harimau Masuk Pemukiman Warga saat Banjir...
Faktanya, video dalam konten yang beredar...",Hoax,TurnBackHoax
[SALAH] Harimau Masuk Pemukiman Warga saat Banjir...,Hoax,TurnBackHoax
"[SALAH] Video Harimau Turun karena Longsor di...
Faktanya, berdasarkan pemeriksaan oleh Hive Moderation...",Hoax,TurnBackHoax
[SALAH] Video Harimau Turun karena Longsor di...,Hoax,TurnBackHoax
"[PENIPUAN] Tautan Pendaftaran Layanan “Internet Rakyat” Gratis
Tautan mengarah ke laman tak resmi...",Hoax,TurnBackHoax
[PENIPUAN] Tautan Pendaftaran Layanan “Internet Rakyat” Gratis,Hoax,TurnBackHoax
"[PENIPUAN] Video Kuis Tebak Nama Kota oleh...
Faktanya, selain terdeteksi suntingan/editan menggunakan AI...",Hoax,TurnBackHoax
[PENIPUAN] Video Kuis Tebak Nama Kota oleh...,Hoax,TurnBackHoax
"[SALAH] DPR Ajukan Tambahan Pajak Baru Bagi...
Tidak ada informasi valid atau pemberitaan...",Hoax,TurnBackHoax
[SALAH] DPR Ajukan Tambahan Pajak Baru Bagi...,Hoax,TurnBackHoax
"[SALAH] Menteri ESDM Bahlil Lelang Gunung Lawu...
Faktanya, Gunung Lawu tidak termasuk dalam...",Hoax,TurnBackHoax
[SALAH] Menteri ESDM Bahlil Lelang Gunung Lawu...,Hoax,TurnBackHoax
"[SALAH] Prabowo Ancam Ganti Kapolri Jika Tidak...
Tidak ditemukan informasi kredibel yang membenarkan...",Hoax,TurnBackHoax
[SALAH] Prabowo Ancam Ganti Kapolri Jika Tidak...,Hoax,TurnBackHoax
"[SALAH] Menkeu Purbaya Usul MBG Diuangkan
Tidak ditemukan informasi kredibel yang membenarkan...",Hoax,TurnBackHoax
[SALAH] Menkeu Purbaya Usul MBG Diuangkan,Hoax,TurnBackHoax
"[SALAH] Dunia Tetapkan Status Bencana Internasional untuk...
Tidak ditemukan informasi kredibel yang membenarkan...",Hoax,TurnBackHoax
[SALAH] Dunia Tetapkan Status Bencana Internasional untuk...,Hoax,TurnBackHoax
"[SALAH] Gunung Merapi Erupsi 26 November 2025
Faktanya, video merupakan erupsi gunung Merapi...",Hoax,TurnBackHoax
[SALAH] Gunung Merapi Erupsi 26 November 2025,Hoax,TurnBackHoax
"[SALAH] Pap Smear, Mammogram, & Biopsi Disebut...
Pernyataan yang disampaikan oleh Barbara O’Neill...",Hoax,TurnBackHoax
"[SALAH] Pap Smear, Mammogram, & Biopsi Disebut...",Hoax,TurnBackHoax
"[SALAH] TNI AU Ambil Alih Bandara Ilegal...
Faktanya, foto itu adalah momen kunjungan...",Hoax,TurnBackHoax
[SALAH] TNI AU Ambil Alih Bandara Ilegal...,Hoax,TurnBackHoax
"[SALAH] Pemerintah tak Tetapkan Status Bencana Nasional...
Faktanya, penentuan status bencana nasional bukan...",Hoax,TurnBackHoax
[SALAH] Pemerintah tak Tetapkan Status Bencana Nasional...,Hoax,TurnBackHoax
"[SALAH] Indonesia Tembakkan Rudal ke Malaysia
Tidak ditemukan informasi valid atau pemberitaan...",Hoax,TurnBackHoax
[SALAH] Indonesia Tembakkan Rudal ke Malaysia,Hoax,TurnBackHoax
"[SALAH] BPJS Kesehatan Ingin Ajukan Kenaikan Tarif...
Tidak ditemukan informasi valid atau pemberitaan...",Hoax,TurnBackHoax
[SALAH] BPJS Kesehatan Ingin Ajukan Kenaikan Tarif...,Hoax,TurnBackHoax
"[SALAH] Hiu Masuk Permukiman Warga saat Banjir...
Video yang beredar adalah hasil rekayasa...",Hoax,TurnBackHoax
[SALAH] Hiu Masuk Permukiman Warga saat Banjir...,Hoax,TurnBackHoax
"[SALAH] Pigai : Kalau Gak Ada Saya,...
Tidak ada pernyataan resmi atau informasi...",Hoax,TurnBackHoax
"[SALAH] Pigai : Kalau Gak Ada Saya,...",Hoax,TurnBackHoax
"[SALAH] Bobby Nasution: Hanya Iblis yang Tak...
Faktanya, pernyataan tersebut disampaikan Abdul Ficar...",Hoax,TurnBackHoax
[SALAH] Bobby Nasution: Hanya Iblis yang Tak...,Hoax,TurnBackHoax
"[PENIPUAN] Mahfud MD Bagi-Bagi Tunjangan Jutaan Rupiah
Dalam video asli Mahfud MD yang...",Hoax,TurnBackHoax
[PENIPUAN] Mahfud MD Bagi-Bagi Tunjangan Jutaan Rupiah,Hoax,TurnBackHoax
"[PENIPUAN] Ada Bantuan Sembako dan Uang untuk...
Tidak ada informasi atau pemberitaan kredibel...",Hoax,TurnBackHoax
[PENIPUAN] Ada Bantuan Sembako dan Uang untuk...,Hoax,TurnBackHoax
"[SALAH] Eropa Kacau Usai Indonesia Hentikan Ekspor...
Faktanya, Indonesia tetap mengekspor berbagai komoditas...",Hoax,TurnBackHoax
[SALAH] Eropa Kacau Usai Indonesia Hentikan Ekspor...,Hoax,TurnBackHoax
"[PENIPUAN] Kuis Berhadiah Puluhan Juta dari Dedi...
Dalam video asli KDM tidak menyebut...",Hoax,TurnBackHoax
[PENIPUAN] Kuis Berhadiah Puluhan Juta dari Dedi...,Hoax,TurnBackHoax
"[SALAH] Wapres Gibran Mengundurkan Diri
Tidak ditemukan sumber valid yang membenarkan...",Hoax,TurnBackHoax
[SALAH] Wapres Gibran Mengundurkan Diri,Hoax,TurnBackHoax
"[PENIPUAN] Bantuan Pembangunan Gereja dari Ditjen Bimas...
Tautan tidak mengarah ke laman resmi...",Hoax,TurnBackHoax
[PENIPUAN] Bantuan Pembangunan Gereja dari Ditjen Bimas...,Hoax,TurnBackHoax
"[SALAH] Prabowo Bebastugaskan AHY dari Jabatan Menko...
Tidak ditemukan informasi valid atau pemberitaan...",Hoax,TurnBackHoax
[SALAH] Prabowo Bebastugaskan AHY dari Jabatan Menko...,Hoax,TurnBackHoax
"[SALAH] Video ""Prajurit TNI Menyerbu Bandara Asing...
Konteks asli video adalah momen prajurit...",Hoax,TurnBackHoax
"[SALAH] Video ""Prajurit TNI Menyerbu Bandara Asing...",Hoax,TurnBackHoax
"[SALAH] SBY Jadi Dalang Isu Ijazah Jokowi
Faktanya, Jokowi telah menegaskan sosok dibalik...",Hoax,TurnBackHoax
[SALAH] SBY Jadi Dalang Isu Ijazah Jokowi,Hoax,TurnBackHoax
"[PENIPUAN] Tautan Pendaftaran Sarjana Penggerak Pembangunan Indonesia...
Kepala Badan Gizi Nasional Mayjen (Purn)...",Hoax,TurnBackHoax
"[SALAH] Ahli Forensik AS Cek Skripsi Jokowi
Tidak ditemukan informasi kredibel yang membenarkan...",Hoax,TurnBackHoax
[SALAH] Ahli Forensik AS Cek Skripsi Jokowi,Hoax,TurnBackHoax
"[SALAH] Pasukan Rusia di Gaza Membantu TNI...
Unggahan yang berisi video pasukan Rusia...",Hoax,TurnBackHoax
[SALAH] Pasukan Rusia di Gaza Membantu TNI...,Hoax,TurnBackHoax
"[PENIPUAN] Pembuatan SIM dan Perpanjang SIM Gratis...
Unggahan berisi narasi “pembuatan SIM dan...",Hoax,TurnBackHoax
[PENIPUAN] Pembuatan SIM dan Perpanjang SIM Gratis...,Hoax,TurnBackHoax
"[SALAH] KTP Aceh Kebal Pinjol atas Kebijakan...
Ketua Umum Asosiasi Fintech Pendanaan Bersama...",Hoax,TurnBackHoax
[SALAH] KTP Aceh Kebal Pinjol atas Kebijakan...,Hoax,TurnBackHoax
"[SALAH] Prabowo Tampung Ribuan Warga Gaza di...
Presiden Prabowo memang pernah mewacanakan pembangunan...",Hoax,TurnBackHoax
[SALAH] Prabowo Tampung Ribuan Warga Gaza di...,Hoax,TurnBackHoax
"[SALAH] Prabowo Minta Kejagung Usut Kekayaan Sri...
Tidak ditemukan pernyataan resmi atau pemberitaan...",Hoax,TurnBackHoax
[SALAH] Prabowo Minta Kejagung Usut Kekayaan Sri...,Hoax,TurnBackHoax
"[SALAH] Video Indonesia Tenggelamkan 31 Kapal China...
Faktanya video tersebut merupakan momen ketika...",Hoax,TurnBackHoax
[SALAH] Video Indonesia Tenggelamkan 31 Kapal China...,Hoax,TurnBackHoax
"[SALAH] Ali Ngabalin Sebut Masyarakat Bodoh karena...
Konteks asli video adalah momen Ali...",Hoax,TurnBackHoax
[SALAH] Ali Ngabalin Sebut Masyarakat Bodoh karena...,Hoax,TurnBackHoax
"[PENIPUAN] Ada Dana Bantuan dari Menkeu, Rakyat...
Konten yang beredar merupakan hasil rekayasa...",Hoax,TurnBackHoax
"[PENIPUAN] Ada Dana Bantuan dari Menkeu, Rakyat...",Hoax,TurnBackHoax
"[SALAH] Puan Maharani Minta ‘Uang Pelicin’ Rp900...
Tidak ditemukan informasi dari sumber kredibel...",Hoax,TurnBackHoax
[SALAH] Puan Maharani Minta ‘Uang Pelicin’ Rp900...,Hoax,TurnBackHoax
"[PENIPUAN] Video Raffi Ahmad Mempromosikan Situs Judol...
Unggahan yang berisi video Raffi Ahmad...",Hoax,TurnBackHoax
[PENIPUAN] Video Raffi Ahmad Mempromosikan Situs Judol...,Hoax,TurnBackHoax
"[SALAH] Hasil Rapat PSSI Tunjuk Aji Santoso...
Unggahan berisi klaim “ hasil rapat...",Hoax,TurnBackHoax
[SALAH] Hasil Rapat PSSI Tunjuk Aji Santoso...,Hoax,TurnBackHoax
"[SALAH] Menkeu Purbaya Minta Izin ke Prabowo...
Unggahan berisi klaim “Menkeu Purbaya minta...",Hoax,TurnBackHoax
[SALAH] Menkeu Purbaya Minta Izin ke Prabowo...,Hoax,TurnBackHoax
"[PENIPUAN] Mahfud MD Akan Bagikan Bantuan Modal...
Tidak ditemukan informasi valid atau pemberitaan...",Hoax,TurnBackHoax
[PENIPUAN] Mahfud MD Akan Bagikan Bantuan Modal...,Hoax,TurnBackHoax
"[PENIPUAN] Pendaftaran CPNS Kementrian Imigrasi Tahun 2025
Faktanya, pendaftaran CPNS Kementerian Imigrasi hanya...",Hoax,TurnBackHoax
[PENIPUAN] Pendaftaran CPNS Kementrian Imigrasi Tahun 2025,Hoax,TurnBackHoax
"[SALAH] Anies Terima Penghargaan dari Universitas Wageningen...
Unggahan berisi klaim “Anies Baswedan menerima...",Hoax,TurnBackHoax
[SALAH] Anies Terima Penghargaan dari Universitas Wageningen...,Hoax,TurnBackHoax
"[SALAH] Mensesneg Umumkan Pencopotan Purbaya sebagai Menteri...
Unggahan berisi klaim “Mensesneg umumkan pencabutan...",Hoax,TurnBackHoax
[SALAH] Mensesneg Umumkan Pencopotan Purbaya sebagai Menteri...,Hoax,TurnBackHoax
"[SALAH] Konfirmasi Tahun Kelulusan Jokowi pada 1985...
Unggahan yang berisi video rektor UGM...",Hoax,TurnBackHoax
[SALAH] Konfirmasi Tahun Kelulusan Jokowi pada 1985...,Hoax,TurnBackHoax
"[SALAH] Video Ribuan Personel TNI Akan Diterjunkan...
Unggahan berisi narasi “video ribuan personel...",Hoax,TurnBackHoax
[SALAH] Video Ribuan Personel TNI Akan Diterjunkan...,Hoax,TurnBackHoax
"[SALAH] Pemerintah Suntik Rp901 Triliun ke Rakyat...
Unggahan video berisi klaim “pemerintah suntik...",Hoax,TurnBackHoax
[SALAH] Pemerintah Suntik Rp901 Triliun ke Rakyat...,Hoax,TurnBackHoax
"[SALAH] Roy Suryo Minta Maaf dan Akui...
Unggahan berisi klaim “Roy Suryo minta...",Hoax,TurnBackHoax
[SALAH] Roy Suryo Minta Maaf dan Akui...,Hoax,TurnBackHoax
"[SALAH] Video ""Bobby Nasution: Hanya Iblis yang...
Unggahan video berisi klaim “Bobby Nasution:...",Hoax,TurnBackHoax
"[SALAH] Video ""Bobby Nasution: Hanya Iblis yang...",Hoax,TurnBackHoax
"[PENIPUAN] Ustaz Ujang Bustomi Bagi-Bagi Uang melalui...
Unggahan video berisi klaim “Ustaz Ujang...",Hoax,TurnBackHoax
[PENIPUAN] Ustaz Ujang Bustomi Bagi-Bagi Uang melalui...,Hoax,TurnBackHoax
"[SALAH] Purbaya: Kita Ambil Alih Saja Pengelolaan...
Unggahan video berisi klaim “Menkeu Purbaya...",Hoax,TurnBackHoax
[SALAH] Purbaya: Kita Ambil Alih Saja Pengelolaan...,Hoax,TurnBackHoax
"[PENIPUAN] Lowongan Kerja Petugas Haji dan Umroh...
Unggahan berisi “lowongan kerja petugas Haji...",Hoax,TurnBackHoax
[PENIPUAN] Lowongan Kerja Petugas Haji dan Umroh...,Hoax,TurnBackHoax
"[SALAH] Video Presiden Prabowo Bacakan Dekrit Pembubaran...
Unggahan berisi klaim “video Presiden Prabowo...",Hoax,TurnBackHoax
[SALAH] Video Presiden Prabowo Bacakan Dekrit Pembubaran...,Hoax,TurnBackHoax
"[SALAH] Menkeu Purbaya Usulkan Gaji TNI Lebih...
Unggahan berisi klaim “Menkeu Purbaya usulkan...",Hoax,TurnBackHoax
[SALAH] Menkeu Purbaya Usulkan Gaji TNI Lebih...,Hoax,TurnBackHoax
"[SALAH] Luhut Sebut Dana Bansos Rp500 Triliun...
Unggahan video berisi klaim “Luhut sebut...",Hoax,TurnBackHoax
[SALAH] Luhut Sebut Dana Bansos Rp500 Triliun...,Hoax,TurnBackHoax
"[SALAH] Program MBG akan Diganti Uang Tunai
Unggahan video berisi klaim “program MBG...",Hoax,TurnBackHoax
[SALAH] Program MBG akan Diganti Uang Tunai,Hoax,TurnBackHoax
"[SALAH] RUU KUHAP Disahkan, Aparat Boleh Tangkap...
Unggahan berisi klaim “RUU KUHAP disahkan,...",Hoax,TurnBackHoax
"[SALAH] RUU KUHAP Disahkan, Aparat Boleh Tangkap...",Hoax,TurnBackHoax
"[SALAH] Nama Purbaya Membuat China Takut
Unggahan berisi klaim “nama Purbaya membuat...",Hoax,TurnBackHoax
[SALAH] Nama Purbaya Membuat China Takut,Hoax,TurnBackHoax
"[SALAH] Vaksin PCV Tingkatkan Risiko Pneumonia dan...
Unggahan berisi klaim “vaksin PCV tingkatkan...",Hoax,TurnBackHoax
[SALAH] Vaksin PCV Tingkatkan Risiko Pneumonia dan...,Hoax,TurnBackHoax
"[SALAH] Roy Suryo Pingsan Usai Ditetapkan Jadi...
Unggahan video berisi klaim “Roy Suryo...",Hoax,TurnBackHoax
[SALAH] Roy Suryo Pingsan Usai Ditetapkan Jadi...,Hoax,TurnBackHoax
"[SALAH] Menkeu Purbaya Minta Kenaikan Gaji untuk...
Unggahan video berisi klaim “Menkeu Purbaya...",Hoax,TurnBackHoax
[SALAH] Menkeu Purbaya Minta Kenaikan Gaji untuk...,Hoax,TurnBackHoax
"[SALAH] Video ""Alumni UGM Menuju Jakarta Minta...
Unggahan berisi klaim “alumni UGM menuju...",Hoax,TurnBackHoax
"[SALAH] Video ""Alumni UGM Menuju Jakarta Minta...",Hoax,TurnBackHoax
"[SALAH] Ketua DPR Larang Semua Fraksi Bahas...
Unggahan berisi klaim “ketua DPR larang...",Hoax,TurnBackHoax
[SALAH] Ketua DPR Larang Semua Fraksi Bahas...,Hoax,TurnBackHoax
"[SALAH] Prabowo Cari Pengganti Wapres Gibran
Unggahan berisi klaim “Prabowo mencari pengganti...",Hoax,TurnBackHoax
[SALAH] Prabowo Cari Pengganti Wapres Gibran,Hoax,TurnBackHoax
"[SALAH] Bupati Sudewo Jadi Tersangka Korupsi Proyek...
Unggahan video berisi klaim “Bupati Sudewo...",Hoax,TurnBackHoax
[SALAH] Bupati Sudewo Jadi Tersangka Korupsi Proyek...,Hoax,TurnBackHoax
"[SALAH] FIFA dan AFC Blacklist Timnas Irak...
Unggahan video berisi klaim “FIFA dan...",Hoax,TurnBackHoax
[SALAH] FIFA dan AFC Blacklist Timnas Irak...,Hoax,TurnBackHoax
"[SALAH] Mahfud MD Usul Hapuskan Tilang Lalu...
Unggahan berisi klaim “Mahfud MD usul...",Hoax,TurnBackHoax
[SALAH] Mahfud MD Usul Hapuskan Tilang Lalu...,Hoax,TurnBackHoax
"[SALAH] Israel Robek Bendera Indonesia di Sidang...
Unggahan berisi klaim “Israel robek bendera...",Hoax,TurnBackHoax
[SALAH] Israel Robek Bendera Indonesia di Sidang...,Hoax,TurnBackHoax
"[SALAH] Presiden Prabowo Larang Jokowi Bepergian ke...
Unggahan berisi klaim “Presiden Prabowo larang...",Hoax,TurnBackHoax
[SALAH] Presiden Prabowo Larang Jokowi Bepergian ke...,Hoax,TurnBackHoax
"[SALAH] 200 Anggota DPR Fraksi PDIP Langgar...
Unggahan berisi klaim “200 anggota DPR...",Hoax,TurnBackHoax
[SALAH] 200 Anggota DPR Fraksi PDIP Langgar...,Hoax,TurnBackHoax
"[SALAH] Bank Indonesia Resmi Keluarkan Uang Redenominasi
Unggahan berisi klaim “Bank Indonesia resmi...",Hoax,TurnBackHoax
[SALAH] Bank Indonesia Resmi Keluarkan Uang Redenominasi,Hoax,TurnBackHoax
"[SALAH] Hukuman Mati untuk Koruptor Resmi Disahkan,...
Unggahan berisi klaim “hukuman mati koruptor...",Hoax,TurnBackHoax
"[SALAH] Hukuman Mati untuk Koruptor Resmi Disahkan,...",Hoax,TurnBackHoax
"[SALAH] Kejagung Sita Uang Jokowi Triliunan Rupiah
Unggahan berisi klaim “Kejagung sita uang...",Hoax,TurnBackHoax
[SALAH] Kejagung Sita Uang Jokowi Triliunan Rupiah,Hoax,TurnBackHoax
"[SALAH] Bupati Ponorogo Sebut Jokowi Terima Fee...
Unggahan berisi klaim “Bupati Ponorogo sebut...",Hoax,TurnBackHoax
[SALAH] Bupati Ponorogo Sebut Jokowi Terima Fee...,Hoax,TurnBackHoax
"[SALAH] Vaksin Tetanus Dibuat dari Daging Busuk
Unggahan berisi klaim “vaksin tetanus dibuat...",Hoax,TurnBackHoax
[SALAH] Vaksin Tetanus Dibuat dari Daging Busuk,Hoax,TurnBackHoax
"[SALAH] Video ""TNI akan Tenggelamkan Kapal Malaysia...
Unggahan video berisi klaim “TNI akan...",Hoax,TurnBackHoax
"[SALAH] Video ""TNI akan Tenggelamkan Kapal Malaysia...",Hoax,TurnBackHoax
"[SALAH] DPR Berencana Beri Bansos Tahunan untuk...
Unggahan berisi klaim “DPR beri berencana...",Hoax,TurnBackHoax
[SALAH] DPR Berencana Beri Bansos Tahunan untuk...,Hoax,TurnBackHoax
"[PENIPUAN] BSU Rp900 Ribu Cair pada 7...
Unggahan berisi narasi “BSU Rp900 ribu...",Hoax,TurnBackHoax
[PENIPUAN] BSU Rp900 Ribu Cair pada 7...,Hoax,TurnBackHoax
"[SALAH] Dirut PLN Jual Data Konsumen PLN...
Unggahan berisi klaim “Dirut PLN jual...",Hoax,TurnBackHoax
[SALAH] Dirut PLN Jual Data Konsumen PLN...,Hoax,TurnBackHoax
"[SALAH] Video Jenderal Israel Peringatkan Indonesia Untuk...
Unggahan video berisi klaim “Jenderal Israel...",Hoax,TurnBackHoax
[SALAH] Video Jenderal Israel Peringatkan Indonesia Untuk...,Hoax,TurnBackHoax
"[PENIPUAN] Tautan ""Undian Berhadiah Bank Aceh""
Unggahan berisi tautan ""undian berhadiah Bank...",Hoax,TurnBackHoax
"[PENIPUAN] Tautan ""Undian Berhadiah Bank Aceh""",Hoax,TurnBackHoax
"[SALAH] Sri Mulyani Menangis dan Minta Maaf...
Unggahan berisi klaim “Sri Mulyani menangis...",Hoax,TurnBackHoax
[SALAH] Sri Mulyani Menangis dan Minta Maaf...,Hoax,TurnBackHoax
"[SALAH] Ribuan Pendeta Hindu India Buang Al-Qur'an...
Unggahan berisi klaim “ribuan pendeta Hindu...",Hoax,TurnBackHoax
[SALAH] Ribuan Pendeta Hindu India Buang Al-Qur'an...,Hoax,TurnBackHoax
"[SALAH] Presiden Prabowo Bakal Lepaskan Aceh untuk...
Unggahan berisi klaim “Presiden Prabowo bakal...",Hoax,TurnBackHoax
[SALAH] Presiden Prabowo Bakal Lepaskan Aceh untuk...,Hoax,TurnBackHoax
"[SALAH] Menkeu Purbaya Curiga Permainan Bunga Rp285,6...
Unggahan berisi klaim “Menkeu Purbaya curiga...",Hoax,TurnBackHoax
"[SALAH] Menkeu Purbaya Curiga Permainan Bunga Rp285,6...",Hoax,TurnBackHoax
"[SALAH] Bahlil Sambut Kedatangan Ahli Gizi dari...
Unggahan berisi klaim “Bahlil sambut kedatangan...",Hoax,TurnBackHoax
[SALAH] Bahlil Sambut Kedatangan Ahli Gizi dari...,Hoax,TurnBackHoax
"[SALAH] Video Cak Imin Membicarakan tentang Pemutihan...
Unggahan yang berisi video Cak Imin...",Hoax,TurnBackHoax
[SALAH] Video Cak Imin Membicarakan tentang Pemutihan...,Hoax,TurnBackHoax
"[SALAH] Menkeu Purbaya Jebloskan Luhut ke Penjara
Unggahan video berisi klaim “Menkeu Purbaya...",Hoax,TurnBackHoax
[SALAH] Menkeu Purbaya Jebloskan Luhut ke Penjara,Hoax,TurnBackHoax
"[SALAH] Video ""Menkeu Purbaya akan Bongkar Penyebab...
Unggahan video berisi klaim “Menkeu Purbaya...",Hoax,TurnBackHoax
"[SALAH] Video ""Menkeu Purbaya akan Bongkar Penyebab...",Hoax,TurnBackHoax
"[SALAH] SIM, STNK, TNKB Berlaku Seumur Hidup...
Unggahan video berisi klaim “SIM, STNK,...",Hoax,TurnBackHoax
"[SALAH] SIM, STNK, TNKB Berlaku Seumur Hidup...",Hoax,TurnBackHoax
"[SALAH] Megawati: Korupsi Itu Fenomena Global, Bukan...
Unggahan berisi klaim “Megawati sebut korupsi...",Hoax,TurnBackHoax
"[SALAH] Megawati: Korupsi Itu Fenomena Global, Bukan...",Hoax,TurnBackHoax
"[PENIPUAN] Penerimaan CPNS Polisi Khusus Pemasyarakatan
Unggahan berisi klaim “penerimaan CPNS Polisi...",Hoax,TurnBackHoax
[PENIPUAN] Penerimaan CPNS Polisi Khusus Pemasyarakatan,Hoax,TurnBackHoax
"[SALAH] Muhammad Qodari Usulkan Gibran Jadi Pahlawan...
Unggahan berisi klaim “Muhammad Qodari usulkan...",Hoax,TurnBackHoax
[SALAH] Muhammad Qodari Usulkan Gibran Jadi Pahlawan...,Hoax,TurnBackHoax
"[SALAH] Timnas Indonesia Lolos ke 32 Besar...
Unggahan berisi klaim “Timnas Indonesia lolos...",Hoax,TurnBackHoax
[SALAH] Timnas Indonesia Lolos ke 32 Besar...,Hoax,TurnBackHoax
"[SALAH] Aturan Tilang 2026: Diberlakukan Denda Manual...
Unggahan berisi klaim aturan baru tilang...",Hoax,TurnBackHoax
[SALAH] Aturan Tilang 2026: Diberlakukan Denda Manual...,Hoax,TurnBackHoax
"[SALAH] Jokowi Terima Uang Suap dari Gubernur...
Unggahan berisi klaim “Jokowi terima uang...",Hoax,TurnBackHoax
[SALAH] Jokowi Terima Uang Suap dari Gubernur...,Hoax,TurnBackHoax
"[PENIPUAN] Seorang Dosen Mengundurkan Diri setelah Cair...
Unggahan yang berisi video seorang dosen...",Hoax,TurnBackHoax
[PENIPUAN] Seorang Dosen Mengundurkan Diri setelah Cair...,Hoax,TurnBackHoax
"[SALAH] Luhut Ancam Rakyat Ikut Bayar Utang...
Unggahan berisi klaim “Luhut ancam rakyat...",Hoax,TurnBackHoax
[SALAH] Luhut Ancam Rakyat Ikut Bayar Utang...,Hoax,TurnBackHoax
"[SALAH] Wawancara Militer Israel soal Militer Indonesia...
Unggahan berisi klaim “wawancara militer Israel...",Hoax,TurnBackHoax
[SALAH] Wawancara Militer Israel soal Militer Indonesia...,Hoax,TurnBackHoax
"[SALAH] Rektor UGM Mengaku Jokowi Menyuap Rp100...
Unggahan berisi klaim “Rektor UGM mengaku...",Hoax,TurnBackHoax
[SALAH] Rektor UGM Mengaku Jokowi Menyuap Rp100...,Hoax,TurnBackHoax
"[PENIPUAN] Tautan ""Undian Berhadiah Bank Jateng”
Unggahan berisi tautan ""undian berhadiah Bank...",Hoax,TurnBackHoax
"[PENIPUAN] Tautan ""Undian Berhadiah Bank Jateng”",Hoax,TurnBackHoax
"[SALAH] Kecelakaan Beruntun di Tol Bawen 1...
Unggahan berisi narasi “kecelakaan beruntun di...",Hoax,TurnBackHoax
[SALAH] Kecelakaan Beruntun di Tol Bawen 1...,Hoax,TurnBackHoax
"[SALAH] Jokowi Marah Terhadap Purbaya yang Tolak...
Unggahan video berisi klaim “Jokowi marah...",Hoax,TurnBackHoax
[SALAH] Jokowi Marah Terhadap Purbaya yang Tolak...,Hoax,TurnBackHoax
"[SALAH] Dapat Wild Card FIFA, Indonesia Resmi...
Unggahan video berisi klaim “Indonesia resmi...",Hoax,TurnBackHoax
"[SALAH] Dapat Wild Card FIFA, Indonesia Resmi...",Hoax,TurnBackHoax
"[PENIPUAN] Mahfud MD Berbagi Bantuan Dana
Unggahan yang berisi video Mahfud MD...",Hoax,TurnBackHoax
[PENIPUAN] Mahfud MD Berbagi Bantuan Dana,Hoax,TurnBackHoax
"[SALAH] Hakim Menyatakan Gibran Melanggar UU dan...
Unggahan berisi narasi “hakim menyatakan Gibran...",Hoax,TurnBackHoax
[SALAH] Hakim Menyatakan Gibran Melanggar UU dan...,Hoax,TurnBackHoax
"[SALAH] Video ""Presiden China Sebut Jokowi Menindas...
Unggahan video berisi klaim “Presiden China...",Hoax,TurnBackHoax
"[SALAH] Video ""Presiden China Sebut Jokowi Menindas...",Hoax,TurnBackHoax
"[SALAH] Wapres Gibran Resmi Dimakzulkan
Unggahan video berisi klaim “Wapres Gibran...",Hoax,TurnBackHoax
[SALAH] Wapres Gibran Resmi Dimakzulkan,Hoax,TurnBackHoax
"[SALAH] Air Rebusan Ciplukan Bisa Mengatasi Stroke
Unggahan berisi klaim “air rebusan tanaman...",Hoax,TurnBackHoax
[SALAH] Air Rebusan Ciplukan Bisa Mengatasi Stroke,Hoax,TurnBackHoax
"[SALAH] Megawati Larang DPR Fraksi PDIP Sahkan...
Unggahan berisi klaim “tengah malam KPK...",Hoax,TurnBackHoax
[SALAH] Megawati Larang DPR Fraksi PDIP Sahkan...,Hoax,TurnBackHoax
"[SALAH] Prabowo Perintahkan Kopassus untuk Menyamar demi...
Unggahan berisi klaim “Prabowo perintahkan Letnan...",Hoax,TurnBackHoax
[SALAH] Prabowo Perintahkan Kopassus untuk Menyamar demi...,Hoax,TurnBackHoax
"[SALAH] Mark Zuckerberg: Jika Iran dan AS...
Unggahan berisi klaim “Mark Zuckerberg: Jika...",Hoax,TurnBackHoax
[SALAH] Mark Zuckerberg: Jika Iran dan AS...,Hoax,TurnBackHoax
"[SALAH] Jaksa Agung Miskinkan DPR yang Korupsi...
Unggahan berisi klaim “Jaksa Agung miskinkan...",Hoax,TurnBackHoax
[SALAH] Jaksa Agung Miskinkan DPR yang Korupsi...,Hoax,TurnBackHoax
"[SALAH] Tengah Malam KPK Periksa Puan Maharani...
Unggahan berisi klaim “tengah malam KPK...",Hoax,TurnBackHoax
[SALAH] Tengah Malam KPK Periksa Puan Maharani...,Hoax,TurnBackHoax
"[SALAH] Luhut Ingatkan Prabowo untuk Ganti Menkeu...
Unggahan berisi klaim “Luhut ingatkan Prabowo...",Hoax,TurnBackHoax
[SALAH] Luhut Ingatkan Prabowo untuk Ganti Menkeu...,Hoax,TurnBackHoax
"[SALAH] Zakir Naik Positif HIV/AIDS
Unggahan berisi klaim “Zakir Naik positif...",Hoax,TurnBackHoax
[SALAH] Zakir Naik Positif HIV/AIDS,Hoax,TurnBackHoax
"[SALAH] Raja Yordania Ingatkan Prabowo agar Tak...
Unggahan berisi klaim “Raja Yordania ingatkan...",Hoax,TurnBackHoax
[SALAH] Raja Yordania Ingatkan Prabowo agar Tak...,Hoax,TurnBackHoax
"[PENIPUAN] Tautan Pendaftaran ""Pemutihan Sertifikat Tanah Gratis...
Unggahan berisi tautan ""pendaftaran pemutihan sertifikat...",Hoax,TurnBackHoax
"[PENIPUAN] Tautan Pendaftaran ""Pemutihan Sertifikat Tanah Gratis...",Hoax,TurnBackHoax
"[SALAH] Komnas HAM Pigai Desak Penarikan Semua...
Unggahan berisi klaim “Komnas HAM desak...",Hoax,TurnBackHoax
[SALAH] Komnas HAM Pigai Desak Penarikan Semua...,Hoax,TurnBackHoax
"[SALAH] Susi Pudjiastuti Maju Jadi Ketua KPK,...
Unggahan berisi klaim “Susi Pudjiastuti maju...",Hoax,TurnBackHoax
"[SALAH] Susi Pudjiastuti Maju Jadi Ketua KPK,...",Hoax,TurnBackHoax
"[SALAH] Shin Tae Young Jadi Pelatih Baru...
Unggahan berisi klaim “Shin Tae Young...",Hoax,TurnBackHoax
[SALAH] Shin Tae Young Jadi Pelatih Baru...,Hoax,TurnBackHoax
"[SALAH] Prabowo Sita Aset Perusahaan Raksasa Malaysia...
Unggahan berisi klaim “Prabowo sita aset...",Hoax,TurnBackHoax
[SALAH] Prabowo Sita Aset Perusahaan Raksasa Malaysia...,Hoax,TurnBackHoax
"[SALAH] PDIP Gelar Rapat Besar-Besaran, Siap Ambil...
Unggahan berisi klaim “PDIP gelar rapat...",Hoax,TurnBackHoax
"[SALAH] PDIP Gelar Rapat Besar-Besaran, Siap Ambil...",Hoax,TurnBackHoax
"[SALAH] China Tiru Cara Purbaya Bank Central...
Unggahan berisi klaim “China tiru cara...",Hoax,TurnBackHoax
[SALAH] China Tiru Cara Purbaya Bank Central...,Hoax,TurnBackHoax
"[SALAH] Puan Maharani Bakal Gandeng Anies Baswedan...
Unggahan video yang berisi klaim “Puan...",Hoax,TurnBackHoax
[SALAH] Puan Maharani Bakal Gandeng Anies Baswedan...,Hoax,TurnBackHoax
"[SALAH] Prabowo Sebut KPK Lamban dalam Menangani...
Unggahan video berisi klaim “Presiden Prabowo...",Hoax,TurnBackHoax
[SALAH] Prabowo Sebut KPK Lamban dalam Menangani...,Hoax,TurnBackHoax
"[PENIPUAN] Aktris Amanda Manopo Bagi-Bagi Uang Lewat...
Unggahan video berisi klaim “aktris Amanda...",Hoax,TurnBackHoax
[PENIPUAN] Aktris Amanda Manopo Bagi-Bagi Uang Lewat...,Hoax,TurnBackHoax
"[SALAH] Luhut Ancam Tembak Mati Rakyat Indonesia
Unggahan berisi klaim “Luhut ancam tembak...",Hoax,TurnBackHoax
[SALAH] Luhut Ancam Tembak Mati Rakyat Indonesia,Hoax,TurnBackHoax
"[SALAH] Video Demo Mahasiswa Tuntut Puan Maharani...
Unggahan berisi klaim “demo mahasiswa tuntut...",Hoax,TurnBackHoax
[SALAH] Video Demo Mahasiswa Tuntut Puan Maharani...,Hoax,TurnBackHoax
"[SALAH] Video ""TNI Kepung Kapal Malaysia di...
Unggahan video berisi klaim “TNI kepung...",Hoax,TurnBackHoax
"[SALAH] Video ""TNI Kepung Kapal Malaysia di...",Hoax,TurnBackHoax
"[PENIPUAN] Penyanyi Lesti Kejora Bagi-Bagi Uang untuk...
Unggahan video berisi klaim “penyanyi Lesti...",Hoax,TurnBackHoax
[PENIPUAN] Penyanyi Lesti Kejora Bagi-Bagi Uang untuk...,Hoax,TurnBackHoax
"[SALAH] Mandi Setelah Makan Picu Asam Urat...
Unggahan video berisi klaim “mandi setelah...",Hoax,TurnBackHoax
[SALAH] Mandi Setelah Makan Picu Asam Urat...,Hoax,TurnBackHoax
"[SALAH] Presiden Prabowo Pecat Bahlil dari Kabinet
Unggahan berisi klaim “Presiden Prabowo pecat...",Hoax,TurnBackHoax
[SALAH] Presiden Prabowo Pecat Bahlil dari Kabinet,Hoax,TurnBackHoax
"[SALAH] Berita Detik Sebut Petani dan Pedagang...
Unggahan berisi klaim “berita detik sebut...",Hoax,TurnBackHoax
[SALAH] Berita Detik Sebut Petani dan Pedagang...,Hoax,TurnBackHoax
"[SALAH] Presiden Prabowo Berencana Jadikan Titiek Soeharto...
Unggahan berisi klaim “Presiden Prabowo berencana...",Hoax,TurnBackHoax
[SALAH] Presiden Prabowo Berencana Jadikan Titiek Soeharto...,Hoax,TurnBackHoax
"[SALAH] Prabowo Mendapat Surat Terbuka dari Diaspora...
Unggahan berisi klaim ”Prabowo mendapat surat...",Hoax,TurnBackHoax
[SALAH] Prabowo Mendapat Surat Terbuka dari Diaspora...,Hoax,TurnBackHoax
"[SALAH] Puan ke Kejagung: Negara Tidak Boleh...
Unggahan berisi klaim “Puan ke Kejagung:...",Hoax,TurnBackHoax
[SALAH] Puan ke Kejagung: Negara Tidak Boleh...,Hoax,TurnBackHoax
"[SALAH] Video Purbaya Membongkar Sri Mulyani yang...
Unggahan yang berisi video Purbaya membongkar...",Hoax,TurnBackHoax
[SALAH] Video Purbaya Membongkar Sri Mulyani yang...,Hoax,TurnBackHoax
"[SALAH] Negara Akan Melunasi Hutang Bank di...
Tidak ada informasi kredibel yang membenarkan...",Hoax,TurnBackHoax
[SALAH] Negara Akan Melunasi Hutang Bank di...,Hoax,TurnBackHoax
"[SALAH] Purbaya Resmi Menarik Anggaran Rp71 Triliun...
Unggahan berisi klaim ”Purbaya resmi menarik...",Hoax,TurnBackHoax
[SALAH] Purbaya Resmi Menarik Anggaran Rp71 Triliun...,Hoax,TurnBackHoax
"[PENIPUAN] Mahfud MD Bagi-Bagi Bansos Hasil Perampasan...
Unggahan video berisi klaim “Mahfud MD...",Hoax,TurnBackHoax
[PENIPUAN] Mahfud MD Bagi-Bagi Bansos Hasil Perampasan...,Hoax,TurnBackHoax
"[SALAH] Menkeu Purbaya Pakai Hacker untuk Susupi...
Unggahan berisi klaim “Menkeu Purbaya pakai...",Hoax,TurnBackHoax
[SALAH] Menkeu Purbaya Pakai Hacker untuk Susupi...,Hoax,TurnBackHoax
"[PENIPUAN] Prabowo Mau Transfer Puluhan Juta Lewat...
Unggahan video berisi klaim “Prabowo mau...",Hoax,TurnBackHoax
[PENIPUAN] Prabowo Mau Transfer Puluhan Juta Lewat...,Hoax,TurnBackHoax
"[SALAH] Menkeu Purbaya: Saya Tidak Peduli Ditembak...
Unggahan video berisi klaim “Purbaya nyatakan...",Hoax,TurnBackHoax
[SALAH] Menkeu Purbaya: Saya Tidak Peduli Ditembak...,Hoax,TurnBackHoax
"[SALAH] BGN Benarkan Baki Program MBG Mengandung...
Unggahan berisi narasi “BGN benarkan baki...",Hoax,TurnBackHoax
[SALAH] BGN Benarkan Baki Program MBG Mengandung...,Hoax,TurnBackHoax
"[SALAH] Prabowo Siap Keluarkan Dekrit Bubarkan DPR
Unggahan berisi klaim “Prabowo siap keluarkan...",Hoax,TurnBackHoax
[SALAH] Prabowo Siap Keluarkan Dekrit Bubarkan DPR,Hoax,TurnBackHoax
"[SALAH] Prabowo Lantik Ahok Sebagai Ketua KPK
Unggahan berisi narasi “Prabowo lantik Ahok...",Hoax,TurnBackHoax
[SALAH] Prabowo Lantik Ahok Sebagai Ketua KPK,Hoax,TurnBackHoax
"[SALAH] Video Prajurit Kopassus Menegur Anggota DPR...
Unggahan yang berisi video prajurit Kopassus...",Hoax,TurnBackHoax
[SALAH] Video Prajurit Kopassus Menegur Anggota DPR...,Hoax,TurnBackHoax
"[SALAH] FIFA dan AFC Kompak Blacklist Irak...
Unggahan berisi klaim “FIFA dan AFC...",Hoax,TurnBackHoax
[SALAH] FIFA dan AFC Kompak Blacklist Irak...,Hoax,TurnBackHoax
"[SALAH] Purbaya Minta Izin ke Rakyat Indonesia...
Unggahan yang berisi klaim “Purbaya minta...",Hoax,TurnBackHoax
[SALAH] Purbaya Minta Izin ke Rakyat Indonesia...,Hoax,TurnBackHoax
"[SALAH] Trump Memberikan Hak Veto Amerika Serikat...
Unggahan berisi klaim “Trump memberikan hak...",Hoax,TurnBackHoax
[SALAH] Trump Memberikan Hak Veto Amerika Serikat...,Hoax,TurnBackHoax
"[PENIPUAN] Tautan Pendaftaran Rumah Gratis Program 3...
Unggahan berisi narasi “tautan pendaftaran rumah...",Hoax,TurnBackHoax
"[SALAH] Keponakan Luhut Pakai Dana Danantara Untuk...
Unggahan video berisi klaim “keponakan Luhut...",Hoax,TurnBackHoax
[SALAH] Keponakan Luhut Pakai Dana Danantara Untuk...,Hoax,TurnBackHoax
"[SALAH] PSSI Resmi Tunjuk Roberto Mancini Gantikan...
Unggahan berisi klaim “PSSI resmi tunjuk...",Hoax,TurnBackHoax
[SALAH] PSSI Resmi Tunjuk Roberto Mancini Gantikan...,Hoax,TurnBackHoax
"[SALAH] Ali Ngabalin Minta KPK Periksa Menkeu...
Unggahan video berisi klaim “Ali Ngabalin...",Hoax,TurnBackHoax
[SALAH] Ali Ngabalin Minta KPK Periksa Menkeu...,Hoax,TurnBackHoax
"[SALAH] Anies: Sehebat Apapun Prabowo, Tetap Rusak...
Unggahan berisi klaim “Anies: sehebat apapun...",Hoax,TurnBackHoax
"[SALAH] Anies: Sehebat Apapun Prabowo, Tetap Rusak...",Hoax,TurnBackHoax
"[SALAH] Video Ketua MPR Ahmad Muzani Baca...
Unggahan berisi klaim “Ketua MPR Ahmad...",Hoax,TurnBackHoax
[SALAH] Video Ketua MPR Ahmad Muzani Baca...,Hoax,TurnBackHoax
"[SALAH] Menteri Yusril Ihza Minta Ammar Zoni...
Unggahan video berisi klaim “Menteri Yusril...",Hoax,TurnBackHoax
[SALAH] Menteri Yusril Ihza Minta Ammar Zoni...,Hoax,TurnBackHoax
"[PENIPUAN] Tautan ""Pendaftaran BLT Kesra 2025""
Unggahan berisi tautan “pendaftaran BLT Kesra...",Hoax,TurnBackHoax
"[PENIPUAN] Tautan ""Pendaftaran BLT Kesra 2025""",Hoax,TurnBackHoax
"[SALAH] Peresmian Masjid di Temanggung dengan Mengundang...
Unggahan video berisi klaim “peresmian masjid...",Hoax,TurnBackHoax
[SALAH] Peresmian Masjid di Temanggung dengan Mengundang...,Hoax,TurnBackHoax
"[PENIPUAN] Video Ustaz Adi Hidayat Bagi-Bagi Uang...
Unggahan video berisi klaim “Ustaz Adi...",Hoax,TurnBackHoax
[PENIPUAN] Video Ustaz Adi Hidayat Bagi-Bagi Uang...,Hoax,TurnBackHoax
"[SALAH] Jokowi Bakal Diadili Imbas Kecerobohannya di...
Unggahan video berisi klaim “Jokowi akan...",Hoax,TurnBackHoax
[SALAH] Jokowi Bakal Diadili Imbas Kecerobohannya di...,Hoax,TurnBackHoax
"[SALAH] Ketua Harian PSI Usulkan Duet Gibran-Jokowi...
Unggahan berisi klaim “Ketua Harian PSI...",Hoax,TurnBackHoax
[SALAH] Ketua Harian PSI Usulkan Duet Gibran-Jokowi...,Hoax,TurnBackHoax
"[SALAH] Prabowo Bebaskan Ammar Zoni dari Lapas...
Unggahan video berisi klaim “Presiden Prabowo...",Hoax,TurnBackHoax
[SALAH] Prabowo Bebaskan Ammar Zoni dari Lapas...,Hoax,TurnBackHoax
"[SALAH] Wakil Menteri Agama Muhammad Syafi'i Setujui...
Unggahan berisi klaim “Wakil Menteri Agama...",Hoax,TurnBackHoax
[SALAH] Wakil Menteri Agama Muhammad Syafi'i Setujui...,Hoax,TurnBackHoax
"[SALAH] Jaksa Agung Tetapkan Luhut Tersangka Korupsi...
Unggahan berisi klaim “Jaksa Agung tetapkan...",Hoax,TurnBackHoax
[SALAH] Jaksa Agung Tetapkan Luhut Tersangka Korupsi...,Hoax,TurnBackHoax
"[PENIPUAN] Pendaftaran Program Penghapusan Tunggakan BPJS Kesehatan...
Unggahan berisi klaim “pendaftaran program penghapusan...",Hoax,TurnBackHoax
[PENIPUAN] Pendaftaran Program Penghapusan Tunggakan BPJS Kesehatan...,Hoax,TurnBackHoax
"[SALAH] Trump Sebut Dedi Mulyadi Berpotensi Jadi...
Unggahan video berisi klaim “Trump sebut...",Hoax,TurnBackHoax
[SALAH] Trump Sebut Dedi Mulyadi Berpotensi Jadi...,Hoax,TurnBackHoax
"[SALAH] Demo Tolak Imigran Islam di Jepang
Unggahan berisi klaim “demo tolak imigran...",Hoax,TurnBackHoax
[SALAH] Demo Tolak Imigran Islam di Jepang,Hoax,TurnBackHoax
"[SALAH] Foto Indonesia Terancam Diskualifikasi IOC karena...
Unggahan foto berisi klaim Indonesia terancam...",Hoax,TurnBackHoax
[SALAH] Foto Indonesia Terancam Diskualifikasi IOC karena...,Hoax,TurnBackHoax
"[PENIPUAN] Raffi Ahmad Bagi-Bagi Bansos untuk TKI
Unggahan video berisi klaim “Raffi Ahmad...",Hoax,TurnBackHoax
[PENIPUAN] Raffi Ahmad Bagi-Bagi Bansos untuk TKI,Hoax,TurnBackHoax
"[SALAH] Pernyataan PM Malaysia ke Indonesia: Mau...
Unggahan video berisi klaim “pernyataan PM...",Hoax,TurnBackHoax
[SALAH] Pernyataan PM Malaysia ke Indonesia: Mau...,Hoax,TurnBackHoax
"[SALAH] Purbaya Sebut Pertamina “Kelewat Pintar” Kirim...
Unggahan berisi klaim ""Purbaya sebut Pertamina...",Hoax,TurnBackHoax
[SALAH] Purbaya Sebut Pertamina “Kelewat Pintar” Kirim...,Hoax,TurnBackHoax
"[SALAH] Video “Banjir Bandang di Bandung 15...
Unggahan video berisi klaim “banjir bandang...",Hoax,TurnBackHoax
[SALAH] Video “Banjir Bandang di Bandung 15...,Hoax,TurnBackHoax
"[SALAH] Video Serangan Markas KKB Lewat Jalur...
Unggahan berisi klaim “video serangan markas...",Hoax,TurnBackHoax
[SALAH] Video Serangan Markas KKB Lewat Jalur...,Hoax,TurnBackHoax
"[SALAH] Sri Mulyani Diperiksa Bareskrim atas Kasus...
Unggahan video berisi klaim “Sri Mulyani...",Hoax,TurnBackHoax
[SALAH] Sri Mulyani Diperiksa Bareskrim atas Kasus...,Hoax,TurnBackHoax
"[SALAH] Akun Threads Direktur Utama Pertamina Simon...
Akun Threads Direktur Utama Pertamina Simon...",Hoax,TurnBackHoax
[SALAH] Akun Threads Direktur Utama Pertamina Simon...,Hoax,TurnBackHoax
"[SALAH] Menhan Sjafrie Umumkan Pemutihan Pajak Bermotor
Unggahan video berisi klaim “Menhan Sjafrie...",Hoax,TurnBackHoax
[SALAH] Menhan Sjafrie Umumkan Pemutihan Pajak Bermotor,Hoax,TurnBackHoax
"[SALAH] Menkeu Purbaya Tegaskan 2026 Guru Negeri/Swasta...
Unggahan berisi klaim “Menkeu Purbaya tegaskan...",Hoax,TurnBackHoax
[SALAH] Menkeu Purbaya Tegaskan 2026 Guru Negeri/Swasta...,Hoax,TurnBackHoax
"[SALAH] Wasit Terbukti Disuap, Presiden FIFA Cabut...
Unggahan video berisi klaim “wasit terbukti...",Hoax,TurnBackHoax
"[SALAH] Wasit Terbukti Disuap, Presiden FIFA Cabut...",Hoax,TurnBackHoax
"[SALAH] Megawati Tidak Rela Uang Sitaan Korupsi...
Unggahan video berisi klaim ""Megawati tidak...",Hoax,TurnBackHoax
[SALAH] Megawati Tidak Rela Uang Sitaan Korupsi...,Hoax,TurnBackHoax
"[SALAH] Video ""Pasukan Militer Malaysia Usir Nelayan...
Unggahan video berisi klaim “pasukan militer...",Hoax,TurnBackHoax
"[SALAH] Video ""Pasukan Militer Malaysia Usir Nelayan...",Hoax,TurnBackHoax
"[SALAH] Video ""TNI Tangkap Warga Asing Pemasok...
Unggahan video berisi klaim “TNI tangkap...",Hoax,TurnBackHoax
"[SALAH] Video ""TNI Tangkap Warga Asing Pemasok...",Hoax,TurnBackHoax
"[SALAH] Shin Tae Yong Resmi Kembali ke...
Unggahan berisi klaim ""Shin Tae-yong resmi...",Hoax,TurnBackHoax
[SALAH] Shin Tae Yong Resmi Kembali ke...,Hoax,TurnBackHoax
"[SALAH] Buruh, Ojol, dan Petani Serukan Kaesang...
Unggahan berisi klaim “buruh, ojol dan...",Hoax,TurnBackHoax
"[SALAH] Buruh, Ojol, dan Petani Serukan Kaesang...",Hoax,TurnBackHoax
"[SALAH] Trans7 Ditutup Sementara
Unggahan berisi klaim “Trans7 ditutup sementara”...",Hoax,TurnBackHoax
[SALAH] Trans7 Ditutup Sementara,Hoax,TurnBackHoax
"[SALAH] FIFA Pecat Wasit Ma Ning Usai...
Unggahan video berisi klaim ""FIFA pecat...",Hoax,TurnBackHoax
[SALAH] FIFA Pecat Wasit Ma Ning Usai...,Hoax,TurnBackHoax
"[SALAH] Louis Van Gaal Resmi Jadi Pelatih...
Unggahan berisi klaim “Louis Van Gaal...",Hoax,TurnBackHoax
[SALAH] Louis Van Gaal Resmi Jadi Pelatih...,Hoax,TurnBackHoax
"[SALAH] Penertiban Pom Mini di Balikpapan karena...
Unggahan video berisi klaim ""penertiban pom...",Hoax,TurnBackHoax
[SALAH] Penertiban Pom Mini di Balikpapan karena...,Hoax,TurnBackHoax
"[PENIPUAN] Seleksi PPPK Guru Kemenag Tahap 3...
Unggahan berisi klaim “seleksi PPPK guru...",Hoax,TurnBackHoax
[PENIPUAN] Seleksi PPPK Guru Kemenag Tahap 3...,Hoax,TurnBackHoax
"[SALAH] Inggris, Prancis dan Spanyol Bombardir Israel
Unggahan berisi klaim “Inggris, Prancis dan...",Hoax,TurnBackHoax
"[SALAH] Inggris, Prancis dan Spanyol Bombardir Israel",Hoax,TurnBackHoax
"[SALAH] Indonesia Kirim 20 Ribu Pasukan ke...
Unggahan berisi klaim “Indonesia kirim 20...",Hoax,TurnBackHoax
[SALAH] Indonesia Kirim 20 Ribu Pasukan ke...,Hoax,TurnBackHoax
"[SALAH] Video ""TNI Tangkap Kapal Nelayan Malaysia...
Unggahan video berisi klaim “TNI menangkap...",Hoax,TurnBackHoax
"[SALAH] Video ""TNI Tangkap Kapal Nelayan Malaysia...",Hoax,TurnBackHoax
"[SALAH] Natuna Utara Jadi Jaminan Utang Kereta...
Unggahan video berisi klaim “perjanjian antara...",Hoax,TurnBackHoax
[SALAH] Natuna Utara Jadi Jaminan Utang Kereta...,Hoax,TurnBackHoax
"[SALAH] Nadiem Makarim Ditahan Polisi Militer
Unggahan berisi klaim “nadiem makarim ditahan...",Hoax,TurnBackHoax
[SALAH] Nadiem Makarim Ditahan Polisi Militer,Hoax,TurnBackHoax
"[SALAH] Taspen Umumkan Kenaikan Gaji PNS dan...
Unggahan video berisi klaim ""Taspen umumkan...",Hoax,TurnBackHoax
[SALAH] Taspen Umumkan Kenaikan Gaji PNS dan...,Hoax,TurnBackHoax
"[SALAH] Prabowo Kerahkan Kapal Perang untuk Lindungi...
Unggahan video berisi klaim “Prabowo kerahkan...",Hoax,TurnBackHoax
[SALAH] Prabowo Kerahkan Kapal Perang untuk Lindungi...,Hoax,TurnBackHoax
"[SALAH] Menkeu Purbaya Sebut Harga Pertalite Hanya...
Unggahan berisi klaim “Menkeu sebut harga...",Hoax,TurnBackHoax
[SALAH] Menkeu Purbaya Sebut Harga Pertalite Hanya...,Hoax,TurnBackHoax
"[SALAH] Istri Menkeu Purbaya Diteror Paket Berisi...
Unggahan berisi klaim “istri Menkeu Purbaya...",Hoax,TurnBackHoax
[SALAH] Istri Menkeu Purbaya Diteror Paket Berisi...,Hoax,TurnBackHoax
"[SALAH] Menko Yusril: Tangkap dan Bubarkan Relawan...
Unggahan berisi klaim “Menko Yusril minta...",Hoax,TurnBackHoax
[SALAH] Menko Yusril: Tangkap dan Bubarkan Relawan...,Hoax,TurnBackHoax
"[PENIPUAN] Tautan Pendaftaran “Magang Berbayar dari Pemerintah”
Unggahan berisi tautan “pendaftaran magang berbayar...",Hoax,TurnBackHoax
[PENIPUAN] Tautan Pendaftaran “Magang Berbayar dari Pemerintah”,Hoax,TurnBackHoax
"[SALAH] Presiden Prabowo Bentuk Tim Audit Subsidi...
Unggahan berisi klaim “Presiden Prabowo bentuk...",Hoax,TurnBackHoax
[SALAH] Presiden Prabowo Bentuk Tim Audit Subsidi...,Hoax,TurnBackHoax
"[SALAH] Perdana Menteri Israel Netanyahu Ditangkap
Unggahan berisi klaim “Perdana Menteri Israel...",Hoax,TurnBackHoax
[SALAH] Perdana Menteri Israel Netanyahu Ditangkap,Hoax,TurnBackHoax
"[SALAH] Zinedine Zidane Jadi Pelatih Baru Timnas...
Unggahan berisi klaim “Zinedine Zidane jadi...",Hoax,TurnBackHoax
[SALAH] Zinedine Zidane Jadi Pelatih Baru Timnas...,Hoax,TurnBackHoax
"[SALAH] Sri Mulyani ke Menkeu Purbaya: Jangan...
Unggahan video berisi klaim “Sri Mulyani...",Hoax,TurnBackHoax
[SALAH] Sri Mulyani ke Menkeu Purbaya: Jangan...,Hoax,TurnBackHoax
"[SALAH] Video ""Permintaan Maaf Anak Riza Chalid...
Unggahan video berisi klaim “permintaan maaf...",Hoax,TurnBackHoax
"[SALAH] Video ""Permintaan Maaf Anak Riza Chalid...",Hoax,TurnBackHoax
"[SALAH] Ali Ngabalin: Saya Lihat Menkeu Purbaya...
Unggahan video berisi klaim “Ali Ngabalin:...",Hoax,TurnBackHoax
[SALAH] Ali Ngabalin: Saya Lihat Menkeu Purbaya...,Hoax,TurnBackHoax
"[SALAH] Anak Kapolri Listyo Sigit Terjerat Korupsi...
Unggahan video berisi klaim “anak Jenderal...",Hoax,TurnBackHoax
[SALAH] Anak Kapolri Listyo Sigit Terjerat Korupsi...,Hoax,TurnBackHoax
"[SALAH] Tidak Percaya Polisi, Prabowo Serahkan Pemberantasan...
Unggahan video berisi klaim “Prabowo percayakan...",Hoax,TurnBackHoax
"[SALAH] Tidak Percaya Polisi, Prabowo Serahkan Pemberantasan...",Hoax,TurnBackHoax
"[SALAH] Luhut Jadi Tersangka Korupsi Batu Bara
Unggahan foto berisi klaim “Luhut jadi...",Hoax,TurnBackHoax
[SALAH] Luhut Jadi Tersangka Korupsi Batu Bara,Hoax,TurnBackHoax
"[PENIPUAN] Pendaftaran CPNS 2025 Dibuka
Unggahan berisi narasi “pendaftaran CPNS 2025...",Hoax,TurnBackHoax
[PENIPUAN] Pendaftaran CPNS 2025 Dibuka,Hoax,TurnBackHoax
"[SALAH] Jokowi Terpilih Jadi Sekjen PBB 2026
Unggahan berisi klaim “Jokowi terpilih jadi...",Hoax,TurnBackHoax
[SALAH] Jokowi Terpilih Jadi Sekjen PBB 2026,Hoax,TurnBackHoax
"[SALAH] Elon Musk Sebut Manusia Akan Punah...
Unggahan berisi klaim “Elon Musk sebut...",Hoax,TurnBackHoax
[SALAH] Elon Musk Sebut Manusia Akan Punah...,Hoax,TurnBackHoax
"[SALAH] Raja Salman Hadiahkan Ratusan Juta Dolar...
Unggahan video berisi klaim “Raja Salman...",Hoax,TurnBackHoax
[SALAH] Raja Salman Hadiahkan Ratusan Juta Dolar...,Hoax,TurnBackHoax
"[PENIPUAN] Presiden Prabowo Promosikan Program Motor Murah
Unggahan video berisi klaim “Presiden Prabowo...",Hoax,TurnBackHoax
[PENIPUAN] Presiden Prabowo Promosikan Program Motor Murah,Hoax,TurnBackHoax
"[SALAH] Luhut Terjerat Pencucian Uang Pengadaan Laptop
Unggahan video berisi klaim “Luhut terjerat...",Hoax,TurnBackHoax
[SALAH] Luhut Terjerat Pencucian Uang Pengadaan Laptop,Hoax,TurnBackHoax
"[SALAH] DPR RI Larang Menkeu Purbaya Ikut...
Unggahan video berisi klaim “DPR larang...",Hoax,TurnBackHoax
[SALAH] DPR RI Larang Menkeu Purbaya Ikut...,Hoax,TurnBackHoax
"[SALAH] Rakyat Amerika Serang Rumah Donald Trump
Unggahan berisi klaim “Rakyat Amerika serang...",Hoax,TurnBackHoax
[SALAH] Rakyat Amerika Serang Rumah Donald Trump,Hoax,TurnBackHoax
"[SALAH] Puan Maharani Tidak Suka Indonesia Disebut...
Unggahan berisi klaim “Puan Maharani tidak...",Hoax,TurnBackHoax
[SALAH] Puan Maharani Tidak Suka Indonesia Disebut...,Hoax,TurnBackHoax
"[SALAH] Seorang Kakek Kabur Setelah Tipu Mahar...
Informasi dengan klaim “seorang Kakek kabur...",Hoax,TurnBackHoax
[SALAH] Seorang Kakek Kabur Setelah Tipu Mahar...,Hoax,TurnBackHoax
"[SALAH] Pesan Berantai Sakit Difteri karena Kencing...
Pesan berantai yang berisi klaim difteri...",Hoax,TurnBackHoax
[SALAH] Pesan Berantai Sakit Difteri karena Kencing...,Hoax,TurnBackHoax
"[SALAH] Video “Kim Jong-un Prihatin atas Praktik...
Unggahan berisi video “Kim Jong-un prihatin...",Hoax,TurnBackHoax
[SALAH] Video “Kim Jong-un Prihatin atas Praktik...,Hoax,TurnBackHoax
"[SALAH] Presiden Prabowo Tarik Uang Luar Negeri...
Unggahan video berisi klaim “Presiden Prabowo...",Hoax,TurnBackHoax
[SALAH] Presiden Prabowo Tarik Uang Luar Negeri...,Hoax,TurnBackHoax
"[SALAH] Video “Tanggapan Bahlil Terkait Pencopotan Dirinya”
Unggahan video berisi klaim “tanggapan Bahlil...",Hoax,TurnBackHoax
[SALAH] Video “Tanggapan Bahlil Terkait Pencopotan Dirinya”,Hoax,TurnBackHoax
"[PENIPUAN] OJK Hapus Data dan Tagihan Pinjol
Unggahan berisi klaim “OJK hapus data...",Hoax,TurnBackHoax
[PENIPUAN] OJK Hapus Data dan Tagihan Pinjol,Hoax,TurnBackHoax
"[SALAH] Korban Meteor Jatuh di Cirebon
Video aslinya adalah dokumentasi siswa SMP...",Hoax,TurnBackHoax
[SALAH] Korban Meteor Jatuh di Cirebon,Hoax,TurnBackHoax
"[SALAH] Susi Pudjiastuti Gaungkan Pencopotan Puan dari...
Unggahan video berisi klaim “Susi Pudjiastuti...",Hoax,TurnBackHoax
[SALAH] Susi Pudjiastuti Gaungkan Pencopotan Puan dari...,Hoax,TurnBackHoax
"[SALAH] Menkeu Purbaya Diteror, Rumahnya Kini Dijaga...
Unggahan video berisi klaim “Menkeu Purbaya...",Hoax,TurnBackHoax
"[SALAH] Menkeu Purbaya Diteror, Rumahnya Kini Dijaga...",Hoax,TurnBackHoax
"[SALAH] Komjen Rudy Resmi Gantikan Kapolri Listyo...
Unggahan video berisi klaim “Komjen Rudy...",Hoax,TurnBackHoax
[SALAH] Komjen Rudy Resmi Gantikan Kapolri Listyo...,Hoax,TurnBackHoax
"[SALAH] Puan Maharani Izinkan Israel Tampil di...
Unggahan berisi klaim “Puan Maharani izinkan...",Hoax,TurnBackHoax
[SALAH] Puan Maharani Izinkan Israel Tampil di...,Hoax,TurnBackHoax
"[SALAH] Laga Indonesia Vs Iraq Resmi Diulang,...
Unggahan berisi klaim “Laga Indonesia vs...",Hoax,TurnBackHoax
"[SALAH] Laga Indonesia Vs Iraq Resmi Diulang,...",Hoax,TurnBackHoax
"[SALAH] Shin Tae Yong ke Arab Saudi...
Unggahan berisi klaim “Shin Tae Young...",Hoax,TurnBackHoax
[SALAH] Shin Tae Yong ke Arab Saudi...,Hoax,TurnBackHoax
"[SALAH] Prabowo Setuju Berhentikan Program Makan Bergizi...
Unggahan berisi klaim “Prabowo setuju berhentikan...",Hoax,TurnBackHoax
[SALAH] Prabowo Setuju Berhentikan Program Makan Bergizi...,Hoax,TurnBackHoax
"[SALAH] Video ""Detik-detik Ngeri Ambruknya Bangunan Ponpes...
Unggahan video berisi klaim ""Detik-detik Ngeri...",Hoax,TurnBackHoax
"[SALAH] Video ""Detik-detik Ngeri Ambruknya Bangunan Ponpes...",Hoax,TurnBackHoax
"[SALAH] Prabowo Resmi Pecat Kluivert dan Erick...
Unggahan berisi klaim “Prabowo resmi pecat...",Hoax,TurnBackHoax
[SALAH] Prabowo Resmi Pecat Kluivert dan Erick...,Hoax,TurnBackHoax
"[SALAH] Penemuan Meteor Jatuh di Majalengka
Unggahan berisi klaim “penemuan meteor jatuh...",Hoax,TurnBackHoax
[SALAH] Penemuan Meteor Jatuh di Majalengka,Hoax,TurnBackHoax
"[PENIPUAN] Tautan “Pendaftaran Kartu Prakerja dan Insentif...
Unggahan berisi tautan “pendaftaran kartu Prakerja...",Hoax,TurnBackHoax
[PENIPUAN] Tautan “Pendaftaran Kartu Prakerja dan Insentif...,Hoax,TurnBackHoax
"[SALAH] Indonesia Hanya Kirim 12 Atlet ke...
Faktanya, Menpora Erick Thohir menyampaikan Indonesia...",Hoax,TurnBackHoax
[SALAH] Indonesia Hanya Kirim 12 Atlet ke...,Hoax,TurnBackHoax
"[PENIPUAN] Menteri Keuangan Purbaya Umumkan Layanan Pinjaman...
Faktanya Menteri Keuangan Purbaya tidak pernah...",Hoax,TurnBackHoax
[PENIPUAN] Menteri Keuangan Purbaya Umumkan Layanan Pinjaman...,Hoax,TurnBackHoax
"[PENIPUAN] Tautan “Pendaftaran Bantuan Tunai untuk Pemilik...
Unggahan berisi tautan “pendaftaran bantuan tunai...",Hoax,TurnBackHoax
[PENIPUAN] Tautan “Pendaftaran Bantuan Tunai untuk Pemilik...,Hoax,TurnBackHoax
"[PENIPUAN] Video “Ashanty Bagi-Bagi Uang”
Unggahan video berisi klaim “Ashanty bagi-bagi...",Hoax,TurnBackHoax
[PENIPUAN] Video “Ashanty Bagi-Bagi Uang”,Hoax,TurnBackHoax
"[PENIPUAN] Prabowo Beri Bantuan Token Listrik pada...
Unggahan berisi narasi “Prabowo beri bantuan...",Hoax,TurnBackHoax
[PENIPUAN] Prabowo Beri Bantuan Token Listrik pada...,Hoax,TurnBackHoax
"[SALAH] Megawati ke Menkeu Purbaya: Jangan Merasa...
Unggahan video berisi klaim “pernyataan Megawati...",Hoax,TurnBackHoax
[SALAH] Megawati ke Menkeu Purbaya: Jangan Merasa...,Hoax,TurnBackHoax
"[SALAH] Prabowo Panggil Megawati sebagai Saksi Kasus...
Unggahan video berisi klaim “Presiden Prabowo...",Hoax,TurnBackHoax
[SALAH] Prabowo Panggil Megawati sebagai Saksi Kasus...,Hoax,TurnBackHoax
"[PENIPUAN] Video “Menkeu Purbaya Promosikan Platform Investasi”
Unggahan berisi klaim “Menkeu Purbaya promosikan...",Hoax,TurnBackHoax
[PENIPUAN] Video “Menkeu Purbaya Promosikan Platform Investasi”,Hoax,TurnBackHoax
"[SALAH] Bos Sampoerna Minta Masyarakat untuk Berhenti...
Unggahan berisi klaim “bos Sampoerna minta...",Hoax,TurnBackHoax
[SALAH] Bos Sampoerna Minta Masyarakat untuk Berhenti...,Hoax,TurnBackHoax
"[SALAH] Merah Menyala Raja Ampat Akibat Tambang
Unggahan berisi klaim “merah menyala Raja...",Hoax,TurnBackHoax
[SALAH] Merah Menyala Raja Ampat Akibat Tambang,Hoax,TurnBackHoax
"[SALAH] Elon Musk Luncurkan Tesla Pi Phone,...
Unggahan berisi klaim “Elon Musk luncurkan...",Hoax,TurnBackHoax
"[SALAH] Elon Musk Luncurkan Tesla Pi Phone,...",Hoax,TurnBackHoax
"[PENIPUAN] Pendaftaran Dana Bantuan DAP 2025 Untuk...
Informasi “pendaftaran dana bantuan DAP 2025...",Hoax,TurnBackHoax
[PENIPUAN] Pendaftaran Dana Bantuan DAP 2025 Untuk...,Hoax,TurnBackHoax
"[SALAH] Koki Masuk Ke Dalam Mesin Giling...
Informasi dengan klaim “koki masuk ke...",Hoax,TurnBackHoax
[SALAH] Koki Masuk Ke Dalam Mesin Giling...,Hoax,TurnBackHoax
"[SALAH] Tampilan Windows 12
Unggahan berisi klaim “tampilan Windows 12”...",Hoax,TurnBackHoax
[SALAH] Tampilan Windows 12,Hoax,TurnBackHoax
"[SALAH] Menkeu Purbaya Tarik Anggaran Makan Bergizi...
Unggahan video berisi klaim “Menkeu Purbaya...",Hoax,TurnBackHoax
[SALAH] Menkeu Purbaya Tarik Anggaran Makan Bergizi...,Hoax,TurnBackHoax
"[SALAH] Daun Oregano Mampu Sembukan Penyakit Mata
Unggahan berisi klaim “daun oregano mampu...",Hoax,TurnBackHoax
[SALAH] Daun Oregano Mampu Sembukan Penyakit Mata,Hoax,TurnBackHoax
"[SALAH] Pemerintah Resmi Hapus Pajak untuk Gaji...
Unggahan berisi klaim “pemerintah resmi hapus...",Hoax,TurnBackHoax
[SALAH] Pemerintah Resmi Hapus Pajak untuk Gaji...,Hoax,TurnBackHoax
"[PENIPUAN] Tautan Pendaftaran Program KUR Nol persen...
Tidak ditemukan pengumuman resmi dari Kementerian...",Hoax,TurnBackHoax
[PENIPUAN] Tautan Pendaftaran Program KUR Nol persen...,Hoax,TurnBackHoax
"[SALAH] Tangkapan Layar Artikel CNN Indonesia ""Luhut...
Unggahan berisi klaim ""Artikel CNN Indonesia...",Hoax,TurnBackHoax
"[SALAH] Tangkapan Layar Artikel CNN Indonesia ""Luhut...",Hoax,TurnBackHoax
"[SALAH] Korban Keracunan MBG Tanggung Sendiri Biaya...
Unggahan berisi narasi “korban keracunan MBG...",Hoax,TurnBackHoax
[SALAH] Korban Keracunan MBG Tanggung Sendiri Biaya...,Hoax,TurnBackHoax
"[SALAH] Pilot Amerika Menolak Terbangkan Pesawat Bersenjata...
Unggahan berisi klaim “pilot Amerika menolak...",Hoax,TurnBackHoax
[SALAH] Pilot Amerika Menolak Terbangkan Pesawat Bersenjata...,Hoax,TurnBackHoax
"[SALAH] Hujan Api Terjadi di Kamboja
Unggahan berisi klaim “Hujan Api Terjadi...",Hoax,TurnBackHoax
[SALAH] Hujan Api Terjadi di Kamboja,Hoax,TurnBackHoax
"[SALAH] Elon Musk Tewas dalam Insiden Kebakaran...
Unggahan berisi klaim “Elon Musk tewas...",Hoax,TurnBackHoax
[SALAH] Elon Musk Tewas dalam Insiden Kebakaran...,Hoax,TurnBackHoax
"[SALAH] Prabowo Marah Besar atas Kebijakan Pelat...
Unggahan video berisi klaim “Presiden Prabowo...",Hoax,TurnBackHoax
[SALAH] Prabowo Marah Besar atas Kebijakan Pelat...,Hoax,TurnBackHoax
"[SALAH] DPR Resmi Dibubarkan
Unggahan video berisi klaim “DPR resmi...",Hoax,TurnBackHoax
[SALAH] DPR Resmi Dibubarkan,Hoax,TurnBackHoax
"[SALAH] Prabowo Tantang Malaysia Perang karena Rebut...
Unggahan video berisi klaim “Prabowo tantang...",Hoax,TurnBackHoax
[SALAH] Prabowo Tantang Malaysia Perang karena Rebut...,Hoax,TurnBackHoax
"[SALAH] Puan Maharani Dijemput Paksa KPK
Unggahan video berisi klaim “Puan Maharani...",Hoax,TurnBackHoax
[SALAH] Puan Maharani Dijemput Paksa KPK,Hoax,TurnBackHoax
"[SALAH] Kapal Bantuan Sudah Tiba di Gaza
Unggahan berisi klaim “kapal bantuan sudah...",Hoax,TurnBackHoax
[SALAH] Kapal Bantuan Sudah Tiba di Gaza,Hoax,TurnBackHoax
"[Salah] Warga Cirebon heboh Dengan Penampakan Cahaya...
Unggahan video berisi klaim “warga Cirebon...",Hoax,TurnBackHoax
[Salah] Warga Cirebon heboh Dengan Penampakan Cahaya...,Hoax,TurnBackHoax
"[SALAH] Penyumbatan Usus oleh Cacing karena Sering...
Unggahan video berisi klaim “penyumbatan usus...",Hoax,TurnBackHoax
[SALAH] Penyumbatan Usus oleh Cacing karena Sering...,Hoax,TurnBackHoax
"[SALAH] Jurnalis CNN Dapat Hadiah Supercar dari...
Unggahan berisi klaim “jurnalis CNN dapat...",Hoax,TurnBackHoax
[SALAH] Jurnalis CNN Dapat Hadiah Supercar dari...,Hoax,TurnBackHoax
"[SALAH] TNI Akan Bergerak ke Gaza Hari...
Unggahan berisi klaim “TNI bergerak ke...",Hoax,TurnBackHoax
[SALAH] TNI Akan Bergerak ke Gaza Hari...,Hoax,TurnBackHoax
"[SALAH] Plat BL Aceh Dirazia di Sumut...
Unggahan berisi klaim “plat BL Aceh...",Hoax,TurnBackHoax
[SALAH] Plat BL Aceh Dirazia di Sumut...,Hoax,TurnBackHoax
"[PENIPUAN] Menteri Agama Resmi Membagikan Dana Hibah...
Unggahan berisi klaim “menteri agama resmi...",Hoax,TurnBackHoax
[PENIPUAN] Menteri Agama Resmi Membagikan Dana Hibah...,Hoax,TurnBackHoax
"[SALAH] Video Warga Menjarah SPBU Pertamina
Faktanya, video tersebut merupakan momen unjuk...",Hoax,TurnBackHoax
[SALAH] Video Warga Menjarah SPBU Pertamina,Hoax,TurnBackHoax
"[SALAH] Judul Artikel Gelora “Menkeu Purbaya Meminta...
Faktanya judul asli artikel tersebut adalah...",Hoax,TurnBackHoax
[SALAH] Judul Artikel Gelora “Menkeu Purbaya Meminta...,Hoax,TurnBackHoax
"[SALAH] Gubernur Aceh Ancam Pulangkan Ribuan Alat...
Unggahan video berisi klaim “Gubernur Aceh...",Hoax,TurnBackHoax
[SALAH] Gubernur Aceh Ancam Pulangkan Ribuan Alat...,Hoax,TurnBackHoax
"[SALAH] Potret “Kondisi Usai Bom Jet Tempur...
Unggahan video berisi klaim “kondisi usai...",Hoax,TurnBackHoax
[SALAH] Potret “Kondisi Usai Bom Jet Tempur...,Hoax,TurnBackHoax
"[SALAH] Nelayan Protes Larangan Pembelian BBM dengan...
Unggahan video berisi klaim “nelayan protes...",Hoax,TurnBackHoax
[SALAH] Nelayan Protes Larangan Pembelian BBM dengan...,Hoax,TurnBackHoax
"[SALAH] Upacara Hari Kesaktian Pancasila Kembali Digelar...
Unggahan video berisi klaim “upacara Hari...",Hoax,TurnBackHoax
[SALAH] Upacara Hari Kesaktian Pancasila Kembali Digelar...,Hoax,TurnBackHoax
"[SALAH] Gubernur Aceh Memutus Hubungan Dagang dengan...
Unggahan video berisi klaim “Gubernur Aceh...",Hoax,TurnBackHoax
[SALAH] Gubernur Aceh Memutus Hubungan Dagang dengan...,Hoax,TurnBackHoax
"[SALAH] Video ""Megawati Ngamuk karena Jadi Target...
Unggahan video berisi klaim “Megawati ngamuk...",Hoax,TurnBackHoax
"[SALAH] Video ""Megawati Ngamuk karena Jadi Target...",Hoax,TurnBackHoax
"[SALAH] Sebelas Pelajar Meninggal Akibat MBG
Unggahan berisi narasi “sebelas pelajar meninggal...",Hoax,TurnBackHoax
[SALAH] Sebelas Pelajar Meninggal Akibat MBG,Hoax,TurnBackHoax
"[SALAH] Presiden India Masuk Islam, Ribuan Patung...
Unggahan berisi klaim “Presiden India masuk...",Hoax,TurnBackHoax
"[SALAH] Presiden India Masuk Islam, Ribuan Patung...",Hoax,TurnBackHoax
"[PENIPUAN] Tautan Pendaftaran Lowongan Kerja Pendamping Lokal...
Unggahan berisi tautan “pendaftaran lowongan kerja...",Hoax,TurnBackHoax
[PENIPUAN] Tautan Pendaftaran Lowongan Kerja Pendamping Lokal...,Hoax,TurnBackHoax
"[SALAH] Raffi Ahmad Ditangkap Polisi, Buntut Kasus...
Unggahan berisi klaim “Raffi Ahmad ditangkap...",Hoax,TurnBackHoax
"[SALAH] Raffi Ahmad Ditangkap Polisi, Buntut Kasus...",Hoax,TurnBackHoax
"[SALAH] Prabowo Jadi Ketua Unity of Islamic...
Unggahan video berisi klaim “Prabowo menjadi...",Hoax,TurnBackHoax
[SALAH] Prabowo Jadi Ketua Unity of Islamic...,Hoax,TurnBackHoax
"[SALAH] Ustaz Abdul Somad Bakal Diangkat Jadi...
Unggahan video berisi klaim “Ustaz Abdul...",Hoax,TurnBackHoax
[SALAH] Ustaz Abdul Somad Bakal Diangkat Jadi...,Hoax,TurnBackHoax
"[SALAH] Presiden Israel Dilempari Telur Busuk saat...
Unggahan video berisi klaim “Presiden Israel...",Hoax,TurnBackHoax
[SALAH] Presiden Israel Dilempari Telur Busuk saat...,Hoax,TurnBackHoax
"[SALAH] Purbaya Sebut Rp58 T Anggaran MBG...
Unggahan berisi klaim “Purbaya sebut Rp58...",Hoax,TurnBackHoax
[SALAH] Purbaya Sebut Rp58 T Anggaran MBG...,Hoax,TurnBackHoax
"[SALAH] Prabowo Pecat Menkeu yang Baru Dilantik
Unggahan berisi video “Prabowo pecat Menkeu...",Hoax,TurnBackHoax
[SALAH] Prabowo Pecat Menkeu yang Baru Dilantik,Hoax,TurnBackHoax
"[PENIPUAN] Video “Eko Patrio Minta Maaf dan...
Unggahan video berisi klaim “Eko Patrio...",Hoax,TurnBackHoax
[PENIPUAN] Video “Eko Patrio Minta Maaf dan...,Hoax,TurnBackHoax
"[SALAH] Video “Demo Ojol Imbas Larangan Penggunaan...
Unggahan video berisi klaim “demo pengemudi...",Hoax,TurnBackHoax
[SALAH] Video “Demo Ojol Imbas Larangan Penggunaan...,Hoax,TurnBackHoax
"[SALAH] Prabowo Bekukan PDI-Perjuangan
Unggahan video berisi klaim “Presiden Prabowo...",Hoax,TurnBackHoax
[SALAH] Prabowo Bekukan PDI-Perjuangan,Hoax,TurnBackHoax
"[SALAH] Prabowo Copot Ratusan Orang Fraksi PDIP...
Unggahan video berisi klaim “Presiden Prabowo...",Hoax,TurnBackHoax
[SALAH] Prabowo Copot Ratusan Orang Fraksi PDIP...,Hoax,TurnBackHoax
"[SALAH] Najwa Shihab Jadi Menteri Pemberdayaan Perempuan
Unggahan video berisi klaim “Najwa Shihab...",Hoax,TurnBackHoax
[SALAH] Najwa Shihab Jadi Menteri Pemberdayaan Perempuan,Hoax,TurnBackHoax
"[SALAH] Anies Baswedan Gabung ke Kabinet Merah...
Unggahan video berisi klaim “Anies Baswedan...",Hoax,TurnBackHoax
[SALAH] Anies Baswedan Gabung ke Kabinet Merah...,Hoax,TurnBackHoax
"[SALAH] KTP-el Dipasang GPS untuk Pantau Keberadaan...
Video berisi klaim “KTP-el terdapat GPS...",Hoax,TurnBackHoax
[SALAH] KTP-el Dipasang GPS untuk Pantau Keberadaan...,Hoax,TurnBackHoax
"[SALAH] Jokowi Setuju RUU Perampasan Aset, Asalkan...
Unggahan berisi narasi “Jokowi setuju RUU...",Hoax,TurnBackHoax
"[SALAH] Jokowi Setuju RUU Perampasan Aset, Asalkan...",Hoax,TurnBackHoax
"[SALAH] Israel Ngambek dan Keluar dari Sidang...
Unggahan video berisi klaim “Israel ngambek...",Hoax,TurnBackHoax
[SALAH] Israel Ngambek dan Keluar dari Sidang...,Hoax,TurnBackHoax
"[PENIPUAN] PLN Tawarkan Listrik Gratis Lewat Akun...
Akun dan unggahan dari platform TikTok...",Hoax,TurnBackHoax
[PENIPUAN] PLN Tawarkan Listrik Gratis Lewat Akun...,Hoax,TurnBackHoax
"[SALAH] Ojol Demo Kenaikan Pertalite
Unggahan berisi klaim “ojol demo kenaikan...",Hoax,TurnBackHoax
[SALAH] Ojol Demo Kenaikan Pertalite,Hoax,TurnBackHoax
"[SALAH] Panglima NATO akan Buat Kerusuhan di...
Unggahan berisi klaim “panglima NATO akan...",Hoax,TurnBackHoax
[SALAH] Panglima NATO akan Buat Kerusuhan di...,Hoax,TurnBackHoax
"[SALAH] Ojol Dilarang Gunakan Pertalite
Kementerian ESDM menegaskan bahwa pengemudi ojek...",Hoax,TurnBackHoax
[SALAH] Ojol Dilarang Gunakan Pertalite,Hoax,TurnBackHoax
"[SALAH] Video Pengiriman 18.000 Personel TNI ke...
Faktanya, video tersebut adalah latihan Yonkav1...",Hoax,TurnBackHoax
[SALAH] Video Pengiriman 18.000 Personel TNI ke...,Hoax,TurnBackHoax
"[SALAH] Pom Bensin Shell Resmi Tutup dan...
Unggahan berisi klaim “pom bensin Shell...",Hoax,TurnBackHoax
[SALAH] Pom Bensin Shell Resmi Tutup dan...,Hoax,TurnBackHoax
"[SALAH] Menteri ESDM Bahlil Lahadalia Jadi Tersangka...
Unggahan video berisi klaim “Menteri ESDM...",Hoax,TurnBackHoax
[SALAH] Menteri ESDM Bahlil Lahadalia Jadi Tersangka...,Hoax,TurnBackHoax
"[PENIPUAN] Wapres Gibran Promosikan Program Motor Murah
Unggahan video berisi klaim “Wapres Gibran...",Hoax,TurnBackHoax
"[SALAH] Mobil Ahmad Sahroni Dikepung di Tengah...
Unggahan video berisi klaim “mobil Ahmad...",Hoax,TurnBackHoax
[SALAH] Mobil Ahmad Sahroni Dikepung di Tengah...,Hoax,TurnBackHoax
"[SALAH] Gatot Nurmantyo Resmi Jadi Menko Polkam
Unggahan video berisi klaim “Gatot Nurmantyo...",Hoax,TurnBackHoax
[SALAH] Gatot Nurmantyo Resmi Jadi Menko Polkam,Hoax,TurnBackHoax
"[SALAH] Prabowo Ungkap Gatot Nurmantyo dan Rocky...
Unggahan video berisi klaim “Prabowo ungkap...",Hoax,TurnBackHoax
[SALAH] Prabowo Ungkap Gatot Nurmantyo dan Rocky...,Hoax,TurnBackHoax
"[SALAH] KPK Panggil Megawati Untuk Diperiksa
Unggahan video berisi klaim “KPK panggil...",Hoax,TurnBackHoax
[SALAH] KPK Panggil Megawati Untuk Diperiksa,Hoax,TurnBackHoax
"[SALAH] Potret Uang Lembaran Baru Rp300.000
Unggahan berisi klaim “potret uang lembaran...",Hoax,TurnBackHoax
[SALAH] Potret Uang Lembaran Baru Rp300.000,Hoax,TurnBackHoax
"[SALAH] Jokowi dan Luhut Terima Uang Rp4,5...
Unggahan berisi klaim “Jokowi dan Luhut...",Hoax,TurnBackHoax
"[SALAH] Jokowi dan Luhut Terima Uang Rp4,5...",Hoax,TurnBackHoax
"[SALAH] Israel Minta Bantuan NATO untuk Hadapi...
Unggahan video berisi klaim “Israel minta...",Hoax,TurnBackHoax
[SALAH] Israel Minta Bantuan NATO untuk Hadapi...,Hoax,TurnBackHoax
"[SALAH] Prabowo Memilih Anies Baswedan Jadi Ketua...
Unggahan foto berisi klaim “Prabowo memilih...",Hoax,TurnBackHoax
[SALAH] Prabowo Memilih Anies Baswedan Jadi Ketua...,Hoax,TurnBackHoax
"[PENIPUAN] Tautan Bantuan Bibit Pohon Gratis dari...
Unggahan berisi tautan “pendaftaran bantuan bibit...",Hoax,TurnBackHoax
[PENIPUAN] Tautan Bantuan Bibit Pohon Gratis dari...,Hoax,TurnBackHoax
"[SALAH] Salsa Erwina Gabung ke Kabinet Merah...
Unggahan video berisi klaim “Salsa Erwina...",Hoax,TurnBackHoax
[SALAH] Salsa Erwina Gabung ke Kabinet Merah...,Hoax,TurnBackHoax
"[SALAH] Massa Bakar Pom Bensin karena Kebijakan...
Unggahan berisi klaim “massa bakar pom...",Hoax,TurnBackHoax
[SALAH] Massa Bakar Pom Bensin karena Kebijakan...,Hoax,TurnBackHoax
"[SALAH] Aturan Baru Pemerintah dan Pertamina Atur...
Tidak ditemukan informasi dari sumber kredibel...",Hoax,TurnBackHoax
[SALAH] Aturan Baru Pemerintah dan Pertamina Atur...,Hoax,TurnBackHoax
"[SALAH] Gunung Guntur di Garut Meletus
Unggahan berisi klaim “Gunung Guntur di...",Hoax,TurnBackHoax
[SALAH] Gunung Guntur di Garut Meletus,Hoax,TurnBackHoax
"[SALAH] Tangkapan Layar Artikel detikNews ""Anies Siap...
Unggahan tersebut masuk ke kategori konten...",Hoax,TurnBackHoax
"[SALAH] Tangkapan Layar Artikel detikNews ""Anies Siap...",Hoax,TurnBackHoax
"[SALAH] Video Polisi Halangi Ambulans Saat Demo...
Video dengan klaim “polisi halangi ambulans...",Hoax,TurnBackHoax
[SALAH] Video Polisi Halangi Ambulans Saat Demo...,Hoax,TurnBackHoax
"[SALAH] Trump Sakit Misterius Setelah Tolak Palestina...
Unggahan berisi klaim “Trump sakit misterius...",Hoax,TurnBackHoax
[SALAH] Trump Sakit Misterius Setelah Tolak Palestina...,Hoax,TurnBackHoax
"[SALAH] Benjamin Netanyahu Siap Perangi Malaysia, Indonesia...
Unggahan berisi klaim “Benjamin Netanyahu siap...",Hoax,TurnBackHoax
"[SALAH] Benjamin Netanyahu Siap Perangi Malaysia, Indonesia...",Hoax,TurnBackHoax
"[SALAH] Menkeu Purbaya: “Korupsi 3.000 T Bisa,...
Tidak ditemukan bukti video atau kutipan...",Hoax,TurnBackHoax
"[SALAH] Menkeu Purbaya: “Korupsi 3.000 T Bisa,...",Hoax,TurnBackHoax
"[SALAH] Anggota DPR Gebrak Meja saat Sidang...
Unggahan berisi klaim “anggota DPR gebrak...",Hoax,TurnBackHoax
[SALAH] Anggota DPR Gebrak Meja saat Sidang...,Hoax,TurnBackHoax
"[PENIPUAN] Wakil Presiden Gibran Bagi-Bagi Bantuan Dana...
Unggahan video berisi klaim “Wakil Presiden...",Hoax,TurnBackHoax
[PENIPUAN] Wakil Presiden Gibran Bagi-Bagi Bantuan Dana...,Hoax,TurnBackHoax
"[SALAH] Prabowo Pecat Menteri ESDM Bahlil Lahadalia
Unggahan video berisi klaim “Presiden Prabowo...",Hoax,TurnBackHoax
[SALAH] Prabowo Pecat Menteri ESDM Bahlil Lahadalia,Hoax,TurnBackHoax
"[SALAH] Raffi Ahmad Dijemput Paksa KPK
Unggahan video berisi klaim “Raffi Ahmad...",Hoax,TurnBackHoax
[SALAH] Raffi Ahmad Dijemput Paksa KPK,Hoax,TurnBackHoax
"[SALAH] Anggota DPR Dipecat Massal karena Mangkir...
Unggahan video berisi klaim “anggota DPR...",Hoax,TurnBackHoax
[SALAH] Anggota DPR Dipecat Massal karena Mangkir...,Hoax,TurnBackHoax
"[SALAH] Luhut Dipecat dan Dipenjara
Unggahan berisi klaim “Luhut dipecat dan...",Hoax,TurnBackHoax
[SALAH] Luhut Dipecat dan Dipenjara,Hoax,TurnBackHoax
"[SALAH] Prabowo Desak Erick Thohir Kembalikan STY...
Unggahan video berisi klaim “Prabowo desak...",Hoax,TurnBackHoax
[SALAH] Prabowo Desak Erick Thohir Kembalikan STY...,Hoax,TurnBackHoax
"[SALAH] Prabowo dan Gibran Akan Penjarakan semua...
Unggahan berisi narasi “Prabowo dan Gibran...",Hoax,TurnBackHoax
[SALAH] Prabowo dan Gibran Akan Penjarakan semua...,Hoax,TurnBackHoax
"[SALAH] Video “Perpisahan Menteri Bahlil dari Kabinet...
Unggahan video berisi klaim “perpisahan Menteri...",Hoax,TurnBackHoax
[SALAH] Video “Perpisahan Menteri Bahlil dari Kabinet...,Hoax,TurnBackHoax
"[SALAH] Prabowo Setujui Bantuan Rp5 Juta untuk...
Unggahan video berisi klaim “Presiden Prabowo...",Hoax,TurnBackHoax
[SALAH] Prabowo Setujui Bantuan Rp5 Juta untuk...,Hoax,TurnBackHoax
"[PENIPUAN] Tautan Pendaftaran Project Management Officer (PMO)...
Unggahan berisi tautan “pendaftaran rekrutmen Project...",Hoax,TurnBackHoax
[PENIPUAN] Tautan Pendaftaran Project Management Officer (PMO)...,Hoax,TurnBackHoax
"[SALAH] Gubernur Pramono Lantik Istrinya Jadi Pejabat...
Unggahan video berisi klaim ""Gubernur Jakarta...",Hoax,TurnBackHoax
[SALAH] Gubernur Pramono Lantik Istrinya Jadi Pejabat...,Hoax,TurnBackHoax
"[SALAH] Rumah Kapolda Bali Digeruduk Massa
Unggahan video berisi klaim “rumah Kapolda...",Hoax,TurnBackHoax
[SALAH] Rumah Kapolda Bali Digeruduk Massa,Hoax,TurnBackHoax
"[SALAH] Raffi Ahmad Jadi Menpora, Gantikan Dito...
Unggahan video berisi narasi “Raffi Ahmad...",Hoax,TurnBackHoax
"[SALAH] Raffi Ahmad Jadi Menpora, Gantikan Dito...",Hoax,TurnBackHoax
"[PENIPUAN] Presiden Direktur Sido Muncul Bagi-Bagi Uang
Unggahan video berisi klaim “Presiden Direktur...",Hoax,TurnBackHoax
[PENIPUAN] Presiden Direktur Sido Muncul Bagi-Bagi Uang,Hoax,TurnBackHoax
"[SALAH] Artikel CNN Indonesia: “Cak Imin Soal...
Unggahan berisi narasi “Cak Imin Soal...",Hoax,TurnBackHoax
[SALAH] Artikel CNN Indonesia: “Cak Imin Soal...,Hoax,TurnBackHoax
"[PENIPUAN] Tautan Pendaftaran CPNS Kementerian Imigrasi
Unggahan berisi tautan “pendaftaran CPNS Kementerian...",Hoax,TurnBackHoax
[PENIPUAN] Tautan Pendaftaran CPNS Kementerian Imigrasi,Hoax,TurnBackHoax
"[PENIPUAN] Paket Umroh Gratis dari Kementerian Agama...
Unggahan video berisi narasi “paket umroh...",Hoax,TurnBackHoax
[PENIPUAN] Paket Umroh Gratis dari Kementerian Agama...,Hoax,TurnBackHoax
"[SALAH] Permintaan Jokowi ke Nadiem Makarim untuk...
Unggahan tersebut masuk ke kategori konten...",Hoax,TurnBackHoax
[SALAH] Permintaan Jokowi ke Nadiem Makarim untuk...,Hoax,TurnBackHoax
"[PENIPUAN] Pendaftaran CPNS Kemenhub Periode 1 September...
Unggahan berisi narasi “Pendaftaran CPNS Kemenhub...",Hoax,TurnBackHoax
[PENIPUAN] Pendaftaran CPNS Kemenhub Periode 1 September...,Hoax,TurnBackHoax
"[SALAH] KPK Menyita Semua Aset Sahroni dan...
Unggahan video berisi klaim “KPK menyita...",Hoax,TurnBackHoax
[SALAH] KPK Menyita Semua Aset Sahroni dan...,Hoax,TurnBackHoax
"[SALAH] Anies Baswedan Resmi Jadi Menko Polkam
Unggahan video berisi klaim “Anies Baswedan...",Hoax,TurnBackHoax
[SALAH] Anies Baswedan Resmi Jadi Menko Polkam,Hoax,TurnBackHoax
"[SALAH] Prabowo Terima Tawaran Jepang Soal 10...
Pertemuan Prabowo dan PM Jepang tidak...",Hoax,TurnBackHoax
[SALAH] Prabowo Terima Tawaran Jepang Soal 10...,Hoax,TurnBackHoax
"[PENIPUAN] Tautan dari Kominfo untuk Pendaftaran Bansos...
Unggahan berisi “tautan dari Kominfo untuk...",Hoax,TurnBackHoax
[PENIPUAN] Tautan dari Kominfo untuk Pendaftaran Bansos...,Hoax,TurnBackHoax
"[SALAH] Prabowo Menangis Umumkan Pengunduran Diri sebagai...
Unggahan video berisi klaim “Prabowo menangis...",Hoax,TurnBackHoax
[SALAH] Prabowo Menangis Umumkan Pengunduran Diri sebagai...,Hoax,TurnBackHoax
"[SALAH] Gibran Imbau Ormas untuk Minta Sedekah...
Unggahan berisi narasi “Gibran imbau ormas...",Hoax,TurnBackHoax
[SALAH] Gibran Imbau Ormas untuk Minta Sedekah...,Hoax,TurnBackHoax
"[SALAH] Buaya Masuk Permukiman Warga saat Banjir...
Unggahan video berisi klaim “buaya masuk...",Hoax,TurnBackHoax
[SALAH] Buaya Masuk Permukiman Warga saat Banjir...,Hoax,TurnBackHoax
"[SALAH] Ferry Irwandi Sebut Kerusuhan Kemarin Merupakan...
Unggahan berisi klaim “Ferry Irwandi sebut...",Hoax,TurnBackHoax
[SALAH] Ferry Irwandi Sebut Kerusuhan Kemarin Merupakan...,Hoax,TurnBackHoax
"[SALAH] Anggaran Khusus Bupati Deli Serdang Capai...
Unggahan video berisi klaim “anggaran khusus...",Hoax,TurnBackHoax
[SALAH] Anggaran Khusus Bupati Deli Serdang Capai...,Hoax,TurnBackHoax
"[SALAH] Rocky Gerung Jadi Juru Bicara Prabowo
Unggahan video berisi klaim “Rocky Gerung...",Hoax,TurnBackHoax
[SALAH] Rocky Gerung Jadi Juru Bicara Prabowo,Hoax,TurnBackHoax
"[SALAH] Video “Aksi Demo Mahasiswa Jilid 2”
Unggahan video berisi klaim “aksi demo...",Hoax,TurnBackHoax
[SALAH] Video “Aksi Demo Mahasiswa Jilid 2”,Hoax,TurnBackHoax
"[SALAH] Video “Dukungan Vatikan usai Meluasnya Berita...
Unggahan video berisi klaim “dukungan Vatikan...",Hoax,TurnBackHoax
[SALAH] Video “Dukungan Vatikan usai Meluasnya Berita...,Hoax,TurnBackHoax
"[SALAH] Sri Mulyani Mengadu ke Solo Usai...
Faktanya, video tersebut merupakan momen ketika...",Hoax,TurnBackHoax
[SALAH] Sri Mulyani Mengadu ke Solo Usai...,Hoax,TurnBackHoax
"[SALAH] Ahok Kritik Sri Mulyani Setelah Dicopot...
Faktanya video tersebut sebelumnya sudah diunggah...",Hoax,TurnBackHoax
[SALAH] Ahok Kritik Sri Mulyani Setelah Dicopot...,Hoax,TurnBackHoax
"[SALAH] Kondisi Rumah Guru Honorer Selama 30...
Informasi dalam video dengan klaim “kondisi...",Hoax,TurnBackHoax
[SALAH] Kondisi Rumah Guru Honorer Selama 30...,Hoax,TurnBackHoax
"[SALAH] Kompol Winam Agus “Komandan Jaguar Depok”...
Unggahan video berisi klaim klaim “Kompol...",Hoax,TurnBackHoax
[SALAH] Kompol Winam Agus “Komandan Jaguar Depok”...,Hoax,TurnBackHoax
"[SALAH] Artikel Gelora News: “Budi Gunawan Meminta...
Unggahan berisi klaim “artikel Gelora News:...",Hoax,TurnBackHoax
[SALAH] Artikel Gelora News: “Budi Gunawan Meminta...,Hoax,TurnBackHoax
"[SALAH] Jokowi Tantang Demonstran untuk Datang ke...
Unggahan berisi narasi “Jokowi tantang demonstran...",Hoax,TurnBackHoax
[SALAH] Jokowi Tantang Demonstran untuk Datang ke...,Hoax,TurnBackHoax
"[SALAH] Prabowo Lantik Mahfud MD menjadi Jaksa...
Unggahan berisi narasi “Prabowo lantik Mahfud...",Hoax,TurnBackHoax
[SALAH] Prabowo Lantik Mahfud MD menjadi Jaksa...,Hoax,TurnBackHoax
"[SALAH] PBB Keluarkan Timeline Intervensi Terhadap DPR...
Tidak ditemukan informasi kredibel yang membenarkan...",Hoax,TurnBackHoax
[SALAH] PBB Keluarkan Timeline Intervensi Terhadap DPR...,Hoax,TurnBackHoax
"[SALAH] Prabowo akan Bubarkan DPR Jika Tidak...
Unggahan video berisi klaim “Prabowo akan...",Hoax,TurnBackHoax
[SALAH] Prabowo akan Bubarkan DPR Jika Tidak...,Hoax,TurnBackHoax
"[SALAH] Undang-Undang Perampasan Aset Disahkan Prabowo
Unggahan video berisi klaim “undang-undang perampasan...",Hoax,TurnBackHoax
[SALAH] Undang-Undang Perampasan Aset Disahkan Prabowo,Hoax,TurnBackHoax
"[PENIPUAN] Tautan “Pendaftaran PPPK Paruh Waktu 2025”
Unggahan berisi tautan “pendaftaran PPPK paruh...",Hoax,TurnBackHoax
[PENIPUAN] Tautan “Pendaftaran PPPK Paruh Waktu 2025”,Hoax,TurnBackHoax
"[SALAH] Video “Sahroni Salahkan Polisi Usai Rumahnya...
Unggahan video berisi klaim “Sahroni salakan...",Hoax,TurnBackHoax
[SALAH] Video “Sahroni Salahkan Polisi Usai Rumahnya...,Hoax,TurnBackHoax
"[SALAH] Video Rudal Oreshnik dan Rudal Sejjil
Unggahan tersebut masuk ke kategori konten...",Hoax,TurnBackHoax
[SALAH] Video Rudal Oreshnik dan Rudal Sejjil,Hoax,TurnBackHoax
"[SALAH] Suasana Panik saat Presiden Mengeluarkan UU...
Unggahan berisi narasi “suasana panik saat...",Hoax,TurnBackHoax
[SALAH] Suasana Panik saat Presiden Mengeluarkan UU...,Hoax,TurnBackHoax
"[PENIPUAN] Pendaftaran Kemitraan Agen Gas LPG Lewat...
Unggahan berisi klaim “pendaftaran kemitraan agen...",Hoax,TurnBackHoax
[PENIPUAN] Pendaftaran Kemitraan Agen Gas LPG Lewat...,Hoax,TurnBackHoax
"[SALAH] Video “Anggota TNI dan Polri Setuju...
Unggahan video berisi klaim “anggota TNI...",Hoax,TurnBackHoax
[SALAH] Video “Anggota TNI dan Polri Setuju...,Hoax,TurnBackHoax
"[SALAH] BEM UI Imbau Masyarakat Tidak Keluar...
Unggahan berisi klaim “BEM UI imbau...",Hoax,TurnBackHoax
[SALAH] BEM UI Imbau Masyarakat Tidak Keluar...,Hoax,TurnBackHoax
"[SALAH] Video “Rumah Ketua DPR RI Puan...
Unggahan video berisi klaim “rumah Ketua...",Hoax,TurnBackHoax
[SALAH] Video “Rumah Ketua DPR RI Puan...,Hoax,TurnBackHoax
"[SALAH] Demo Mahasiswa di Samarinda Ditunggangi PKI
Unggahan video berisi narasi “demo mahasiswa...",Hoax,TurnBackHoax
[SALAH] Demo Mahasiswa di Samarinda Ditunggangi PKI,Hoax,TurnBackHoax
"[PENIPUAN] Prabowo Bagikan Bansos Rp7 Juta per...
Unggahan berisi narasi “Prabowo bagikan bansos...",Hoax,TurnBackHoax
[PENIPUAN] Prabowo Bagikan Bansos Rp7 Juta per...,Hoax,TurnBackHoax
"[SALAH] Sri Mulyani Sebut Rakyat Tidak akan...
Unggahan video berisi klaim “Sri Mulyani...",Hoax,TurnBackHoax
[SALAH] Sri Mulyani Sebut Rakyat Tidak akan...,Hoax,TurnBackHoax
"[SALAH] Malaysia Bakal Kembalikan Ambalat ke Indonesia
Unggahan video berisi klaim “Malaysia bakal...",Hoax,TurnBackHoax
[SALAH] Malaysia Bakal Kembalikan Ambalat ke Indonesia,Hoax,TurnBackHoax
"[SALAH] Puan Maharani Lengser dari Kursi Ketua...
Unggahan video berisi klaim “Puan Maharani...",Hoax,TurnBackHoax
[SALAH] Puan Maharani Lengser dari Kursi Ketua...,Hoax,TurnBackHoax
"[SALAH] Prabowo, KDM, dan Salsa Erwina Desak...
Unggahan video berisi klaim “Prabowo, KDM,...",Hoax,TurnBackHoax
"[SALAH] Prabowo, KDM, dan Salsa Erwina Desak...",Hoax,TurnBackHoax
"[SALAH] Nepal Berhasil Gulingkan DPR
Unggahan berisi klaim “Nepal berhasil gulingkan...",Hoax,TurnBackHoax
[SALAH] Nepal Berhasil Gulingkan DPR,Hoax,TurnBackHoax
"[PENIPUAN] Akun Facebook Kemnaker ""Bantuan BSU Terkini""
Akun Facebook “Bantuan BSU terkini” merupakan...",Hoax,TurnBackHoax
"[PENIPUAN] Akun Facebook Kemnaker ""Bantuan BSU Terkini""",Hoax,TurnBackHoax
"[SALAH] Demo Besar-besaran di Gedung DPR Jakarta...
Unggahan berisi narasi “demo besar-besaran di...",Hoax,TurnBackHoax
[SALAH] Demo Besar-besaran di Gedung DPR Jakarta...,Hoax,TurnBackHoax
"[SALAH] Prabowo Tunjuk Novel Baswedan Jadi Komisaris...
Novel Baswedan ditugaskan oleh Kapolri Jenderal...",Hoax,TurnBackHoax
[SALAH] Prabowo Tunjuk Novel Baswedan Jadi Komisaris...,Hoax,TurnBackHoax
"[SALAH] TNI-Polri Berhasil Bongkar Bisnis Minyak Ilegal...
Unggahan video berisi klaim “TNI-Polri berhasil...",Hoax,TurnBackHoax
[SALAH] TNI-Polri Berhasil Bongkar Bisnis Minyak Ilegal...,Hoax,TurnBackHoax
"[SALAH] Sufmi Dasco Menyesal Jadi Relawan Prabowo
Unggahan video berisi klaim “Sufmi Dasco...",Hoax,TurnBackHoax
[SALAH] Sufmi Dasco Menyesal Jadi Relawan Prabowo,Hoax,TurnBackHoax
"[SALAH] DPR Sahkan UU Perampasan Aset Imbas...
Unggahan berupa klaim “DPR sahkan UU...",Hoax,TurnBackHoax
[SALAH] DPR Sahkan UU Perampasan Aset Imbas...,Hoax,TurnBackHoax
"[PENIPUAN] Presiden Prabowo Umumkan Bansos Tahap Tiga...
Unggahan berisi klaim “Presiden Prabowo umumkan...",Hoax,TurnBackHoax
[PENIPUAN] Presiden Prabowo Umumkan Bansos Tahap Tiga...,Hoax,TurnBackHoax
"[SALAH] Foto ""Cut Nayla menyampaikan kepada PBB...
Unggahan tersebut masuk ke kategori konten...",Hoax,TurnBackHoax
"[SALAH] Foto ""Cut Nayla menyampaikan kepada PBB...",Hoax,TurnBackHoax
"[SALAH] Mahasiswa Melakukan Demo di Mako Brimob...
Unggahan berisi narasi “Mahasiswa Melakukan Demo...",Hoax,TurnBackHoax
[SALAH] Mahasiswa Melakukan Demo di Mako Brimob...,Hoax,TurnBackHoax
"[SALAH] Rumah Roy Suryo Dijarah dan Dibakar
Unggahan berisi klaim “rumah Roy Suryo...",Hoax,TurnBackHoax
[SALAH] Rumah Roy Suryo Dijarah dan Dibakar,Hoax,TurnBackHoax
"[SALAH] Puteri Komarudin Resmi Jadi Menpora
Unggahan video berisi klaim “Puteri Komarudin...",Hoax,TurnBackHoax
[SALAH] Puteri Komarudin Resmi Jadi Menpora,Hoax,TurnBackHoax
"[SALAH] Video “Demo Purnawirawan TNI Tuntut Pemakzulan...
Unggahan video berisi klaim “demo purnawirawan...",Hoax,TurnBackHoax
[SALAH] Video “Demo Purnawirawan TNI Tuntut Pemakzulan...,Hoax,TurnBackHoax
"[SALAH] 29 Agustus 2025 Ada Penjarahan di...
Unggahan video berisi narasi “29 Agustus...",Hoax,TurnBackHoax
[SALAH] 29 Agustus 2025 Ada Penjarahan di...,Hoax,TurnBackHoax
"[SALAH] Presiden Prabowo Temui Pendemo dan Meminta...
Unggahan video berisi narasi “Presiden Prabowo...",Hoax,TurnBackHoax
[SALAH] Presiden Prabowo Temui Pendemo dan Meminta...,Hoax,TurnBackHoax
"[SALAH] Prabowo Minta Rakyat Jarah Rumah Bahlil...
Unggahan berisi klaim “Prabowo minta rakyat...",Hoax,TurnBackHoax
[SALAH] Prabowo Minta Rakyat Jarah Rumah Bahlil...,Hoax,TurnBackHoax
"[SALAH] Potret Rumah Sri Mulyani Dibakar Massa
Unggahan foto berisi klaim “rumah Sri...",Hoax,TurnBackHoax
[SALAH] Potret Rumah Sri Mulyani Dibakar Massa,Hoax,TurnBackHoax
"[SALAH] Leuwiliang Bogor Bakal Bikin Proyek Mall
Unggahan berisi klaim “Leuwiliang Bogor bakal...",Hoax,TurnBackHoax
[SALAH] Leuwiliang Bogor Bakal Bikin Proyek Mall,Hoax,TurnBackHoax
"[SALAH] Ada Pemerkosaan Mahasiswi Beralmamater Biru di...
Komnas Perempuan memastikan tidak ada laporan...",Hoax,TurnBackHoax
[SALAH] Ada Pemerkosaan Mahasiswi Beralmamater Biru di...,Hoax,TurnBackHoax
"[SALAH] Video Demonstrasi di Citra Raya Cikupa
Unggahan tersebut masuk ke kategori konten...",Hoax,TurnBackHoax
[SALAH] Video Demonstrasi di Citra Raya Cikupa,Hoax,TurnBackHoax
"[PENIPUAN] Alfamart Bagi-bagi 280 Kulkas dan Mesin...
Informasi “Alfamart bagi-bagi 280 kulkas dan...",Hoax,TurnBackHoax
[PENIPUAN] Alfamart Bagi-bagi 280 Kulkas dan Mesin...,Hoax,TurnBackHoax
"[SALAH] Rekaman Suara SBY Marahi Kapolri Listyo...
Video “rekaman suara SBY marahi Kapolri...",Hoax,TurnBackHoax
[SALAH] Rekaman Suara SBY Marahi Kapolri Listyo...,Hoax,TurnBackHoax
"[SALAH] Video “Demo Mahasiswa Buntut Ucapan Sri...
Unggahan video berisi klaim “demo mahasiswa...",Hoax,TurnBackHoax
[SALAH] Video “Demo Mahasiswa Buntut Ucapan Sri...,Hoax,TurnBackHoax
"[SALAH] Prabowo Pindahkan 150 Ribu TKI dari...
Unggahan video berisi klaim “Prabowo pindahkan...",Hoax,TurnBackHoax
[SALAH] Prabowo Pindahkan 150 Ribu TKI dari...,Hoax,TurnBackHoax
"[SALAH] Pemerintah Matikan Fitur Live TikTok untuk...
Unggahan video berisi klaim “pemerintah matikan...",Hoax,TurnBackHoax
[SALAH] Pemerintah Matikan Fitur Live TikTok untuk...,Hoax,TurnBackHoax
"[SALAH] Jurnalis Australia Ditembak Polisi Indonesia saat...
Unggahan video berisi klaim “jurnalis Australia...",Hoax,TurnBackHoax
[SALAH] Jurnalis Australia Ditembak Polisi Indonesia saat...,Hoax,TurnBackHoax
"[SALAH] Verrell Bramasta Mengundurkan Diri dari DPR
Unggahan video berisi klaim “Verrell Bramasta...",Hoax,TurnBackHoax
[SALAH] Verrell Bramasta Mengundurkan Diri dari DPR,Hoax,TurnBackHoax
"[PENIPUAN] Jusuf Hamka Promosikan Situs Judi Online
Unggahan berisi “Jusuf Hamka promosikan situs...",Hoax,TurnBackHoax
[PENIPUAN] Jusuf Hamka Promosikan Situs Judi Online,Hoax,TurnBackHoax
"[SALAH] Ahmad Sahroni Ditangkap saat Pulang dari...
Unggahan berisi klaim “Ahmad Sahroni ditangkap...",Hoax,TurnBackHoax
[SALAH] Ahmad Sahroni Ditangkap saat Pulang dari...,Hoax,TurnBackHoax
"[SALAH] Seorang Warga Kehilangan Penglihatan Usai Pemukimannya...
Unggahan berisi klaim “seorang warga kehilangan...",Hoax,TurnBackHoax
[SALAH] Seorang Warga Kehilangan Penglihatan Usai Pemukimannya...,Hoax,TurnBackHoax
"[SALAH] Rumah Dinas Wagub Jatim Emil Dardak...
Unggahan foto berisi klaim “rumah dinas...",Hoax,TurnBackHoax
[SALAH] Rumah Dinas Wagub Jatim Emil Dardak...,Hoax,TurnBackHoax
"[SALAH] Demonstran Bakar Area Sekitar Summarecon Bekasi
Unggahan video berisi klaim “demonstran bakar...",Hoax,TurnBackHoax
[SALAH] Demonstran Bakar Area Sekitar Summarecon Bekasi,Hoax,TurnBackHoax
"[SALAH] Video Demo di Bandara Soekarno-Hatta 30...
Unggahan video berisi klaim “demo di...",Hoax,TurnBackHoax
[SALAH] Video Demo di Bandara Soekarno-Hatta 30...,Hoax,TurnBackHoax
"[SALAH] Jepang Melakukan Aksi Demo untuk Support...
Unggahan berisi klaim “Jepang melakukan aksi...",Hoax,TurnBackHoax
[SALAH] Jepang Melakukan Aksi Demo untuk Support...,Hoax,TurnBackHoax
"[SALAH] Demo Merembet ke Penangkapan Jokowi
Unggahan berisi klaim “demo merembet ke...",Hoax,TurnBackHoax
[SALAH] Demo Merembet ke Penangkapan Jokowi,Hoax,TurnBackHoax
"[SALAH] Anggota DPR Temui Mahasiswa saat Demo...
Unggahan video berisi narasi “DPR temui...",Hoax,TurnBackHoax
[SALAH] Anggota DPR Temui Mahasiswa saat Demo...,Hoax,TurnBackHoax
"[SALAH] Gedung DPRD Pesawaran, Lampung Gosong Terbakar
Klaim bahwa “Gedung DPRD Kabupaten Pesawaran...",Hoax,TurnBackHoax
"[SALAH] Gedung DPRD Pesawaran, Lampung Gosong Terbakar",Hoax,TurnBackHoax
"[SALAH] Prabowo Bekukan Sementara MPR/DPR
Unggahan berisi klaim “Prabowo bekukan sementara...",Hoax,TurnBackHoax
[SALAH] Prabowo Bekukan Sementara MPR/DPR,Hoax,TurnBackHoax
"[SALAH] Penemuan Alat Bantu Seks di Kediaman...
Unggahan tersebut masuk ke kategori konten...",Hoax,TurnBackHoax
[SALAH] Penemuan Alat Bantu Seks di Kediaman...,Hoax,TurnBackHoax
"[SALAH] Kondisi Ahmad Sahroni, Uya Kuya, dan...
Informasi “kondisi Ahmad Sahroni, Uya Kuya,...",Hoax,TurnBackHoax
"[SALAH] Kondisi Ahmad Sahroni, Uya Kuya, dan...",Hoax,TurnBackHoax
"[SALAH] ART Ahmad Sahroni Luka Parah Akibat...
Unggahan berisi klaim “ART Ahmad Sahroni...",Hoax,TurnBackHoax
[SALAH] ART Ahmad Sahroni Luka Parah Akibat...,Hoax,TurnBackHoax
"[SALAH] 10 Brimob Tewas Dalam Pengamanan Demo
Unggahan berisi klaim “10 Brimob tewas...",Hoax,TurnBackHoax
[SALAH] 10 Brimob Tewas Dalam Pengamanan Demo,Hoax,TurnBackHoax
"[SALAH] Tanggal 1 Desember Jaringan Internet Indonesia...
Unggahan berisi klaim “tanggal 1 Desember...",Hoax,TurnBackHoax
[SALAH] Tanggal 1 Desember Jaringan Internet Indonesia...,Hoax,TurnBackHoax
"[SALAH] Video Aceh Butuh Bendera Kemerdekaan Bintang...
Unggahan tersebut masuk ke kategori konten...",Hoax,TurnBackHoax
[SALAH] Video Aceh Butuh Bendera Kemerdekaan Bintang...,Hoax,TurnBackHoax
"[SALAH] Anggota PSI adalah Ojol Palsu yang...
Kokok Herdhianto Dirgantoro, orang yang ada...",Hoax,TurnBackHoax
[SALAH] Anggota PSI adalah Ojol Palsu yang...,Hoax,TurnBackHoax
"[SALAH] Ahmad Sahroni Jatuh Pingsan Rumahnya Dijarah
Faktanya, foto serupa sebelumnya sudah diunggah...",Hoax,TurnBackHoax
[SALAH] Ahmad Sahroni Jatuh Pingsan Rumahnya Dijarah,Hoax,TurnBackHoax
"[SALAH] PBB Gelar Sidang Darurat, Resmi Bubarkan...
Klaim bahwa “PBB menggelar sidang darurat,...",Hoax,TurnBackHoax
"[SALAH] PBB Gelar Sidang Darurat, Resmi Bubarkan...",Hoax,TurnBackHoax
"[SALAH] Foto Antrean WNA Terjebak di Bandara...
Unggahan foto berisi klaim “antrean WNA...",Hoax,TurnBackHoax
[SALAH] Foto Antrean WNA Terjebak di Bandara...,Hoax,TurnBackHoax
"[SALAH] KPID DKI Jakarta Imbau Lembaga Penyiaran...
Kabar bahwa KPID DKI Jakarta melarang...",Hoax,TurnBackHoax
[SALAH] KPID DKI Jakarta Imbau Lembaga Penyiaran...,Hoax,TurnBackHoax
"[SALAH] Sri Mulyani Mundur dari Jabatan Menteri...
Unggahan berisi narasi “Sri Mulyani Mundur...",Hoax,TurnBackHoax
[SALAH] Sri Mulyani Mundur dari Jabatan Menteri...,Hoax,TurnBackHoax
"[SALAH] Tom Lembong Ungkap Jokowi Telah Lama...
Video “Tom Lembong ungkap Jokowi telah...",Hoax,TurnBackHoax
[SALAH] Tom Lembong Ungkap Jokowi Telah Lama...,Hoax,TurnBackHoax
"[SALAH] Wonosobo Gempar: Warung Jual Soto, Ternyata...
Unggahan dengan narasi “Wonosobo gempar: warung...",Hoax,TurnBackHoax
"[SALAH] Wonosobo Gempar: Warung Jual Soto, Ternyata...",Hoax,TurnBackHoax
"[SALAH] Bagi-bagi Uang Hasil Bongkar Brankas Milik...
Video dengan klaim “bagi-bagi uang hasil...",Hoax,TurnBackHoax
[SALAH] Bagi-bagi Uang Hasil Bongkar Brankas Milik...,Hoax,TurnBackHoax
"[SALAH] Video “Prabowo Temui Mahasiswa saat Demo...
Unggahan berisi video “Prabowo temui mahasiswa...",Hoax,TurnBackHoax
[SALAH] Video “Prabowo Temui Mahasiswa saat Demo...,Hoax,TurnBackHoax
"[SALAH] Video Gerakan Demo Bubarkan DPR RI...
Faktanya aksi demo tersebut terjadi di...",Hoax,TurnBackHoax
[SALAH] Video Gerakan Demo Bubarkan DPR RI...,Hoax,TurnBackHoax
"[SALAH] Perdana Menteri Malaysia Anwar Ibrahim Selalu...
Unggah berisi klaim “Perdana Menteri Malaysia...",Hoax,TurnBackHoax
[SALAH] Perdana Menteri Malaysia Anwar Ibrahim Selalu...,Hoax,TurnBackHoax
"[SALAH] Akun X @SahroniNasdem (Sahroni Berdikari)
Unggahan berisi klaim “Akun X @SahroniNasdem...",Hoax,TurnBackHoax
[SALAH] Akun X @SahroniNasdem (Sahroni Berdikari),Hoax,TurnBackHoax
"[SALAH] Pasien Rudapaksa di RSU UKI Saat...
Informasi “pasien rudapaksa di RSU UKI...",Hoax,TurnBackHoax
[SALAH] Pasien Rudapaksa di RSU UKI Saat...,Hoax,TurnBackHoax
"[SALAH] Kompol Jemmy Adalah Polisi yang Melindas...
Unggahan berisi narasi “Kompol Jemmy adalah...",Hoax,TurnBackHoax
[SALAH] Kompol Jemmy Adalah Polisi yang Melindas...,Hoax,TurnBackHoax
"[SALAH] Rayyan ‘Pacu Jalur’ Meninggal Dunia pada...
Faktanya foto Rayyan ‘Pacu Jalur’ meninggal...",Hoax,TurnBackHoax
[SALAH] Rayyan ‘Pacu Jalur’ Meninggal Dunia pada...,Hoax,TurnBackHoax
"[SALAH] Polisi Penabrak Ojol Gojek Meninggal Dunia...
Unggahan dengan narasi “polisi penabrak ojol...",Hoax,TurnBackHoax
[SALAH] Polisi Penabrak Ojol Gojek Meninggal Dunia...,Hoax,TurnBackHoax
"[SALAH] Potret Demonstrasi Ojek Online 28 Agustus...
Unggahan yang beredar merupakan konten dengan...",Hoax,TurnBackHoax
[SALAH] Potret Demonstrasi Ojek Online 28 Agustus...,Hoax,TurnBackHoax
"[SALAH] Video “Perwira TNI Tolak Kenaikan Pajak...
Unggahan video berisi klaim “perwira TNI...",Hoax,TurnBackHoax
[SALAH] Video “Perwira TNI Tolak Kenaikan Pajak...,Hoax,TurnBackHoax
"[PENIPUAN] Tautan Pendaftaran Tenaga Pendamping Program Penyediaan...
Unggahan berisi tautan pendaftaran lowongan kerja...",Hoax,TurnBackHoax
[PENIPUAN] Tautan Pendaftaran Tenaga Pendamping Program Penyediaan...,Hoax,TurnBackHoax
"[PENIPUAN] Tautan Gebyar Undian BRI Edisi HUT...
Unggahan berisi tautan “pendaftaran gebyar undian...",Hoax,TurnBackHoax
[PENIPUAN] Tautan Gebyar Undian BRI Edisi HUT...,Hoax,TurnBackHoax
"[SALAH] Video Pejabat Korupsi China Dijemput Paksa...
Unggahan dengan narasi “video pejabat korupsi...",Hoax,TurnBackHoax
[SALAH] Video Pejabat Korupsi China Dijemput Paksa...,Hoax,TurnBackHoax
"[SALAH] Video “Warga Surabaya ke Jakarta, Ikut...
Unggahan video berisi klaim “warga Surabaya...",Hoax,TurnBackHoax
"[SALAH] Video “Warga Surabaya ke Jakarta, Ikut...",Hoax,TurnBackHoax
"[PENIPUAN] Tautan Bantuan Insentif untuk Guru Non-ASN
Unggahan berisi tautan “bantuan insentif untuk...",Hoax,TurnBackHoax
[PENIPUAN] Tautan Bantuan Insentif untuk Guru Non-ASN,Hoax,TurnBackHoax
"[SALAH] Seduhan Daun Kelor dan Air Kelapa...
Unggahan berisi klaim “seduhan daun kelor...",Hoax,TurnBackHoax
[SALAH] Seduhan Daun Kelor dan Air Kelapa...,Hoax,TurnBackHoax
"[SALAH] Video Jakarta Membara, Demo 25 Agustus...
Unggahan berisi narasi “video Jakarta membara,...",Hoax,TurnBackHoax
"[SALAH] Video Jakarta Membara, Demo 25 Agustus...",Hoax,TurnBackHoax
"[SALAH] Rektor UGM, Ova Emilia Dipenjara Kasus...
Unggahan dengan narasi “Rektor UGM, Ova...",Hoax,TurnBackHoax
"[SALAH] Rektor UGM, Ova Emilia Dipenjara Kasus...",Hoax,TurnBackHoax
"[SALAH] Video Dokter Tirta Ungkap Cara Mengatasi...
Unggahan berisi klaim “video Dokter Tirta...",Hoax,TurnBackHoax
[SALAH] Video Dokter Tirta Ungkap Cara Mengatasi...,Hoax,TurnBackHoax
"[SALAH] Judul Artikel Gelora “Yaqut Cholil Qiemas:...
Faktanya judul asli artikel tersebut adalah...",Hoax,TurnBackHoax
[SALAH] Judul Artikel Gelora “Yaqut Cholil Qiemas:...,Hoax,TurnBackHoax
"[SALAH] Video “Rapat Presiden dan Menteri Setujui...
Unggahan video berisi klaim “rapat presiden...",Hoax,TurnBackHoax
[SALAH] Video “Rapat Presiden dan Menteri Setujui...,Hoax,TurnBackHoax
"[SALAH] Gubernur Jateng Minta Warga Pati Ampuni...
Unggahan video berisi klaim “Gubernur Jateng...",Hoax,TurnBackHoax
[SALAH] Gubernur Jateng Minta Warga Pati Ampuni...,Hoax,TurnBackHoax
"[PENIPUAN] Tautan Pendaftaran Lowongan Kerja Ramayana
Unggahan berisi tautan “pendaftaran lowongan kerja...",Hoax,TurnBackHoax
[PENIPUAN] Tautan Pendaftaran Lowongan Kerja Ramayana,Hoax,TurnBackHoax
"[SALAH] Video “Demo saat Upacara HUT ke-80...
Unggahan video berisi klaim “ada demo...",Hoax,TurnBackHoax
[SALAH] Video “Demo saat Upacara HUT ke-80...,Hoax,TurnBackHoax
"[PENIPUAN] Tautan Pendaftaran Lowongan Kerja Pegadaian 2025
Unggahan berisi tautan “pendaftaran lowongan kerja...",Hoax,TurnBackHoax
[PENIPUAN] Tautan Pendaftaran Lowongan Kerja Pegadaian 2025,Hoax,TurnBackHoax
"[PENIPUAN] Tautan Pendaftaran “Bantuan Ayam Petelur Gratis”
Unggahan berisi tautan “pendaftaran program bantuan...",Hoax,TurnBackHoax
[PENIPUAN] Tautan Pendaftaran “Bantuan Ayam Petelur Gratis”,Hoax,TurnBackHoax
"[SALAH] Video Mahasiswa Berhasil Masuk Ke Gedung...
Unggahan dengan narasi “video mahasiswa berhasil...",Hoax,TurnBackHoax
[SALAH] Video Mahasiswa Berhasil Masuk Ke Gedung...,Hoax,TurnBackHoax
"[SALAH] Situasi di Jakarta Siaga 1, Demo...
Unggahan dengan narasi “Situasi demo di...",Hoax,TurnBackHoax
"[SALAH] Situasi di Jakarta Siaga 1, Demo...",Hoax,TurnBackHoax
"[PENIPUAN] Video “Bupati Pati Sudewo Promosikan Laman...
Unggahan video berisi klaim “Bupati Pati...",Hoax,TurnBackHoax
[PENIPUAN] Video “Bupati Pati Sudewo Promosikan Laman...,Hoax,TurnBackHoax
"[SALAH] Serangan Udara Kerajaan Thailand ke Dua...
Unggahan tersebut masuk ke kategori konteks...",Hoax,TurnBackHoax
[SALAH] Serangan Udara Kerajaan Thailand ke Dua...,Hoax,TurnBackHoax
"[SALAH] Ratusan Begal Motor Disebar di Jagorawi
Unggahan berisi narasi “ratusan begal motor...",Hoax,TurnBackHoax
[SALAH] Ratusan Begal Motor Disebar di Jagorawi,Hoax,TurnBackHoax
"[PENIPUAN] Ada Bantuan untuk TKI dari BP2MI...
Unggahan berisi klaim “ada bantuan untuk...",Hoax,TurnBackHoax
[PENIPUAN] Ada Bantuan untuk TKI dari BP2MI...,Hoax,TurnBackHoax
"[PENIPUAN] Sri Mulyani Umumkan Program Pemutihan Pinjol...
Unggahan berisi klaim “Sri Mulyani umumkan...",Hoax,TurnBackHoax
[PENIPUAN] Sri Mulyani Umumkan Program Pemutihan Pinjol...,Hoax,TurnBackHoax
"[PENIPUAN] Pendaftaran Badan Gizi Nasional Periode 20...
Unggahan berisi narasi “pendaftaran Badan Gizi...",Hoax,TurnBackHoax
[PENIPUAN] Pendaftaran Badan Gizi Nasional Periode 20...,Hoax,TurnBackHoax
"[PENIPUAN] Tautan Lowongan Kerja Trans Studio Indonesia
Unggahan berisi tautan “pendaftaran lowongan kerja...",Hoax,TurnBackHoax
[PENIPUAN] Tautan Lowongan Kerja Trans Studio Indonesia,Hoax,TurnBackHoax
"[SALAH] Bank Indonesia Rilis Uang Pecahan Rp22.500,...
Unggahan berisi klaim “Bank Indonesia rilis...",Hoax,TurnBackHoax
"[SALAH] Bank Indonesia Rilis Uang Pecahan Rp22.500,...",Hoax,TurnBackHoax
"[SALAH] NASA Konfirmasi Ledakan Besar Gunung Aktif...
Unggahan dengan narasi “NASA konfirmasi ledakan...",Hoax,TurnBackHoax
[SALAH] NASA Konfirmasi Ledakan Besar Gunung Aktif...,Hoax,TurnBackHoax
"[SALAH] Tujuh Anggota Paskibra Meninggal karena Kelelahan...
Faktanya, tidak ditemukan informasi atau pemberitaan...",Hoax,TurnBackHoax
[SALAH] Tujuh Anggota Paskibra Meninggal karena Kelelahan...,Hoax,TurnBackHoax
"[SALAH] Pasha Ungu Mengundurkan Diri dari DPR
Unggahan dengan narasi “Pasha Ungu mengundurkan...",Hoax,TurnBackHoax
[SALAH] Pasha Ungu Mengundurkan Diri dari DPR,Hoax,TurnBackHoax
"[SALAH] Uang Baru Pecahan Rp250.000
Unggahan “uang baru pecahan Rp250.000” adalah...",Hoax,TurnBackHoax
[SALAH] Uang Baru Pecahan Rp250.000,Hoax,TurnBackHoax
"[SALAH] Video Wanita Aceh Berbicara di Depan...
Faktanya video wanita Aceh berbicara di...",Hoax,TurnBackHoax
[SALAH] Video Wanita Aceh Berbicara di Depan...,Hoax,TurnBackHoax
"[SALAH] KPK Panggil Megawati Terkait Puluhan Kasus...
Unggahan dengan narasi “KPK panggil Megawati...",Hoax,TurnBackHoax
[SALAH] KPK Panggil Megawati Terkait Puluhan Kasus...,Hoax,TurnBackHoax
"[SALAH] Penghasilan Pekerja Seks Komersial Bakal Kena...
Unggahan berisi narasi “penghasilan pekerja seks...",Hoax,TurnBackHoax
[SALAH] Penghasilan Pekerja Seks Komersial Bakal Kena...,Hoax,TurnBackHoax
"[SALAH] Ustaz Yusuf Mansyur Meninggal Dunia pada...
Unggahan foto berisi klaim “Ustaz Yusuf...",Hoax,TurnBackHoax
[SALAH] Ustaz Yusuf Mansyur Meninggal Dunia pada...,Hoax,TurnBackHoax
"[PENIPUAN] Pemerintah Bagikan Uang Sitaan Korupsi Impor...
Faktanya, tidak ditemukan informasi atau pemberitaan...",Hoax,TurnBackHoax
[PENIPUAN] Pemerintah Bagikan Uang Sitaan Korupsi Impor...,Hoax,TurnBackHoax
"[PENIPUAN] Tautan Rekrutmen Calon ASN SPPI 2025
Unggahan berisi tautan “rekrutmen SPPI BGN...",Hoax,TurnBackHoax
[PENIPUAN] Tautan Rekrutmen Calon ASN SPPI 2025,Hoax,TurnBackHoax
"[SALAH] ASI Bisa Gantikan Fungsi Imunisasi Campak...
Unggahan video berisi klaim “ASI dapat...",Hoax,TurnBackHoax
[SALAH] ASI Bisa Gantikan Fungsi Imunisasi Campak...,Hoax,TurnBackHoax
"[SALAH] Ada Kenaikan Biaya Admin Bank Usai...
Unggahan berisi klaim “ada kenaikan biaya...",Hoax,TurnBackHoax
[SALAH] Ada Kenaikan Biaya Admin Bank Usai...,Hoax,TurnBackHoax
"[SALAH] Vaksin HPV Sebabkan Rahim Kering dan...
Unggahan berisi klaim “vaksin HPV sebabkan...",Hoax,TurnBackHoax
[SALAH] Vaksin HPV Sebabkan Rahim Kering dan...,Hoax,TurnBackHoax
"[SALAH] 3 Orang Tewas saat Demo di...
Unggahan berisi klaim ""3 orang tewas...",Hoax,TurnBackHoax
[SALAH] 3 Orang Tewas saat Demo di...,Hoax,TurnBackHoax
"[SALAH] Chandra Hamzah: Penjual Pecel Lele di...
Unggahan berisi “Chandra Hamzah: penjual pecel...",Hoax,TurnBackHoax
[SALAH] Chandra Hamzah: Penjual Pecel Lele di...,Hoax,TurnBackHoax
"[PENIPUAN] Gibran Bagi-Bagi Uang Rayakan HUT ke-80...
Unggahan video berisi klaim “Wapres Gibran...",Hoax,TurnBackHoax
[PENIPUAN] Gibran Bagi-Bagi Uang Rayakan HUT ke-80...,Hoax,TurnBackHoax
"[SALAH] Indonesia Nyatakan Siap Perang Lawan Malaysia...
Unggahan video berisi klaim “Indonesia nyatakan...",Hoax,TurnBackHoax
[SALAH] Indonesia Nyatakan Siap Perang Lawan Malaysia...,Hoax,TurnBackHoax
"[SALAH] 25 Agustus 2025 Bakal Ada Demo...
Unggahan video berisi klaim “25 Agustus...",Hoax,TurnBackHoax
[SALAH] 25 Agustus 2025 Bakal Ada Demo...,Hoax,TurnBackHoax
"[SALAH] Video “Prabowo Bela Bupati Sudewo”
Unggahan video berisi klaim “Prabowo bela...",Hoax,TurnBackHoax
[SALAH] Video “Prabowo Bela Bupati Sudewo”,Hoax,TurnBackHoax
"[SALAH] Prabowo Bakal Ambil Alih Seluruh Pabrik...
Unggahan video berisi klaim “Prabowo bakal...",Hoax,TurnBackHoax
[SALAH] Prabowo Bakal Ambil Alih Seluruh Pabrik...,Hoax,TurnBackHoax
"[PENIPUAN] PGI Berikan Bantuan Pembangunan Gereja Lewat...
Unggahan berisi klaim “PGI berikan bantuan...",Hoax,TurnBackHoax
[PENIPUAN] PGI Berikan Bantuan Pembangunan Gereja Lewat...,Hoax,TurnBackHoax
"[SALAH] Aceh Kini Kibarkan Bendera Sendiri
Video dengan klaim “Aceh kini kibarkan...",Hoax,TurnBackHoax
[SALAH] Aceh Kini Kibarkan Bendera Sendiri,Hoax,TurnBackHoax
"[SALAH] Ada Biaya untuk Pembukaan Rekening yang...
Unggahan berisi klaim “ada biaya untuk...",Hoax,TurnBackHoax
[SALAH] Ada Biaya untuk Pembukaan Rekening yang...,Hoax,TurnBackHoax
"[SALAH] Thailand Jatuhkan Asap Beracun di Kamboja
Unggahan video berisi klaim “Thailand jatuhkan...",Hoax,TurnBackHoax
[SALAH] Thailand Jatuhkan Asap Beracun di Kamboja,Hoax,TurnBackHoax
"[SALAH] Prabowo Lepas Pulau Layang-Layang untuk Malaysia
Unggahan video berisi klaim “Prabowo lepas...",Hoax,TurnBackHoax
[SALAH] Prabowo Lepas Pulau Layang-Layang untuk Malaysia,Hoax,TurnBackHoax
"[SALAH] Pelatih Paus Jessica Radcliffe Meninggal Akibat...
Video “Pelatih Paus Jessica radcliffe meninggal...",Hoax,TurnBackHoax
[SALAH] Pelatih Paus Jessica Radcliffe Meninggal Akibat...,Hoax,TurnBackHoax
"[SALAH] Pemerintah Resmi Mengembalikan Hasil Sitaan Judi...
Unggahan berisi “Pemerintah resmi mengembalikan hasil...",Hoax,TurnBackHoax
[SALAH] Pemerintah Resmi Mengembalikan Hasil Sitaan Judi...,Hoax,TurnBackHoax
"[SALAH] Tangkapan Layar Artikel CNBC Indonesia tentang...
Unggahan tersebut masuk ke kategori konten...",Hoax,TurnBackHoax
[SALAH] Tangkapan Layar Artikel CNBC Indonesia tentang...,Hoax,TurnBackHoax
"[SALAH] HIV Tidak Berbahaya, ARV Hanya Propaganda
Unggahan berisi klaim “HIV tidak berbahaya,...",Hoax,TurnBackHoax
"[SALAH] HIV Tidak Berbahaya, ARV Hanya Propaganda",Hoax,TurnBackHoax
"[SALAH] China Blacklist 20 Perusahaan asal India,...
Unggahan dengan narasi “China blacklist 20...",Hoax,TurnBackHoax
"[SALAH] China Blacklist 20 Perusahaan asal India,...",Hoax,TurnBackHoax
"[SALAH] Gaji Tahunan Penjaga Mercusuar La Jument...
Unggahan berisi klaim “gaji tahunan penjaga...",Hoax,TurnBackHoax
[SALAH] Gaji Tahunan Penjaga Mercusuar La Jument...,Hoax,TurnBackHoax
"[SALAH] Video Sri Mulyani Sebut “Guru Itu...
Unggahan video berisi klaim “Sri Mulyani...",Hoax,TurnBackHoax
[SALAH] Video Sri Mulyani Sebut “Guru Itu...,Hoax,TurnBackHoax
"[SALAH] Judul Artikel Gelora “Kaesang: Rakyat Banyak...
Faktanya judul asli artikel tersebut adalah...",Hoax,TurnBackHoax
[SALAH] Judul Artikel Gelora “Kaesang: Rakyat Banyak...,Hoax,TurnBackHoax
"[SALAH] PBB Memutuskan Referendum 5 Negara Baru,...
Unggahan berisi klaim “PBB memutuskan referendum...",Hoax,TurnBackHoax
"[SALAH] PBB Memutuskan Referendum 5 Negara Baru,...",Hoax,TurnBackHoax
"[PENIPUAN] Program Baru BPN: Sertipikat Tanah dan...
Unggahan berisi tautan “pembuatan sertipikat tanah...",Hoax,TurnBackHoax
[PENIPUAN] Program Baru BPN: Sertipikat Tanah dan...,Hoax,TurnBackHoax
"[SALAH] Video “Pernyataan Pengunduran Diri Bupati Sudewo”
Unggahan video berisi klaim “pernyataan pengunduran...",Hoax,TurnBackHoax
[SALAH] Video “Pernyataan Pengunduran Diri Bupati Sudewo”,Hoax,TurnBackHoax
"[PENIPUAN] Prabowo Bagi-Bagi Uang Rayakan HUT ke-80...
Unggahan video berisi klaim “Presiden Prabowo...",Hoax,TurnBackHoax
[PENIPUAN] Prabowo Bagi-Bagi Uang Rayakan HUT ke-80...,Hoax,TurnBackHoax
"[SALAH] Video “10 Ribu Warga Jakarta Bantu...
Unggahan video berisi klaim “10 ribu...",Hoax,TurnBackHoax
[SALAH] Video “10 Ribu Warga Jakarta Bantu...,Hoax,TurnBackHoax
"[SALAH] Akar Alang-Alang Bisa Gantikan Prosedur Cuci...
Unggahan berisi klaim “akar alang-alang bisa...",Hoax,TurnBackHoax
[SALAH] Akar Alang-Alang Bisa Gantikan Prosedur Cuci...,Hoax,TurnBackHoax
"[PENIPUAN] Tautan Pendaftaran Bantuan Kuota untuk Sambut...
Unggahan berisi tautan pendaftaran “bantuan kuota...",Hoax,TurnBackHoax
[PENIPUAN] Tautan Pendaftaran Bantuan Kuota untuk Sambut...,Hoax,TurnBackHoax
"[SALAH] Video Demo Bupati Sudewo pada 13...
Unggahan berisi narasi “video demo Bupati...",Hoax,TurnBackHoax
[SALAH] Video Demo Bupati Sudewo pada 13...,Hoax,TurnBackHoax
"[PENIPUAN] Tautan Pendaftaran Upacara HUT Ke-80 RI...
Unggahan berisi tautan “pendaftaran upacara HUT...",Hoax,TurnBackHoax
[PENIPUAN] Tautan Pendaftaran Upacara HUT Ke-80 RI...,Hoax,TurnBackHoax
"[SALAH] Menempelkan Dua Peniti Bisa Perkuat Sinyal...
Unggahan berisi klaim “menempelkan dua peniti...",Hoax,TurnBackHoax
[SALAH] Menempelkan Dua Peniti Bisa Perkuat Sinyal...,Hoax,TurnBackHoax
"[PENIPUAN] Tautan Pendaftaran Lowongan Kerja PT Vale...
Unggahan berisi tautan “lowongan kerja PT...",Hoax,TurnBackHoax
[PENIPUAN] Tautan Pendaftaran Lowongan Kerja PT Vale...,Hoax,TurnBackHoax
"[PENIPUAN] Tautan Rekrutmen Sarjana Penggerak Pembangunan Indonesia...
Unggahan berisi tautan “pendaftaran SPPI batch...",Hoax,TurnBackHoax
[PENIPUAN] Tautan Rekrutmen Sarjana Penggerak Pembangunan Indonesia...,Hoax,TurnBackHoax
"[PENIPUAN] Tautan Pendaftaran Petugas Haji 2026
Unggahan berisi tautan “pendaftaran petugas haji...",Hoax,TurnBackHoax
[PENIPUAN] Tautan Pendaftaran Petugas Haji 2026,Hoax,TurnBackHoax
"[SALAH] Warga Papua Minta Jokowi Kembali Pimpin...
Unggahan berisi narasi “warga Papua minta...",Hoax,TurnBackHoax
[SALAH] Warga Papua Minta Jokowi Kembali Pimpin...,Hoax,TurnBackHoax
"[PENIPUAN] Tautan Klaim Token Listrik Gratis Jelang...
Unggahan berisi tautan “klaim token listrik...",Hoax,TurnBackHoax
[PENIPUAN] Tautan Klaim Token Listrik Gratis Jelang...,Hoax,TurnBackHoax
"[SALAH] Video “Juli 2025 Ada Tsunami di...
Unggahan video berisi klaim “tsunami di...",Hoax,TurnBackHoax
[SALAH] Video “Juli 2025 Ada Tsunami di...,Hoax,TurnBackHoax
"[PENIPUAN] Tautan Pendaftaran CPNS Kemenag 2025
Unggahan berisi tautan “pendaftaran CPNS Kemenag...",Hoax,TurnBackHoax
[PENIPUAN] Tautan Pendaftaran CPNS Kemenag 2025,Hoax,TurnBackHoax
"[SALAH] Prabowo Usulkan Referendum di Aceh dan...
Unggahan berisi klaim “Prabowo usulkan referendum...",Hoax,TurnBackHoax
[SALAH] Prabowo Usulkan Referendum di Aceh dan...,Hoax,TurnBackHoax
"[SALAH] Video “Tsunami di Hokkaido Jepang 30...
Unggahan video berisi klaim “tsunami Hokkaido...",Hoax,TurnBackHoax
[SALAH] Video “Tsunami di Hokkaido Jepang 30...,Hoax,TurnBackHoax
"[SALAH] Perangkat Elektronik Harus Dimatikan karena Ada...
Unggahan berisi narasi “perangkat elektronik harus...",Hoax,TurnBackHoax
[SALAH] Perangkat Elektronik Harus Dimatikan karena Ada...,Hoax,TurnBackHoax
"[SALAH] Foto Tagihan Royalti Musik dan Lagu...
Unggahan tersebut masuk ke kategori konten...",Hoax,TurnBackHoax
[SALAH] Foto Tagihan Royalti Musik dan Lagu...,Hoax,TurnBackHoax
"[SALAH] Pemberangkatan Pengungsi Palestina ke Indonesia
Faktanya tidak ditemukan informasi atau pemberitaan...",Hoax,TurnBackHoax
[SALAH] Pemberangkatan Pengungsi Palestina ke Indonesia,Hoax,TurnBackHoax
"[PENIPUAN] Perpanjang dan Pembuatan SIM Gratis pada...
Unggahan berisi “perpanjang dan pembuatan SIM...",Hoax,TurnBackHoax
[PENIPUAN] Perpanjang dan Pembuatan SIM Gratis pada...,Hoax,TurnBackHoax
"[PENIPUAN] Tautan Pendaftaran Loker SKK Migas Petrochina...
Unggahan berisi tautan pendaftaran “lowongan kerja...",Hoax,TurnBackHoax
[PENIPUAN] Tautan Pendaftaran Loker SKK Migas Petrochina...,Hoax,TurnBackHoax
"[SALAH] Indonesia Kirim Pasukan Khusus ke Kamboja
Unggahan video berisi klaim “Indonesia kirim...",Hoax,TurnBackHoax
[SALAH] Indonesia Kirim Pasukan Khusus ke Kamboja,Hoax,TurnBackHoax
"[SALAH] Pengaturan Nozzle Memengaruhi Akurasi Takaran BBM
Unggahan berisi klaim “pengaturan speed nozzle...",Hoax,TurnBackHoax
[SALAH] Pengaturan Nozzle Memengaruhi Akurasi Takaran BBM,Hoax,TurnBackHoax
"[PENIPUAN] Tautan Pendaftaran Rekening Aktif untuk Cegah...
Unggahan berisi tautan “pendaftaran rekening aktif...",Hoax,TurnBackHoax
[PENIPUAN] Tautan Pendaftaran Rekening Aktif untuk Cegah...,Hoax,TurnBackHoax
"[PENIPUAN] Tautan Pendaftaran Bantuan Dana Koperasi Desa...
Unggahan berisi tautan “pendaftaran bantuan dana...",Hoax,TurnBackHoax
[PENIPUAN] Tautan Pendaftaran Bantuan Dana Koperasi Desa...,Hoax,TurnBackHoax
"[PENIPUAN] Ada Bantuan Dana dari Saudi Arabia...
Unggahan video berisi klaim “ada bantuan...",Hoax,TurnBackHoax
[PENIPUAN] Ada Bantuan Dana dari Saudi Arabia...,Hoax,TurnBackHoax
"[SALAH] Rekaman Rudal Tomahawk AS Menghantam Situs...
Unggahan tersebut masuk ke kategori konteks...",Hoax,TurnBackHoax
[SALAH] Rekaman Rudal Tomahawk AS Menghantam Situs...,Hoax,TurnBackHoax
"[SALAH] Video Rekaman Tsunami Rusia
Video “rekaman tsunami Rusia” merupakan konteks...",Hoax,TurnBackHoax
[SALAH] Video Rekaman Tsunami Rusia,Hoax,TurnBackHoax
"[SALAH] Pengibaran Bendera One Piece Dihukum 5...
Informasi “pengibaran bendera One Piece dihukum...",Hoax,TurnBackHoax
[SALAH] Pengibaran Bendera One Piece Dihukum 5...,Hoax,TurnBackHoax
"[SALAH] Tarik Uang Di ATM Yang Sama...
Informasi “tarik uang di ATM yang...",Hoax,TurnBackHoax
[SALAH] Tarik Uang Di ATM Yang Sama...,Hoax,TurnBackHoax
"[SALAH] Prabowo Mau Lunasi Utang Rakyat Pakai...
Unggahan video berisi klaim “Prabowo mau...",Hoax,TurnBackHoax
[SALAH] Prabowo Mau Lunasi Utang Rakyat Pakai...,Hoax,TurnBackHoax
"[SALAH] Menghadap Lilin Menyembuhkan Mata Minus
Unggahan dengan narasi “menghadap lilin menyembuhkan...",Hoax,TurnBackHoax
[SALAH] Menghadap Lilin Menyembuhkan Mata Minus,Hoax,TurnBackHoax
"[SALAH] Komdigi Kaji Pengguna Harus Beli Internet...
Unggahan berisi klaim “Komdigi kaji pengguna...",Hoax,TurnBackHoax
[SALAH] Komdigi Kaji Pengguna Harus Beli Internet...,Hoax,TurnBackHoax
"[PENIPUAN] Tautan Pendaftaran BLT Untuk Pendidikan Anak...
Unggahan berisi “tautan pendaftaran BLT untuk...",Hoax,TurnBackHoax
[PENIPUAN] Tautan Pendaftaran BLT Untuk Pendidikan Anak...,Hoax,TurnBackHoax
"[SALAH] Kementerian Dalam Negeri Israel Terkena Rudal...
Unggahan tersebut masuk ke kategori konten...",Hoax,TurnBackHoax
[SALAH] Kementerian Dalam Negeri Israel Terkena Rudal...,Hoax,TurnBackHoax
"[SALAH] ASEAN Prediksi Indonesia Bangkrut Tahun 2030...
Unggahan berisi klaim “ASEAN memprediksi Indonesia...",Hoax,TurnBackHoax
[SALAH] ASEAN Prediksi Indonesia Bangkrut Tahun 2030...,Hoax,TurnBackHoax
"[PENIPUAN] Tautan Pendaftaran Lowongan Kerja KFC
Unggahan berisi tautan “pendaftaran lowongan kerja...",Hoax,TurnBackHoax
[PENIPUAN] Tautan Pendaftaran Lowongan Kerja KFC,Hoax,TurnBackHoax
"[SALAH] FIFA Ungkap Kecurangan Timnas Vietnam di...
Unggahan berisi klaim “FIFA ungkap kecurangan...",Hoax,TurnBackHoax
[SALAH] FIFA Ungkap Kecurangan Timnas Vietnam di...,Hoax,TurnBackHoax
"[PENIPUAN] Tautan Lowongan Kerja AQUA
Unggahan berisi tautan “lowongan kerja AQUA”...",Hoax,TurnBackHoax
"[SALAH] Tautan Bantuan Bibit Ayam Dari Pemerintah
Informasi “tautan bantuan bibit ayam dari...",Hoax,TurnBackHoax
[SALAH] Tautan Bantuan Bibit Ayam Dari Pemerintah,Hoax,TurnBackHoax
"[SALAH] Gibran Sebut Pernyataan “Janji 19 Juta...
Unggahan berisi klaim “Gibran sebut pernyataan...",Hoax,TurnBackHoax
[SALAH] Gibran Sebut Pernyataan “Janji 19 Juta...,Hoax,TurnBackHoax
"[PENIPUAN] Tautan Pendaftaran Token Listrik Gratis Periode...
Faktanya PLN tidak pernah mengadakan promo...",Hoax,TurnBackHoax
[PENIPUAN] Tautan Pendaftaran Token Listrik Gratis Periode...,Hoax,TurnBackHoax
"[PENIPUAN] Tautan Pendaftaran CPNS Dinas Perhubungan Periode...
Unggahan berisi narasi “Tautan Pendaftaran CPNS...",Hoax,TurnBackHoax
[PENIPUAN] Tautan Pendaftaran CPNS Dinas Perhubungan Periode...,Hoax,TurnBackHoax
"[PENIPUAN] Tautan Pendaftaran Lowongan Kerja Badan Pusat...
Unggahan berisi tautan “pendaftaran lowongan kerja...",Hoax,TurnBackHoax
[PENIPUAN] Tautan Pendaftaran Lowongan Kerja Badan Pusat...,Hoax,TurnBackHoax
"[SALAH] Mobil berisi 30 ton Ginjal Manusia
Video “mobil berisi 30 ton ginjal...",Hoax,TurnBackHoax
[SALAH] Mobil berisi 30 ton Ginjal Manusia,Hoax,TurnBackHoax
"[SALAH] Kapal Terhempas Ombak Saat Gempa di...
Video “kapal terhempas ombak saat gempa...",Hoax,TurnBackHoax
[SALAH] Kapal Terhempas Ombak Saat Gempa di...,Hoax,TurnBackHoax
"[SALAH] Video Warga Tarik Uang Akibat Diblokir...
Video “warga tarik uang akibat diblokir...",Hoax,TurnBackHoax
[SALAH] Video Warga Tarik Uang Akibat Diblokir...,Hoax,TurnBackHoax
"[SALAH] Video “Qatar Meledak Akibat Drone Iran”
Unggahan berisi klaim “Qatar meledak akibat...",Hoax,TurnBackHoax
[SALAH] Video “Qatar Meledak Akibat Drone Iran”,Hoax,TurnBackHoax
"[SALAH] Iran Bikin Sayembara Berhadiah untuk Bunuh...
Unggahan berisi klaim “Iran bikin sayembara...",Hoax,TurnBackHoax
[SALAH] Iran Bikin Sayembara Berhadiah untuk Bunuh...,Hoax,TurnBackHoax
"[SALAH] Dokumentasi “Pesawat Israel Tiba di Jakarta”
Unggahan berisi klaim “pesawat Israel tiba...",Hoax,TurnBackHoax
[SALAH] Dokumentasi “Pesawat Israel Tiba di Jakarta”,Hoax,TurnBackHoax
"[SALAH] Tom Lembong dan Hasto Bebas karena...
Unggahan berisi klaim “Tom Lembong dan...",Hoax,TurnBackHoax
[SALAH] Tom Lembong dan Hasto Bebas karena...,Hoax,TurnBackHoax
"[SALAH] Aksi Protes Warga AS Menolak Serangan...
Unggahan tersebut masuk ke kategori konten...",Hoax,TurnBackHoax
[SALAH] Aksi Protes Warga AS Menolak Serangan...,Hoax,TurnBackHoax
"[SALAH] Dokumentasi “Tsunami Hantam Jepang Usai Gempa...
Unggahan foto berisi klaim “tsunami menghantam...",Hoax,TurnBackHoax
[SALAH] Dokumentasi “Tsunami Hantam Jepang Usai Gempa...,Hoax,TurnBackHoax
"[SALAH] Video “Tsunami Rusia 30 Juli 2025,...
Unggahan video berisi klaim “tsunami Rusia...",Hoax,TurnBackHoax
"[SALAH] Video “Tsunami Rusia 30 Juli 2025,...",Hoax,TurnBackHoax
"[SALAH] Video “Paus Beluga Terdampar Usai Tsunami...
Unggahan berisi video “paus beluga terdampar...",Hoax,TurnBackHoax
[SALAH] Video “Paus Beluga Terdampar Usai Tsunami...,Hoax,TurnBackHoax
"[SALAH] Video “Indonesia dan AS Rasakan Getaran...
Unggahan video berisi klaim “getaran gempa...",Hoax,TurnBackHoax
[SALAH] Video “Indonesia dan AS Rasakan Getaran...,Hoax,TurnBackHoax
"[SALAH] Australia Keluar dari WHO
Unggahan berisi klaim “Australia keluar dari...",Hoax,TurnBackHoax
[SALAH] Australia Keluar dari WHO,Hoax,TurnBackHoax
"[SALAH] BIN Umumkan Kondisi Darurat Militer Indonesia
Unggahan berisi klaim “BIN umumkan kondisi...",Hoax,TurnBackHoax
[SALAH] BIN Umumkan Kondisi Darurat Militer Indonesia,Hoax,TurnBackHoax
"[SALAH] Kejaksaan dan Polisi Bakal Panggil Peserta...
Unggahan berisi klaim “kejaksaan dan polisi...",Hoax,TurnBackHoax
[SALAH] Kejaksaan dan Polisi Bakal Panggil Peserta...,Hoax,TurnBackHoax
"[SALAH] FIFA Sanksi Vietnam Usai Laga Final...
Unggahan berisi klaim “FIFA sanksi Vietnam...",Hoax,TurnBackHoax
[SALAH] FIFA Sanksi Vietnam Usai Laga Final...,Hoax,TurnBackHoax
"[SALAH] Korea Utara Hukum Mati Pendukung Zionis,...
Unggahan berisi klaim “Korea Utara hukum...",Hoax,TurnBackHoax
"[SALAH] Korea Utara Hukum Mati Pendukung Zionis,...",Hoax,TurnBackHoax
"[SALAH] Foto Pesawat MiG-21 Kamboja Jatuh setelah...
Unggahan foto berisi klaim “pesawat MiG-21...",Hoax,TurnBackHoax
[SALAH] Foto Pesawat MiG-21 Kamboja Jatuh setelah...,Hoax,TurnBackHoax
"[SALAH] Ahok Seret Nama Jokowi dalam Kasus...
Unggahan video berisi klaim “Ahok seret...",Hoax,TurnBackHoax
[SALAH] Ahok Seret Nama Jokowi dalam Kasus...,Hoax,TurnBackHoax
"[PENIPUAN] Bos Perusahaan Otobus (PO) Haryanto Bagi-Bagi...
Unggahan video berisi klaim “Kopral Kepala...",Hoax,TurnBackHoax
[PENIPUAN] Bos Perusahaan Otobus (PO) Haryanto Bagi-Bagi...,Hoax,TurnBackHoax
"[SALAH] Video “Rudal Iran Meluncur dari Bawah...
Unggahan video berisi “rudal Iran meluncur...",Hoax,TurnBackHoax
[SALAH] Video “Rudal Iran Meluncur dari Bawah...,Hoax,TurnBackHoax
"[SALAH] Indonesia Tunjukkan Senjata Nuklirnya
Unggahan video berisi klaim “Indonesia tunjukkan...",Hoax,TurnBackHoax
[SALAH] Indonesia Tunjukkan Senjata Nuklirnya,Hoax,TurnBackHoax
"[SALAH] Prabowo Segera Usir Habib Ba’alawi
Unggahan video berisi klaim “Presiden Prabowo...",Hoax,TurnBackHoax
[SALAH] Prabowo Segera Usir Habib Ba’alawi,Hoax,TurnBackHoax
"[SALAH] Perpanjang SIM Harus Melalui Tes Ulang
Unggahan berisi klaim “perpanjangan SIM harus...",Hoax,TurnBackHoax
[SALAH] Perpanjang SIM Harus Melalui Tes Ulang,Hoax,TurnBackHoax
"[SALAH] Foto “Penemuan Candi Megah di Gondang,...
Unggahan foto berisi klaim ""penemuan candi...",Hoax,TurnBackHoax
"[SALAH] Foto “Penemuan Candi Megah di Gondang,...",Hoax,TurnBackHoax
"[PENIPUAN] Tautan Pendaftaran Bantuan Traktor dan Pompa...
Unggahan berisi tautan “pendaftaran bantuan traktor...",Hoax,TurnBackHoax
[PENIPUAN] Tautan Pendaftaran Bantuan Traktor dan Pompa...,Hoax,TurnBackHoax
"[SALAH] Kejadian Luar Biasa Difteri di Jakarta
Unggahan dengan narasi “Kejadian luar biasa...",Hoax,TurnBackHoax
[SALAH] Kejadian Luar Biasa Difteri di Jakarta,Hoax,TurnBackHoax
"[PENIPUAN] Willie Salim & Raffi Ahmad Promosi...
Unggahan berisi “Willie Salim & Raffi...",Hoax,TurnBackHoax
[PENIPUAN] Willie Salim & Raffi Ahmad Promosi...,Hoax,TurnBackHoax
"[PENIPUAN] Tautan Pendaftaran Prakerja 2025
Unggahan berisi tautan pendaftaran “Prakerja 2025”...",Hoax,TurnBackHoax
[PENIPUAN] Tautan Pendaftaran Prakerja 2025,Hoax,TurnBackHoax
"[SALAH] Demo Tuntut Penangkapan Jokowi dan Makzulkan...
Unggahan berisi narasi “demo tuntut penangkapan...",Hoax,TurnBackHoax
[SALAH] Demo Tuntut Penangkapan Jokowi dan Makzulkan...,Hoax,TurnBackHoax
"[SALAH] Amplop Kondangan Bakal Kena Pajak
Unggahan disertai klaim ""amplop kondangan bakal...",Hoax,TurnBackHoax
[SALAH] Amplop Kondangan Bakal Kena Pajak,Hoax,TurnBackHoax
"[PENIPUAN] Tautan Pendaftaran Loker BUMA International Group
Unggahan berisi tautan “pendaftaran lowongan kerja...",Hoax,TurnBackHoax
[PENIPUAN] Tautan Pendaftaran Loker BUMA International Group,Hoax,TurnBackHoax
"[SALAH] Pemprov Jabar Sudah Lunasi Utang Rp300...
Unggahan berisi klaim “Pemprov Jabar sudah...",Hoax,TurnBackHoax
[SALAH] Pemprov Jabar Sudah Lunasi Utang Rp300...,Hoax,TurnBackHoax
"[PENIPUAN] Gubernur Maluku Utara Sherly Tjoanda Bagi-Bagi...
Unggahan video berisi klaim “Gubernur Maluku...",Hoax,TurnBackHoax
[PENIPUAN] Gubernur Maluku Utara Sherly Tjoanda Bagi-Bagi...,Hoax,TurnBackHoax
"[PENIPUAN] Dedi Mulyadi Beri Bantuan Motor
Unggahan video berisi klaim “Dedi Mulyadi...",Hoax,TurnBackHoax
[PENIPUAN] Dedi Mulyadi Beri Bantuan Motor,Hoax,TurnBackHoax
"[SALAH] 100 Ton Narkotika Masuk Provinsi Maluku
Unggahan berisi klaim “100 ton narkotika...",Hoax,TurnBackHoax
[SALAH] 100 Ton Narkotika Masuk Provinsi Maluku,Hoax,TurnBackHoax
"[SALAH] Tentara Arab Saudi Sudah Tiba di...
Unggahan berisi klaim “tentara Arab Saudi...",Hoax,TurnBackHoax
[SALAH] Tentara Arab Saudi Sudah Tiba di...,Hoax,TurnBackHoax
"[PENIPUAN] Tautan Pendaftaran Rekrutmen PT Kilang Pertamina...
Unggahan berisi tautan “rekrutmen PT Kilang...",Hoax,TurnBackHoax
[PENIPUAN] Tautan Pendaftaran Rekrutmen PT Kilang Pertamina...,Hoax,TurnBackHoax
"[SALAH] Polisi Temukan 30 Ton Ginjal TKI...
Unggahan dengan narasi “Polisi temukan 30...",Hoax,TurnBackHoax
[SALAH] Polisi Temukan 30 Ton Ginjal TKI...,Hoax,TurnBackHoax
"[SALAH] Samsat Kejar Penunggak Pajak ke Rumah
Unggahan dengan narasi “Samsat kejar penunggak...",Hoax,TurnBackHoax
[SALAH] Samsat Kejar Penunggak Pajak ke Rumah,Hoax,TurnBackHoax
"[PENIPUAN] Tautan Program Pemulihan Korban Penipuan Online
Unggahan berisi tautan pendaftaran “program pemulihan...",Hoax,TurnBackHoax
[PENIPUAN] Tautan Program Pemulihan Korban Penipuan Online,Hoax,TurnBackHoax
"[SALAH] Pembentukan Badan Pengawas Judi Slot Indonesia
Unggahan berisi video “pembentukan Badan Pengawas...",Hoax,TurnBackHoax
[SALAH] Pembentukan Badan Pengawas Judi Slot Indonesia,Hoax,TurnBackHoax
"[SALAH] Video “Perang Thailand-Kamboja, Ada Ledakan Bom...
Unggahan video berisi klaim “perang Thailand-Kamboja,...",Hoax,TurnBackHoax
"[SALAH] Video “Perang Thailand-Kamboja, Ada Ledakan Bom...",Hoax,TurnBackHoax
"[SALAH] Erick Thohir Minta Polisi Hentikan Kasus...
Unggahan berisi klaim “Erick Thohir minta...",Hoax,TurnBackHoax
[SALAH] Erick Thohir Minta Polisi Hentikan Kasus...,Hoax,TurnBackHoax
"[SALAH] Setengah Wilayah Israel Hangus karena Serangan...
Unggahan berisi klaim “setengah wilayah Israel...",Hoax,TurnBackHoax
[SALAH] Setengah Wilayah Israel Hangus karena Serangan...,Hoax,TurnBackHoax
"[SALAH] Video Kepulan Asap Hitam “Serangan Iran...
Video yang memperlihatkan kepulan asap hitam...",Hoax,TurnBackHoax
[SALAH] Video Kepulan Asap Hitam “Serangan Iran...,Hoax,TurnBackHoax
"[SALAH] Trump Ancam Hapus New York dari...
Unggahan berisi klaim “Trump ancam hapus...",Hoax,TurnBackHoax
[SALAH] Trump Ancam Hapus New York dari...,Hoax,TurnBackHoax
"[SALAH] Video “Tentara Amerika Sudah Masuk Hutan...
Unggahan berisi klaim “Tentara Amerika sudah...",Hoax,TurnBackHoax
[SALAH] Video “Tentara Amerika Sudah Masuk Hutan...,Hoax,TurnBackHoax
"[SALAH] Video “Perang Dunia ke-3 Diumumkan, Indonesia...
Unggahan video berisi klaim “perang dunia...",Hoax,TurnBackHoax
"[SALAH] Video “Perang Dunia ke-3 Diumumkan, Indonesia...",Hoax,TurnBackHoax
"[PENIPUAN] Tautan Pendaftaran Rekrutmen Bank Muamalat
Unggahan berisi tautan “pendaftaran rekrutmen Bank...",Hoax,TurnBackHoax
[PENIPUAN] Tautan Pendaftaran Rekrutmen Bank Muamalat,Hoax,TurnBackHoax
"[PENIPUAN] Surat Panggilan Calon Karyawan Pertamina melalui...
Surat panggilan calon karyawan Pertamina yang...",Hoax,TurnBackHoax
[PENIPUAN] Surat Panggilan Calon Karyawan Pertamina melalui...,Hoax,TurnBackHoax
"[SALAH] Putin Tunjuk Prabowo Jadi Ketua NDB...
Unggahan berisi klaim “Putin tunjuk Prabowo...",Hoax,TurnBackHoax
[SALAH] Putin Tunjuk Prabowo Jadi Ketua NDB...,Hoax,TurnBackHoax
"[SALAH] Video “Kamboja Tembak Jatuh Pesawat Tempur...
Unggahan video berisi klaim “pesawat tempur...",Hoax,TurnBackHoax
[SALAH] Video “Kamboja Tembak Jatuh Pesawat Tempur...,Hoax,TurnBackHoax
"[SALAH] Pemerintah Akan Batasi Telepon-Video pada WhatsApp
Unggahan berisi narasi “Pemerintah akan batasi...",Hoax,TurnBackHoax
[SALAH] Pemerintah Akan Batasi Telepon-Video pada WhatsApp,Hoax,TurnBackHoax
"[SALAH] Biaya Denda Tilang Terbaru
Unggahan berisi narasi “biaya denda tilang...",Hoax,TurnBackHoax
[SALAH] Biaya Denda Tilang Terbaru,Hoax,TurnBackHoax
"[SALAH] TNI Perdamaian Tantang Israel untuk Perang...
Unggahan video berisi klaim “TNI perdamaian...",Hoax,TurnBackHoax
[SALAH] TNI Perdamaian Tantang Israel untuk Perang...,Hoax,TurnBackHoax
"[SALAH] Dana Pensiun Hanya Bisa Diambil Melalui...
Unggahan berisi klaim “dana pensiun hanya...",Hoax,TurnBackHoax
[SALAH] Dana Pensiun Hanya Bisa Diambil Melalui...,Hoax,TurnBackHoax
"[PENIPUAN] Rekrutmen Tenaga Ahli DPR RI Fraksi...
Unggahan berisi informasi “rekrutmen terbuka tenaga...",Hoax,TurnBackHoax
[PENIPUAN] Rekrutmen Tenaga Ahli DPR RI Fraksi...,Hoax,TurnBackHoax
"[SALAH] Anggota TNI Kehilangan Tangan dan Kaki...
Unggahan video berisi klaim “anggota TNI...",Hoax,TurnBackHoax
[SALAH] Anggota TNI Kehilangan Tangan dan Kaki...,Hoax,TurnBackHoax
"[SALAH] Video “Trump Lengser dari Kursi Presiden...
Unggahan berisi narasi “Trump lengser dari...",Hoax,TurnBackHoax
[SALAH] Video “Trump Lengser dari Kursi Presiden...,Hoax,TurnBackHoax
"[PENIPUAN] Tautan Pendaftaran CPNS Kemenkumham
Unggahan berisi tautan “pendaftaran CPNS Kemenkumham”...",Hoax,TurnBackHoax
[PENIPUAN] Tautan Pendaftaran CPNS Kemenkumham,Hoax,TurnBackHoax
"[SALAH] Video “Penangkapan Benjamin Netanyahu”
Unggahan video berisi klaim “penangkapan Netanyahu”...",Hoax,TurnBackHoax
[SALAH] Video “Penangkapan Benjamin Netanyahu”,Hoax,TurnBackHoax
"[SALAH] Prabowo Hentikan Program Bansos
Unggahan berisi klaim “Prabowo hentikan program...",Hoax,TurnBackHoax
[SALAH] Prabowo Hentikan Program Bansos,Hoax,TurnBackHoax
"[SALAH] Agustus 2025 Bakal Ada Gerhana Matahari...
Unggahan berisi klaim “akan ada gerhana...",Hoax,TurnBackHoax
[SALAH] Agustus 2025 Bakal Ada Gerhana Matahari...,Hoax,TurnBackHoax
"[SALAH] Tom Lembong Bebas Tanpa Syarat Usai...
Unggahan video disertai klaim ""Tom Lembong...",Hoax,TurnBackHoax
[SALAH] Tom Lembong Bebas Tanpa Syarat Usai...,Hoax,TurnBackHoax
"[SALAH] Jokowi Punya Rekening di 20 Bank...
Unggahan dengan narasi “Jokowi punya rekening...",Hoax,TurnBackHoax
[SALAH] Jokowi Punya Rekening di 20 Bank...,Hoax,TurnBackHoax
"[SALAH] Mulai Juni 2025, Peserta BPJS PBI...
Unggahan berisi klaim “mulai Juni 2025,...",Hoax,TurnBackHoax
"[SALAH] Mulai Juni 2025, Peserta BPJS PBI...",Hoax,TurnBackHoax
"[SALAH] Narasi “Cara Daftar Transmigrasi ke IKN”
Unggahan berisi narasi “cara daftar transmigrasi...",Hoax,TurnBackHoax
[SALAH] Narasi “Cara Daftar Transmigrasi ke IKN”,Hoax,TurnBackHoax
"[SALAH] 18 Ribu Personel TNI Lengkap dengan...
Unggahan video berisi klaim “18 ribu...",Hoax,TurnBackHoax
[SALAH] 18 Ribu Personel TNI Lengkap dengan...,Hoax,TurnBackHoax
"[SALAH] Wamen Giring Minta Anies Tidak Terjun...
Unggahan berisi klaim “Wamen Giring minta...",Hoax,TurnBackHoax
[SALAH] Wamen Giring Minta Anies Tidak Terjun...,Hoax,TurnBackHoax
"[SALAH] Presiden Prabowo Jadi Ketua BRICS
Unggahan berisi klaim “Prabowo menjadi ketua...",Hoax,TurnBackHoax
[SALAH] Presiden Prabowo Jadi Ketua BRICS,Hoax,TurnBackHoax
"[SALAH] Video “Sri Mulyani Permalukan DPR saat...
Unggahan berisi klaim “Sri Mulyani permalukan...",Hoax,TurnBackHoax
[SALAH] Video “Sri Mulyani Permalukan DPR saat...,Hoax,TurnBackHoax
"[SALAH] Jokowi Mengancam Para Ulama
Unggahan video berisi klaim “Jokowi mengancam...",Hoax,TurnBackHoax
[SALAH] Jokowi Mengancam Para Ulama,Hoax,TurnBackHoax
"[SALAH] Pembakar Ruko Pramuka Bayaran Jokowi Ditangkap
Unggahan dengan narasi “pembakar ruko pramuka...",Hoax,TurnBackHoax
[SALAH] Pembakar Ruko Pramuka Bayaran Jokowi Ditangkap,Hoax,TurnBackHoax
"[SALAH] Video “Helikopter Terjatuh di Parapat, Danau...
Unggahan video berisi klaim “helikopter terjatuh...",Hoax,TurnBackHoax
"[SALAH] Video “Helikopter Terjatuh di Parapat, Danau...",Hoax,TurnBackHoax
"[SALAH] Video “Penampakan Rudal TNI AU Garuda...
Unggahan video berisi klaim “penampakan rudal...",Hoax,TurnBackHoax
[SALAH] Video “Penampakan Rudal TNI AU Garuda...,Hoax,TurnBackHoax
"[SALAH] Pelatih Timnas U-23 RI Gerald Vanenburg...
Unggahan berisi klaim “pelatih Timnas U-23...",Hoax,TurnBackHoax
[SALAH] Pelatih Timnas U-23 RI Gerald Vanenburg...,Hoax,TurnBackHoax
"[PENIPUAN] Tautan Pendaftaran Lowongan Kerja Adaro Indonesia
Unggahan berisi tautan pendaftaran “lowongan kerja...",Hoax,TurnBackHoax
[PENIPUAN] Tautan Pendaftaran Lowongan Kerja Adaro Indonesia,Hoax,TurnBackHoax
"[SALAH] Australia Protes karena Rusia Bakal Bangun...
Unggahan berisi klaim “Australia protes keras...",Hoax,TurnBackHoax
[SALAH] Australia Protes karena Rusia Bakal Bangun...,Hoax,TurnBackHoax
"[SALAH] Video “Pembuatan Jet Tempur Siluman Indonesia”
Unggahan video berisi klaim “pembuatan jet...",Hoax,TurnBackHoax
[SALAH] Video “Pembuatan Jet Tempur Siluman Indonesia”,Hoax,TurnBackHoax
"[PENIPUAN] YouTuber Aisar Khaled Bagi-Bagi Motor
Unggahan berisi klaim “Aisar Khaled bagi-bagi...",Hoax,TurnBackHoax
[PENIPUAN] YouTuber Aisar Khaled Bagi-Bagi Motor,Hoax,TurnBackHoax
"[SALAH] Foto “TNI Tangkap Intelijen Israel”
Unggahan foto berisi klaim “TNI tangkap...",Hoax,TurnBackHoax
[SALAH] Foto “TNI Tangkap Intelijen Israel”,Hoax,TurnBackHoax
"[SALAH] Indro Warkop Menghembuskan Nafas Terakhir di...
Unggahan dengan narasi “Indro Warkop Menghembuskan...",Hoax,TurnBackHoax
[SALAH] Indro Warkop Menghembuskan Nafas Terakhir di...,Hoax,TurnBackHoax
"[PENIPUAN] Tautan Pendaftaran Lowongan Kerja Le Minerale
Unggahan berisi tautan pendaftaran “lowongan kerja...",Hoax,TurnBackHoax
"[PENIPUAN] Program Memberikan kepada Petani Bibit (Bibit...
Unggahan berisi narasi “Program Memberikan kepada...",Hoax,TurnBackHoax
[PENIPUAN] Program Memberikan kepada Petani Bibit (Bibit...,Hoax,TurnBackHoax
"[PENIPUAN] Pendaftaran Undian Wondr BNI Berhadiah melalui...
BNI meminta masyarakat untuk berhati-hati terhadap...",Hoax,TurnBackHoax
[PENIPUAN] Pendaftaran Undian Wondr BNI Berhadiah melalui...,Hoax,TurnBackHoax
"[SALAH] China Tunjukan Hasil Uji Coba Membuat...
Unggahan dengan narasi “China Tunjukan Hasil...",Hoax,TurnBackHoax
[SALAH] China Tunjukan Hasil Uji Coba Membuat...,Hoax,TurnBackHoax
"[SALAH] Indonesia Disebut sebagai “Tiongkok Baru ASEAN”
Unggahan berisi klaim “Indonesia disebut sebagai...",Hoax,TurnBackHoax
[SALAH] Indonesia Disebut sebagai “Tiongkok Baru ASEAN”,Hoax,TurnBackHoax
"[SALAH] Abuya Darul Aman Orang Terkaya Nomor...
Unggahan video berisi klaim “Abuya Darul...",Hoax,TurnBackHoax
[SALAH] Abuya Darul Aman Orang Terkaya Nomor...,Hoax,TurnBackHoax
"[SALAH] Video “Tentara Israel Dukung Kemerdekaan Papua”
Unggahan video berisi klaim “tentara Israel...",Hoax,TurnBackHoax
[SALAH] Video “Tentara Israel Dukung Kemerdekaan Papua”,Hoax,TurnBackHoax
"[PENIPUAN] Prabowo Resmikan Pembuatan dan Perpanjangan SIM...
Unggahan berisi narasi “Prabowo resmikan pembuatan...",Hoax,TurnBackHoax
[PENIPUAN] Prabowo Resmikan Pembuatan dan Perpanjangan SIM...,Hoax,TurnBackHoax
"[PENIPUAN] Tautan Pendaftaran Lowongan Kerja BAZNAS
Unggahan berisi tautan “pendaftaran lowongan kerja...",Hoax,TurnBackHoax
[PENIPUAN] Tautan Pendaftaran Lowongan Kerja BAZNAS,Hoax,TurnBackHoax
"[PENIPUAN] Australia Berikan Dana Bantuan untuk Umat...
Unggahan video mengenai adanya bantuan dana...",Hoax,TurnBackHoax
[PENIPUAN] Australia Berikan Dana Bantuan untuk Umat...,Hoax,TurnBackHoax
"[SALAH] Video “Masjid di Barcelona Sengaja Dibakar...
Unggahan video disertai klaim ""masjid di...",Hoax,TurnBackHoax
[SALAH] Video “Masjid di Barcelona Sengaja Dibakar...,Hoax,TurnBackHoax
"[PENIPUAN] Pemerintah Cairkan Bantuan Subsidi Upah (BSU)...
Unggahan berisi klaim ""pemerintah cairkan BSU...",Hoax,TurnBackHoax
[PENIPUAN] Pemerintah Cairkan Bantuan Subsidi Upah (BSU)...,Hoax,TurnBackHoax
"[PENIPUAN] Kemenaker Salurkan BSU Sebesar Rp1,7 Juta
Faktanya Kemenaker menyalurkan BSU pada Juni-Juli...",Hoax,TurnBackHoax
"[PENIPUAN] Kemenaker Salurkan BSU Sebesar Rp1,7 Juta",Hoax,TurnBackHoax
"[SALAH] Menuang Tepung di Dekat Kompor Bisa...
Unggahan berisi klaim “menuangkan tepung di...",Hoax,TurnBackHoax
[SALAH] Menuang Tepung di Dekat Kompor Bisa...,Hoax,TurnBackHoax
"[SALAH] Video “Rudal R-Han Milik Indonesia”
Unggahan berisi klaim “rudal R-Han milik...",Hoax,TurnBackHoax
[SALAH] Video “Rudal R-Han Milik Indonesia”,Hoax,TurnBackHoax
"[SALAH] Video “Warga Malaysia Dukung Kemerdekaan Aceh”
Unggahan video berisi klaim “warga Malaysia...",Hoax,TurnBackHoax
[SALAH] Video “Warga Malaysia Dukung Kemerdekaan Aceh”,Hoax,TurnBackHoax
"[PENIPUAN] Pembelian Uang Kuno oleh Nagita Slavina
Unggahan video berisi klaim “pembelian uang...",Hoax,TurnBackHoax
[PENIPUAN] Pembelian Uang Kuno oleh Nagita Slavina,Hoax,TurnBackHoax
"[SALAH] TNI Eksekusi Tentara Israel-AS di Gaza...
Unggahan video berisi klaim “TNI eksekusi...",Hoax,TurnBackHoax
[SALAH] TNI Eksekusi Tentara Israel-AS di Gaza...,Hoax,TurnBackHoax
"[SALAH] Artikel CNBC Indonesia: “Raja Salman Sebut:...
Unggahan berisi narasi “Fenomena Aphelion Penyebab...",Hoax,TurnBackHoax
[SALAH] Artikel CNBC Indonesia: “Raja Salman Sebut:...,Hoax,TurnBackHoax
"[SALAH] Video “Warga Israel Mengungsi di Gurun...
Unggahan video berisi klaim “warga Israel...",Hoax,TurnBackHoax
[SALAH] Video “Warga Israel Mengungsi di Gurun...,Hoax,TurnBackHoax
"[SALAH] Video “Pengakuan Kekalahan Israel”
Unggahan video berisi klaim “pengakuan kekalahan...",Hoax,TurnBackHoax
[SALAH] Video “Pengakuan Kekalahan Israel”,Hoax,TurnBackHoax
"[SALAH] Video “Fasilitas Rahasia Fordow Iran”
Unggahan video berisi klaim “video fasilitas...",Hoax,TurnBackHoax
[SALAH] Video “Fasilitas Rahasia Fordow Iran”,Hoax,TurnBackHoax
"[PENIPUAN] Tautan Pospay untuk Cek Pencairan BSU
Unggahan berisi tautan Pospay untuk pencairan...",Hoax,TurnBackHoax
[PENIPUAN] Tautan Pospay untuk Cek Pencairan BSU,Hoax,TurnBackHoax
"[PENIPUAN] Tautan Pendaftaran Penghapusan Tunggakan BPJS kesehatan
Unggahan dengan narasi “Tautan Pendaftaran Penghapusan...",Hoax,TurnBackHoax
[PENIPUAN] Tautan Pendaftaran Penghapusan Tunggakan BPJS kesehatan,Hoax,TurnBackHoax
"[SALAH] Video “Monster Drone Buatan Iran”
Unggahan video berisi klaim “monster drone...",Hoax,TurnBackHoax
[SALAH] Video “Monster Drone Buatan Iran”,Hoax,TurnBackHoax
"[PENIPUAN] Tautan Pendaftaran CPNS Kemenhub
Unggahan berisi tautan “pendaftaran CPNS Kemenhub”...",Hoax,TurnBackHoax
[PENIPUAN] Tautan Pendaftaran CPNS Kemenhub,Hoax,TurnBackHoax
"[SALAH] Iran Pamerkan Rudal Terbesar di Dunia
Faktanya video yang menampilkan Iran pamerkan...",Hoax,TurnBackHoax
[SALAH] Iran Pamerkan Rudal Terbesar di Dunia,Hoax,TurnBackHoax
"[SALAH] Jepang Blacklist Pekerja Indonesia
Unggahan dengan narasi “Jepang Blacklist Pekerja...",Hoax,TurnBackHoax
[SALAH] Jepang Blacklist Pekerja Indonesia,Hoax,TurnBackHoax
"[PENIPUAN] Tautan ”Pendaftaran Bantuan Subsidi Upah”
Unggahan berisi tautan “pendaftaran bantuan subsidi...",Hoax,TurnBackHoax
[PENIPUAN] Tautan ”Pendaftaran Bantuan Subsidi Upah”,Hoax,TurnBackHoax
"[PENIPUAN] Video “Prabowo Resmikan Pinjol Tanpa Bunga”
Unggahan video berisi klaim “Prabowo resmikan...",Hoax,TurnBackHoax
[PENIPUAN] Video “Prabowo Resmikan Pinjol Tanpa Bunga”,Hoax,TurnBackHoax
"[PENIPUAN] Program “Bantuan Puluhan Juta Rupiah” dari...
Unggahan video disertai klaim “program bantuan...",Hoax,TurnBackHoax
[PENIPUAN] Program “Bantuan Puluhan Juta Rupiah” dari...,Hoax,TurnBackHoax
"[PENIPUAN] Pendaftaran Loker Mayora Group Lewat Google...
Unggahan berisi klaim “pendaftaran lowongan kerja...",Hoax,TurnBackHoax
[PENIPUAN] Pendaftaran Loker Mayora Group Lewat Google...,Hoax,TurnBackHoax
"[SALAH] Junta Myanmar Ingin Memerangi Indonesia
Unggahan berisi klaim “Junta Myanmar ingin...",Hoax,TurnBackHoax
[SALAH] Junta Myanmar Ingin Memerangi Indonesia,Hoax,TurnBackHoax
"[SALAH] Ada Insiden Kebocoran Nuklir di Cinere
Informasi “adanya insiden kebocoran nuklir di...",Hoax,TurnBackHoax
[SALAH] Ada Insiden Kebocoran Nuklir di Cinere,Hoax,TurnBackHoax
"[SALAH] Putin Kirim Ribuan Pasukan sebagai Fasilitas...
Unggahan berisi klaim “Putin kirim ribuan...",Hoax,TurnBackHoax
[SALAH] Putin Kirim Ribuan Pasukan sebagai Fasilitas...,Hoax,TurnBackHoax
"[SALAH] Narasi “Putin Bakal Bantu Indonesia Jika...
Unggahan video berisi klaim “pernyataan Putin...",Hoax,TurnBackHoax
[SALAH] Narasi “Putin Bakal Bantu Indonesia Jika...,Hoax,TurnBackHoax
"[SALAH] Jokowi Meninggal Dunia
Informasi “Jokowi Meninggal Dunia” merupakan konten...",Hoax,TurnBackHoax
[SALAH] Jokowi Meninggal Dunia,Hoax,TurnBackHoax
"[SALAH] Obama Tolak Amerika Ikut Campur Perang...
Unggahan berisi klaim “Obama tolak Amerika...",Hoax,TurnBackHoax
[SALAH] Obama Tolak Amerika Ikut Campur Perang...,Hoax,TurnBackHoax
"[SALAH] Prabowo Menyatakan SIM Berlaku Seumur Hidup
Unggahan berisi klaim “Prabowo menyatakan SIM...",Hoax,TurnBackHoax
[SALAH] Prabowo Menyatakan SIM Berlaku Seumur Hidup,Hoax,TurnBackHoax
"[SALAH] Wanita Asal Padang Jadi Presiden Singapura
Unggahan video berisi klaim “wanita asal...",Hoax,TurnBackHoax
[SALAH] Wanita Asal Padang Jadi Presiden Singapura,Hoax,TurnBackHoax
"[PENIPUAN] Buya Yahya Bagi-Bagi Uang
Unggahan video berisi klaim “Buya Yahya...",Hoax,TurnBackHoax
[PENIPUAN] Buya Yahya Bagi-Bagi Uang,Hoax,TurnBackHoax
"[SALAH] Jepang Membentuk Pusat Komando Imbas Ulah...
Unggahan berisi klaim “Jepang membentuk pusat...",Hoax,TurnBackHoax
[SALAH] Jepang Membentuk Pusat Komando Imbas Ulah...,Hoax,TurnBackHoax
"[PENIPUAN] Tautan Pendaftaran Lowongan Kerja Superindo
Unggahan berisi tautan “lowongan kerja Superindo”...",Hoax,TurnBackHoax
[PENIPUAN] Tautan Pendaftaran Lowongan Kerja Superindo,Hoax,TurnBackHoax
"[SALAH] Video “Kendaraan Tempur Indonesia untuk Persiapan...
Unggahan video berisi klaim “kendaraan tempur...",Hoax,TurnBackHoax
[SALAH] Video “Kendaraan Tempur Indonesia untuk Persiapan...,Hoax,TurnBackHoax
"[SALAH] Rusia Bantu Iran, Nyatakan Perang terhadap...
Unggahan berisi klaim “Rusia bantu Iran,...",Hoax,TurnBackHoax
"[SALAH] Rusia Bantu Iran, Nyatakan Perang terhadap...",Hoax,TurnBackHoax
"[SALAH] FIFA Beri Sanksi ke Malaysia karena...
Unggahan berisi klaim “FIFA berikan sanksi...",Hoax,TurnBackHoax
[SALAH] FIFA Beri Sanksi ke Malaysia karena...,Hoax,TurnBackHoax
"[SALAH] Potret “Penemuan Baju dan Peralatan Tentara”
Unggahan dengan narasi “Potret “Penemuan Baju...",Hoax,TurnBackHoax
[SALAH] Potret “Penemuan Baju dan Peralatan Tentara”,Hoax,TurnBackHoax
"[SALAH] Video Hukuman Bagi Koruptor di Korea...
Video itu merupakan hasil manipulasi. Video...",Hoax,TurnBackHoax
[SALAH] Video Hukuman Bagi Koruptor di Korea...,Hoax,TurnBackHoax
"[SALAH] Mantan PM Malaysia Dr Mahathir Mohamad...
Faktanya, mantan Perdana Menteri Malaysia, Mahathir...",Hoax,TurnBackHoax
[SALAH] Mantan PM Malaysia Dr Mahathir Mohamad...,Hoax,TurnBackHoax
"[SALAH] Klaim Video Peluncuran Rudal Hipersonik
Unggahan tersebut masuk ke kategori konten...",Hoax,TurnBackHoax
[SALAH] Klaim Video Peluncuran Rudal Hipersonik,Hoax,TurnBackHoax
"[SALAH] Artis Randy Pangalila Meninggal Dunia pada...
Unggahan foto berisi klaim “artis Randy...",Hoax,TurnBackHoax
[SALAH] Artis Randy Pangalila Meninggal Dunia pada...,Hoax,TurnBackHoax
"[PENIPUAN] Maia Estianty Berbagi Uang
Unggahan berisi klaim “Maia Estianty berbagi...",Hoax,TurnBackHoax
[PENIPUAN] Maia Estianty Berbagi Uang,Hoax,TurnBackHoax
"[SALAH] Konten Kreator ""FB Pro"" Mengalami Kecelakaan...
Unggahan berisi klaim “konten kreator FB...",Hoax,TurnBackHoax
"[SALAH] Konten Kreator ""FB Pro"" Mengalami Kecelakaan...",Hoax,TurnBackHoax
"[PENIPUAN] Tautan Pendaftaran Lowongan Kerja Bappenas
Unggahan berisi tautan “pendaftaran lowongan kerja...",Hoax,TurnBackHoax
[PENIPUAN] Tautan Pendaftaran Lowongan Kerja Bappenas,Hoax,TurnBackHoax
"[SALAH] Video “Petinggi Israel Adu Mulut Usai...
Unggahan video berisi klaim “petinggi Israel...",Hoax,TurnBackHoax
[SALAH] Video “Petinggi Israel Adu Mulut Usai...,Hoax,TurnBackHoax
"[SALAH] Fenomena Aphelion Penyebab Cuaca Dingin di...
Unggahan berisi narasi “Fenomena Aphelion Penyebab...",Hoax,TurnBackHoax
[SALAH] Fenomena Aphelion Penyebab Cuaca Dingin di...,Hoax,TurnBackHoax
"[SALAH] Video “Iran Luncurkan Rudal Fattah ke...
Unggahan video berisi klaim “Iran luncurkan...",Hoax,TurnBackHoax
[SALAH] Video “Iran Luncurkan Rudal Fattah ke...,Hoax,TurnBackHoax
"[SALAH] Video “Obama Umumkan Diri sebagai Capres...
Unggahan video berisi klaim “Obama mengumumkan...",Hoax,TurnBackHoax
[SALAH] Video “Obama Umumkan Diri sebagai Capres...,Hoax,TurnBackHoax
"[SALAH] Video Buaya Masuk Rumah saat Banjir...
Unggahan berisi narasi “Video Buaya Masuk...",Hoax,TurnBackHoax
[SALAH] Video Buaya Masuk Rumah saat Banjir...,Hoax,TurnBackHoax
"[SALAH] Pesawat Tempur Israel Jatuh di Tanjung...
Faktanya gambar pesawat tempur Israel tersebut...",Hoax,TurnBackHoax
[SALAH] Pesawat Tempur Israel Jatuh di Tanjung...,Hoax,TurnBackHoax
"[SALAH] Detik-detik Langit Israel Memerah
Unggahan tersebut masuk ke kategori konten...",Hoax,TurnBackHoax
[SALAH] Detik-detik Langit Israel Memerah,Hoax,TurnBackHoax
"[SALAH] Prabowo Utus Gibran ke Pedalaman Papua...
Unggahan berisi narasi “Prabowo utus Gibran...",Hoax,TurnBackHoax
[SALAH] Prabowo Utus Gibran ke Pedalaman Papua...,Hoax,TurnBackHoax
"[SALAH] Potret “Prabowo dan Perwakilan Belanda Bahas...
Unggahan berisi narasi “Prabowo dan perwakilan...",Hoax,TurnBackHoax
[SALAH] Potret “Prabowo dan Perwakilan Belanda Bahas...,Hoax,TurnBackHoax
"[SALAH] Video “Ucapan Terima Kasih Tentara Israel...
Unggahan video berisi klaim “ucapan terima...",Hoax,TurnBackHoax
[SALAH] Video “Ucapan Terima Kasih Tentara Israel...,Hoax,TurnBackHoax
"[PENIPUAN] Pendaftaran Bantuan “Indonesia Peduli Bersama” untuk...
Unggahan berisi klaim “bantuan Indonesia Peduli...",Hoax,TurnBackHoax
[PENIPUAN] Pendaftaran Bantuan “Indonesia Peduli Bersama” untuk...,Hoax,TurnBackHoax
"[PENIPUAN] Tautan Pendaftaran Lowongan Kerja Pelita Air
Unggahan berisi tautan “lowongan kerja Pelita...",Hoax,TurnBackHoax
[PENIPUAN] Tautan Pendaftaran Lowongan Kerja Pelita Air,Hoax,TurnBackHoax
"[SALAH] Jokowi Kritis Masuk Rumah Sakit
Unggahan dengan narasi “Jokowi Kritis Masuk...",Hoax,TurnBackHoax
[SALAH] Jokowi Kritis Masuk Rumah Sakit,Hoax,TurnBackHoax
"[SALAH] Bambu Petuk di Cianjur Mengeluarkan Air...
Unggahan berisi klaim “bambu petuk di...",Hoax,TurnBackHoax
[SALAH] Bambu Petuk di Cianjur Mengeluarkan Air...,Hoax,TurnBackHoax
"[SALAH] Video “Rusia Serang AS karena AS...
Unggahan video berisi klaim “Rusia serang...",Hoax,TurnBackHoax
[SALAH] Video “Rusia Serang AS karena AS...,Hoax,TurnBackHoax
"[PENIPUAN] Tautan Cek Status Penerima “Bantuan Subsidi...
Unggahan berisi tautan “pengecekan status penerima...",Hoax,TurnBackHoax
[PENIPUAN] Tautan Cek Status Penerima “Bantuan Subsidi...,Hoax,TurnBackHoax
"[SALAH] Indonesia Menyatakan Perang Lawan Myanmar
Unggahan berisi klaim “Indonesia menyatakan perang...",Hoax,TurnBackHoax
[SALAH] Indonesia Menyatakan Perang Lawan Myanmar,Hoax,TurnBackHoax
"[SALAH] Lombok Jadi Target Utama Israel
Unggahan berisi klaim “Lombok menjadi target...",Hoax,TurnBackHoax
[SALAH] Lombok Jadi Target Utama Israel,Hoax,TurnBackHoax
"[SALAH] Video “Pesan Militer Iran untuk Rakyat...
Unggahan video berisi klaim “pesan militer...",Hoax,TurnBackHoax
[SALAH] Video “Pesan Militer Iran untuk Rakyat...,Hoax,TurnBackHoax
"[SALAH] PM Israel Sebut Perang Israel dan...
Unggahan berisi klaim “Perdana Menteri Israel...",Hoax,TurnBackHoax
[SALAH] PM Israel Sebut Perang Israel dan...,Hoax,TurnBackHoax
"[SALAH] Ratusan Kapal Perang Cina Tiba di...
Unggahan berisi klaim “ratusan kapal perang...",Hoax,TurnBackHoax
[SALAH] Ratusan Kapal Perang Cina Tiba di...,Hoax,TurnBackHoax
"[SALAH] Tubuh Mantan Presiden Israel, Ariel Sharoon...
Video “tubuh mantan presiden Israel, Ariel...",Hoax,TurnBackHoax
"[SALAH] Tubuh Mantan Presiden Israel, Ariel Sharoon...",Hoax,TurnBackHoax
"[SALAH] Prabowo Resmi Izinkan Rusia Bangun Pangkalan...
Unggahan berisi klaim “Prabowo izinkan Rusia...",Hoax,TurnBackHoax
[SALAH] Prabowo Resmi Izinkan Rusia Bangun Pangkalan...,Hoax,TurnBackHoax
"[PENIPUAN] Tautan Pendaftaran Bantuan Program Indonesia Pintar...
Unggahan berisi tautan “pendaftaran bantuan PIP”...",Hoax,TurnBackHoax
[PENIPUAN] Tautan Pendaftaran Bantuan Program Indonesia Pintar...,Hoax,TurnBackHoax
"[PENIPUAN] Tautan Lowongan Kerja PP Presisi
Unggahan berisi tautan “lowongan kerja PP...",Hoax,TurnBackHoax
[PENIPUAN] Tautan Lowongan Kerja PP Presisi,Hoax,TurnBackHoax
"[SALAH] Indonesia Jadi Tuan Rumah Ronde 4...
Unggahan berisi klaim “Indonesia jadi tuan...",Hoax,TurnBackHoax
[SALAH] Indonesia Jadi Tuan Rumah Ronde 4...,Hoax,TurnBackHoax
"[SALAH] TNI Berhasil Rebut Pos Militer Israel...
Unggahan berisi klaim “TNI merebut pos...",Hoax,TurnBackHoax
[SALAH] TNI Berhasil Rebut Pos Militer Israel...,Hoax,TurnBackHoax
"[SALAH] Toyota Rilis Mobil Tenaga Air
Unggahan berisi klaim “Toyota meluncurkan mobil...",Hoax,TurnBackHoax
[SALAH] Toyota Rilis Mobil Tenaga Air,Hoax,TurnBackHoax
"[PENIPUAN] Video Dedi Mulyadi Mempromosikan Pinjol
Unggahan berisi klaim “Dedi Mulyadi mempromosikan...",Hoax,TurnBackHoax
[PENIPUAN] Video Dedi Mulyadi Mempromosikan Pinjol,Hoax,TurnBackHoax
"[PENIPUAN] Bantuan Modal Usaha dari Qatar Charity...
Unggahan berisi narasi “program bantuan modal...",Hoax,TurnBackHoax
[PENIPUAN] Bantuan Modal Usaha dari Qatar Charity...,Hoax,TurnBackHoax
"[SALAH] Dokumentasi “Kemarahan Obama karena Trump Ikut...
Unggahan berisi narasi “kemarahan Obama karena...",Hoax,TurnBackHoax
[SALAH] Dokumentasi “Kemarahan Obama karena Trump Ikut...,Hoax,TurnBackHoax
"[SALAH] Warga Papua Rayakan Kedatangan Imigran Israel
Unggahan berisi klaim “warga Papua rayakan...",Hoax,TurnBackHoax
[SALAH] Warga Papua Rayakan Kedatangan Imigran Israel,Hoax,TurnBackHoax
"[SALAH] Kiriman Rudal dari Iran ke Tel...
Unggahan tersebut masuk ke kategori konten...",Hoax,TurnBackHoax
[SALAH] Kiriman Rudal dari Iran ke Tel...,Hoax,TurnBackHoax
"[SALAH] Pesawat Bantuan China Untuk Gaza Lewat...
Unggahan berisi narasi “Pesawat Bantuan China...",Hoax,TurnBackHoax
[SALAH] Pesawat Bantuan China Untuk Gaza Lewat...,Hoax,TurnBackHoax
"[SALAH] Serangan Amerika Serikat terhadap Situs Nuklir...
Unggahan tersebut masuk ke kategori konten...",Hoax,TurnBackHoax
[SALAH] Serangan Amerika Serikat terhadap Situs Nuklir...,Hoax,TurnBackHoax
"[SALAH] FIFA Putuskan Jepang Jadi Tuan Rumah...
Informasi “FIFA putuskan Jepang jadi tuan...",Hoax,TurnBackHoax
[SALAH] FIFA Putuskan Jepang Jadi Tuan Rumah...,Hoax,TurnBackHoax
"[SALAH] Indro Warkop menegur keras Rocky Gerung...
Klaim Indro Warkop menegur keras Rocky...",Hoax,TurnBackHoax
[SALAH] Indro Warkop menegur keras Rocky Gerung...,Hoax,TurnBackHoax
"[SALAH] Prabowo Memperbolehkan Aceh Mengibarkan Bendera Bulan...
Klaim “Prabowo memperbolehkan Aceh mengibarkan bendera...",Hoax,TurnBackHoax
[SALAH] Prabowo Memperbolehkan Aceh Mengibarkan Bendera Bulan...,Hoax,TurnBackHoax
"[SALAH] India Mengancam Indonesia Agar Tidak Ikut...
Unggahan dengan klaim “India mengancam Indonesia...",Hoax,TurnBackHoax
[SALAH] India Mengancam Indonesia Agar Tidak Ikut...,Hoax,TurnBackHoax
"[SALAH] Jerman Lancarkan Serangan ke Israel
Unggahan video berisi klaim “Jerman melancarkan...",Hoax,TurnBackHoax
[SALAH] Jerman Lancarkan Serangan ke Israel,Hoax,TurnBackHoax
"[SALAH] FIFA Blacklist Iran dan Tunjuk Indonesia...
Kesimpulan Sampai saat ini, Iran masih...",Hoax,TurnBackHoax
[SALAH] FIFA Blacklist Iran dan Tunjuk Indonesia...,Hoax,TurnBackHoax
"[SALAH] Amerika Kirim Pesawat Pembom ke Israel
Unggahan berisi narasi “Amerika Kirim Pesawat...",Hoax,TurnBackHoax
[SALAH] Amerika Kirim Pesawat Pembom ke Israel,Hoax,TurnBackHoax
"[SALAH] Kebakaran di Tel Aviv karena Bombardir...
Unggahan tersebut masuk ke kategori konten...",Hoax,TurnBackHoax
[SALAH] Kebakaran di Tel Aviv karena Bombardir...,Hoax,TurnBackHoax
"[SALAH] Juni 2025, Pangeran Arab Al Waleed...
Pria dalam video itu adalah pembalap...",Hoax,TurnBackHoax
"[SALAH] Juni 2025, Pangeran Arab Al Waleed...",Hoax,TurnBackHoax
"[SALAH] Kapal Tanker Terbakar karena Iran Melarang...
Unggahan tersebut masuk ke kategori konten...",Hoax,TurnBackHoax
[SALAH] Kapal Tanker Terbakar karena Iran Melarang...,Hoax,TurnBackHoax
"[SALAH] Megawati Menjerit karena Skandal Korupsi Indosat...
Unggahan berisi klaim “Megawati menjerit karena...",Hoax,TurnBackHoax
[SALAH] Megawati Menjerit karena Skandal Korupsi Indosat...,Hoax,TurnBackHoax
"[SALAH] Kaisar Jepang Sepakat Kirim Pesawat Militer...
Faktanya, pesawat dalam video tersebut adalah...",Hoax,TurnBackHoax
[SALAH] Kaisar Jepang Sepakat Kirim Pesawat Militer...,Hoax,TurnBackHoax
"[SALAH] Kabut di Jabodetabek Adalah Rekayasa agar...
Unggahan berisi klaim “kabut di Jabodetabek...",Hoax,TurnBackHoax
[SALAH] Kabut di Jabodetabek Adalah Rekayasa agar...,Hoax,TurnBackHoax
"[SALAH] Wali Kota Boston Keturunan Indonesia
Unggahan berisi klaim “Wali Kota Boston...",Hoax,TurnBackHoax
[SALAH] Wali Kota Boston Keturunan Indonesia,Hoax,TurnBackHoax
"[SALAH] Video Ibu Kota Israel Tel Aviv...
Unggahan tersebut masuk ke kategori konten...",Hoax,TurnBackHoax
[SALAH] Video Ibu Kota Israel Tel Aviv...,Hoax,TurnBackHoax
"[SALAH] Video “Warga Israel Mengungsi”
Video “warga Israel mengungsi” merupakan konten...",Hoax,TurnBackHoax
[SALAH] Video “Warga Israel Mengungsi”,Hoax,TurnBackHoax
"[SALAH] Tom Lembong Dibebaskan Tanpa Syarat
Video “Tom Lembong dibebaskan pada 30...",Hoax,TurnBackHoax
[SALAH] Tom Lembong Dibebaskan Tanpa Syarat,Hoax,TurnBackHoax
"[SALAH] Kemenkes Luncurkan Tag ""Telinga Inovativ""
Informasi “Kemenkes luncurkan tag telinga inovatif”...",Hoax,TurnBackHoax
"[SALAH] Kemenkes Luncurkan Tag ""Telinga Inovativ""",Hoax,TurnBackHoax
"[SALAH] Pengeboman Israel di Sekitar Persembunyian Pemimpin...
Unggahan tersebut masuk ke kategori konten...",Hoax,TurnBackHoax
[SALAH] Pengeboman Israel di Sekitar Persembunyian Pemimpin...,Hoax,TurnBackHoax
"[SALAH] Mulai 2026 Tanah Tanpa Sertifikat Akan...
Informasi “tanah tanpa sertifikat akan diambil...",Hoax,TurnBackHoax
[SALAH] Mulai 2026 Tanah Tanpa Sertifikat Akan...,Hoax,TurnBackHoax
"[SALAH] Shin Tae-yong Kembali ke PSSI
Informasi “Shin Tae-yong kembali ke PSSI”...",Hoax,TurnBackHoax
[SALAH] Shin Tae-yong Kembali ke PSSI,Hoax,TurnBackHoax
"[SALAH] Kades di Garut Beli Jet Pribadi...
Informasi “kades di Garut membeli jet...",Hoax,TurnBackHoax
[SALAH] Kades di Garut Beli Jet Pribadi...,Hoax,TurnBackHoax
"[SALAH] Video “Uji Coba Nuklir Iran Sebabkan...
Unggahan video berisi klaim “uji coba...",Hoax,TurnBackHoax
[SALAH] Video “Uji Coba Nuklir Iran Sebabkan...,Hoax,TurnBackHoax
"[SALAH] Video “Serangan Iran ke Gedung Parlemen...
Unggahan video berisi klaim “serangan Iran...",Hoax,TurnBackHoax
[SALAH] Video “Serangan Iran ke Gedung Parlemen...,Hoax,TurnBackHoax
"[SALAH] Tangkapan Layar Post Gelora.co dengan Foto...
Unggahan tersebut masuk ke kategori konten...",Hoax,TurnBackHoax
[SALAH] Tangkapan Layar Post Gelora.co dengan Foto...,Hoax,TurnBackHoax
"[SALAH] Potret “Tenda Pengungsian Masyarakat Israel di...
Unggahan foto berisi klaim “tenda pengungsian...",Hoax,TurnBackHoax
[SALAH] Potret “Tenda Pengungsian Masyarakat Israel di...,Hoax,TurnBackHoax
"[SALAH] Pilot Israel Melarikan Diri dari Pangkalan...
Unggahan tersebut masuk ke kategori konten...",Hoax,TurnBackHoax
[SALAH] Pilot Israel Melarikan Diri dari Pangkalan...,Hoax,TurnBackHoax
"[SALAH] Prabowo Tegaskan Indonesia Siap Terlibat Perang
Dalam video aslinya Prabowo menyampaikan bahwa...",Hoax,TurnBackHoax
[SALAH] Prabowo Tegaskan Indonesia Siap Terlibat Perang,Hoax,TurnBackHoax
"[SALAH] Tangkapan Layar Artikel MUI Mendukung Serangan...
Unggahan tersebut masuk ke kategori konten...",Hoax,TurnBackHoax
[SALAH] Tangkapan Layar Artikel MUI Mendukung Serangan...,Hoax,TurnBackHoax
"[SALAH] Syarat Beli Rumah Subsidi: Punya Gaji...
Unggahan berisi klaim “syarat beli rumah...",Hoax,TurnBackHoax
[SALAH] Syarat Beli Rumah Subsidi: Punya Gaji...,Hoax,TurnBackHoax
"[SALAH] Rudal Indonesia Siap Dikirim ke Iran
Unggahan berisi klaim “Indonesia akan mengirim...",Hoax,TurnBackHoax
[SALAH] Rudal Indonesia Siap Dikirim ke Iran,Hoax,TurnBackHoax
"[SALAH] Kim Jong Un Nyatakan Siap Perang...
Unggahan dengan narasi “Kim Jong Un...",Hoax,TurnBackHoax
[SALAH] Kim Jong Un Nyatakan Siap Perang...,Hoax,TurnBackHoax
"[PENIPUAN] Tautan “Pendaftaran BSU Karyawan dan Guru...
Unggahan berisi tautan “pendaftaran BSU karyawan...",Hoax,TurnBackHoax
[PENIPUAN] Tautan “Pendaftaran BSU Karyawan dan Guru...,Hoax,TurnBackHoax
"[SALAH] Mayoritas Pasien Kanker Paru-paru Wanita Disebabkan...
Unggahan berisi klaim “mayoritas pasien kanker...",Hoax,TurnBackHoax
[SALAH] Mayoritas Pasien Kanker Paru-paru Wanita Disebabkan...,Hoax,TurnBackHoax
"[PENIPUAN] Tautan “Pendaftaran Koperasi Pinjaman, Tanpa Bunga”
Unggahan berisi tautan “pendaftaran koperasi pinjaman...",Hoax,TurnBackHoax
"[PENIPUAN] Tautan “Pendaftaran Koperasi Pinjaman, Tanpa Bunga”",Hoax,TurnBackHoax
"[PENIPUAN] Tautan Rekrutmen Tenaga Kesehatan Nusantara Sehat
Unggahan berisi klaim “rekrutmen tenaga kesehatan...",Hoax,TurnBackHoax
[PENIPUAN] Tautan Rekrutmen Tenaga Kesehatan Nusantara Sehat,Hoax,TurnBackHoax
"[PENIPUAN] Tautan Rekrutmen Petronas Indonesia
Unggahan berisi narasi “rekrutmen Petronas Indonesia”...",Hoax,TurnBackHoax
[PENIPUAN] Tautan Rekrutmen Petronas Indonesia,Hoax,TurnBackHoax
"[SALAH] Petani Thailand Ubah Sawah Jadi Lukisan...
Unggahan dengan narasi “Petani Thailand Ubah...",Hoax,TurnBackHoax
[SALAH] Petani Thailand Ubah Sawah Jadi Lukisan...,Hoax,TurnBackHoax
"[SALAH] Mendagri Sebut 100 Pulau Akan Dijual
Unggahan berisi narasi “Mendagri Sebut 100...",Hoax,TurnBackHoax
[SALAH] Mendagri Sebut 100 Pulau Akan Dijual,Hoax,TurnBackHoax
"[SALAH] Resmi militer China dan Pakistan Mengirim...
Unggahan dengan narasi “Resmi militer China...",Hoax,TurnBackHoax
[SALAH] Resmi militer China dan Pakistan Mengirim...,Hoax,TurnBackHoax
"[SALAH] Mike Tyson Salat Ashar di Sebuah...
Unggahan berisi narasi “Mike Tyson salat...",Hoax,TurnBackHoax
[SALAH] Mike Tyson Salat Ashar di Sebuah...,Hoax,TurnBackHoax
"[SALAH] Pengadilan Internasional Perintahkan Tangkap Jokowi karena...
Unggahan berisi klaim “pengadilan internasional perintahkan...",Hoax,TurnBackHoax
[SALAH] Pengadilan Internasional Perintahkan Tangkap Jokowi karena...,Hoax,TurnBackHoax
"[PENIPUAN] Tautan Pendaftaran Loker Bidang Pertanian di...
Unggahan berisi tautan “pendaftaran loker perusahaan...",Hoax,TurnBackHoax
[PENIPUAN] Tautan Pendaftaran Loker Bidang Pertanian di...,Hoax,TurnBackHoax
"[SALAH] Judul Artikel Detik ""Polri Bukan Lagi...
Informasi tersebut merupakan konten tiruan (impostor...",Hoax,TurnBackHoax
"[SALAH] Judul Artikel Detik ""Polri Bukan Lagi...",Hoax,TurnBackHoax
"[SALAH] Prabowo Umumkan Hukuman Mati bagi Koruptor...
Unggahan dengan narasi “Prabowo Umumkan Hukuman...",Hoax,TurnBackHoax
[SALAH] Prabowo Umumkan Hukuman Mati bagi Koruptor...,Hoax,TurnBackHoax
"[SALAH] Kecelakaan di Tol Jogja-Solo, Evakuasi dengan...
Unggahan dengan narasi “Kecelakaan di Tol...",Hoax,TurnBackHoax
"[SALAH] Kecelakaan di Tol Jogja-Solo, Evakuasi dengan...",Hoax,TurnBackHoax
"[SALAH] Tel Aviv Terbakar Akibat Serangan Rudal
Unggahan video disertai klaim “Tel Aviv...",Hoax,TurnBackHoax
[SALAH] Tel Aviv Terbakar Akibat Serangan Rudal,Hoax,TurnBackHoax
"[SALAH] Agen Mossad yang Tertangkap Akan Diikat...
Unggahan berisi klaim “agen Mossad yang...",Hoax,TurnBackHoax
[SALAH] Agen Mossad yang Tertangkap Akan Diikat...,Hoax,TurnBackHoax
"[SALAH] Indonesia Akan Turun Salju Pada 2026
Unggahan dengan narasi “Indonesia Akan Turun...",Hoax,TurnBackHoax
[SALAH] Indonesia Akan Turun Salju Pada 2026,Hoax,TurnBackHoax
"[SALAH] Prabowo Tiba di Singapura Perintahkan Tangkap...
Unggahan dengan narasi “Prabowo Tiba di...",Hoax,TurnBackHoax
[SALAH] Prabowo Tiba di Singapura Perintahkan Tangkap...,Hoax,TurnBackHoax
"[SALAH] PM Israel Netanyahu Melarikan Diri Ke...
Video “PM Israel Netanyahu melarikan diri...",Hoax,TurnBackHoax
[SALAH] PM Israel Netanyahu Melarikan Diri Ke...,Hoax,TurnBackHoax
"[SALAH] Video Prabowo dan SBY Turun Tangan...
Unggahan berisi klaim “Prabowo dan SBY...",Hoax,TurnBackHoax
[SALAH] Video Prabowo dan SBY Turun Tangan...,Hoax,TurnBackHoax
"[SALAH] Foto “Najwa Shihab Diamankan Pihak Berwajib”
Unggahan foto berisi klaim “Najwa Shihab...",Hoax,TurnBackHoax
[SALAH] Foto “Najwa Shihab Diamankan Pihak Berwajib”,Hoax,TurnBackHoax
