Teks Berita,Label,Sumber
Mengintip Potensi Ekonomi Nelayan di Balik PLTS Pulau Sembur,Fakta,Liputan6 Nasional (2026-09-21)
"Wamendagri Ribka Haluk Dorong NTT Berinovasi, Sektor Ini Jadi Sorotan",Fakta,Liputan6 Nasional (2026-09-21)
Wamendagri Bima Arya Bicara Kunci Atasi Konflik Kebebasan Beragama,Fakta,Liputan6 Nasional (2026-09-21)
Pemerintah Ungkap Alasan Penempatan Manajer Kopdes Tak Bisa Asal Cepat,Fakta,Liputan6 Nasional (2026-09-21)
Di Balik Pencarian 5 Jurnalis Hilang di Selat Sunda,Fakta,Liputan6 Nasional (2026-09-21)
OTT Bupati Bolmut Diduga Terkait Korupsi Proyek Jalan,Fakta,Liputan6 Nasional (2026-09-21)
Uang Ratusan Juta Disita Saat OTT Bupati Bolmut,Fakta,Liputan6 Nasional (2026-09-21)
"Ditangkap di Jakarta, Bupati Bolmut Diduga Terlibat Suap Proyek",Fakta,Liputan6 Nasional (2026-09-21)
Seniman Den Baguse Ngarso Berpulang,Fakta,Liputan6 Nasional (2026-09-21)
"Sosok Den Baguse Ngarso, Seniman Jogja dan Pendiri Teater Gandrik",Fakta,Liputan6 Nasional (2026-09-21)
KPK OTT Bupati Bolaang Mongondow Utara Sirajudin Lasena,Fakta,Liputan6 Nasional (2026-09-21)
Kronologi Bus Tabrak Truk hingga Terguling di Tol Cipali KM 176,Fakta,Liputan6 Nasional (2026-09-21)
KPK Periksa Perdana Fahd Arafiq dan Eks Bupati Kebumen,Fakta,Liputan6 Nasional (2026-09-21)
Kecelakaan Bus Tabrak Truk di Tol Cipali KM 176 Arah Jakarta,Fakta,Liputan6 Nasional (2026-09-21)
PDIP: Ambang Batas Parlemen Ideal di Kisaran 4 sampai 7 Persen,Fakta,Liputan6 Nasional (2026-09-21)
"Lembaga Reforma Agraria Tetap Dibentuk, Nama Tunggu Presiden",Fakta,Liputan6 Nasional (2026-09-21)
Puan Optimistis Medali Indonesia Terus Bertambah di Asian Games,Fakta,Liputan6 Nasional (2026-09-21)
PAN Dukung Capres-Cawapres Minimal Diusung Dua Partai,Fakta,Liputan6 Nasional (2026-09-21)
"Usut Suap HGB Summarecon, KPK Kantongi Petunjuk Aliran Uang Dirjen BPN",Fakta,Liputan6 Nasional (2026-09-21)
KPK Sita Mercy Milik Anggota DPRD Kota Bengkulu,Fakta,Liputan6 Nasional (2026-09-21)
"Gelar Doa Bersama, Dewan Pers Anggap 5 Jurnalis Hilang sebagai Pahlawan Pers",Fakta,Liputan6 Nasional (2026-09-21)
Kronologi Mobil BYD Tabrak dan Seret Sopir Taksi di Tol Tomang Jakarta,Fakta,Liputan6 Nasional (2026-09-21)
Baleg DPR dan Pemerintah Sepakati RUU Reforma Agraria ke Paripurna,Fakta,Liputan6 Nasional (2026-09-21)
Pemkab Jember Intervensi Hunian Tak Layak Lansia Sebatang Kara di Arjasa,Fakta,Liputan6 Nasional (2026-09-21)
"Gempa Magnitudo 5,3 Guncang Pulau Puah Sulteng",Fakta,Liputan6 Nasional (2026-09-21)
Gus Fawait Pastikan Revitalisasi Pasar Tanjung Tanpa Penggusuran,Fakta,Liputan6 Nasional (2026-09-21)
Nusron Wahid Buka Suara Soal Mundur dari Kepengurusan Golkar,Fakta,Liputan6 Nasional (2026-09-21)
"Kantor Summarecon Bogor Digeledah, Ini yang Dicari KPK",Fakta,Liputan6 Nasional (2026-09-21)
Gibran Kecam Pegawai SPPG Bantul yang Ejek Siswi Korban Keracunan MBG,Fakta,Liputan6 Nasional (2026-09-21)
Kondisi Terkini Wanita yang Ditendang di Mal Jakpus,Fakta,Liputan6 Nasional (2026-09-21)
Pria Bawa Golok yang Bubarkan Ibadah GKPI Minta Maaf,Fakta,Liputan6 Nasional (2026-09-21)
Polisi Buka Peluang Periksa Kejiwaan Pria yang Tendang Wanita di Mal,Fakta,Liputan6 Nasional (2026-09-21)
Basarnas Masih Cari 123 Korban KM Virgo Tenggelam,Fakta,Liputan6 Nasional (2026-09-21)
KPK Dalami Dugaan Dana Operasional Fiktif Gubernur Papua,Fakta,Liputan6 Nasional (2026-09-21)
Polri Kerahkan 5.641 Personel Amankan FIFA ASEAN Cup 2026,Fakta,Liputan6 Nasional (2026-09-21)
Pria yang Tendang Wanita di Mal Ditahan Polda Metro Jaya,Fakta,Liputan6 Nasional (2026-09-21)
"Depan Wali Kota New York, Pramono Ungkap Cara Atasi Kemacetan",Fakta,Liputan6 Nasional (2026-09-21)
Viral Video Warga Bubarkan Ibadah Jemaat GKPI di Rajeg Tangerang,Fakta,Liputan6 Nasional (2026-09-21)
Fakta-Fakta Perempuan Ditendang hingga Terjungkal Saat Antre di Mal,Fakta,Liputan6 Nasional (2026-09-21)
Zulhas: Tak Boleh Ada Diskriminasi Pendidikan,Fakta,Liputan6 Nasional (2026-09-21)
"KRL Tangerang-Duri Terganggu, Sinyal Diduga Divandalisme",Fakta,Liputan6 Nasional (2026-09-21)
"Kasus Pria Tendang Wanita di Mal, Polisi Bantah Korban Hendak Mencuri",Fakta,Liputan6 Nasional (2026-09-21)
Kebakaran Apartemen Teluk Intan Jakut Diduga Akibat Korsleting Listrik,Fakta,Liputan6 Nasional (2026-09-21)
Misteri Penemuan Tapir di Kebun Sawit Mesuji,Fakta,Liputan6 Nasional (2026-09-21)
Kebakaran Apartemen Jakut Padam,Fakta,Liputan6 Nasional (2026-09-20)
Seskab Teddy Sebut 64 Pesawat dan 54.394 Personel Dikerahkan Tangani Kebakaran Hutan,Fakta,Liputan6 Nasional (2026-09-20)
Duduk Perkara Dugaan 340.000 Dolar Singapura Palsu,Fakta,Liputan6 Nasional (2026-09-20)
"Stasiun Juanda Sempat Padat Penumpang, Ini Penyebabnya",Fakta,Liputan6 Nasional (2026-09-20)
Muhammadiyah Tetapkan Puasa Ramadan 2027 Mulai 8 Februari,Fakta,Liputan6 Nasional (2026-09-20)
BMKG Ungkap Penyebab Jakarta Diguyur Hujan Selama Dua Hari,Fakta,Liputan6 Nasional (2026-09-20)
"Pengawasan MBG Segera Berjalan, Rp 509 Miliar Disiapkan BPOM",Fakta,Liputan6 Nasional (2026-09-20)
"Kebakaran Apartemen Teluk Intan, Asap Hitam Membubung dari Lantai 8",Fakta,Liputan6 Nasional (2026-09-20)
"Polisi Bongkar 3 Karung di Petamburan, Isinya 62,5 Kg Ganja",Fakta,Liputan6 Nasional (2026-09-20)
Sekolah di Kutai Timur Belajar Online Imbas Kebakaran Hutan,Fakta,Liputan6 Nasional (2026-09-20)
KRL Bogor Kembali Beroperasi Normal Besok,Fakta,Liputan6 Nasional (2026-09-20)
Pramono Pamer Pertumbuhan Ekonomi Jakarta di New York,Fakta,Liputan6 Nasional (2026-09-20)
Kapolri: Suatu Hari Nanti Polri Mungkin Dipimpin Polwan,Fakta,Liputan6 Nasional (2026-09-20)
Penyelam Temukan Satu Korban Meninggal di Bangkai KM Virgo,Fakta,Liputan6 Nasional (2026-09-20)
3 Mobil Kecelakaan Beruntun di Tol Dalam Kota,Fakta,Liputan6 Nasional (2026-09-20)
Anggota DPR Minta Maaf Usai Viral Video Call Saat Rapat,Fakta,Liputan6 Nasional (2026-09-20)
TNI: Tuduhan Warga Sipil di Papua Mata-mata Bentuk Teror KKB,Fakta,Liputan6 Nasional (2026-09-20)
Jakarta Jadi Tuan Rumah MTQ Nasional 2027,Fakta,Liputan6 Nasional (2026-09-20)
Kontainer Pendingin Disiagakan untuk Korban KM Virgo,Fakta,Liputan6 Nasional (2026-09-20)
"Kebakaran Gudang Plastik di Bekasi, 7 Armada Damkar Dikerahkan",Fakta,Liputan6 Nasional (2026-09-20)
Pangdam Pastikan ASN Korban Penembakan KKB Bukan Intel TNI,Fakta,Liputan6 Nasional (2026-09-20)
6 Penyelam Basarnas Masuk Bangkai KM Virgo Cari Korban,Fakta,Liputan6 Nasional (2026-09-20)
Terungkap Motif Pria Tendang Wanita di Mal Jakpus,Fakta,Liputan6 Nasional (2026-09-20)
VW Tiguan Tabrak Mazda di Tol Wiyoto Wiyono,Fakta,Liputan6 Nasional (2026-09-20)
"Menjajal Langsung The Nusantara Explorer, Kereta Wisata Bak Hotel Berbintang",Fakta,Liputan6 Nasional (2026-09-20)
"9 Korban KM Virgo Teridentifikasi, Seluruhnya Diserahkan ke Keluarga",Fakta,Liputan6 Nasional (2026-09-20)
Penjelasan Ahli Soal Kawah Anak Krakatau Mirip Telur Ceplok,Fakta,Liputan6 Nasional (2026-09-20)
"Kelola Sampah Jadi Energi, PSEL Bogor Raya 1 Kurangi Emisi 640.000 Ton",Fakta,Liputan6 Nasional (2026-09-20)
"Pasutri Korban KM Virgo Tak Punya Ahli Waris, Ini Ketentuannya",Fakta,Liputan6 Nasional (2026-09-20)
"Hari Kedelapan, 12 Penyelam Turun Cari Korban KM Virgo 8",Fakta,Liputan6 Nasional (2026-09-20)
DVI Ungkap Perkembangan Terbaru Korban KM Virgo 8,Fakta,Liputan6 Nasional (2026-09-20)
Surya Paloh: Pembahasan RUU Perampasan Aset Jangan Timbulkan Polemik,Fakta,Liputan6 Nasional (2026-09-20)
Penampakan Hiu Paus Panjang 9 Meter Mati Terdampar di Wakatobi,Fakta,Liputan6 Nasional (2026-09-20)
"Mau Transaksi Beli Senpi, Petinggi OPM Ditangkap di Yahukimo",Fakta,Liputan6 Nasional (2026-09-19)
Surya Paloh Minta RUU Pemilu Diselesaikan Tahun Ini,Fakta,Liputan6 Nasional (2026-09-19)
Surya Paloh: NasDem Siap Ambil Risiko dari PT 7 Persen,Fakta,Liputan6 Nasional (2026-09-19)
"Zulhas Usul Kuliah di PTN Gratis, Prabowo Langsung Setuju",Fakta,Liputan6 Nasional (2026-09-19)
BGN Jogja Tegur Keras Pegawai SPPG Bantul yang Olok-Olok Korban Keracunan,Fakta,Liputan6 Nasional (2026-09-19)
Kedekatan Wakil PM Malaysia dengan Indonesia: Merapi hingga Bahasa Jawa,Fakta,Liputan6 Nasional (2026-09-19)
Nusron Wahid Mundur dari Kepengurusan Golkar,Fakta,Liputan6 Nasional (2026-09-19)
Paloh Dorong Hubungan Indonesia-Malaysia Tak Sekadar Urusan 'Untung-Rugi,Fakta,Liputan6 Nasional (2026-09-19)
Alasan Polisi Rehabilitasi Selebgram Jule,Fakta,Liputan6 Nasional (2026-09-19)
Kemendagri Dorong Pemda di Maluku Perkuat Strategi Efisiensi Belanja Pegawai,Fakta,Liputan6 Nasional (2026-09-19)
Duduk Perkara Ruangan Bupati Bekasi Disegel dan Digembok Sekelompok Orang,Fakta,Liputan6 Nasional (2026-09-19)
"MRT Thamrin-Kwitang Segera Dibangun, Panjang Lintasan 1,76 Km",Fakta,Liputan6 Nasional (2026-09-19)
Polisi Buka Suara soal Dugaan Teror Wanita Ditendang di Mal Jakpus,Fakta,Liputan6 Nasional (2026-09-19)
Alasan Selebgram Jule Pakai Vape Narkoba,Fakta,Liputan6 Nasional (2026-09-19)
Prabowo: Saya Tidak Ingin Ada Orang Lapar di Indonesia,Fakta,Liputan6 Nasional (2026-09-19)
"Prabowo: Pemimpin Indonesia harus Pintar, Jangan Dibodoh-bodohi",Fakta,Liputan6 Nasional (2026-09-19)
1.200 Ton Sampah Bandung Diolah Jadi Sumber Energi,Fakta,Liputan6 Nasional (2026-09-19)
"Balap Liar di Kalimalang Dibubarkan Polisi, Empat Motor Diangkut",Fakta,Liputan6 Nasional (2026-09-19)
Polisi Kejar Remaja Konvoi Bawa Celurit di Flyover Kalibata,Fakta,Liputan6 Nasional (2026-09-19)
TNI-Polri Terus Kejar Pelaku Penembakan Sopir di Habema Papua,Fakta,Liputan6 Nasional (2026-09-19)
Momen Prabowo Teriakkan 'Free Palestine' Saat Syukuran 100 Tahun Gontor,Fakta,Liputan6 Nasional (2026-09-19)
Polisi Bentuk Satgas Antijudi Jelang Pilkades Kabupaten Bekasi,Fakta,Liputan6 Nasional (2026-09-19)
"Potong Gaji, Kader PAN Kumpulkan Rp 8 M untuk Korban Bencana",Fakta,Liputan6 Nasional (2026-09-19)
13 Persen Warga Jakarta Masih Andalkan Air Sumur,Fakta,Liputan6 Nasional (2026-09-19)
"Prabowo dan Zulhas Luncurkan PANsar Murah Nasional, Putri Zulhas: Beras dan Minyak Goreng ...",Fakta,Liputan6 Nasional (2026-09-19)
PAM Jaya Beri Kompensasi Rp 555 Juta ke 44.872 Pelanggan,Fakta,Liputan6 Nasional (2026-09-19)
Kemendagri Apresiasi Pemda Berprestasi di Sulawesi,Fakta,Liputan6 Nasional (2026-09-19)
"Prabowo Bicara Kesejahteraan Guru, Hakim, Perawat hingga Dokter",Fakta,Liputan6 Nasional (2026-09-19)
"62,5 Kg Ganja Disita di Petamburan, Dua Pria Ditangkap",Fakta,Liputan6 Nasional (2026-09-19)
"BMKG Prediksi Jakarta Hujan, Cek Waktunya",Fakta,Liputan6 Nasional (2026-09-19)
Prabowo Kutip Al-Baqarah Ayat 191 Saat Bicara soal Fitnah,Fakta,Liputan6 Nasional (2026-09-19)
Prabowo Ancam Cabut Izin Korporasi Pelaku Kebakaran Hutan,Fakta,Liputan6 Nasional (2026-09-19)
Prabowo Ingin Pendidikan SD hingga Universitas Gratis,Fakta,Liputan6 Nasional (2026-09-18)
Alasan Prabowo Lebih Suka Pidato Tanpa Teks,Fakta,Liputan6 Nasional (2026-09-18)
"HUT ke-28 PAN, Prabowo Bicara soal Kawan Seperjuangan",Fakta,Liputan6 Nasional (2026-09-18)
"Tekan Polusi, Jaksel Gencarkan Penghijauan",Fakta,Liputan6 Nasional (2026-09-18)
Petani Sawit Swadaya Dapat Dukungan Rantai Pasok Berkelanjutan,Fakta,Liputan6 Nasional (2026-09-18)
"Usai Kantor Summarecon, KPK Geledah Rumah Tersangka Kasus Suap ATR/BPN",Fakta,Liputan6 Nasional (2026-09-18)
Infografis: 10 Terowongan Kereta Terpanjang di Dunia,Fakta,Liputan6 Nasional (2026-09-18)
Mengenal Perdagangan Karbon Sebagai Sumber Ekonomi Baru,Fakta,Liputan6 Nasional (2026-09-18)
"Kriyanusa 2026, Dekranas Dorong Perajin Tembus Pasar Global",Fakta,Liputan6 Nasional (2026-09-18)
Sosok Pria Tendang Wanita di Mal Jakpus,Fakta,Liputan6 Nasional (2026-09-18)
"Geledah Kantor Summarecon, KPK Bawa Sejumlah Barang",Fakta,Liputan6 Nasional (2026-09-18)
"Jakarta Padamkan Lampu 60 Menit pada 19 September, Cek Lokasinya",Fakta,Liputan6 Nasional (2026-09-18)
Kronologi Penangkapan Pria Tendang Wanita di Mal Jakpus,Fakta,Liputan6 Nasional (2026-09-18)
Ambang Batas Parlemen Pengaruhi Kalkulasi Politik Pemilu 2029,Fakta,Liputan6 Nasional (2026-09-18)
Klaim Kubu Febrie soal Asal Usul Tanah Disita Kejagung,Fakta,Liputan6 Nasional (2026-09-18)
Peta Sikap Partai soal Wacana Kenaikan Ambang Batas Parlemen,Fakta,Liputan6 Nasional (2026-09-18)
Saksi Kasus Bea Cukai Ngamuk ke Hakim: Rumah Bapak akan Didatangi Rakyat,Fakta,Liputan6 Nasional (2026-09-18)
Polisi Geledah 9 Lokasi Dugaan Korupsi Proyek Alat Konstruksi,Fakta,Liputan6 Nasional (2026-09-18)
"Pramono Terbang ke AS, Bertemu Wali Kota New York Zohran Mamdani",Fakta,Liputan6 Nasional (2026-09-18)
Nusron Wahid Respons Kasus Suap di Kementerian ATR/BPN,Fakta,Liputan6 Nasional (2026-09-18)
"Setelah Kementerian ATR/BPN, KPK Geledah Kantor Summarecon",Fakta,Liputan6 Nasional (2026-09-18)
Pria Tendang Wanita di Mal Jakpus Ditangkap,Fakta,Liputan6 Nasional (2026-09-18)
"Bebizie Kembalikan Uang Terkait Gratifikasi Batu Bara, Segini Nilainya",Fakta,Liputan6 Nasional (2026-09-18)
Kabar Terbaru Kasus Pelecehan Anak di Palmerah Setelah 4 Bulan Tanpa Tersangka,Fakta,Liputan6 Nasional (2026-09-18)
Febrie Jawab Tudingan Punya Usaha Tambang hingga Minta Proyek ke Pemerintah,Fakta,Liputan6 Nasional (2026-09-18)
"Botol Miras hingga Pungli di Kalijodo, Satpol PP dan Warga Perketat Pengawasan",Fakta,Liputan6 Nasional (2026-09-18)
"3 Anggota DPRD Tersangka Kasus Dokter Icha Dilaporkan ke DPP, Desak Dicopot",Fakta,Liputan6 Nasional (2026-09-18)
"Febrie Adriansyah: Semua Perkara Besar Kita Ambil, tapi Kita yang Digergaji",Fakta,Liputan6 Nasional (2026-09-18)
"Pelimpahan Tahap II, Eks Jampidsus Segera Disidang Kasus TPPU",Fakta,Liputan6 Nasional (2026-09-18)
Tabur Bunga dan Penghormatan Terakhir Keluarga untuk 5 Jurnalis dan Kru Kapal,Fakta,Liputan6 Nasional (2026-09-18)
"Mangkir, KPK Jadwal Ulang Pemeriksaan Anggota DPRD Jakarta Bebizie",Fakta,Liputan6 Nasional (2026-09-18)
"Kapal Induk Pertama RI Tiba di Priok, Ini Rekam Jejak Tempur Garibaldi",Fakta,Liputan6 Nasional (2026-09-18)
Alasan Pemkot Belum Perbaiki Trotoar Ambles Jalan Raya Sawangan,Fakta,Liputan6 Nasional (2026-09-18)
Kapal Induk Pertama RI Giuseppe Garibaldi Tiba di Tanjung Priok,Fakta,Liputan6 Nasional (2026-09-18)
Kemendagri Umumkan Pemda Berprestasi Maluku-Nusa Tenggara 2026,Fakta,Liputan6 Nasional (2026-09-18)
Prabowo Kucurkan Rp 760 Miliar Dana Darurat Kebakaran Hutan ke 7 Provinsi,Fakta,Liputan6 Nasional (2026-09-18)
Jerat Pungli dan Miras di Kalijodo,Fakta,Liputan6 Nasional (2026-09-18)
Pemerintah Segel 50 Perusahaan Pemicu Kebakaran Hutan,Fakta,Liputan6 Nasional (2026-09-18)
"Nasib PPPK Damkar dan Satpol PP Masih Menggantung, Mendagri Buka Suara",Fakta,Liputan6 Nasional (2026-09-18)
"Dana Bencana Flores Naik 2 Kali Lipat, Ini Rinciannya",Fakta,Liputan6 Nasional (2026-09-18)
Peringatan Keras Kepala BGN buat Kepala Dapur MBG,Fakta,Liputan6 Nasional (2026-09-18)
BPOM Siapkan 41 Ribu Sampel MBG Meski Anggaran Pengawasan Dipangkas,Fakta,Liputan6 Nasional (2026-09-18)
Mendagri Garansi Nasib 172 Ribu PPPK Guru Paruh Waktu,Fakta,Liputan6 Nasional (2026-09-18)
Pencarian Panjang 5 Jurnalis dan 3 Awak Kapal di Selat Sunda,Fakta,Liputan6 Nasional (2026-09-18)
Sudaryono Sebut Gangguan Kesehatan MBG Banyak Dipicu Makanan Rusak,Fakta,Liputan6 Nasional (2026-09-18)
"Polri Tangani 219 Kasus Kebakaran Hutan, Tetapkan 162 Tersangka",Fakta,Liputan6 Nasional (2026-09-18)
BGN Ultimatum 1.200 Dapur MBG Tanpa SLHS: Perbaiki atau Ditutup,Fakta,Liputan6 Nasional (2026-09-17)
Seskab Teddy Ungkap 6 Langkah Prabowo Menuju Kemandirian Energi,Fakta,Liputan6 Nasional (2026-09-17)
"Menjajal Langsung LRT Manggarai-Kelapa Gading, dari Penasaran hingga Jadi Alternatif",Fakta,Liputan6 Nasional (2026-09-17)
"Anggaran MBG Terserap Rp 139,77 Triliun hingga September 2026",Fakta,Liputan6 Nasional (2026-09-17)
Mawar Putih dan Doa Kembali Selamat untuk 5 Jurnalis Hilang di Selat Sunda,Fakta,Liputan6 Nasional (2026-09-17)
"Ruangan Menteri ATR/BPN Nusron Wahid Tak Digeledah, Ini Kata KPK",Fakta,Liputan6 Nasional (2026-09-17)
Kejagung Limpahkan Eks Jampidsus Febrie Adriansyah Besok,Fakta,Liputan6 Nasional (2026-09-17)
BGN Wajibkan Kepala Dapur Hadir Saat Masak MBG,Fakta,Liputan6 Nasional (2026-09-17)
Kepala BGN Tegaskan Sekolah Negeri Harus Kompak soal MBG,Fakta,Liputan6 Nasional (2026-09-17)
Bahlil Sebut Kasus Fahd Arafiq Musibah bagi Golkar,Fakta,Liputan6 Nasional (2026-09-17)
Alasan Pencarian Jurnalis Hilang Kontak Dihentikan,Fakta,Liputan6 Nasional (2026-09-17)
"KPK Geledah 3 Ruangan Dirjen ATR/BPN, Ini Hasil Sitaannya",Fakta,Liputan6 Nasional (2026-09-17)
"Tak Hanya Lampri, KPK Juga Geledah Ruangan 2 Dirjen Kementerian ATR/BPN",Fakta,Liputan6 Nasional (2026-09-17)
Kejagung Geledah Kantor Sekda Bekasi Terkait Korupsi Migas,Fakta,Liputan6 Nasional (2026-09-17)
Tangis Keluarga Pecah Saat Pencarian Lima Jurnalis Dihentikan,Fakta,Liputan6 Nasional (2026-09-17)
Tangis Histeris Istri Aris Sanda Saat Dievakuasi TNI dari Mbua ke Wamena,Fakta,Liputan6 Nasional (2026-09-17)
"KPK Kelar Geledah Kementerian ATR/BPN, Bawa 3 Koper",Fakta,Liputan6 Nasional (2026-09-17)
2 Helikopter Jepang Mulai Water Bombing Kebakaran Hutan Kalbar,Fakta,Liputan6 Nasional (2026-09-17)
"MPR Minta RUU Perubahan Iklim Dibahas Akhir 2026, Ini Alasannya",Fakta,Liputan6 Nasional (2026-09-17)
"6 Jam Digeledah KPK, Begini Kondisi Terkini Kementerian ATR/BPN",Fakta,Liputan6 Nasional (2026-09-17)
PAN Keberatan Ambang Batas Parlemen di Atas 4 Persen,Fakta,Liputan6 Nasional (2026-09-17)
"Buruh Ancam Demo Besar-besaran, Begini Respons Menaker",Fakta,Liputan6 Nasional (2026-09-17)
Dasco Bocorkan Isi Pertemuan Ketum Partai Koalisi Prabowo soal RUU Pemilu,Fakta,Liputan6 Nasional (2026-09-17)
"Kronologi KRL Berasap di Rawa Buntu, Bermula dari Tas Penumpang",Fakta,Liputan6 Nasional (2026-09-17)
Komisi I DPR Buka Suara soal Kasus Kematian Serda Ahmad,Fakta,Liputan6 Nasional (2026-09-17)
2 Eks Pejabat Kemenag Akui Beli Rumah dan Mobil dari Fee Kuota Haji,Fakta,Liputan6 Nasional (2026-09-17)
Pramono Buka Suara soal Temuan Botol Miras dan Pungli di Kalijodo,Fakta,Liputan6 Nasional (2026-09-17)
"Gempa Magnitudo 5,1 Guncang Jailolo Maluku Utara",Fakta,Liputan6 Nasional (2026-09-17)
Doa Warga Menggema di Hari Terakhir Pencarian Jurnalis dan Kru Kapal,Fakta,Liputan6 Nasional (2026-09-17)
"LPDP Jakarta Mulai 2027, Pramono Tegaskan Tidak Ada Titip Menitip",Fakta,Liputan6 Nasional (2026-09-17)
KPK Geledah Kementerian ATR/BPN,Fakta,Liputan6 Nasional (2026-09-17)
"Prabowo Pertimbangkan Rekrutmen Guru Dikembalikan ke Pusat, Ini Alasannya",Fakta,Liputan6 Nasional (2026-09-17)
"KRL Berasap di Rawa Buntu Bikin Panik, Ternyata HP Penumpang Terbakar",Fakta,Liputan6 Nasional (2026-09-17)
"Komisi II Segera Bentuk Panja RUU Pemilu, PT 5 Persen Masih Dikaji",Fakta,Liputan6 Nasional (2026-09-17)
Prabowo Beberkan Dampak Koperasi Desa Merah Putih,Fakta,Liputan6 Nasional (2026-09-17)
Kejagung Periksa Sejumlah Pegawai Kementerian Terkait Dugaan Korupsi Hutan,Fakta,Liputan6 Nasional (2026-09-17)
"Viral Wanita Ditendang Pria di Mal Jakpus, Polisi Turun Tangan",Fakta,Liputan6 Nasional (2026-09-17)
Reaksi Pramono Usai Dipuji Prabowo,Fakta,Liputan6 Nasional (2026-09-17)
"APBD DKI Turun Rp 2 Triliun, Anggaran Makan hingga Seminar Dipangkas",Fakta,Liputan6 Nasional (2026-09-17)
Setitik Harapan Ayah Jurnalis Bagus di Ujung Pencarian,Fakta,Liputan6 Nasional (2026-09-17)
KPK Usut Dugaan Titipan Calon Mahasiswa Seleksi Mandiri Unsoed,Fakta,Liputan6 Nasional (2026-09-17)
Prabowo: URI Akan Bawahi LAN hingga Akademi Gubernur-Bupati,Fakta,Liputan6 Nasional (2026-09-17)
"Hari Terakhir Pencarian Jurnalis, SAR Sisir 10 Sektor sampai Bengkulu",Fakta,Liputan6 Nasional (2026-09-17)
TNI AD Klarifikasi Video Viral Penganiayaan Prajurit Pomdam di Aceh,Fakta,Liputan6 Nasional (2026-09-17)
"Gentengisasi Prabowo, Menteri PKP Borong Jutaan Genteng Plered-Majalengka",Fakta,Liputan6 Nasional (2026-09-17)
Prabowo Sebut Politik Luar Negeri Indonesia Bebas Aktif: Kita Tak Ikut Blok Mana Pun,Fakta,Liputan6 Nasional (2026-09-17)
Pencarian Terakhir Jurnalis Hilang di Selat Sunda: 24 Kapal Diterjunkan Sisir 8.500 Mil La...,Fakta,Liputan6 Nasional (2026-09-17)
Pramono Targetkan Akses Pedestrian LRT ke KRL Manggarai Rampung September Ini,Fakta,Liputan6 Nasional (2026-09-17)
Sensasi Penumpang Lansia Jajal LRT Manggarai-Kelapa Gading,Fakta,Liputan6 Nasional (2026-09-17)
Alasan Menhut Tak Cabut Permanen Izin 26 Perusahaan Pembakar Hutan,Fakta,Liputan6 Nasional (2026-09-17)
"Waspada, 9 Kecamatan di Jakarta Rawan Pergeseran Tanah",Fakta,Liputan6 Nasional (2026-09-17)
Kematian Serda Ahmad dan Bayang-bayang Senioritas yang Berujung Maut,Fakta,Liputan6 Nasional (2026-09-17)
Bakom Beberkan Dua Skema Pemenuhan Listrik di 10.068 Dusun Pelosok,Fakta,Liputan6 Nasional (2026-09-17)
"Perintah Prabowo ke Pramono Anung, Genjot Vertical Garden",Fakta,Liputan6 Nasional (2026-09-17)
"Soal Wacana Ambang Batas Parlemen 5 Persen, PDIP Minta Tetap Patuhi MK",Fakta,Liputan6 Nasional (2026-09-17)
"Kapal Virgo Tenggelam, Prabowo Minta Investigasi Menyeluruh",Fakta,Liputan6 Nasional (2026-09-17)
"Tiba di Pulau Palue NTT, Jokowi Disambut Adat Sikka",Fakta,Liputan6 Nasional (2026-09-17)
Teka-Teki Alasan Pencopotan Purbaya Akhirnya Terjawab,Fakta,Liputan6 Nasional (2026-09-17)
Prabowo: Saya Pesan Beberapa Pesawat Besar untuk Water Bombing,Fakta,Liputan6 Nasional (2026-09-17)
Respons Bahlil Soal Fahd Arafiq Jadi Tersangka Korupsi,Fakta,Liputan6 Nasional (2026-09-17)
RSCM Ungkap Pemeriksaan Siswi di Karo Diduga Hilang Ingatan,Fakta,Liputan6 Nasional (2026-09-16)
Janji Prabowo Cabut Izin Korporasi Pembakar Hutan Tanpa Ampun,Fakta,Liputan6 Nasional (2026-09-16)
KPK Periksa Lagi Pengepul Uang Suap di Kasus Importasi Bea Cukai,Fakta,Liputan6 Nasional (2026-09-16)
Prabowo Minta Pelaku Kebakaran Hutan Dijerat Pidana Terorisme Ekologi,Fakta,Liputan6 Nasional (2026-09-16)
Heboh Dugaan Jasa Aborsi Ilegal di Sosmed,Fakta,Liputan6 Nasional (2026-09-16)
Mendagri Dorong Pemda Terdampak Karhutla Segera Gunakan Bantuan Anggaran Penanganan,Fakta,Liputan6 Nasional (2026-09-16)
"Doa Seorang Ayah di Ujung Dermaga, Menanti Bagus Pulang",Fakta,Liputan6 Nasional (2026-09-16)
Prabowo Ungkap Alasan TNI Perlu Diperkuat hingga ke Daerah,Fakta,Liputan6 Nasional (2026-09-16)
"2 Mobil Terparkir di Tebet Terbakar, Ini Penyebabnya",Fakta,Liputan6 Nasional (2026-09-16)
Update Temuan Hari ke-9 Pencarian Jurnalis Hilang Kontak,Fakta,Liputan6 Nasional (2026-09-16)
Ketua Baleg DPR: RUU Reforma Agraria Selesai Senin,Fakta,Liputan6 Nasional (2026-09-16)
KPK Belum Cegah Nusron Wahid Terkait Kasus Korupsi HGB Summarecon,Fakta,Liputan6 Nasional (2026-09-16)
Prabowo: Saya yang Serahkan Dadan Hindayana ke Kejagung,Fakta,Liputan6 Nasional (2026-09-16)
KPK Sebut Summarecon Suap Pejabat ATR/BPN Rp 300 Juta Pada Maret 2026,Fakta,Liputan6 Nasional (2026-09-16)
Terungkap Alasan Prabowo Copot Purbaya dari Menkeu,Fakta,Liputan6 Nasional (2026-09-16)
Suahasil hingga Bahlil Dipanggil Prabowo ke Istana,Fakta,Liputan6 Nasional (2026-09-16)
"Nusron Wahid Disebut di Kasus Suap dan Gratifikasi, Begini Sikap Prabowo",Fakta,Liputan6 Nasional (2026-09-16)
"KPK Ungkap Dugaan Korupsi di ATR/BPN, Ini Tanggapan Wamen",Fakta,Liputan6 Nasional (2026-09-16)
"Korban Gempa Manggarai Bisa Bangun Hunian Sementara Sendiri, Begini Mekanismenya",Fakta,Liputan6 Nasional (2026-09-16)
2 Granat Asap Ditemukan di Lahan Terbengkalai Cempaka Putih,Fakta,Liputan6 Nasional (2026-09-16)
Prabowo Minta Danantara Bantu Pramono Perpanjang LRT hingga JIS,Fakta,Liputan6 Nasional (2026-09-16)
"Penyu Ditombak dan Dimasak, Ini Dampaknya bagi Ekosistem Laut",Fakta,Liputan6 Nasional (2026-09-16)
Prabowo Ingin Jakarta Jadi Kota Hijau dan Penuh Taman,Fakta,Liputan6 Nasional (2026-09-16)
"Prabowo: Saya dan Pramono Beda Partai, tapi Bisa Bekerja Sama",Fakta,Liputan6 Nasional (2026-09-16)
DPR: RUU Pemilu Dibahas Tahun Ini,Fakta,Liputan6 Nasional (2026-09-16)
Tangis Eks Pejabat Bea Cukai Pecah saat Cerita Korbankan Diri Demi Atasan,Fakta,Liputan6 Nasional (2026-09-16)
"Detik-Detik Sopir Travel Ditembak di Wamena, Pelaku Diduga OPM",Fakta,Liputan6 Nasional (2026-09-16)
Kelakar Prabowo saat Jajal LRT Kelapa Gading-Manggarai: Jakarta Kaya,Fakta,Liputan6 Nasional (2026-09-16)
Momen Prabowo Resmikan LRT Kelapa Gading-Manggarai,Fakta,Liputan6 Nasional (2026-09-16)
"LRT Kelapa Gading-Manggarai Mulai Beroperasi, Tarif Rp 8 Selama 8 Hari",Fakta,Liputan6 Nasional (2026-09-16)
"Talenta Vokasi Hadapi Tantangan Baru di Era Ekonomi Kreatif, Tak Cukup Hanya Bermodal Siap...",Fakta,Liputan6 Nasional (2026-09-16)
"El Nino hingga November, Ini Langkah Pemerintah",Fakta,Liputan6 Nasional (2026-09-16)
"Isu Reshuffle Berembus Lagi, Begini Kata Bahlil",Fakta,Liputan6 Nasional (2026-09-16)
"RUU Pemilu, Koalisi Prabowo Sepakat Ambang Batas Parlemen 5 Persen",Fakta,Liputan6 Nasional (2026-09-16)
4 Prajurit TNI AU Tersangka Penganiayaan Serda Ahmad Terancam Dipecat,Fakta,Liputan6 Nasional (2026-09-16)
"Prabowo Jajal LRT Kelapa Gading-Manggarai, Didampingi Pramono",Fakta,Liputan6 Nasional (2026-09-16)
"Tak Kapok, Mereka Pernah Hattrick dan Brace Kasus Korupsi",Fakta,Liputan6 Nasional (2026-09-16)
"Kasus Kebakaran Hutan: 15 Korporasi Dibidik, 26 Izin Perusahaan Dibekukan",Fakta,Liputan6 Nasional (2026-09-16)
"Berawal dari Tersinggung Telepon Ditutup, Serda Ahmad Tewas Dianiaya Senior",Fakta,Liputan6 Nasional (2026-09-16)
"Sempat Ditunda, LRT Jakarta Kepala Gading-Manggarai Diresmikan Siang Ini",Fakta,Liputan6 Nasional (2026-09-16)
Kronologi Serda Ahmad Tewas di Tangan Senior: 3 Pukulan yang Mematikan,Fakta,Liputan6 Nasional (2026-09-16)
KPK Endus Pihak Lain di Kasus Suap HGB Summarecon,Fakta,Liputan6 Nasional (2026-09-16)
Puspom TNI AU Tetapkan 4 Tersangka Buntut Kematian Serda Ahmad Muzammul,Fakta,Liputan6 Nasional (2026-09-16)
Kronologi Penangkapan WN China Tombak dan Masak Penyu Raja Ampat,Fakta,Liputan6 Nasional (2026-09-16)
"129 Orang Belum Ditemukan, Tim SAR Perluas Area Pencarian Korban Kapal Virgo",Fakta,Liputan6 Nasional (2026-09-16)
"Dugaan Beras Fortifikasi, Polri Diminta Turun Tangan",Fakta,Liputan6 Nasional (2026-09-16)
"Hari Kesembilan Pencarian, Belasan Kapal dan Sederet Alat Canggih Dikerahkan Tim SAR",Fakta,Liputan6 Nasional (2026-09-16)
KPK Dalami Keuntungan Summarecon dari Kasus Suap Kementerian ATR/BPN,Fakta,Liputan6 Nasional (2026-09-16)
"Hari Ke-9, Basarnas Persempit Penyisiran Jurnalis Jadi 8 Sektor",Fakta,Liputan6 Nasional (2026-09-16)
"Cerita Heroik SAR Banten, Menembus Zona Merah Krakatau Demi Pencarian 5 Jurnalis",Fakta,Liputan6 Nasional (2026-09-16)
Hari Ke-9 Pencarian Jurnalis Hilang di Selat Sunda: Fokus Sisir Tenggara Anak Krakatau,Fakta,Liputan6 Nasional (2026-09-16)
Prakiraan Cuaca BMKG: Jaksel Tembus Suhu Max 35 Derajat Celsius,Fakta,Liputan6 Nasional (2026-09-16)
"Dugaan Kasus Beras Fortifikasi Abal-Abal, Bakom Minta Pelaku Diumumkan ke Publik",Fakta,Liputan6 Nasional (2026-09-16)
Berkas Kasus Eks Jampidsus Febrie Dilimpahkan ke Kejari Jaksel,Fakta,Liputan6 Nasional (2026-09-16)
Gojek Putus Mitra Driver yang Maki dan Turunkan Penumpang di Tebet,Fakta,Liputan6 Nasional (2026-09-16)
Dede Yusuf Bocorkan Opsi Ambang Batas RUU Pemilu,Fakta,Liputan6 Nasional (2026-09-16)
"LPDP Jakarta Dibuka September 2027, Siapa Saja yang Berhak Dapat?",Fakta,Liputan6 Nasional (2026-09-16)
"Jangan Tertipu Calo Kartu Gratis Transjakarta Rp500 Ribu, Lapor ke Sini",Fakta,Liputan6 Nasional (2026-09-16)
"E-Voting Pemilu Belum Final, Mendagri Soroti Risiko Peretasan",Fakta,Liputan6 Nasional (2026-09-16)
"Suahasil Nazara Jabat Menkeu, Bakom Yakin APBN Tetap Stabil",Fakta,Liputan6 Nasional (2026-09-16)
Jokowi Kunjungi Penyintas Gempa Flores di Pulau Palue NTT,Fakta,Liputan6 Nasional (2026-09-16)
Hattrick Fahd Arafiq hingga Disebut Residivis Korupsi,Fakta,Liputan6 Nasional (2026-09-16)
Mendagri Minta Pengamanan ASN di Papua Diperkuat,Fakta,Liputan6 Nasional (2026-09-15)
WN Malaysia Laporkan Perwira Polri Terkait Dugaan Penipuan,Fakta,Liputan6 Nasional (2026-09-15)
Komisi V DPR Bakal Bentuk Panja Usut Kecelakaan KM Virgo Transport 8,Fakta,Liputan6 Nasional (2026-09-15)
"KPK Sebut Fahd Arafiq Residivis Korupsi, Pastikan Perberat Hukuman",Fakta,Liputan6 Nasional (2026-09-15)
"Sejumlah Wilayah Jakarta Dilanda Kekeringan, Pramono Pastikan Bantuan Air",Fakta,Liputan6 Nasional (2026-09-15)
Kejagung Ungkap Progres Penyitaan Aset Kasus Febrie Adriansyah,Fakta,Liputan6 Nasional (2026-09-15)
Alasan KPK Belum Jerat Nusron Wahid di Kasus HGB Summarecon,Fakta,Liputan6 Nasional (2026-09-15)
Alasan Basarnas Belum Selam Cari 5 Jurnalis Hilang Kontak,Fakta,Liputan6 Nasional (2026-09-15)
Said Abdullah: Banggar DPR Anggarkan Rp 23 Triliun untuk Gaji P3K,Fakta,Liputan6 Nasional (2026-09-15)
Mendagri Minta Pemda Hati-Hati Terbitkan Obligasi,Fakta,Liputan6 Nasional (2026-09-15)
Kode '2' Pejabat Pertanahan Minta Fee Pengurusan HGB Summarecon,Fakta,Liputan6 Nasional (2026-09-15)
KPK Ungkap Dugaan Jual Beli Jabatan di Kementerian ATR/BPN,Fakta,Liputan6 Nasional (2026-09-15)
"KPK Beberkan Penyitaan Rp 106,3 M di Kasus Korupsi HGB Summarecon",Fakta,Liputan6 Nasional (2026-09-15)
"Area Pencarian Jurnalis Hilang Kontak Dipersempit, Ini Alasannya",Fakta,Liputan6 Nasional (2026-09-15)
Pelajar SMA Tertemper KRL di Parung Panjang,Fakta,Liputan6 Nasional (2026-09-15)
"Kebakaran Hutan Kalbar Meluas, Tembus 48 Ribu Hektare",Fakta,Liputan6 Nasional (2026-09-15)
Fahd Arafiq hingga Presdir Summarecon Ditahan KPK,Fakta,Liputan6 Nasional (2026-09-15)
Pelaku Jual Beli Kartu Layanan Gratis Transjakarta Bakal Diblacklist Permanen,Fakta,Liputan6 Nasional (2026-09-15)
"MBG Berjalan Meski Sekolah Libur Akibat Asap, Ini Kata Gubernur Kaltim",Fakta,Liputan6 Nasional (2026-09-15)
Fakta-Fakta KMP Virgo Transport 8 Terbalik dan Tenggelam di Laut Jawa,Fakta,Liputan6 Nasional (2026-09-15)
"Arvian dan Foto-Foto Arbas, Kenangan Masa Kecil Bersama Ayah",Fakta,Liputan6 Nasional (2026-09-15)
Helikopter Jepang Bantu Padamkan Kebakaran Hutan Kalbar,Fakta,Liputan6 Nasional (2026-09-15)
"Praperadilan Kelima Roy Suryo Dikabulkan Sebagian, Negara Wajib Bayar",Fakta,Liputan6 Nasional (2026-09-15)
Tanggapan Wamen ATR Usai Sejumlah Pejabat Pertanahan Kena OTT KPK,Fakta,Liputan6 Nasional (2026-09-15)
Pemerintah Kaji Aturan Khusus Pembatasan Sound Horeg,Fakta,Liputan6 Nasional (2026-09-15)
"Mendagri Tegaskan Damkar Tak Perlu Izin Padamkan Kebakaran Hutan, Penghalang Ditangkap",Fakta,Liputan6 Nasional (2026-09-15)
Lima Menit Mencekam Sebelum KM Virgo Karam,Fakta,Liputan6 Nasional (2026-09-15)
"9 Jam di Laut, Cerita ABK Kapal Virgo Selamat Berkat Tabung LPG 3 Kg",Fakta,Liputan6 Nasional (2026-09-15)
Gubernur Malut Sherly Keluhkan Redistribusi Lahan di DPR,Fakta,Liputan6 Nasional (2026-09-15)
"Video Call Jadi Kabar Terakhir, Umi Menanti Suami yang Hilang di KM Virgo",Fakta,Liputan6 Nasional (2026-09-15)
KPK Panggil 3 Wakil Rektor Unsoed Terkait Pemerasan Calon Mahasiswa Baru,Fakta,Liputan6 Nasional (2026-09-15)
"Eks Direktur Kementan Didakwa Korupsi Perjalanan Dinas Fiktif Rp 5,09 Miliar",Fakta,Liputan6 Nasional (2026-09-15)
"Wakil Ketua Mahkamah Kehormatan Dewan DPR Berganti, Ini Sosoknya",Fakta,Liputan6 Nasional (2026-09-15)
Tiga Kali Fahd Arafiq Berurusan dengan KPK,Fakta,Liputan6 Nasional (2026-09-15)
"Fahd Arafiq Kembali Tersandung Kasus di KPK, Golkar Buka Suara",Fakta,Liputan6 Nasional (2026-09-15)
"Fahd dan Fadia Arafiq, Kakak Beradik yang Tersandung Kasus di KPK",Fakta,Liputan6 Nasional (2026-09-15)
"Ada 18 Libur Nasional dan 8 Cuti Bersama 2027, Ini Daftarnya",Fakta,Liputan6 Nasional (2026-09-15)
"Presiden Direktur Summarecon Kena OTT KPK, Ini Kasusnya",Fakta,Liputan6 Nasional (2026-09-15)
Golkar dan PKS Bertemu Bahas Revisi UU Pemilu,Fakta,Liputan6 Nasional (2026-09-15)
"Hari Kedelapan Pencarian Jurnalis, Tim SAR Fokus Sisir Lokasi Penemuan Barang",Fakta,Liputan6 Nasional (2026-09-15)
Ironi Film Sang Pengadil Dibiayai Hasil Cuci Uang,Fakta,Liputan6 Nasional (2026-09-15)
Pencarian Hari Kedelapan Jurnalis Hilang di Selat Sunda: Sisir Darat dan Laut,Fakta,Liputan6 Nasional (2026-09-15)
Koper-Koper Berisi Ratusan Miliar di Pusaran Suap HGB,Fakta,Liputan6 Nasional (2026-09-15)
"Virgo 8 Tenggelam 30 Meter, Basarnas Pertimbangkan Tarik Kapal",Fakta,Liputan6 Nasional (2026-09-15)
"22 Korban Selamat KM Virgo Tertahan di Laut, Evakuasi Terkendala",Fakta,Liputan6 Nasional (2026-09-15)
Pihak BRIN hingga Kemenhut Diperiksa Terkait Korupsi Kawasan Hutan,Fakta,Liputan6 Nasional (2026-09-15)
Kejagung Masih Dalami Kasus Korupsi MBG Lewat Pemeriksaan Saksi,Fakta,Liputan6 Nasional (2026-09-15)
Kejagung Periksa 2 Pegawai Bea Cukai Terkait Kasus Tambang PT PMM,Fakta,Liputan6 Nasional (2026-09-15)
"Investasi Jakarta Tembus Rp 173,6 Triliun hingga Triwulan II 2026",Fakta,Liputan6 Nasional (2026-09-15)
Fahd Arafiq dan Eks Bupati Kebumen Ikut Ditangkap KPK,Fakta,Liputan6 Nasional (2026-09-15)
"Sosok Lampri, Dirjen Pengendalian Tanah dan Ruang ATR yang Ditangkap KPK",Fakta,Liputan6 Nasional (2026-09-15)
"OTT di Kantor Pertanahan Bogor, KPK Sita 20 Koper Berisi Uang",Fakta,Liputan6 Nasional (2026-09-14)
"OTT KPK, Dirjen Pengendalian Tanah dan Ruang ATR Ditangkap",Fakta,Liputan6 Nasional (2026-09-14)
"Said Abdullah: Anggaran Bencana 2027 Naik Jadi Rp 1,1 Triliun",Fakta,Liputan6 Nasional (2026-09-14)
Doa Seniman TIM untuk 5 Jurnalis Hilang: Kembalilah Kawan,Fakta,Liputan6 Nasional (2026-09-14)
"Kebakaran Bromo Dekati Permukiman, Petugas Buat Sekat Bakar",Fakta,Liputan6 Nasional (2026-09-14)
KPK OTT di Kantor Pertanahan Kabupaten Bogor,Fakta,Liputan6 Nasional (2026-09-14)
KPK Dalami Transaksi Eks Asisten Ridwan Kamil di Kasus Bank BJB,Fakta,Liputan6 Nasional (2026-09-14)
Bima Arya Dorong Penataan Permukiman Kumuh dari Akar Rumput,Fakta,Liputan6 Nasional (2026-09-14)
Kejagung Gali Keterangan 2 Pemeriksa PT CNI Terkait Korupsi Nikel,Fakta,Liputan6 Nasional (2026-09-14)
Helikopter Polri Dikerahkan Evakuasi Jenazah Korban KM Virgo Transport 8,Fakta,Liputan6 Nasional (2026-09-14)
KPK Periksa Dirut Artha Jaya Terkait Kasus Izin WNA,Fakta,Liputan6 Nasional (2026-09-14)
Terungkap Chat Pejabat Bea Cukai Sebelum OTT: 'Kita Lagi Dipantau',Fakta,Liputan6 Nasional (2026-09-14)
"7 Hari Pencarian Jurnalis Hilang Kontak, Basarnas Ungkap Sejumlah Kendala",Fakta,Liputan6 Nasional (2026-09-14)
"Mayat Pria Ditemukan di Enggano, Polisi Cocokkan DNA dengan Jurnalis Hilang",Fakta,Liputan6 Nasional (2026-09-14)
"24 Ribu Kopdes Merah Putih Selesai Dibangun, Segera Jalani Verifikasi",Fakta,Liputan6 Nasional (2026-09-14)
Produser Film Sang Pengadil Didakwa Sembunyikan Aset Zarof Ricar,Fakta,Liputan6 Nasional (2026-09-14)
Mendagri Tegaskan RBI Jadi Program Wajib di APBD 2027,Fakta,Liputan6 Nasional (2026-09-14)
BRIN Pastikan Aktivitas Anak Krakatau Tak Picu Tsunami,Fakta,Liputan6 Nasional (2026-09-14)
"Kekeringan Mengintai Jakarta, Warga Diminta Hemat Air",Fakta,Liputan6 Nasional (2026-09-14)
"Pertamina Serahkan 16 Korban Kapal Virgo ke Basarnas, 1 Orang Meninggal",Fakta,Liputan6 Nasional (2026-09-14)
"Produser Film Sang Pengadil Tak Ajukan Eksepsi, Minta Maaf Bikin Gaduh",Fakta,Liputan6 Nasional (2026-09-14)
Aturan Baru Kartu Jakarta Pintar dan Kartu Jakarta Mahasiswa Unggul,Fakta,Liputan6 Nasional (2026-09-14)
"Gempa Magnitudo 5,6 Guncang Banten",Fakta,Liputan6 Nasional (2026-09-14)
Pramono Kaji CFD Jakarta 2 Kali Sepekan,Fakta,Liputan6 Nasional (2026-09-14)
"Ibam Ajukan Kasasi Kasus Chromebook, Begini Tanggapan Kejagung",Fakta,Liputan6 Nasional (2026-09-14)
Arahan Khusus Prabowo ke Suahasil Nazara Sebelum Dilantik jadi Menkeu,Fakta,Liputan6 Nasional (2026-09-14)
"Purbaya Dicopot, Ini Daftar Reshuffle Kabinet Prabowo dari Jilid I hingga VI",Fakta,Liputan6 Nasional (2026-09-14)
KPK Ungkap Hasil Penggeledahan Rumah Kontraktor Bengkulu,Fakta,Liputan6 Nasional (2026-09-14)
KM Virgo Diterjang Ombak 3 Meter Lebih Sebelum Karam,Fakta,Liputan6 Nasional (2026-09-14)
"Reshuffle Kabinet, Prabowo Lantik Suahasil Nazara Jadi Menkeu Gantikan Purbaya",Fakta,Liputan6 Nasional (2026-09-14)
"Reshuffle Kabinet, Menko PMK-Wamenkeu Tiba di Istana",Fakta,Liputan6 Nasional (2026-09-14)
"Sekolah di Makassar PJJ karena BBM Langka, Mendagri Buka Suara",Fakta,Liputan6 Nasional (2026-09-14)
"Terungkap, Motif Pembunuhan Wanita di Hotel Tanah Abang",Fakta,Liputan6 Nasional (2026-09-14)
"Update Pencarian KM Virgo: 114 Orang Ditemukan, 129 Masih Dicari",Fakta,Liputan6 Nasional (2026-09-14)
"Jalan Sejajar Rel Pasar Minggu Dikebut, Pramono Ungkap Targetnya",Fakta,Liputan6 Nasional (2026-09-14)
Pramono Buka Opsi Swasta Ikut Bereskan Kabel Semrawut di Jakarta,Fakta,Liputan6 Nasional (2026-09-14)
Polisi akan Panggil Betrand Peto terkait Dugaan Kekerasan Seksual,Fakta,Liputan6 Nasional (2026-09-14)
Praperadilan Ketiga Lodewyk Pusung Ditolak Hakim PN Jakarta Selatan,Fakta,Liputan6 Nasional (2026-09-14)
"Hari Ketujuh, SAR Masih Cari 5 Jurnalis di Perairan Selat Sunda",Fakta,Liputan6 Nasional (2026-09-14)
Mau Coba LRT Kelapa Gading-Manggarai? Ini Cara Daftarnya,Fakta,Liputan6 Nasional (2026-09-14)
"Gempa Magnitudo 5,2 Guncang Kabupaten Malang",Fakta,Liputan6 Nasional (2026-09-14)
Tiga Jam Mencekam Usai KM Virgo Miring lalu Terbalik di Laut Jawa,Fakta,Liputan6 Nasional (2026-09-14)
"PSI Buka Suara soal KPK Sita Rp 3,5 Miliar dari Rumah Ahmad Ali",Fakta,Liputan6 Nasional (2026-09-14)
Menhub Prioritaskan Pencarian 136 Penumpang KMP Virgo Transport 8,Fakta,Liputan6 Nasional (2026-09-14)
Polisi Masih Dalami Laporan Dugaan Penghinaan Nabi Muhammad Abah Setu,Fakta,Liputan6 Nasional (2026-09-14)
KPK Geledah Rumah Kontraktor Adi Sumarta,Fakta,Liputan6 Nasional (2026-09-14)
"Disambut Gibran, Prabowo Tiba di Tanah Air Usai Hadiri KTT BRICS 2026",Fakta,Liputan6 Nasional (2026-09-14)
Wapres Gibran Lihat Orangutan Terdampak Asap Karhutla,Fakta,Liputan6 Nasional (2026-09-14)
Polda Kalsel Buka Layanan Identifikasi Korban Kapal Virgo Transport,Fakta,Liputan6 Nasional (2026-09-14)
Hantaman Ombak Diduga Picu Kapal Virgo Transport 8 Miring dan Tenggelam,Fakta,Liputan6 Nasional (2026-09-14)
2 Orang Tewas dalam Kecelakaan 4 Kendaraan di Tol Dalam Kota,Fakta,Liputan6 Nasional (2026-09-13)
"MTQ Nasional XXXI Dibuka di Semarang, Diikuti 2.242 Peserta",Fakta,Liputan6 Nasional (2026-09-13)
"SAR 5 Jurnalis Hilang Berakhir Besok, Keluarga Minta Diperpanjang",Fakta,Liputan6 Nasional (2026-09-13)
"Jokowi Bakal Hadiri Rakorda PSI Jabar, 5 Ribu Kader Siap Hadir",Fakta,Liputan6 Nasional (2026-09-13)
"Penumpang KM Virgo Selamat: Tak Ada Alarm, Kapal Miring Cepat Lalu Tenggelam",Fakta,Liputan6 Nasional (2026-09-13)
15 Armada SAR Dikerahkan Cari 130 Orang Korban Kapal Virgo,Fakta,Liputan6 Nasional (2026-09-13)
"""Saya Percaya Masih Akan Bertemu Arbas""",Fakta,Liputan6 Nasional (2026-09-13)
MV Haida Bawa 49 Korban Selamat KM Virgo Transport 8 ke Banjarmasin,Fakta,Liputan6 Nasional (2026-09-13)
KM Virgo Miring Sebelum Hilang Kontak di Laut Jawa,Fakta,Liputan6 Nasional (2026-09-13)
Prabowo di KTT BRICS: Indonesia Tak Lagi Jadi Importir Utama Pangan,Fakta,Liputan6 Nasional (2026-09-13)
"Update Kecelakaan KM Virgo: 107 Orang Selamat, 6 Meninggal, 130 Dicari",Fakta,Liputan6 Nasional (2026-09-13)
"KM Virgo Transport 8 Hilang Kontak, 3 Kapal Polisi Dikerahkan",Fakta,Liputan6 Nasional (2026-09-13)
Komisi III Desak Polisi Usut Dalang Dugaan Pendanaan Kerusuhan Demo 27 Agustus,Fakta,Liputan6 Nasional (2026-09-13)
"Harapan Arif Menanti Kabar Ayah, Anak, dan Kakak Hilang Bersama KM Virgo",Fakta,Liputan6 Nasional (2026-09-13)
Basarnas: Korban Meninggal KM Virgo Transport 8 Bertambah jadi 6 Orang,Fakta,Liputan6 Nasional (2026-09-13)
Jejak Terakhir KM Virgo Transport 8 Sebelum Hilang Kontak,Fakta,Liputan6 Nasional (2026-09-13)
Terungkap Motif Pria Cekoki Narkoba ke Mahasiswi hingga Tewas,Fakta,Liputan6 Nasional (2026-09-13)
Helikopter dan 4 Kapal Dikerahkan Cari Ratusan Korban KM Virgo Transport 8,Fakta,Liputan6 Nasional (2026-09-13)
Ini Lokasi Anak Artis Diduga Terlibat Kekerasan Seksual,Fakta,Liputan6 Nasional (2026-09-13)
Temuan Cairan dalam Botol jadi Petunjuk Kasus Pria Meninggal di GBK,Fakta,Liputan6 Nasional (2026-09-13)
Ibam Ajukan Kasasi Usai Divonis 5 Tahun dalam Kasus Chromebook,Fakta,Liputan6 Nasional (2026-09-13)
"Kecelakaan Beruntun 4 Kendaraan di Tol Dalam Kota, 2 Tewas",Fakta,Liputan6 Nasional (2026-09-13)
Basarnas Siagakan 30 Ambulans untuk Tangani Korban Kapal Virgo Transport 8,Fakta,Liputan6 Nasional (2026-09-13)
"Update Kapal Virgo Transport Hilang Kontak di Laut Jawa: 103 Orang Dievakuasi, 1 Tewas",Fakta,Liputan6 Nasional (2026-09-13)
Basarnas Cari Kapal Berpenumpang 243 Orang yang Hilang Kontak di Laut Jawa,Fakta,Liputan6 Nasional (2026-09-13)
Prabowo di KTT BRICS: Kami Tak Suka Didikte Kekuatan Tertentu,Fakta,Liputan6 Nasional (2026-09-13)
Kronologi Kapal Virgo Transport Bawa 243 Orang Hilang Kontak di Laut Jawa,Fakta,Liputan6 Nasional (2026-09-13)
"Pencarian Hari Keenam, 16 Kapal Dikerahkan Sisir 6.000 Mil Laut Persegi",Fakta,Liputan6 Nasional (2026-09-13)
"Pencarian Jurnalis Hari Keenam, Tim SAR Sisir Bakauheni hingga Sangiang",Fakta,Liputan6 Nasional (2026-09-13)
Pencarian Jurnalis Hilang Kontak di Selat Sunda Masuk Hari Ke-6,Fakta,Liputan6 Nasional (2026-09-13)
"Target 100 Persen Sampah Terkelola pada 2029, Ini Strategi KLH",Fakta,Liputan6 Nasional (2026-09-13)
"Prabowo Bawa Spirit Bandung ke KTT BRICS: Bersatu Kita Teguh, Terpecah Kita Runtuh",Fakta,Liputan6 Nasional (2026-09-13)
"KTT BRICS 2026 Hasilkan Deklarasi New Delhi, Ubah Komitmen Jadi Aksi Nyata",Fakta,Liputan6 Nasional (2026-09-13)
"Momen Akrab Prabowo Bareng Modi, Putin, dan Xi Jinping Jelang Pembukaan KTT BRICS",Fakta,Liputan6 Nasional (2026-09-13)
"Kondisi Sungai Cisadane Dampak Kemarau, Ini Imbauan untuk Warga",Fakta,Liputan6 Nasional (2026-09-13)
"ASN Asal Rote Ndao Minta Pindah Usai Penembakan KKB, Ini Kata Bupati",Fakta,Liputan6 Nasional (2026-09-12)
"Pencarian 5 Jurnalis Hilang Kontak, Tim SAR Kembali Temukan 2 Life Jacket dan Helm Proyek",Fakta,Liputan6 Nasional (2026-09-12)
Prabowo Dorong BRICS Perkuat Ketahanan dan Kemandirian,Fakta,Liputan6 Nasional (2026-09-12)
Saiful Milah Gantikan Rusdi Alam jadi Ketua DPRD Kota Tangerang,Fakta,Liputan6 Nasional (2026-09-12)
Polisi Larang Jakmania Konvoi Usai Persija Menang atas Persib,Fakta,Liputan6 Nasional (2026-09-12)
Jejak Kriminal 2 KKB Penembak ASN di Jayawijaya,Fakta,Liputan6 Nasional (2026-09-12)
Hari Kelima Pencarian 5 Jurnalis Hilang Kontak dan 3 Awak Kapal Masih Nihil,Fakta,Liputan6 Nasional (2026-09-12)
Momen Prabowo Disambut PM India Modi saat Tiba di KTT ke-18 BRICS,Fakta,Liputan6 Nasional (2026-09-12)
"Wahana Halilintar Dufan Sempat Berhenti di Tanjakan, Ini Penjelasan Ancol",Fakta,Liputan6 Nasional (2026-09-12)
Komdigi Deteksi Sinyal Terakhir Jurnalis Hilang Kontak di Pulau Sebesi,Fakta,Liputan6 Nasional (2026-09-12)
"Demi Persija vs Persib, The Jakmania Rela Datang dari Luar Jakarta",Fakta,Liputan6 Nasional (2026-09-12)
"Dijanjikan Hingga Rp 55 Ribu, 83 Anak Diduga Direkrut Kerusuhan 27 Agustus",Fakta,Liputan6 Nasional (2026-09-12)
KP Sanjaya Sisir Area Anak Krakatau Cari Jurnalis Hilang Kontak,Fakta,Liputan6 Nasional (2026-09-12)
Petunjuk Polisi Ungkap Dugaan Pengeroyokan Bambang Pejompongan,Fakta,Liputan6 Nasional (2026-09-12)
Polda Metro Ungkap Dugaan Pendanaan Kerusuhan Demo 27 Agustus,Fakta,Liputan6 Nasional (2026-09-12)
Tiga Pengeroyok Bambang Pejompongan Ditangkap di Bogor,Fakta,Liputan6 Nasional (2026-09-12)
LRT Jabodebek Ingatkan Sejumlah Larangan bagi Penumpang,Fakta,Liputan6 Nasional (2026-09-12)
Update Hari Kelima Pencarian 5 Jurnalis Hilang Kontak di Selat Sunda,Fakta,Liputan6 Nasional (2026-09-12)
"Gempa Magnitudo 5,1 Guncang Tanimbar Maluku",Fakta,Liputan6 Nasional (2026-09-12)
"Gempa M6,5 di Dekat Kepulauan Seribu, Dipastikan Tak Berpotensi Tsunami",Fakta,Liputan6 Nasional (2026-09-12)
"Dua Pria Ditangkap Bawa 5,2 Kg Sabu Senilai Rp 5,24 M",Fakta,Liputan6 Nasional (2026-09-12)
"Jelang Laga Persija vs Persib, Depok Perketat Pengamanan",Fakta,Liputan6 Nasional (2026-09-12)
"Prabowo Tiba di India, Bawa Agenda Strategis di BRICS",Fakta,Liputan6 Nasional (2026-09-12)
Sikap KAI Commuter soal Viral Ibu Hirup Kamper,Fakta,Liputan6 Nasional (2026-09-12)
Pasar Karbon Berkualitas Bukan Sekadar Kejar Nilai Ekonomi,Fakta,Liputan6 Nasional (2026-09-12)
"Gempa Kepulauan Seribu Intraslab, Ini Alasan Guncangannya Terasa Jauh",Fakta,Liputan6 Nasional (2026-09-12)
"Gempa Kepulauan Seribu, Getaran Terasa hingga Yogyakarta",Fakta,Liputan6 Nasional (2026-09-12)
"Cerita Elsa, Penumpang yang Melihat Ibu Hirup Kamper di KRL",Fakta,Liputan6 Nasional (2026-09-12)
"Gempa Magnitudo 5,9 Guncang Kepulauan Seribu",Fakta,Liputan6 Nasional (2026-09-12)
"Erupsi Anak Krakatau Berubah, Suplai Magma Masih Terpantau",Fakta,Liputan6 Nasional (2026-09-11)
Roy Suryo Jalani Sidang Perdana Kasus Ijazah Pekan Depan,Fakta,Liputan6 Nasional (2026-09-11)
PFI Minta Publik Tak Sebar Informasi Belum Terverifikasi Soal Jurnalis Hilang,Fakta,Liputan6 Nasional (2026-09-11)
Wamendagri Dorong Anak Papua Punya Cita-Cita Besar,Fakta,Liputan6 Nasional (2026-09-11)
"Dari Sampah Jadi Green Jobs, TPS3R Guwosari Ciptakan Peluang Ekonomi Warga",Fakta,Liputan6 Nasional (2026-09-11)
"Update Pencarian 5 Jurnalis Hilang Kontak, SAR Kembali Temukan Pelampung",Fakta,Liputan6 Nasional (2026-09-11)
KPK Duga Sekda Banyumas Tahu Kasus Korupsi Rektor Unsoed,Fakta,Liputan6 Nasional (2026-09-11)
KPK Ungkap Peran Guru SMA dalam Kasus Korupsi Rektor Unsoed,Fakta,Liputan6 Nasional (2026-09-11)
Daftar 6 Lokasi Digeledah KPK Terkait Kasus Rektor Unsoed,Fakta,Liputan6 Nasional (2026-09-11)
Sampah Serang Raya Bakal Diubah Jadi Listrik,Fakta,Liputan6 Nasional (2026-09-11)
"Bobotoh Dilarang ke GBK, Polisi Siapkan 3 Titik Penyekatan",Fakta,Liputan6 Nasional (2026-09-11)
"17.800 Personel Kawal Persija vs Persib, Polisi Siapkan Penyekatan",Fakta,Liputan6 Nasional (2026-09-11)
Infografis: 6 Pemimpin Dunia dengan Gaji Tertinggi,Fakta,Liputan6 Nasional (2026-09-11)
"Jelang Persija vs Persib, The Jakmania Berkomitmen Tak Sebar Provokasi",Fakta,Liputan6 Nasional (2026-09-11)
"BNPB Ungkap Anak Krakatau Belum Reda, Erupsi Lanjutan Masih Mengintai",Fakta,Liputan6 Nasional (2026-09-11)
"Persija vs Persib di GBK, Ini Pesan Pramono untuk Jakmania",Fakta,Liputan6 Nasional (2026-09-11)
Ferry Boboho Kembalikan Rp 5 Miliar ke Kejagung,Fakta,Liputan6 Nasional (2026-09-11)
Lokasi Parkir untuk Penonton Persib vs Persija di GBK,Fakta,Liputan6 Nasional (2026-09-11)
"Tiga Pulau Disisir Cari Jurnalis Hilang, Tim SAR Ungkap Hasilnya",Fakta,Liputan6 Nasional (2026-09-11)
"Pelampung Ditemukan Saat Cari Jurnalis Hilang, Bukan dari Arupadhatu 1",Fakta,Liputan6 Nasional (2026-09-11)
DPR Desak Strategi Baru Pemerintah Hadapi KKB Papua,Fakta,Liputan6 Nasional (2026-09-11)
Kapolri Minta Pengusaha Perlakukan Buruh sebagai Mitra,Fakta,Liputan6 Nasional (2026-09-11)
Kapolri Janji Berantas Premanisme dan Pungli di Kawasan Industri,Fakta,Liputan6 Nasional (2026-09-11)
Pramono Dalami Usulan Kartu Transportasi Gratis untuk Pelajar,Fakta,Liputan6 Nasional (2026-09-11)
Pencarian Rombongan Jurnalis Hilang Kontak Diperluas ke Darat,Fakta,Liputan6 Nasional (2026-09-11)
Keluarga Mahasiswi Tewas Dicekoki Narkoba Minta Proses Hukum Transparan,Fakta,Liputan6 Nasional (2026-09-11)
Pramono Targetkan Stunting Turun Jadi 14% dalam Dua Tahun,Fakta,Liputan6 Nasional (2026-09-11)
2 Terduga Pelaku Penembakan ASN Jayawijaya Sudah Lama Diburu Polisi,Fakta,Liputan6 Nasional (2026-09-11)
Detik-Detik KKB Tembak Brutal 3 ASN di Jayawijaya,Fakta,Liputan6 Nasional (2026-09-11)
Identitas 2 Anggota KKB Penembak ASN di Jayawijaya,Fakta,Liputan6 Nasional (2026-09-11)
"Sempat Batal, Peresmian LRT Kelapa Gading-Manggarai Ditargetkan Bulan Ini",Fakta,Liputan6 Nasional (2026-09-11)
"Kubu Gus Alex Minta Jokowi Dipanggil jadi Saksi, Ini Reaksi KPK",Fakta,Liputan6 Nasional (2026-09-11)
DPR Minta Pemerintah Dampingi Keluarga Jurnalis Hilang Kontak,Fakta,Liputan6 Nasional (2026-09-11)
MRT Ungkap Peran Komunitas di Balik Blok M yang Tetap Hidup dan Dinamis,Fakta,Liputan6 Nasional (2026-09-11)
MRT Siapkan Wajah Baru Kota Tua,Fakta,Liputan6 Nasional (2026-09-11)
Update Hari Keempat Pencarian Jurnalis Hilang Kontak di Selat Sunda,Fakta,Liputan6 Nasional (2026-09-11)
"2 Kepala Daerah Kutuk Penembakan Warga oleh KKB, Minta Negara Tegas",Fakta,Liputan6 Nasional (2026-09-11)
"Bareskrim Tangkap Erick Soedjasa, Tersangka Kasus Penggelapan Rp 37,4 Miliar",Fakta,Liputan6 Nasional (2026-09-11)
Korban Gempa NTT Nyaris Sebulan Tidur Tanpa Terpal dan Selimut,Fakta,Liputan6 Nasional (2026-09-11)
"Pencarian 5 Jurnalis Hilang Kontak, Tim SAR Belum Bisa Masuk Pulau Sertung",Fakta,Liputan6 Nasional (2026-09-11)
KemenHAM Minta Penembakan 3 ASN di Jayawijaya Diusut: Ini Sangat Keji,Fakta,Liputan6 Nasional (2026-09-11)
"Kapal Supertanker Milik Iran Tak Kunjung Laku Dilelang, Terancam Jadi Besi Tua",Fakta,Liputan6 Nasional (2026-09-11)
Dudung: Ulta Levenia Nababan Bukan Lagi Tenaga Ahli KSP,Fakta,Liputan6 Nasional (2026-09-11)
Kejagung Bantah BAP Tan Kian yang Beredar di Medsos Milik Tim 9,Fakta,Liputan6 Nasional (2026-09-11)
"Video Ceramah Tuai Kecaman, Abah Setu Minta Maaf",Fakta,Liputan6 Nasional (2026-09-11)
Empat Pemuda Diduga Gangster Serang Pria Nongkrong di Jakut,Fakta,Liputan6 Nasional (2026-09-10)
Mahasiswi Tewas di Hotel Cengkareng Usai Dicekoki Narkoba,Fakta,Liputan6 Nasional (2026-09-10)
"Usut Dugaan Korupsi MBG, Kejagung Panggil 6 Saksi",Fakta,Liputan6 Nasional (2026-09-10)
"Sidang Korupsi Haji, Kubu Gus Alex Minta Jokowi Dipanggil Jadi Saksi",Fakta,Liputan6 Nasional (2026-09-10)
Ini Penampakan Pelampung dan Buoy Ditemukan Kapal TNI di Selat Sunda,Fakta,Liputan6 Nasional (2026-09-10)
Infografis: 5 Negara dengan Kereta Bawah Tanah Terpanjang di Dunia,Fakta,Liputan6 Nasional (2026-09-10)
"Warga Bisa Jajal Naik LRT Kelapa Gading-Manggarai, Ini Jadwalnya",Fakta,Liputan6 Nasional (2026-09-10)
Penampakan Uang Rp 1 Triliun Sitaan Kejagung dari Kasus Korupsi Hutan Lampung,Fakta,Liputan6 Nasional (2026-09-10)
Pramono Siap Nonton Laga Persija Vs Persib Jika Digelar di Jakarta,Fakta,Liputan6 Nasional (2026-09-10)
Gibran Tinjau Penanganan Kebakaran Hutan di 3 Provinsi Kalimantan,Fakta,Liputan6 Nasional (2026-09-10)
"LRT Jabodebek Layani 21,8 Juta Pengguna hingga Agustus 2026",Fakta,Liputan6 Nasional (2026-09-10)
"Perlinsos Diakses 50 Juta Pengguna, Ketahanan Sistem Diuji",Fakta,Liputan6 Nasional (2026-09-10)
"Laporan Liputan6.com dari Kapal Basarnas, Pencarian Sampai Mulut Samudra Hindia Masih Nihi...",Fakta,Liputan6 Nasional (2026-09-10)
BMKG: Sebaran Abu Vulkanik Anak Krakatau Tak Lagi Terdeteksi di Wilayah RI,Fakta,Liputan6 Nasional (2026-09-10)
Digitalisasi Bansos Ditargetkan Rampung Oktober 2026,Fakta,Liputan6 Nasional (2026-09-10)
Jaksa KPK Putar Video Pidato Jokowi di Sidang Korupsi Kuota Haji,Fakta,Liputan6 Nasional (2026-09-10)
Kondisi Cuaca Sekitar Anak Krakatau Sebelum 5 Jurnalis Hilang Kontak,Fakta,Liputan6 Nasional (2026-09-10)
PFI Minta Tim SAR Sisir Pulau Sertung dan Pulau Panjang Cari 5 Jurnalis Hilang,Fakta,Liputan6 Nasional (2026-09-10)
"3 ASN Diduga Ditembak KKB Papua Usai Salurkan Bantuan, Pelaku Diburu",Fakta,Liputan6 Nasional (2026-09-10)
"Anggota DPR Usul BMKG, Badan Geologi dan BNPB Jadi Satu Lembaga",Fakta,Liputan6 Nasional (2026-09-10)
Dito Ariotedjo Ungkap Asal-usul Kuota Haji Tambahan,Fakta,Liputan6 Nasional (2026-09-10)
KPK Buka Sprindik Baru di Kasus Suap Ijon Bupati Bekasi Ade Kuswara,Fakta,Liputan6 Nasional (2026-09-10)
Sekolah di Kembangan Jakbar Kebakaran,Fakta,Liputan6 Nasional (2026-09-10)
SAR Perluas Pencarian 5 Jurnalis Hilang hingga Tepi Anak Krakatau,Fakta,Liputan6 Nasional (2026-09-10)
"KPK Geledah Dinas PUPR dan Setda Muara Enim, Sita Sejumlah Dokumen",Fakta,Liputan6 Nasional (2026-09-10)
"Luhut: Perlinsos Digital Mulai Oktober, Bansos Langsung ke Rekening Penerima",Fakta,Liputan6 Nasional (2026-09-10)
Otorita IKN: Kebakaran Hutan Jauh dari Kawasan Inti Pemerintahan,Fakta,Liputan6 Nasional (2026-09-10)
"Prabowo Perintahkan Pencarian Jurnalis Hilang Kontak, 11 Kapal Dikerahkan",Fakta,Liputan6 Nasional (2026-09-10)
Aldi Taher Gabung Demokrat,Fakta,Liputan6 Nasional (2026-09-10)
"Polisi Perluas Pencarian Jurnalis Hilang Kontak, Helikopter Disiapkan",Fakta,Liputan6 Nasional (2026-09-10)
DKI Gelontorkan Rp 90 Miliar untuk Bangun SJUT di 10 Ruas Jalan,Fakta,Liputan6 Nasional (2026-09-10)
Kolaborasi Lintas Negara Jadi Kunci Hadapi Krisis Iklim di Asia Tenggara,Fakta,Liputan6 Nasional (2026-09-10)
Pramono Anung Targetkan Kabel Semrawut Tuntas Lima Tahun,Fakta,Liputan6 Nasional (2026-09-10)
Pramono Ungkap Nasib 29 Pelajar Usai Ikut Demo,Fakta,Liputan6 Nasional (2026-09-10)
Tim SAR Tambah Kapal Cari Jurnalis Hilang Kontak di Selat Sunda,Fakta,Liputan6 Nasional (2026-09-10)
"Berharap Titik Terang, Istri Jurnalis Merdeka.com Ikut Pencarian",Fakta,Liputan6 Nasional (2026-09-10)
Jaringan Narkoba Bekasi Ternyata Dilengkapi Senpi,Fakta,Liputan6 Nasional (2026-09-10)
"Anak Krakatau Kembali Erupsi, Ini Hasil Pantauan Terbaru",Fakta,Liputan6 Nasional (2026-09-10)
"Kecelakaan di Tol Wiyoto Wiyono, 3 Pekerja Proyek Tewas",Fakta,Liputan6 Nasional (2026-09-10)
"Jurnalis Hilang Kontak di Selat Sunda, Warga Pesisir Ikut Bantu Pencarian",Fakta,Liputan6 Nasional (2026-09-10)
"Antisipasi Tsunami Dampak Erupsi Anak Krakatau, BNPB Cek Kesiapan Pesisir Banten",Fakta,Liputan6 Nasional (2026-09-10)
Berkas Kasus Taksi Green SM Tabrak KRL Dikirim Lagi ke Kejari Bekasi,Fakta,Liputan6 Nasional (2026-09-10)
"Cuaca Hari Ini, BMKG Prakirakan Hujan hingga Hujan Petir",Fakta,Liputan6 Nasional (2026-09-10)
"Kebakaran Dapur Gizi RSUD Saiful Anwar Malang, Asap Sempat Masuk Ruang Anak",Fakta,Liputan6 Nasional (2026-09-10)
"Cerita Rafki, Menembus Sungai hingga Pegunungan Demi Bantu Korban Gempa NTT",Fakta,Liputan6 Nasional (2026-09-10)
Begini Kondisi Sebaran Debu Vulkanik Anak Krakatau Pagi Ini,Fakta,Liputan6 Nasional (2026-09-10)
Dito Ariotedjo Jadi Saksi Sidang Korupsi Kuota Haji Hari Ini,Fakta,Liputan6 Nasional (2026-09-10)
Anggota TNI Diduga Aniaya Warga di Manggarai Barat,Fakta,Liputan6 Nasional (2026-09-10)
"Gempa Susulan di NTT Terus Terjadi, Ini Data Terbarunya",Fakta,Liputan6 Nasional (2026-09-10)
Eks Dirut Bank BJB Yuddy Bantah Ada Aliran Dana Usai Diperiksa KPK,Fakta,Liputan6 Nasional (2026-09-10)
Prabowo Puji SBY: Taruna Akmil Terbaik,Fakta,Liputan6 Nasional (2026-09-10)
KPK Dalami Pemberian dari Perusahaan ke Bupati Lombok Barat,Fakta,Liputan6 Nasional (2026-09-10)
Prabowo soal Demokrat: Tak Pernah Bakar-Bakar saat Tidak Berkuasa,Fakta,Liputan6 Nasional (2026-09-10)
Eks Menpora Dito Ariotedjo Bakal Dihadirkan di Sidang Kasus Kuota Haji Besok,Fakta,Liputan6 Nasional (2026-09-09)
Prabowo: Pakar-Institusi Dunia Bilang RI Akan Jadi Negara Ekonomi Terbesar ke-4,Fakta,Liputan6 Nasional (2026-09-09)
Seluruh Bandara InJourney Airports Kembali Beroperasi Penuh Usai Terdampak Erupsi Gunung A...,Fakta,Liputan6 Nasional (2026-09-09)
"Di Hadapan Prabowo, AHY Tegaskan Posisi Demokrat di Pemerintahan",Fakta,Liputan6 Nasional (2026-09-09)
Prabowo Tanggapi Pidato AHY soal Kekuasaan: Sistematis dan Tegas,Fakta,Liputan6 Nasional (2026-09-09)
"Kasus Korupsi MBG, Kejagung Periksa Penjual Ompreng hingga Yayasan",Fakta,Liputan6 Nasional (2026-09-09)
29 Pelajar Terjaring Ikut Demo DPR Dikirim ke Barak Militer,Fakta,Liputan6 Nasional (2026-09-09)
"Harlah ke-25 Demokrat, Sosok Ani Yudhoyono Dihadirkan Lewat AI",Fakta,Liputan6 Nasional (2026-09-09)
Kenapa Helikopter Tak Dikerahkan Cari 5 Jurnalis Hilang di Selat Sunda?,Fakta,Liputan6 Nasional (2026-09-09)
Kepala Basarnas Banten Ungkap Alasan Tim SAR Tak Bisa Lakukan Penyelaman Cari Jurnalis Hil...,Fakta,Liputan6 Nasional (2026-09-09)
SAR Perluas Pencarian 5 Jurnalis Hilang Kontak ke Utara Anak Krakatau Besok,Fakta,Liputan6 Nasional (2026-09-09)
KPK Periksa Istri Bupati Pemalang Terkait Kasus Pemerasan,Fakta,Liputan6 Nasional (2026-09-09)
Infografis: 10 Perusahaan Pertahanan Terbesar Dunia,Fakta,Liputan6 Nasional (2026-09-09)
Pesan Prabowo ke Kontingen Asian Games 2026,Fakta,Liputan6 Nasional (2026-09-09)
Penggeledahan Kantor BPN Bogor Diduga Terkait Mafia Tanah PTSL 2019,Fakta,Liputan6 Nasional (2026-09-09)
Dua Anggota DPRD Pemalang Dipanggil KPK Terkait Kasus Bupati Anom,Fakta,Liputan6 Nasional (2026-09-09)
Prabowo Siapkan Bonus Rp 3 M untuk Atlet Peraih Medali Emas Asian Games,Fakta,Liputan6 Nasional (2026-09-09)
"Kantor BPN Bogor Digeledah Polisi, Dikawal Personel Brimob Bersenjata",Fakta,Liputan6 Nasional (2026-09-09)
Mangrove Berperan Jaga Pesisir dan Pengembangan Ekonomi Masyarakat,Fakta,Liputan6 Nasional (2026-09-09)
Tiga Kapal Perang Dikerahkan Cari 5 Jurnalis Hilang di Selat Sunda,Fakta,Liputan6 Nasional (2026-09-09)
Kortas Tipidkor Ungkap Hasil Monitoring Program Kopdes Merah Putih,Fakta,Liputan6 Nasional (2026-09-09)
KPK Buru Keterangan Stafsus Menhut soal Pengembalian Amplop Bupati Kuansing,Fakta,Liputan6 Nasional (2026-09-09)
Strategi Mendagri agar Sumatera Jadi Kekuatan Ekonomi Nasional,Fakta,Liputan6 Nasional (2026-09-09)
Polri Nilai RUU Perampasan Aset Bisa Bikin Koruptor Jera,Fakta,Liputan6 Nasional (2026-09-09)
"Polri Ungkap Celah Korupsi MBG: Pengadaan, Operasional hingga SPPG",Fakta,Liputan6 Nasional (2026-09-09)
Airlangga Pribadi Kusman Tutup Usia,Fakta,Liputan6 Nasional (2026-09-09)
DPR Soroti Korban Keracunan MBG yang Alami Gangguan Ingatan,Fakta,Liputan6 Nasional (2026-09-09)
Saksi Korupsi Lombok Barat Tak Hadir akibat Debu Anak Krakatau,Fakta,Liputan6 Nasional (2026-09-09)
KPK Pastikan Penyelidikan Dugaan Korupsi Whoosh Terus Berjalan,Fakta,Liputan6 Nasional (2026-09-09)
Polisi Ungkap Alasan Pencarian 5 Jurnalis Hilang Belum Lewat Udara,Fakta,Liputan6 Nasional (2026-09-09)
"Prabowo Lepas Kontingen Asian Games 2026, 432 Atlet Siap Bertanding",Fakta,Liputan6 Nasional (2026-09-09)
"Pria Ditemukan Meninggal di GBK, Sempat Unggah Pesan Akhiri Hidup",Fakta,Liputan6 Nasional (2026-09-09)
Penampakan Terkini Anak Krakatau dari KRI Lepu,Fakta,Liputan6 Nasional (2026-09-09)
Pemprov DKI Anggarkan Rp 250 Juta untuk Kajian Ikan Sapu-Sapu,Fakta,Liputan6 Nasional (2026-09-09)
Mantan Wakil Jaksa Agung Abdul Hakim Ritonga Meninggal Dunia,Fakta,Liputan6 Nasional (2026-09-09)
"KPK Periksa Eks Dirut Bank BJB Yuddy Renaldi, Ini yang Digali",Fakta,Liputan6 Nasional (2026-09-09)
"Ledakan LPG di Tambora, Satu Orang Luka Bakar",Fakta,Liputan6 Nasional (2026-09-09)
"Telusuri Aset Eks Pejabat Pajak, KPK Periksa Lima Saksi",Fakta,Liputan6 Nasional (2026-09-09)
Polisi Sisir 3 Perairan Cari Jurnalis Hilang Kontak di Selat Sunda,Fakta,Liputan6 Nasional (2026-09-09)
Direksi PT CNI Diperiksa dalam Kasus Korupsi Nikel,Fakta,Liputan6 Nasional (2026-09-09)
KPK Geledah Rumah Direktur PT CMC Terkait Kasus Rejang Lebong,Fakta,Liputan6 Nasional (2026-09-09)
"Anak Krakatau Erupsi Lagi, Ini Sebab Letusan Tak Terlihat",Fakta,Liputan6 Nasional (2026-09-09)
Monas Ditutup untuk Wisata Mulai 9 September 2026,Fakta,Liputan6 Nasional (2026-09-09)
"Modus Live Streaming Pornografi di TikTok Terbongkar, Penonton Diarahkan ke Tevi",Fakta,Liputan6 Nasional (2026-09-09)
Ini Deretan Armada yang Dikerahkan untuk Pencarian Rombongan Jurnalis,Fakta,Liputan6 Nasional (2026-09-09)
"5 Jurnalis Hilang Kontak di Selat Sunda, iNews Sampaikan Harapan",Fakta,Liputan6 Nasional (2026-09-09)
Merdeka.com Terus Koordinasi dengan Basarnas Cari Jurnalis Hilang Kontak,Fakta,Liputan6 Nasional (2026-09-09)
Daftar 5 Jurnalis yang Hilang Kontak di Selat Sunda,Fakta,Liputan6 Nasional (2026-09-09)
Tim SAR Perluas Pencarian Rombongan Jurnalis di Selat Sunda,Fakta,Liputan6 Nasional (2026-09-09)
Pagi Ini Abu Anak Krakatau Capai 7.000 Kaki,Fakta,Liputan6 Nasional (2026-09-09)
Jepang Kirim 3 Helikopter Bantu Atasi Kebakaran Hutan di Indonesia,Fakta,Liputan6 Nasional (2026-09-09)
5 Mahasiswa Gugat Pasal Santet ke MK,Fakta,Liputan6 Nasional (2026-09-09)
"Kebakaran Hutan Belum Mereda, 6 Provinsi Jadi Prioritas",Fakta,Liputan6 Nasional (2026-09-09)
Dua Drone Termal Dikerahkan Cari Rombongan Jurnalis di Selat Sunda,Fakta,Liputan6 Nasional (2026-09-09)
Kronologi Rombongan Jurnalis Hilang Kontak di Selat Sunda,Fakta,Liputan6 Nasional (2026-09-09)
Kelakar Pramono Minta Satpol PP Belajar Menahan Emosi,Fakta,Liputan6 Nasional (2026-09-09)
Update Penanganan Kebakaran Hutan di Kalimantan hingga Sumatera,Fakta,Liputan6 Nasional (2026-09-09)
"Febrie Adriansyah Dicecar 22 Pertanyaan, Kuasa Hukum: Tetap Kooperatif",Fakta,Liputan6 Nasional (2026-09-09)
Puan Bicara Rencana Penggabungan Badan Geologi dan BMKG,Fakta,Liputan6 Nasional (2026-09-08)
Polda Banten dan Basarnas Kerahkan Tim Cari Jurnalis yang Hilang Kontak di Selat Sunda,Fakta,Liputan6 Nasional (2026-09-08)
Pramono Ingatkan Warga Waspada Potensi Kebakaran saat El Nino,Fakta,Liputan6 Nasional (2026-09-08)
BMKG Beberkan Kebutuhan Anggaran Mitigasi,Fakta,Liputan6 Nasional (2026-09-08)
Kapal Induk Garibaldi akan Langsung Debut Tangani Kebakaran Hutan,Fakta,Liputan6 Nasional (2026-09-08)
5 Gunung Api Indonesia yang Berstatus Siaga,Fakta,Liputan6 Nasional (2026-09-08)
BNPB Gunakan Water Mist hingga 1 Ton Garam Atasi Abu Anak Krakatau,Fakta,Liputan6 Nasional (2026-09-08)
"Abu Anak Krakatau Mereda, Sekolah di Jakarta Kembali Normal Besok",Fakta,Liputan6 Nasional (2026-09-08)
Ace Hasan Buka Suara Namanya Disebut Terima Jatah Kuota Haji Tambahan,Fakta,Liputan6 Nasional (2026-09-08)
"Dari Tempurung hingga Tongkol, Limbah Pertanian Disulap Jadi Energi",Fakta,Liputan6 Nasional (2026-09-08)
Penampakan Febrie Adriansyah Usai 7 Jam Diperiksa Tim 9 Kejagung,Fakta,Liputan6 Nasional (2026-09-08)
"Kemendikdasmen Ungkap Hasil PISA 2025, Ini Perubahan Skor Indonesia",Fakta,Liputan6 Nasional (2026-09-08)
"Update Korban Gempa NTT: 135 Orang Meninggal, 98.986 Rumah Rusak",Fakta,Liputan6 Nasional (2026-09-08)
"Ancol Perluas Proyek Reklamasi 65 Hektare, Bakal Dibangun Hotel hingga RS",Fakta,Liputan6 Nasional (2026-09-08)
"Anak Krakatau Masih Erupsi, BMKG Sebut Abu Tak Mengarah ke Jakarta",Fakta,Liputan6 Nasional (2026-09-08)
DPR Soroti Penanganan Kebakaran Hutan dan Bencana yang Belum Terpadu,Fakta,Liputan6 Nasional (2026-09-08)
Legislator Kritik BMKG: Pakai Bahasa yang Mudah Dimengerti,Fakta,Liputan6 Nasional (2026-09-08)
Infografis: Barang Wajib Dalam Tas Darurat Kebencanaan,Fakta,Liputan6 Nasional (2026-09-08)
Anggota DPR Eva Stevany Buka Suara Namanya Masuk Desil 4 Rentan Miskin,Fakta,Liputan6 Nasional (2026-09-08)
Reaksi KPK saat Silmy Karim Ajukan Praperadilan Terkait Penyitaan,Fakta,Liputan6 Nasional (2026-09-08)
"Abu Anak Krakatau Capai 7.000 Kaki, BMKG Ungkap Arah Sebarannya",Fakta,Liputan6 Nasional (2026-09-08)
Pemprov DKI Beri Keringanan PBB-P2 5% hingga 30 September 2026,Fakta,Liputan6 Nasional (2026-09-08)
"BPA Kejagung Setor Rp 26,04 Triliun Hasil Lelang Rampasan",Fakta,Liputan6 Nasional (2026-09-08)
DPRD DKI Soroti Banyak Parkir Liar di Jakarta: Pemprov Harus Tindak Tegas,Fakta,Liputan6 Nasional (2026-09-08)
"Isu Demo Black September, Ini Perintah Wakapolri ke Polisi",Fakta,Liputan6 Nasional (2026-09-08)
Eks Wamen Imipas Silmy Karim Gugat Penyitaan KPK,Fakta,Liputan6 Nasional (2026-09-08)
Alasan Komisi V DPR Dukung Badan Geologi Gabung BMKG,Fakta,Liputan6 Nasional (2026-09-08)
"Catatan Pembagian Kuota Haji Khusus Muncul di Sidang: BIN, DPR Hingga NU",Fakta,Liputan6 Nasional (2026-09-08)
"Pria Kanada Ramal Indonesia Bakal Diguncang Gempa Dahsyat, BMKG Bilang Begini",Fakta,Liputan6 Nasional (2026-09-08)
"Kembali Dibuka, 8 Bandara Dipastikan Aman dari Abu Anak Krakatau",Fakta,Liputan6 Nasional (2026-09-08)
Demokrat Sebut Pidato AHY Soal Kekuasaan sebagai Pembelajaran Demokrasi,Fakta,Liputan6 Nasional (2026-09-08)
Prabowo Pertimbangkan Menggabung Badan Geologi dan BMKG,Fakta,Liputan6 Nasional (2026-09-08)
"Range Rover hingga Tas Mewah, Deretan Barang Sitaan Eks Honorer Kemenag",Fakta,Liputan6 Nasional (2026-09-08)
"Pria Lompat ke Rel Stasiun Tanah Abang, KAI Ungkap Kronologinya",Fakta,Liputan6 Nasional (2026-09-08)
Menteri Transmigrasi Dorong Batam Jadi Contoh Pusat Ekonomi Baru,Fakta,Liputan6 Nasional (2026-09-08)
Puan Minta Dugaan Lahan Bekas Kebakaran Hutan Jadi Kebun Sawit Diselidiki,Fakta,Liputan6 Nasional (2026-09-08)
Sido Muncul Kembali Salurkan Bantuan Rp510 Juta untuk Masyarakat Terdampak Gempa NTT,Fakta,Liputan6 Nasional (2026-09-08)
RUU Reforma Agraria Jadi Usul Inisiatif DPR,Fakta,Liputan6 Nasional (2026-09-08)
"Gempa Magnitudo 5,2 Guncang 60 km Timur Laut RUTENG-MANGGARAI-NTT",Fakta,Liputan6 Nasional (2026-09-08)
Kejagung Tak Dampingi Febrio Adriono di Kasus Kematian Sutrimo,Fakta,Liputan6 Nasional (2026-09-08)
"Sebelum ke Luar Negeri, Prabowo Pastikan Masalah Domestik Tertangani",Fakta,Liputan6 Nasional (2026-09-08)
DPR Setujui Penjualan Eks KRI Ki Hajar Dewantara Lewat Lelang,Fakta,Liputan6 Nasional (2026-09-08)
"Abu Anak Krakatau Menyebar, PAM Jaya Ungkap Kondisi Air Jakarta",Fakta,Liputan6 Nasional (2026-09-08)
"Febrie Adriansyah Kembali Diperiksa Tim 9 Kejagung, Begini Kondisinya",Fakta,Liputan6 Nasional (2026-09-08)
Sidang Ade Kuswara dan Roy Suryo Ditunda Imbas Erupsi Anak Krakatau,Fakta,Liputan6 Nasional (2026-09-08)
Helikopter TNI AU Dikerahkan Padamkan Kebakaran TPA Galuga,Fakta,Liputan6 Nasional (2026-09-08)
Pemerintah Tegaskan Desil Bukan Penentu Tunggal Penerima Bansos,Fakta,Liputan6 Nasional (2026-09-08)
Febrie Adriansyah Kembali Diperiksa Terkait Kasus Asabri,Fakta,Liputan6 Nasional (2026-09-08)
"Anak Krakatau Erupsi Lagi Pagi Ini, Simak Detailnya",Fakta,Liputan6 Nasional (2026-09-08)
"BMKG Prediksi Hujan di Sejumlah Wilayah Hari Ini, Cek Daftarnya",Fakta,Liputan6 Nasional (2026-09-08)
KPK Ungkap Anggota DPRD Bengkulu Diduga Terima 2 Mobil dari Swasta,Fakta,Liputan6 Nasional (2026-09-08)
Kejagung Tanggapi Tudingan Aliran Rp 40 Miliar ke Pejabat,Fakta,Liputan6 Nasional (2026-09-08)
KPK Duga Istri Bupati Pemalang Punya Peran Penting dalam Kasus Pemerasan,Fakta,Liputan6 Nasional (2026-09-08)
"RUU Reforma Agraria Disetujui, Badan Baru Bakal Dibentuk",Fakta,Liputan6 Nasional (2026-09-08)
Kapan Hujan Abu Anak Krakatau Berhenti?,Fakta,Liputan6 Nasional (2026-09-08)
BMKG: Abu Vulkanik Anak Krakatau Diprakirakan Menjauhi Indonesia,Fakta,Liputan6 Nasional (2026-09-08)
"Menko Yusril Soal Buku Islam Ala Prabowo, “Saya Tidak Menulis, Hanya Diwawancarai""",Fakta,Liputan6 Nasional (2026-09-08)
Cerita WN Arab Saudi Tertahan 2 Hari di Soekarno-Hatta Imbas Abu Anak Krakatau,Fakta,Liputan6 Nasional (2026-09-08)
"Kejagung Ambil Alih Kasus Pemanfaatan Hutan di Lampung, 47 Saksi Diperiksa",Fakta,Liputan6 Nasional (2026-09-08)
"Hadapi El Nino, Prabowo Perintahkan Bantuan Beras Lanjut hingga Desember",Fakta,Liputan6 Nasional (2026-09-07)
Strategi Pramono Redam Abu Vulkanik Anak Krakatau di Jakarta,Fakta,Liputan6 Nasional (2026-09-07)
Dua Malam Marselus Menunggu Kepastian di Bandara Soetta,Fakta,Liputan6 Nasional (2026-09-07)
Pramono Segera Putuskan Tarif Baru Masuk Ragunan,Fakta,Liputan6 Nasional (2026-09-07)
Kejagung Siapkan Tiga Instrumen Hukum Tangani Kebakaran Hutan,Fakta,Liputan6 Nasional (2026-09-07)
Wamendagri Tegaskan Pemda Tak Boleh Kuasai Tanah Ulayat secara Sepihak,Fakta,Liputan6 Nasional (2026-09-07)
Imigrasi Bebaskan Denda Overstay WNA Terdampak Erupsi Krakatau,Fakta,Liputan6 Nasional (2026-09-07)
Menko AHY Ungkap Alasan Perpanjang Waktu Penutupan Bandara Soekarno-Hatta,Fakta,Liputan6 Nasional (2026-09-07)
Kasus Unsoed Jadi Bahan Evaluasi Jalur Mandiri Perguruan Tinggi,Fakta,Liputan6 Nasional (2026-09-07)
BMKG Ungkap Hasil Pantauan Tsunami di Selat Sunda,Fakta,Liputan6 Nasional (2026-09-07)
"Transformasi Digital Pendidikan Berbuah Penghargaan, UT Raih Anugerah Ekonomi Hijau 2026",Fakta,Liputan6 Nasional (2026-09-07)
"Ada Kapal Induk Italia, Begini Strategi Prabowo Atasi Kebakaran Hutan",Fakta,Liputan6 Nasional (2026-09-07)
"Abu Anak Krakatau Bikin Masker Langka, Pramono: Jangan Mainkan Harga",Fakta,Liputan6 Nasional (2026-09-07)
Golkar Nilai AHY Beri Sinyal Siap Maju Pilpres 2029,Fakta,Liputan6 Nasional (2026-09-07)
Kronologi Ulama KH Ahmad Fudholi Meninggal Usai Kecelakaan,Fakta,Liputan6 Nasional (2026-09-07)
Duo BPJS Bersinergi Awasi Kepatuhan Pemberi Kerja terhadap Program Jaminan Sosial,Fakta,Liputan6 Nasional (2026-09-07)
KPK Usut Pemberian Mobil untuk Anggota DPRD Kota Bengkulu,Fakta,Liputan6 Nasional (2026-09-07)
Aset Karbon PLTP Gunung Salak Jadi Sumber Ekonomi Baru,Fakta,Liputan6 Nasional (2026-09-07)
"Abu Anak Krakatau Belum Hilang, Belajar Online di Jakarta Diperpanjang",Fakta,Liputan6 Nasional (2026-09-07)
"Abu Anak Krakatau Sampai Depok, Masker Diburu hingga Stok Menipis",Fakta,Liputan6 Nasional (2026-09-07)
Prabowo Ingatkan Kebakaran Hutan Jangan Sampai ke Zona Inti IKN,Fakta,Liputan6 Nasional (2026-09-07)
"Bandara Soetta Masih Tutup Imbas Abu Vulkanik Krakatau, Bus Gratis Jadi Pilihan",Fakta,Liputan6 Nasional (2026-09-07)
Prabowo Dapat Laporan Lahan Terbakar Jadi Kebun Sawit,Fakta,Liputan6 Nasional (2026-09-07)
"Tertahan di Soetta, Ben Gagal Antar Ibunya ke Peristirahatan Terakhir",Fakta,Liputan6 Nasional (2026-09-07)
Dua Strategi Tangani Abu Anak Krakatau,Fakta,Liputan6 Nasional (2026-09-07)
Prabowo Bakal Tambah Anggaran Mitigasi Bencana,Fakta,Liputan6 Nasional (2026-09-07)
Kabareskrim Ungkap 78 Titik Rawan Konflik Agraria di Indonesia,Fakta,Liputan6 Nasional (2026-09-07)
Kondisi Udara Jakarta Usai Penyiraman Abu Anak Krakatau,Fakta,Liputan6 Nasional (2026-09-07)
YPP Emtek Media Bergerak dari Aceh hingga NTT Bantu Penyintas Bencana,Fakta,Liputan6 Nasional (2026-09-07)
BNPB Modifikasi Cuaca Tangani Abu Anak Krakatau,Fakta,Liputan6 Nasional (2026-09-07)
Mendes PDT Ungkap 34.323 Desa Hadapi Ketidakpastian Status Lahan,Fakta,Liputan6 Nasional (2026-09-07)
Polri Tetapkan 138 Tersangka Kasus Kebakaran Hutan,Fakta,Liputan6 Nasional (2026-09-07)
Prabowo Pimpin Rapat Penanganan Bencana: Ini Takdir Kita,Fakta,Liputan6 Nasional (2026-09-07)
Kondisi Selat Sunda di Tengah Erupsi Anak Krakatau,Fakta,Liputan6 Nasional (2026-09-07)
Penjelasan BMKG Sejauh Mana Sebaran Abu Vulkanik Anak Krakatau,Fakta,Liputan6 Nasional (2026-09-07)
624 Penerbangan di Bandara Soekarno-Hatta Terdampak Abu Anak Krakatau,Fakta,Liputan6 Nasional (2026-09-07)
DPR Sebut Kewenangan Aparat Perlu Dibatasi di RUU Perampasan Aset,Fakta,Liputan6 Nasional (2026-09-07)
Infografis: Cara Bersihkan Mobil dari Abu Vulkanik Anak Krakatau,Fakta,Liputan6 Nasional (2026-09-07)
KPID DKI Dorong TV dan Radio Jadi Rujukan Informasi di Tengah Erupsi Anak Krakatau,Fakta,Liputan6 Nasional (2026-09-07)
"Mendagri Soroti Belanja APBD Rendah, Daerah Tak Capai Target Bakal Dievaluasi",Fakta,Liputan6 Nasional (2026-09-07)
KPK Periksa 2 Anggota DPRD Kota Bengkulu Terkait Kasus Suap Proyek,Fakta,Liputan6 Nasional (2026-09-07)
Badan Geologi: Erupsi Menerus Gunung Anak Krakatau Sudah Berakhir,Fakta,Liputan6 Nasional (2026-09-07)
"Abu Anak Krakatau Ancam Kesehatan 3,3 Juta Lansia",Fakta,Liputan6 Nasional (2026-09-07)
Cerita Penumpang di Bandara Lampung Terdampak Abu Anak Krakatau,Fakta,Liputan6 Nasional (2026-09-07)
"Kebakaran Besar di Pasar Paniai, 11 Orang Tewas",Fakta,Liputan6 Nasional (2026-09-07)
"Dikira Semburan Abu, Kepulan Putih di Pasar Baru Ternyata dari Gardu",Fakta,Liputan6 Nasional (2026-09-07)
Update Sebaran Abu Vulkanik Anak Krakatau hingga Pagi Ini,Fakta,Liputan6 Nasional (2026-09-07)
"Abu Anak Krakatau Menyebar, Pemda Diminta Bagikan Masker dan Siaga 24 Jam",Fakta,Liputan6 Nasional (2026-09-07)
Infografis: Tips Hadapi Abu Vulkanik Anak Krakatau,Fakta,Liputan6 Nasional (2026-09-07)
"WN India Jadi Korban Jambret di Menteng, Satu Pelaku Ditangkap",Fakta,Liputan6 Nasional (2026-09-07)
"Imbas Abu Anak Krakatau, Soetta-Halim Ditutup hingga 18.00 WIB",Fakta,Liputan6 Nasional (2026-09-07)
"Penerbangan Masih Ditutup, Penumpang Pilih Bertahan di Bandara Soekarno-Hatta",Fakta,Liputan6 Nasional (2026-09-07)
"Gunung Ile Lewotolok Erupsi 2 Kali Pagi Ini, Terdengar Dentuman",Fakta,Liputan6 Nasional (2026-09-07)
Tarif Masuk Ragunan Diusulkan Naik Jadi Rp 10 Ribu,Fakta,Liputan6 Nasional (2026-09-07)
"12 Perjalanan KRL Bogor-Jakarta Dibatalkan, Ini Alasannya",Fakta,Liputan6 Nasional (2026-09-07)
Lampung Berlakukan PJJ 2 Hari Dampak Abu Vulkanik Anak Krakatau,Fakta,Liputan6 Nasional (2026-09-07)
Napas Orangutan di Tengah Kepungan Asap Hutan Kalimantan,Fakta,Liputan6 Nasional (2026-09-07)
"Abu Vulkanik Anak Krakatau Meluas, Warga Diminta Terus Pantau Kualitas Udara",Fakta,Liputan6 Nasional (2026-09-07)
"Selain Soetta, Penutupan 3 Bandara juga Diperpanjang hingga 08.59 WIB Pagi Ini",Fakta,Liputan6 Nasional (2026-09-07)
Instruksi Kapolri Terkait Erupsi Anak Krakatau,Fakta,Liputan6 Nasional (2026-09-07)
"Gunung Anak Krakatau Erupsi Lagi, Tinggi Abu Tak Teramati",Fakta,Liputan6 Nasional (2026-09-06)
"Aktivitas Anak Krakatau Menurun, PVMBG Ungkap Ancaman yang Masih Mengintai",Fakta,Liputan6 Nasional (2026-09-06)
"Abu Anak Krakatau, Kampus Diminta Kurangi Aktivitas Luar Ruangan",Fakta,Liputan6 Nasional (2026-09-06)
Polres Bandara Soetta Bagikan Masker dan Cek Kesehatan Calon Penumpang,Fakta,Liputan6 Nasional (2026-09-06)
"Erupsi Anak Krakatau, Penutupan Soetta Diperpanjang hingga 24.00 WIB",Fakta,Liputan6 Nasional (2026-09-06)
Sekolah Terdampak Abu Anak Krakatau Bisa Belajar dari Rumah,Fakta,Liputan6 Nasional (2026-09-06)
"Hadapi Abu Anak Krakatau, Seskab Teddy Ingatkan Warga Pakai Masker N95",Fakta,Liputan6 Nasional (2026-09-06)
Seskab Teddy: Penerbangan Menuju Jakarta Dialihkan ke Kertajati,Fakta,Liputan6 Nasional (2026-09-06)
"Abu Anak Krakatau Masuk Jakarta, Sekolah Terapkan PJJ Mulai Senin",Fakta,Liputan6 Nasional (2026-09-06)
Garuda Batalkan Penerbangan hingga 7 September Imbas Abu Anak Krakatau,Fakta,Liputan6 Nasional (2026-09-06)
"Bandara Halim Ditutup Sementara Imbas Abu Anak Krakatau, 50 Penerbangan Dibatalkan",Fakta,Liputan6 Nasional (2026-09-06)
"Soetta Ditutup, Kertajati hingga Juanda Disiapkan Jadi Alternatif",Fakta,Liputan6 Nasional (2026-09-06)
"Abu Anak Krakatau Sampai di Bogor, Warga: Bangun Tidur Ngeres Banget Lantai",Fakta,Liputan6 Nasional (2026-09-06)
"Soetta Terdampak Abu Anak Krakatau, KAI Tambah Kereta Yogya ke Jakarta",Fakta,Liputan6 Nasional (2026-09-06)
"Erupsi Anak Krakatau, Penutupan Soetta Diperpanjang Hingga 17.30 WIB",Fakta,Liputan6 Nasional (2026-09-06)
"Anak Krakatau Erupsi, Prabowo Tekankan Keselamatan Warga",Fakta,Liputan6 Nasional (2026-09-06)
"Hadapi Abu Anak Krakatau, Kemenkes Aktifkan Pusat Darurat",Fakta,Liputan6 Nasional (2026-09-06)
"Abu Vulkanik Menyebar, KAI Pantau Jalur dan Jarak Pandang Masinis",Fakta,Liputan6 Nasional (2026-09-06)
Lima Bandara yang Ditutup Imbas Abu Vulkanik Anak Krakatau,Fakta,Liputan6 Nasional (2026-09-06)
"Abu Anak Krakatau Sampai ke Jakarta, Pramono Imbau Warga Lakukan 5 M",Fakta,Liputan6 Nasional (2026-09-06)
BMKG: Belum Ada Anomali Air Laut Usai Anak Krakatau Erupsi,Fakta,Liputan6 Nasional (2026-09-06)
Dua Strategi BNPB Kurangi Dampak Abu Anak Krakatau di Jakarta dan Banten,Fakta,Liputan6 Nasional (2026-09-06)
Transjakarta Matikan Lift dan Eskalator Imbas Abu Vulkanik Anak Krakatau,Fakta,Liputan6 Nasional (2026-09-06)
"Universitas Terbuka Genap 42 Tahun, Dorong Inovasi Pendidikan Berdampak untuk Negeri",Fakta,Liputan6 Nasional (2026-09-06)
"Cegah Abu Vulkanik, Mesin Pesawat di Bandara Soekarno-Hatta Dipasang Penutup",Fakta,Liputan6 Nasional (2026-09-06)
"Langit Lampung Gelap Akibat Abu Anak Krakatau, Warga Mulai Sesak Napas",Fakta,Liputan6 Nasional (2026-09-06)
"Depok Terdampak Abu Vulkanik Anak Krakatau, tapi CFD Tetap Ramai",Fakta,Liputan6 Nasional (2026-09-06)
"Erupsi Anak Krakatau, BMKG Sebut Peluang Muncul Tsunami di Bawah 40 Persen",Fakta,Liputan6 Nasional (2026-09-06)
Ketika Krakatau Memicu Kiamat Kecil: Dentuman Dahsyat yang Bikin Bulan Jadi Biru,Fakta,Liputan6 Nasional (2026-09-06)
"Bukan Debu Biasa, Ini Alasan Bersihkan Abu Anak Krakatau Harus Disiram Dulu",Fakta,Liputan6 Nasional (2026-09-06)
Bandara Halim Ditutup hingga Pukul 14.00 Imbas Abu Vulkanik Anak Krakatau,Fakta,Liputan6 Nasional (2026-09-06)
"Terganggu Abu Anak Krakatau, CFD Jakarta Berakhir Lebih Awal",Fakta,Liputan6 Nasional (2026-09-06)
"Hindari Debu Anak Krakatau, Dinkes DKI Imbau Warga Pakai Masker KN95-N95",Fakta,Liputan6 Nasional (2026-09-06)
Cerita Warga Bekasi Rumahnya Tiba-Tiba Penuh Abu Vulkanik Anak Krakatau,Fakta,Liputan6 Nasional (2026-09-06)
"Peserta Lari Terganggu Abu Anak Krakatau, Debu Masuk Sepatu dan Kaca Mata",Fakta,Liputan6 Nasional (2026-09-06)
"Terdampak Abu Anak Krakatau, Anies Sampai Bisa Tulis Pesan di Mobil Berdebu",Fakta,Liputan6 Nasional (2026-09-06)
"Imbas Abu Vulkanik Anak Krakatau, 209 Penerbangan di Bandara Soetta Dibatalkan",Fakta,Liputan6 Nasional (2026-09-06)
"Abu Anak Krakatau Sampai Jakarta, Warga Mengeluh Udara Lebih Sesak",Fakta,Liputan6 Nasional (2026-09-06)
"Teras Rumah Warga Jaktim Berdebu Tebal Pagi Ini, Diduga Abu Anak Krakatau",Fakta,Liputan6 Nasional (2026-09-06)
Penutupan Bandara Soekarno-Hatta Diperpanjang Imbas Erupsi Anak Krakatau,Fakta,Liputan6 Nasional (2026-09-06)
"Imbas Erupsi Anak Krakatau, Penumpang Menumpuk di Bandara Soekarno-Hatta",Fakta,Liputan6 Nasional (2026-09-06)
Abu Vulkanik Anak Krakatau Sampai Jakarta,Fakta,Liputan6 Nasional (2026-09-06)
"Singgung Reformasi 1998, AHY Ingatkan TNI-Polri Tetap Netral",Fakta,Liputan6 Nasional (2026-09-06)
"Hujan Abu Anak Krakatau, Warga Serang Keluhkan Mata Perih dan Ganggu Sekolah",Fakta,Liputan6 Nasional (2026-09-06)
"Erupsi Anak Krakatau, Bandara Soekarno-Hatta Ditutup Sementara",Fakta,Liputan6 Nasional (2026-09-06)
AHY Ingatkan Kader Demokrat Jangan Datang Saat Pemilu Saja ke Rakyat,Fakta,Liputan6 Nasional (2026-09-06)
Identitas Satu Keluarga Tewas Akibat Tabrakan Beruntun di Kembangan,Fakta,Liputan6 Nasional (2026-09-06)
"Kesaksian Warga, Tabrakan Beruntun di Kembangan Dipicu Mobil Listrik",Fakta,Liputan6 Nasional (2026-09-06)
"Daftar Kendaraan Kecelakaan di Kembangan, Sekeluarga Tewas Naik Motor",Fakta,Liputan6 Nasional (2026-09-05)
Kronologi Kecelakaan Beruntun di Kembangan Sebabkan Sekeluarga Tewas,Fakta,Liputan6 Nasional (2026-09-05)
"Kecelakaan Beruntun di Kembangan, Satu Keluarga Tewas",Fakta,Liputan6 Nasional (2026-09-05)
Di Balik Pertemuan Prabowo dengan Dubes AS di Hambalang,Fakta,Liputan6 Nasional (2026-09-05)
Menhut Minta Tetap Waspada Kebakaran Hutan Meski Titik Panas Menurun,Fakta,Liputan6 Nasional (2026-09-05)
Mendagri Dorong Pemda Percepat Program Bedah Rumah,Fakta,Liputan6 Nasional (2026-09-05)
"Koper WN Sri Lanka Dibuka, 101 Burung Ditemukan",Fakta,Liputan6 Nasional (2026-09-05)
Langkah Kemenhut Agar Orangutan Terhindar Asap Kebakaran Hutan,Fakta,Liputan6 Nasional (2026-09-05)
"Kasus Vilmei, Terungkap Saldo TikTok Dipakai Bayar Kos hingga Cicilan Kendaraan",Fakta,Liputan6 Nasional (2026-09-05)
Asap Kebakaran Hutan Kalimantan Buat 21 Orangutan Jatuh Sakit,Fakta,Liputan6 Nasional (2026-09-05)
Pramono Terbitkan Pergub Penyesuaian Tarif Layanan Kesehatan Jakarta,Fakta,Liputan6 Nasional (2026-09-05)
Cerita Warga Melihat Detik-detik Erupsi Anak Krakatau,Fakta,Liputan6 Nasional (2026-09-05)
Gerakan 1.000 Angkringan Sido Muncul Bekali Pelaku Usaha agar Jamu Makin Dikenal,Fakta,Liputan6 Nasional (2026-09-05)
Abraham Samad: Indonesia Butuh Grand Design Pemberantasan Korupsi,Fakta,Liputan6 Nasional (2026-09-05)
"Anak Krakatau Erupsi, Penyeberangan Bakauheni-Merak Masih Normal",Fakta,Liputan6 Nasional (2026-09-05)
"Dentuman Erupsi Anak Krakatau Bisa Terdengar Ratusan Kilometer, Ini Penjelasannya",Fakta,Liputan6 Nasional (2026-09-05)
Cerita Warga Pandeglang Saat Dentuman Anak Krakatau Bikin Jendela Bergetar,Fakta,Liputan6 Nasional (2026-09-05)
"Anak Krakatau Erupsi Menerus, Jauhi Radius 3 Kilometer",Fakta,Liputan6 Nasional (2026-09-05)
Badan Geologi Pastikan Erupsi Anak Krakatau Tak Picu Tsunami,Fakta,Liputan6 Nasional (2026-09-05)
Kesaksian Warga Bandung dan Cimahi Saat Dengar Dentuman,Fakta,Liputan6 Nasional (2026-09-05)
"BMKG Sebut Dentuman di Bandung Tak Terkait Erupsi Anak Krakatau, Ini Alasannya",Fakta,Liputan6 Nasional (2026-09-05)
"Sinabung Siaga, Warga Karo Diminta Segera Mengungsi",Fakta,Liputan6 Nasional (2026-09-05)
Bareskrim Ungkap Motif Pembakaran Hutan,Fakta,Liputan6 Nasional (2026-09-05)
"Anak Krakatau Erupsi, BNPB Minta Warga Banten-Lampung Tak Panik Isu Tsunami",Fakta,Liputan6 Nasional (2026-09-05)
BMKG Ungkap Dugaan Penyebab Dentuman di Bandung-Sumedang,Fakta,Liputan6 Nasional (2026-09-05)
Dentuman Misterius Terdengar di Bandung hingga Sumedang,Fakta,Liputan6 Nasional (2026-09-05)
Cerita Kepanikan Pemancing Lihat Erupsi Anak Krakatau Tengah Malam,Fakta,Liputan6 Nasional (2026-09-05)
Polisi Bongkar Jejak Uang Kasus Vilmei,Fakta,Liputan6 Nasional (2026-09-05)
Prabowo Minta Penertiban Kawasan Hutan Transparan,Fakta,Liputan6 Nasional (2026-09-05)
Kebakaran Lapak di Srengseng Jakbar,Fakta,Liputan6 Nasional (2026-09-05)
Anak Krakatau Erupsi Beruntun,Fakta,Liputan6 Nasional (2026-09-05)
Sopir Taksi Diduga Bakar Angkringan,Fakta,Liputan6 Nasional (2026-09-05)
Kejagung Sita Rolex hingga Ratusan Ribu Dolar Dadan Hidayana Cs,Fakta,Liputan6 Nasional (2026-09-04)
Penjelasan Polisi Tak Blokade Demo PBRI Dekat Bundaran HI,Fakta,Liputan6 Nasional (2026-09-04)
"KJP Plus Tahap 2 Cair, Ada Temuan Soal Mobil dan Rumah Rp 1 Miliar",Fakta,Liputan6 Nasional (2026-09-04)
7 Catatan Kubu Andrie Yunus Usai 2 TNI Dihukum Ringan dan Tak Dipecat,Fakta,Liputan6 Nasional (2026-09-04)
Transjakarta 'Jalur Langit' Hanya Sampai Halte JORR Imbas Truk Mogok,Fakta,Liputan6 Nasional (2026-09-04)
Siswa SMP di Nabire Pembunuh Mantan Pacar Dihukum 10 Tahun,Fakta,Liputan6 Nasional (2026-09-04)
Cerita Kepanikan Penghuni Dapat Kabar Apartemen Pavilion Kebakaran,Fakta,Liputan6 Nasional (2026-09-04)
Tersangka Kasus Kebakaran Hutan Bertambah Jadi 112 Orang,Fakta,Liputan6 Nasional (2026-09-04)
Hukuman 2 TNI Kasus Andrie Yunus Dipangkas dan Batal Dipecat,Fakta,Liputan6 Nasional (2026-09-04)
Cerita Evakuasi Korban Kebakaran Pavilion Pakai Skylift,Fakta,Liputan6 Nasional (2026-09-04)
Tri Tito Karnavian Ingatkan Pelajar di Ternate Hidup Sehat,Fakta,Liputan6 Nasional (2026-09-04)
"Update Kebakaran Apartemen Pavilion, 33 Orang Berhasil Dievakuasi",Fakta,Liputan6 Nasional (2026-09-04)
Wamendagri Bima Arya Dorong Daerah Perluas Basis Pajak Tanpa Bebani Masyarakat,Fakta,Liputan6 Nasional (2026-09-04)
Polisi Bongkar Penyelundupan 150 Ribu Benih Lobster di Bogor,Fakta,Liputan6 Nasional (2026-09-04)
Tiket Ragunan Diusulkan Naik,Fakta,Liputan6 Nasional (2026-09-04)
"Pohon 15 Meter Tumbang di Semarang, 2 Pemotor Tewas",Fakta,Liputan6 Nasional (2026-09-04)
Infografis: 5 Miliarder Terkaya di Asia Tenggara,Fakta,Liputan6 Nasional (2026-09-04)
"Ngantor Perdana, Gus Kikin Mulai Susun Pengurus PBNU",Fakta,Liputan6 Nasional (2026-09-04)
Suasana Mencekam Kebakaran Apartemen Pavilion,Fakta,Liputan6 Nasional (2026-09-04)
Cemas Orang Tua SD Islam Pembangunan Pamulang Belum Mereda,Fakta,Liputan6 Nasional (2026-09-04)
"Rayakan Harpelnas 2026, BPJS Ketenagakerjaan Perkuat Perlindungan hingga Pemberdayaan Peke...",Fakta,Liputan6 Nasional (2026-09-04)
"414 Dapur MBG Dicoret, Rp 311 Miliar Dikembalikan ke Kas Negara",Fakta,Liputan6 Nasional (2026-09-04)
Sudaryono Pastikan Tak Ada Lagi Pengadaan BGN yang Mengada-Ada,Fakta,Liputan6 Nasional (2026-09-04)
KPK Dalami Kesaksian Gus Alex Soal Uang Oleh-oleh Anggota DPR,Fakta,Liputan6 Nasional (2026-09-04)
Merasakan Langsung Menembus Asap dan Menelusuri Bekas Titik Api Palangka Raya,Fakta,Liputan6 Nasional (2026-09-04)
"Kebakaran Apartemen Pavilion Jakpus, 14 Orang Dievakuasi",Fakta,Liputan6 Nasional (2026-09-04)
"BMKG Ungkap Penyebab Gempa Magnitudo 5,3 Guncang Cilacap",Fakta,Liputan6 Nasional (2026-09-04)
"Sempat Gangguan, Begini Kondisi Terkini KRL Jakarta Kota-Bogor",Fakta,Liputan6 Nasional (2026-09-04)
"Kebakaran Apartemen Pavilion Jakpus, Damkar Sisir Korban Terjebak",Fakta,Liputan6 Nasional (2026-09-04)
"Nestapa Pasar Pondok Labu, Kios Mati Suri Bikin Pedagang Merana",Fakta,Liputan6 Nasional (2026-09-04)
"Gempa Magnitudo 5,4 Guncang Cilacap Jateng",Fakta,Liputan6 Nasional (2026-09-04)
"KRL Gangguan, Surat Ini Bikin Azhar Lega Meski Telat Ngantor",Fakta,Liputan6 Nasional (2026-09-04)
Cerita Penumpang Menunggu Nyaris 1 Jam Imbas Gangguan KRL di Jakarta Kota,Fakta,Liputan6 Nasional (2026-09-04)
"Kasus Suap Proyek Rejang Lebong, KPK Periksa Anggota DPRD Kota Bengkulu",Fakta,Liputan6 Nasional (2026-09-04)
Gangguan KRL Bogor karena Kereta Anjlok di Stasiun Jakarta Kota,Fakta,Liputan6 Nasional (2026-09-04)
Commuter Line Jakarta Kota-Bogor Kembali Normal,Fakta,Liputan6 Nasional (2026-09-04)
Cerita Gus Alex soal 24 Anggota DPR Minta Uang Oleh-Oleh Saat di Saudi,Fakta,Liputan6 Nasional (2026-09-04)
"KRL Gangguan di Stasiun Jakarta Kota, Ini Daftar Rekayasa Perjalanan",Fakta,Liputan6 Nasional (2026-09-04)
BGN Buka Peluang Kasus Keracunan MBG Diproses Pidana,Fakta,Liputan6 Nasional (2026-09-04)
Kejagung Cecar Inspektur Utama BGN soal Korupsi MBG,Fakta,Liputan6 Nasional (2026-09-04)
"Ada Gangguan di Stasiun Jakarta Kota, KRL Bogor Cuma Sampai Manggarai",Fakta,Liputan6 Nasional (2026-09-04)
Kemendagri Beri Penghargaan Pemda Berprestasi di Kalimantan,Fakta,Liputan6 Nasional (2026-09-04)
"Cuaca Hari Ini Didominasi Berawan, Ada Potensi Hujan Lebat",Fakta,Liputan6 Nasional (2026-09-04)
Warga Kemayoran Gotong Royong Bangun Budaya Peduli Lingkungan,Fakta,Liputan6 Nasional (2026-09-04)
"Kejagung Raih Opini WTP 10 Kali Berturut-turut, BPK Beri Penjelasan",Fakta,Liputan6 Nasional (2026-09-04)
"BGN Dapat Anggaran Rp 240 T, Simak Rincian Pemakaiannya",Fakta,Liputan6 Nasional (2026-09-04)
"Saksi Sebut Yaqut Marah di Rapat soal Pansus Haji, Tanya Anak Buah Menyeleweng",Fakta,Liputan6 Nasional (2026-09-04)
Pengacara Bantah Febrie Adriansyah Terima Uang Rp 40 M,Fakta,Liputan6 Nasional (2026-09-04)
"Kasus Korupsi Kuota Haji: Saksi Akui Terima USD 5.000, Sebut Dana Talangan",Fakta,Liputan6 Nasional (2026-09-04)
Identitas Pria Tewas di Gardu Listrik LRT Pancoran Masih Misterius,Fakta,Liputan6 Nasional (2026-09-04)
"Prabowo Tiba di Tanah Air, Disambut Mensesneg hingga Kapolri",Fakta,Liputan6 Nasional (2026-09-04)
"Korupsi Kuota Haji, Staf Travel Akui Beri US$ 75 Ribu ke Eks Stafsus Yaqut",Fakta,Liputan6 Nasional (2026-09-04)
Momen Gus Yahya Muncul di Persidangan Sang Adik,Fakta,Liputan6 Nasional (2026-09-04)
Polisi Amankan Pria yang Diduga Pecahkan Kaca Mobil di Jagakarsa,Fakta,Liputan6 Nasional (2026-09-04)
Murka Kepala BGN Keracunan MBG Terus Berulang,Fakta,Liputan6 Nasional (2026-09-04)
Febrie Adriansyah Dicecar 50 Pertanyaan Penyidik,Fakta,Liputan6 Nasional (2026-09-03)
"Puluhan Kasus Keracunan Terjadi, Kepala BGN Buka Suara Soal SOP",Fakta,Liputan6 Nasional (2026-09-03)
Kemendagri Dorong Mahasiswa Jadi Garda Terdepan Penanganan TBC di Tingkat Desa,Fakta,Liputan6 Nasional (2026-09-03)
"Banyak Pemotor Lawan Arus, Pembatas Jalan Yos Sudarso Jakut Diperpanjang",Fakta,Liputan6 Nasional (2026-09-03)
Skema Baru Insentif SPPG: Tak Lagi Rata Rp 6 Juta per Hari,Fakta,Liputan6 Nasional (2026-09-03)
Kejagung Dalami Dugaan Aliran Dana Rp 40 Miliar dari Tan Kian,Fakta,Liputan6 Nasional (2026-09-03)
"BGN Batalkan Pengadaan LED Rp535 Miliar, Ini Alasannya",Fakta,Liputan6 Nasional (2026-09-03)
Kehadiran Arya Wedakarna di Miss Equality World 2026 Tuai Sorotan,Fakta,Liputan6 Nasional (2026-09-03)
Wamendagri Ingatkan Kepala Daerah Tak Cukup Hanya Jadi Administrator,Fakta,Liputan6 Nasional (2026-09-03)
BGN Segera Tempati Kantor Telkom di Graha Merah Putih,Fakta,Liputan6 Nasional (2026-09-03)
Siswi di Matraman yang Hilang Usai Kencan Akhirnya Ditemukan,Fakta,Liputan6 Nasional (2026-09-03)
"Sidang Kuota Haji, Eks Kemenag Akui Ada Tim Cari Alasan Pembagian 50:50",Fakta,Liputan6 Nasional (2026-09-03)
Bareskrim Ungkap Jaringan Judi Online di Balik Spam Komentar Medsos,Fakta,Liputan6 Nasional (2026-09-03)
Infografis: Tips Mencegah Kebakaran Saat Musim Kemarau,Fakta,Liputan6 Nasional (2026-09-03)
"Prabowo Undang Dunia Usaha Rusia: Datang ke Indonesia, Bekerja Bersama Kami",Fakta,Liputan6 Nasional (2026-09-03)
Pramono Ungkap Volume Sampah Bantargebang Turun,Fakta,Liputan6 Nasional (2026-09-03)
Sosok Saksi Meringankan untuk Don Ritto,Fakta,Liputan6 Nasional (2026-09-03)
"Di Hadapan Putin, Prabowo Tegaskan RI Tak Berpihak Blok Mana Pun",Fakta,Liputan6 Nasional (2026-09-03)
"Terbongkarnya Jaringan Judi Online Beromzet Rp 7,5 Miliar per Bulan",Fakta,Liputan6 Nasional (2026-09-03)
Cerita Dishub Tak Bisa Derek BMW X5 di Kuningan,Fakta,Liputan6 Nasional (2026-09-03)
Kebakaran Semeru Mendekati Permukiman,Fakta,Liputan6 Nasional (2026-09-03)
"Udara Jakarta Memburuk, Patuhi Aturan Ini",Fakta,Liputan6 Nasional (2026-09-03)
Target Makan Bergizi Gratis 2027 Tembus 72 Juta Orang,Fakta,Liputan6 Nasional (2026-09-03)
Prabowo Ungkap Alasan Indonesia dan Rusia Cocok Kerja sama,Fakta,Liputan6 Nasional (2026-09-03)
"BGN Anggarkan Rp 232,50 Triliun untuk MBG Tahun Depan",Fakta,Liputan6 Nasional (2026-09-03)
"Peduli Korban Gempa NTT, DWP Kemendagri Donasikan Rp 50 Juta",Fakta,Liputan6 Nasional (2026-09-03)
"Kala BMW X5 Bikin Macet Kuningan, Pemiliknya Justru Tuai Pujian",Fakta,Liputan6 Nasional (2026-09-03)
TNI Buka Suara soal Prajurit Hadiri Acara Kontes Transgender,Fakta,Liputan6 Nasional (2026-09-03)
"Prabowo Bicara di Forum Ekonomi Rusia, Tekankan Pentingnya MBG",Fakta,Liputan6 Nasional (2026-09-03)
"725 Murid dan Guru di SMAN 1 Lasem Rembang Diare Massal, Diduga Keracunan MBG",Fakta,Liputan6 Nasional (2026-09-03)
Fakta di Balik Video Petugas PPSU Disebut Cekcok dengan Driver Ojol,Fakta,Liputan6 Nasional (2026-09-03)
Isi Pertemuan 30 Menit Dedi Mulyadi dan Botok Pati Cs,Fakta,Liputan6 Nasional (2026-09-03)
"Putin Sambut Prabowo di Vladivostok, Singgung Hubungan Istimewa",Fakta,Liputan6 Nasional (2026-09-03)
Tips Cegah Kebakaran Saat Musim Kemarau dari Damkar,Fakta,Liputan6 Nasional (2026-09-03)
Bandar Obat Keras Tanah Abang Ditangkap,Fakta,Liputan6 Nasional (2026-09-03)
Putin dan Prabowo Bahas Kerja Sama Kapal hingga Nuklir,Fakta,Liputan6 Nasional (2026-09-03)
"Pria Nekat Curi Laptop dan iPhone di Mal, Lalu Disembunyikan Dalam Celana",Fakta,Liputan6 Nasional (2026-09-03)
Momen Prabowo Makan Siang Bareng Putin di Vladivoatok Rusia,Fakta,Liputan6 Nasional (2026-09-03)
"Pesawat Garuda Pecah Ban, Mendarat Darurat di Bandara Sultan Hasanuddin",Fakta,Liputan6 Nasional (2026-09-03)
Febrie Adriansyah Ingin Sidang Perkara Segera Digelar,Fakta,Liputan6 Nasional (2026-09-03)
"Kepergok Curi Motor, Maling Panik Nyemplung ke Kali",Fakta,Liputan6 Nasional (2026-09-03)
Penampakan Eks Jampidsus Febrie Tiba di Kejagung untuk Diperiksa TPPU,Fakta,Liputan6 Nasional (2026-09-03)
"Jamin Tak Naik, DPRD Ungkap Awal Polemik Tarif Parkir Rp 60 Ribu per Jam",Fakta,Liputan6 Nasional (2026-09-03)
Transjakarta Kaji Pengelolaan Transportasi Kepulauan Seribu,Fakta,Liputan6 Nasional (2026-09-03)
"Kasus Keracunan MBG Sidoarjo, BGN Tak Akan Bantu Jika Ada Unsur Pidana",Fakta,Liputan6 Nasional (2026-09-03)
"Di Antara Puing Kebakaran, Warga Sade Merajut Asa Lewat Tradisi Nyemulak",Fakta,Liputan6 Nasional (2026-09-03)
Kepala BGN Ungkap Kronologi Ratusan Santri di Sidoarjo Keracunan MBG,Fakta,Liputan6 Nasional (2026-09-03)
"Kasus Keracunan MBG Sidoarjo, BGN Ungkap Kelalaian Disengaja",Fakta,Liputan6 Nasional (2026-09-03)
Cerita di Balik Pertemuan Dedi Mulyadi dan Botok Pati Cs,Fakta,Liputan6 Nasional (2026-09-03)
"Timbulan Sampah Jaktim Turun 865 Ton, Ini Penyebabnya",Fakta,Liputan6 Nasional (2026-09-03)
Pemprov DKI Jakarta Permudah Akses Layanan Kesehatan Hewan bagi Masyarakat Jakarta,Fakta,Liputan6 Nasional (2026-09-03)
Kejagung Kembali Periksa Febrie Adriansyah,Fakta,Liputan6 Nasional (2026-09-03)
Posyandu Didorong Perkuat Layanan 6 Bidang SPM,Fakta,Liputan6 Nasional (2026-09-03)
Bali Dilanda 132 Kebakaran Selama Musim Kemarau,Fakta,Liputan6 Nasional (2026-09-03)
"Cuaca Hari Ini, BMKG Prediksi Berawan hingga Hujan Petir",Fakta,Liputan6 Nasional (2026-09-03)
Rahasia Sukses Bimbel Exist yang Bikin Orang Tua Rela Antre dari Subuh,Fakta,Liputan6 Nasional (2026-09-03)
"Antre Subuh Demi Bimbel, Orang Tua Mulai Tak Percaya Sekolah?",Fakta,Liputan6 Nasional (2026-09-03)
"Enam Gunung Api Erupsi Serentak, PVMBG Ungkap Penyebabnya",Fakta,Liputan6 Nasional (2026-09-03)
"Bimbel di Yogyakarta Diserbu, Dampak Tes Akademik Jadi Sorotan",Fakta,Liputan6 Nasional (2026-09-03)
"Dua Petinggi Mundur, Ke Mana Arah Partai Ummat?",Fakta,Liputan6 Nasional (2026-09-03)
Ini Sosok Penting di Balik Kemenangan Gus Kikin jadi Ketum PBNU,Fakta,Liputan6 Nasional (2026-09-03)
"Kronologi Kebakaran TPA Putri Cempo Solo, Api Meluas ke Sisi Utara",Fakta,Liputan6 Nasional (2026-09-03)
Memburu Pengeroyok Bambang di Jalan Pejompongan,Fakta,Liputan6 Nasional (2026-09-03)
"3.900 Travel Umrah Diverifikasi, Kementerian Haji Ancam Cabut Izin",Fakta,Liputan6 Nasional (2026-09-03)
"Lansia Terindikasi Judol Tak Dapat Bansos, Ini Respons Gus Ipul",Fakta,Liputan6 Nasional (2026-09-02)
Wamendagri Dorong Insentif Risiko Tinggi untuk Petugas Damkar,Fakta,Liputan6 Nasional (2026-09-02)
"BNPB Prioritaskan Kebakaran Hutan di OKI, 21 Titik Api Masih Terdeteksi",Fakta,Liputan6 Nasional (2026-09-02)
Kebakaran Hutan Picu 50.891 Kasus ISPA dalam Dua Bulan,Fakta,Liputan6 Nasional (2026-09-02)
WN Taiwan Penyelundup 800 Kg Ketamin Dibawa ke Bareskrim,Fakta,Liputan6 Nasional (2026-09-02)
Fadli Zon Upayakan Revitalisasi Rumah Adat Sade yang Terbakar,Fakta,Liputan6 Nasional (2026-09-02)
Polisi Buru Pelempar Batu ke Mobil di Jagakarsa,Fakta,Liputan6 Nasional (2026-09-02)
"Bareskrim Geledah Toko Emas di Cikini, Diduga Jaringan China",Fakta,Liputan6 Nasional (2026-09-02)
Infografis: Tiga Wajah Baru Pimpinan Bank Indonesia,Fakta,Liputan6 Nasional (2026-09-02)
"Usulan Tarif Parkir Mobil Rp 60 Ribu per Jam Bikin Polemik, Kadishub DKI Minta Maaf",Fakta,Liputan6 Nasional (2026-09-02)
"Cerita Bimbel di Jogja, Antrean Sejak Subuh Demi Kursi Les Anak Tahun Depan",Fakta,Liputan6 Nasional (2026-09-02)
"Makanan Berlabel No Pork No Lard, Benarkah Sudah Halal?",Fakta,Liputan6 Nasional (2026-09-02)
"Pemerintah Siapkan 4.582 Kapal Ikan Modern, Butuh 89 Ribu Tenaga Kerja",Fakta,Liputan6 Nasional (2026-09-02)
"Produk Tambal Gigi ‘Recovery Tooth’ Ilegal, Penjual Diburu",Fakta,Liputan6 Nasional (2026-09-02)
Begini Langkah KPK Sebelum Sita Rumah Anggota DPRD Bengkulu,Fakta,Liputan6 Nasional (2026-09-02)
Wakapolda Metro Jaya Dekananto Eko Purwono Naik Pangkat Jadi Irjen,Fakta,Liputan6 Nasional (2026-09-02)
"Kekerasan Anak di Jakarta Masih Tinggi, Ini Data Terbaru",Fakta,Liputan6 Nasional (2026-09-02)
Habiburokhman Ingin RUU Perampasan Aset Tak Hanya Sasar Korupsi,Fakta,Liputan6 Nasional (2026-09-02)
Staf Kejaksaan Agung Bakal Diperiksa Terkait Kematian Sutrimo,Fakta,Liputan6 Nasional (2026-09-02)
Kejagung Tak Hentikan Proses Pidana PT CNI Meski Kembalikan Rp 401 Miliar,Fakta,Liputan6 Nasional (2026-09-02)
BGN Investigasi Ratusan Santri Keracunan MBG di Sidoarjo,Fakta,Liputan6 Nasional (2026-09-02)
Alasan Perusuh Rusak CCTV Saat Demo 27 Agustus,Fakta,Liputan6 Nasional (2026-09-02)
BGN Minta Kepala Dapur Kalitengah Dicopot Buntut Keracunan MBG di Sidoarjo,Fakta,Liputan6 Nasional (2026-09-02)
Bakom Bantah Ketum PBNU dan Rais Aam Terpilih Pesanan Istana,Fakta,Liputan6 Nasional (2026-09-02)
Polda Metro Jaya Bantah Gerakkan Ormas Usai Demo 27 Agustus,Fakta,Liputan6 Nasional (2026-09-02)
BIN Tanggapi Kabar WNI jadi Target Perekrutan Tentara Rusia,Fakta,Liputan6 Nasional (2026-09-02)
"Perusakan CCTV Demo 27 Agustus, Polisi Tangkap 3 Orang Lagi",Fakta,Liputan6 Nasional (2026-09-02)
KPK Geledah Perusahaan Tambang Terkait Kasus KPP Banjarmasin,Fakta,Liputan6 Nasional (2026-09-02)
Ini Sketsa Terduga Pelaku Pengeroyokan di Pejompongan,Fakta,Liputan6 Nasional (2026-09-02)
"Menantu Amien Rais, Ridho Rahmadi Mundur dari Ketum Partai Ummat",Fakta,Liputan6 Nasional (2026-09-02)
Kejagung Buka Peluang Usut Pidana PT Singlurus Pratama,Fakta,Liputan6 Nasional (2026-09-02)
Kesaksian Santri Manbaul Hikam Sidoarjo Korban Keracunan MBG,Fakta,Liputan6 Nasional (2026-09-02)
Dokter PPDS Undip Diduga Meninggal karena Dibully,Fakta,Liputan6 Nasional (2026-09-02)
Momen Prabowo Disambut Mahasiswa Indonesia saat Tiba di Rusia,Fakta,Liputan6 Nasional (2026-09-02)
21 Badan Usaha Disegel Terkait Kebakaran Lahan di 7 Provinsi,Fakta,Liputan6 Nasional (2026-09-02)
BNPT: 620 Anak Terpapar Radikalisme Lewat Medsos,Fakta,Liputan6 Nasional (2026-09-02)
Jejak Tetesan Darah Ungkap Penemuan Mayat di Gardu Listrik PLN,Fakta,Liputan6 Nasional (2026-09-02)
"HUT Kejaksaan, ST Burhanuddin Singgung Kepercayaan Publik",Fakta,Liputan6 Nasional (2026-09-02)
"Jakarta Kekeringan, Lapor ke Sini untuk Dapat Air Bersih",Fakta,Liputan6 Nasional (2026-09-02)
Prabowo Tiba di Vladivostok Hadiri Forum Ekonomi Rusia,Fakta,Liputan6 Nasional (2026-09-02)
"Kasus Keracunan MBG Masih Terulang, Pengawasan BGN Disorot",Fakta,Liputan6 Nasional (2026-09-02)
Kondisi Terkini LRT Usai Temuan Mayat Gardu PLN Pancoran,Fakta,Liputan6 Nasional (2026-09-02)
Sedan Volvo Terbakar di Tol JORR,Fakta,Liputan6 Nasional (2026-09-02)
"240 Kebakaran Sepanjang Agustus, Jakbar dan Jaktim Paling Rawan",Fakta,Liputan6 Nasional (2026-09-02)
"Air PDAM Tak Mengalir, Warga Depok: Telat Bayar Kena Denda",Fakta,Liputan6 Nasional (2026-09-02)
Melihat dari Dekat Gardu PLN Pancoran Tempat Mayat Ditemukan,Fakta,Liputan6 Nasional (2026-09-02)
Dua Penyebab Paling Banyak Picu Kebakaran di Jakarta,Fakta,Liputan6 Nasional (2026-09-02)
Dedi Mulyadi Bertemu Botok Pati,Fakta,Liputan6 Nasional (2026-09-02)
Pedagang Relokasi Pasar Kramat Jati Bebas Iuran 6 Bulan,Fakta,Liputan6 Nasional (2026-09-02)
Ini Menu MBG yang Disantap Ratusan Santri di Sidoarjo Sebelum Keracunan,Fakta,Liputan6 Nasional (2026-09-02)
"Pasar Kramat Jati Bakal Direvitalisasi 2027, Pedagang Direlokasi",Fakta,Liputan6 Nasional (2026-09-02)
"Dua Menteri Menghadap Prabowo, Laporkan Progres 100 Kampung Nelayan",Fakta,Liputan6 Nasional (2026-09-02)
"Pria Tewas di Gardu LRT Pancoran, PLN Temukan Kerusakan Aset",Fakta,Liputan6 Nasional (2026-09-02)
BNPB Sebut Kualitas Udara Berbahaya Imbas Kebakaran Hutan,Fakta,Liputan6 Nasional (2026-09-02)
"Di Sidang Yaqut, Muhadjir Blak-blakan soal Pengalihan Kuota Haji Khusus",Fakta,Liputan6 Nasional (2026-09-02)
BMKG Prediksi Sejumlah Kota Berawan hingga Hujan,Fakta,Liputan6 Nasional (2026-09-02)
Polisi: Pria Tewas di Gardu LRT Pancoran Diduga Hendak Curi Kabel,Fakta,Liputan6 Nasional (2026-09-02)
"Bertolak ke Rusia, Prabowo Jadi Tamu Kehormatan Utama Putin",Fakta,Liputan6 Nasional (2026-09-02)
Kronologi Pria Bawa Gergaji Tewas di Gardu Listrik LRT Pancoran,Fakta,Liputan6 Nasional (2026-09-02)
Nasib Kewarganegaraan 8 WNI Setelah Gabung Tentara Rusia,Fakta,Liputan6 Nasional (2026-09-02)
"BNPB Intensifkan Penanganan Kebakaran Hutan, Kamera Thermal Dikerahkan",Fakta,Liputan6 Nasional (2026-09-02)
"Prabowo Panggil Kapolri-Panglima TNI, Soroti Penanganan Kebakaran Hutan",Fakta,Liputan6 Nasional (2026-09-02)
"Ormas Diduga Terlibat Kekerasan, Wamendagri Ungkap Langkah Pemerintah",Fakta,Liputan6 Nasional (2026-09-02)
"Sidang Korupsi Haji, Gus Yaqut Cecar Muhadjir soal MoU Indonesia-Saudi",Fakta,Liputan6 Nasional (2026-09-02)
Ketika Menhut Singgung KTP Asap di Tengah Isu Kebakaran Hutan,Fakta,Liputan6 Nasional (2026-09-02)
Saksi Kasus Kuota Haji Ungkap Titipan 406 Ribu Dolar AS untuk Gus Alex,Fakta,Liputan6 Nasional (2026-09-02)
KPK Duga Imigrasi Tetap Peras WNA Meski Ada Operasi Tangkap Tangan,Fakta,Liputan6 Nasional (2026-09-02)
Fadli Zon Setor Usulan Nama Penerima Tanda Jasa ke Prabowo,Fakta,Liputan6 Nasional (2026-09-01)
"Pramono Pilih Relokasi 614 Pedagang Kramat Jati, Bukan Penggusuran",Fakta,Liputan6 Nasional (2026-09-01)
"BNPB Ungkap Kebakaran Hutan Riau Terkini, 4 Titik Api Masih Terdeteksi",Fakta,Liputan6 Nasional (2026-09-01)
"Pria Tanpa Identitas Tewas di Gardu LRT Pancoran, Bawa Gergaji Besi",Fakta,Liputan6 Nasional (2026-09-01)
"Wamendagri Ingatkan Humas Pemerintah, Jangan Lambat Hadapi Disinformasi",Fakta,Liputan6 Nasional (2026-09-01)
Le Minerale Bersama Benih Baik Salurkan Obat dan Kebutuhan Dasar untuk Warga NTT,Fakta,Liputan6 Nasional (2026-09-01)
Aksi Nekat Satu Keluarga Bobol ATM di Minimarket Jakbar,Fakta,Liputan6 Nasional (2026-09-01)
Siswi di Matraman Hilang Usai Bertemu Pria Kenalan di Aplikasi Kencan,Fakta,Liputan6 Nasional (2026-09-01)
Alasan KPK Belum Panggil Bupati Bogor,Fakta,Liputan6 Nasional (2026-09-01)
Pemerintah Sewa Pesawat Rusia Padamkan Kebakaran Hutan,Fakta,Liputan6 Nasional (2026-09-01)
Komnas HAM Ungkap 3 Kasus HAM Berat Tak Kebagian Anggaran 2027,Fakta,Liputan6 Nasional (2026-09-01)
"KPK Ingatkan Kampus, Jalur Mandiri Paling Rawan Titipan Mahasiswa",Fakta,Liputan6 Nasional (2026-09-01)
"Gempa M 4,3 Guncang Cianjur, Berikut Sejumlah Daerah Rasakan Getaran",Fakta,Liputan6 Nasional (2026-09-01)
"Kondisi Terkini Kebakaran Gambir, Ratusan Korban Masih Mengungsi",Fakta,Liputan6 Nasional (2026-09-01)
Infografis: Daftar Fenomena Langit September 2026,Fakta,Liputan6 Nasional (2026-09-01)
"BNN Pamerkan Pengungkapan 8,07 Ton Narkoba dalam 2 Bulan",Fakta,Liputan6 Nasional (2026-09-01)
Qodari Jawab Kritik DPR soal Kinerja Bakom,Fakta,Liputan6 Nasional (2026-09-01)
Menhut soal Kebakaran Hutan Berdampak ke Malaysia: Asap Enggak Ada KTP,Fakta,Liputan6 Nasional (2026-09-01)
"KPK Minta Tambahan Anggaran Rp 774 Miliar, Ini Alasannya",Fakta,Liputan6 Nasional (2026-09-01)
Menhut Ungkap Kendala Pemadaman Kebakaran Hutan di Sumatera-Kalimantan,Fakta,Liputan6 Nasional (2026-09-01)
"Saat Api di Gambir Datang, Moh Yatim Kehilangan Segalanya",Fakta,Liputan6 Nasional (2026-09-01)
Geger Mayat Wanita Terbungkus Kardus di Bandung,Fakta,Liputan6 Nasional (2026-09-01)
Menhut Ungkap Titik Panas Sumatera-Kalimantan Terbaru,Fakta,Liputan6 Nasional (2026-09-01)
Muhadjir Singgung Jokowi di Sidang Korupsi Kuota Haji,Fakta,Liputan6 Nasional (2026-09-01)
Alasan Pemerintah Izinkan Guru PPPK Ikut Seleksi CPNS,Fakta,Liputan6 Nasional (2026-09-01)
"DPR Belum Buka Isi Draf RUU Perampasan Aset, Ini Alasannya",Fakta,Liputan6 Nasional (2026-09-01)
"Perizinan Usaha di Jakarta Bakal Dipangkas, Ini Target Barunya",Fakta,Liputan6 Nasional (2026-09-01)
Gus Yahya Ungkap Fokus Utamanya Usai Tak Lagi Pimpin PBNU,Fakta,Liputan6 Nasional (2026-09-01)
Puan Desak Aparat Usut Tuntas Kerusuhan Pejompongan,Fakta,Liputan6 Nasional (2026-09-01)
"Kebakaran Hutan Makin Parah, Kalteng Tetapkan Tanggap Darurat Bencana",Fakta,Liputan6 Nasional (2026-09-01)
"DPRD Sahkan Raperda Gedung RSUD dan Inspektorat, Perubahan KUA-PPAS 2026-2027 Disepakati",Fakta,Liputan6 Nasional (2026-09-01)
Muhadjir Effendy Jadi Saksi Sidang Korupsi Kuota Haji,Fakta,Liputan6 Nasional (2026-09-01)
Puan Ucapkan Selamat untuk Ketum PBNU Gus Kikin,Fakta,Liputan6 Nasional (2026-09-01)
Terungkap Modus WNI Direkrut Jadi Tentara Rusia,Fakta,Liputan6 Nasional (2026-09-01)
"Sidang Korupsi Kuota Haji, KPK Hadirkan 303 Saksi",Fakta,Liputan6 Nasional (2026-09-01)
Situasi Stasiun Karet di Hari Pertama Tak Lagi Layani Penumpang KRL,Fakta,Liputan6 Nasional (2026-09-01)
"HUT ke-81 DPR, Puan Soroti Kedekatan Parlemen dengan Rakyat",Fakta,Liputan6 Nasional (2026-09-01)
DPR Ungkap Capaian Setahun Terakhir,Fakta,Liputan6 Nasional (2026-09-01)
Bima Arya Wanti-Wanti soal e-Voting: Jangan Sampai Tukar Risiko Lama dengan Baru,Fakta,Liputan6 Nasional (2026-09-01)
"Syarat Bencana Nasional Berubah, BNPB Siapkan Hal Ini",Fakta,Liputan6 Nasional (2026-09-01)
Penampakan Rumah Anggota DPRD Bengkulu Disita KPK,Fakta,Liputan6 Nasional (2026-09-01)
"Tim UNAIR jadi Best Team Genera-Z Berbakti 2026, Ungguli UNPAD, UI dan UGM",Fakta,Liputan6 Nasional (2026-09-01)
Puan Maharani Akui Kinerja DPR Masih Perlu Dibenahi,Fakta,Liputan6 Nasional (2026-09-01)
"Daftar Fenomena Langit September 2026, Hujan Meteor hingga Harvest Moon",Fakta,Liputan6 Nasional (2026-09-01)
"Gunung Sinabung Siaga, Warga Dua Desa Mulai Dievakuasi",Fakta,Liputan6 Nasional (2026-09-01)
Giliran Tenaga Ahli BGN Diperiksa Kejagung,Fakta,Liputan6 Nasional (2026-09-01)
14.000 Mangrove Jadi Benteng Pesisir Kubu Raya,Fakta,Liputan6 Nasional (2026-09-01)
"Asal Usul Uang Rp 1,5 M dari Korupsi Pemkab Bogor",Fakta,Liputan6 Nasional (2026-09-01)
"BMKG Sebut Sejumlah Kota Besar Berpotensi Hujan, Cek Daftarnya",Fakta,Liputan6 Nasional (2026-09-01)
Kisah Waled NU Bangun Pesantren untuk Anak Korban DOM dan Tsunami,Fakta,Liputan6 Nasional (2026-09-01)
"Warga Diminta Cegah Kebakaran Hutan, Begini Caranya",Fakta,Liputan6 Nasional (2026-09-01)
KPK Buka Suara soal Kemungkinan Periksa Bupati Bogor,Fakta,Liputan6 Nasional (2026-09-01)
Cuaca Jakarta Hari Ini Diprediksi Cerah Berawan,Fakta,Liputan6 Nasional (2026-09-01)
19 Perusahaan Penyebab Kebakaran Hutan Ditindak,Fakta,Liputan6 Nasional (2026-09-01)
"Kondisi Kebakaran Hutan Papua Barat, 5 Titik Api Masih Menyala",Fakta,Liputan6 Nasional (2026-09-01)
49 Orang jadi Tersangka Kerusuhan Demo DPR,Fakta,Liputan6 Nasional (2026-09-01)
Erupsi Gunung Sinabung Naik Jadi Siaga,Fakta,Liputan6 Nasional (2026-09-01)
"Usai Unila dan Unsoed, KPK Bidik Korupsi Penerimaan Maba di Kampus Lain",Fakta,Liputan6 Nasional (2026-09-01)
Menanti Penyebab Pasti Kematian Sutrimo,Fakta,Liputan6 Nasional (2026-09-01)
"Komisi III Setujui Tambahan Anggaran Kejagung Rp 22,1 Triliun, Ini Catatannya",Fakta,Liputan6 Nasional (2026-09-01)
Jurus Berlapis Pemerintah Hadapi Kebakaran Hutan,Fakta,Liputan6 Nasional (2026-09-01)
Stasiun Karet-BNI City Segera Terhubung Travelator,Fakta,Liputan6 Nasional (2026-09-01)
"BNPB Tabur 5,6 Ton Garam Pancing Hujan di Titik Kebakaran Hutan",Fakta,Liputan6 Nasional (2026-08-31)
46 Ton Bantuan Gempa NTT Tersimpan di Gudang Halim,Fakta,Liputan6 Nasional (2026-08-31)
Menkes Budi Gunadi Ungkap Pesan Prabowo untuk Maju Dirjen WHO,Fakta,Liputan6 Nasional (2026-08-31)
Polisi Temukan Unsur Pidana Kematian Presenter TVRI,Fakta,Liputan6 Nasional (2026-08-31)
"Guru PPPK Bisa Jadi CPNS Mulai 2027, Ini Mekanismenya",Fakta,Liputan6 Nasional (2026-08-31)
Pemerintah Siagakan 1.425 Relawan Tangani Kebakaran Hutan,Fakta,Liputan6 Nasional (2026-08-31)
93 Persen Bantuan BI untuk Korban Gempa NTT Sudah Disalurkan,Fakta,Liputan6 Nasional (2026-08-31)
"Api Melahap Permukiman di Gambir Padam, 880 Warga Terdampak",Fakta,Liputan6 Nasional (2026-08-31)
"Survei Median: 56,2 Persen Publik Puas Kinerja Prabowo-Gibran",Fakta,Liputan6 Nasional (2026-08-31)
"Padamkan Kebakaran di Gambir, 2 Petugas Damkar Dibawa ke Rumah Sakit",Fakta,Liputan6 Nasional (2026-08-31)
Kebakaran di Gambir Hanguskan 114 Rumah,Fakta,Liputan6 Nasional (2026-08-31)
Kemendagri Dorong Bantuan Presiden untuk Gempa NTT Segera Dipakai,Fakta,Liputan6 Nasional (2026-08-31)
Pesan Ibam untuk Prabowo Usai Hukuman Diperberat,Fakta,Liputan6 Nasional (2026-08-31)
Titik Panas di 3 Provinsi Kalimantan Bertambah,Fakta,Liputan6 Nasional (2026-08-31)
Prabowo Siapkan Pinjaman Lunak agar Rakyat Tak Terjerat Rentenir,Fakta,Liputan6 Nasional (2026-08-31)
Terungkap Motif WNA Aljazair Nyemplung ke Danau Sunter,Fakta,Liputan6 Nasional (2026-08-31)
"Kejagung Nilai Anggaran 2027 Belum Ideal, Minta Tambahan Rp 22,1 T",Fakta,Liputan6 Nasional (2026-08-31)
"Poltracking: 47,2 Persen Publik Merasa Tak Terwakili Parpol",Fakta,Liputan6 Nasional (2026-08-31)
Survei Poltracking: Mayoritas Publik Nilai Pengangguran Belum Teratasi,Fakta,Liputan6 Nasional (2026-08-31)
"Infografis: Gus Kikin, Kiai Entrepreneur Jadi Ketum PBNU",Fakta,Liputan6 Nasional (2026-08-31)
"Dewan Pers Bahas Penyelenggaraan HPN, Tak Lagi Dipegang Satu Organisasi",Fakta,Liputan6 Nasional (2026-08-31)
BPS Ungkap Cara Koreksi Desil DTSEN Tak Sesuai,Fakta,Liputan6 Nasional (2026-08-31)
"Halimun Salak, Rumah Macan Tutul dan Penyangga Energi",Fakta,Liputan6 Nasional (2026-08-31)
Menhan: Syarat Masuk TNI bagi Dayak Pedalaman Bisa Disesuaikan,Fakta,Liputan6 Nasional (2026-08-31)
"Hukuman Diperberat, Ibam Pertanyakan Konsultan Tanggung Kesalahan",Fakta,Liputan6 Nasional (2026-08-31)
Survei Poltracking: Ekonomi Jadi PR Terberat Pemerintah,Fakta,Liputan6 Nasional (2026-08-31)
Pengacara Tagih Hasil Ekshumasi dan Keberadaan Ponsel Sutrimo,Fakta,Liputan6 Nasional (2026-08-31)
"Poltracking: Popularitas MBG Capai 93,9 Persen, Tapi 49,2 Persen Publik Belum Puas",Fakta,Liputan6 Nasional (2026-08-31)
Prabowo: Indonesia Terlalu Besar untuk Dipimpin Satu Partai,Fakta,Liputan6 Nasional (2026-08-31)
3 Jam Petugas Damkar Bujuk WNA Aljazair Keluar dari Danau Sunter,Fakta,Liputan6 Nasional (2026-08-31)
"Cegah Stunting Sejak Kehamilan, Pegadaian dan POGI Beri USG Gratis untuk 1.080 Ibu Hamil",Fakta,Liputan6 Nasional (2026-08-31)
Kata Prabowo Usai Terima Kartu Anggota Seumur Hidup NU,Fakta,Liputan6 Nasional (2026-08-31)
"Kebakaran Desa Adat Sade Hanguskan Rumah hingga Tempat Usaha, PNM Salurkan Bantuan untuk W...",Fakta,Liputan6 Nasional (2026-08-31)
"Poltracking: 51,9 Persen Publik Nilai Kabinet Perlu Direshuffle",Fakta,Liputan6 Nasional (2026-08-31)
"Survei Poltracking: Kepuasan Publik soal Penyerapan Aspirasi di DPR 33,9 Persen",Fakta,Liputan6 Nasional (2026-08-31)
"Survei Poltracking: Kepuasan Publik Terhadap Pemerintahan 55,1 Persen",Fakta,Liputan6 Nasional (2026-08-31)
"Penampakan Tumpukan Uang Sitaan Rp 401,65 Miliar Kasus Korupsi Ekspor Nikel",Fakta,Liputan6 Nasional (2026-08-31)
Modus Ekspor Nikel Ilegal yang Bikin Negara Rugi Rp 401 M,Fakta,Liputan6 Nasional (2026-08-31)
Kronologi Kebakaran di Permukiman Gambir Jakpus,Fakta,Liputan6 Nasional (2026-08-31)
Prabowo Ucapkan Selamat Ulang Tahun ke Zulkifli Hasan di Penutupan Muktamar NU,Fakta,Liputan6 Nasional (2026-08-31)
Komnas HAM Bakal Berikan Rapor Penilaian HAM terhadap Kinerja Polri,Fakta,Liputan6 Nasional (2026-08-31)
Anggota DPR: Banyak APH Iri dengan Penghasilan Hakim,Fakta,Liputan6 Nasional (2026-08-31)
Kasus Chromebook: Hukuman Ibam Diperberat jadi 5 Tahun dan Uang Pengganti Rp 5 M,Fakta,Liputan6 Nasional (2026-08-31)
"Viral Jembatan Gantung Pongpet Pangandaran Ambruk, TNI AD Beri Penjelasan",Fakta,Liputan6 Nasional (2026-08-31)
"Siapa Waled NU, Kalahkan Miftachul Akhyar dan Said Aqil di Voting Tim AHWA",Fakta,Liputan6 Nasional (2026-08-31)
Istana Buka Suara soal Polemik Desil Tak Sesuai Ekonomi Warga,Fakta,Liputan6 Nasional (2026-08-31)
"Mulai Besok, Naik Transjabodetabek Blok M ke Bandara Soekarno-Hatta Rp 15.000",Fakta,Liputan6 Nasional (2026-08-31)
Cerita Prabowo Tolak Tawaran Utang IMF: Indonesia Bisa Tanpa Pinjaman,Fakta,Liputan6 Nasional (2026-08-31)
"Komnas HAM Temui Wakapolri, Bahas Demo Ricuh 27 Agustus",Fakta,Liputan6 Nasional (2026-08-31)
Prabowo Puji Muktamar ke-35 NU Berjalan Damai,Fakta,Liputan6 Nasional (2026-08-31)
"3 Kapolres Polda Metro Jaya Diganti, Ini Daftarnya",Fakta,Liputan6 Nasional (2026-08-31)
"Gunung Sinabung Erupsi Hebat, Abu Vulkanik Capai 3,5 Kilometer",Fakta,Liputan6 Nasional (2026-08-31)
"Prabowo Dapat Kartu Anggota NU, Berlaku Seumur Hidup",Fakta,Liputan6 Nasional (2026-08-31)
Tarif Rp 15.000 Transjakarta Blok M–Soekarno Hatta Berlaku Besok,Fakta,Liputan6 Nasional (2026-08-31)
"Komjen Fadil Imran Pensiun, Irjen Roycke Harry Langie Jabat Astamaops Kapolri",Fakta,Liputan6 Nasional (2026-08-31)
"Brigjen Hengky Jabat Kapolda Papua Barat Daya, Dulu Pernah Tangkap Hercules",Fakta,Liputan6 Nasional (2026-08-31)
"Stasiun Karet Ditutup Besok, Penumpang Pindah ke BNI City",Fakta,Liputan6 Nasional (2026-08-31)
Pramono Ingin Jakarta Jadi Kota Ramah Olahraga,Fakta,Liputan6 Nasional (2026-08-31)
Prabowo Disambut Ketum PBNU Gus Kikin di Lokasi Muktamar,Fakta,Liputan6 Nasional (2026-08-31)
"Kasus Chromebook, Banding Ibrahim Arief Diputus Hari Ini",Fakta,Liputan6 Nasional (2026-08-31)
Jembatan Gantung Pongpet Ambruk saat Dilewati Bupati Pangandaran,Fakta,Liputan6 Nasional (2026-08-31)
"Kembali ke Jombang, Prabowo Hadiri Penutupan Muktamar Ke-35 NU",Fakta,Liputan6 Nasional (2026-08-31)
Posko GRIB Jaya di Jakbar Kebakaran,Fakta,Liputan6 Nasional (2026-08-31)
Sorotan dan Kekhawatiran di Balik RUU Perampasan Aset,Fakta,Liputan6 Nasional (2026-08-31)
"RUU Perampasan Aset, Daftar 13 Tindak Pidana Diusulkan Bisa Disita",Fakta,Liputan6 Nasional (2026-08-31)
Pemprov DKI Berikan Keringanan PBJT 50% untuk Tontonan Film Nasional,Fakta,Liputan6 Nasional (2026-08-31)
"Profil Gus Kikin, Kiai Entrepreneur yang Terpilih Jadi Ketum PBNU",Fakta,Liputan6 Nasional (2026-08-31)
"Cuaca Hari Ini Diprediksi Hujan hingga Kabut, Cek Daftar Kotanya",Fakta,Liputan6 Nasional (2026-08-31)
"Suhu Jakarta Bisa Capai 35 Derajat, Hujan Ringan Muncul Sore Hari",Fakta,Liputan6 Nasional (2026-08-31)
"Yenny Wahid: Kultur NU Itu Musyawarah, Bukan Chaos",Fakta,Liputan6 Nasional (2026-08-31)
Sosok KH Miftachul Akhyar yang Kembali Terpilih Jadi Rais Aam PBNU,Fakta,Liputan6 Nasional (2026-08-31)
"Muktamar ke-35 NU, KH Miftachul Akhyar Kembali Terpilih Jadi Rais Aam PBNU",Fakta,Liputan6 Nasional (2026-08-30)
Bareskrim Telusuri Dugaan Perdagangan Orang Libatkan WNI di Jeju Korsel,Fakta,Liputan6 Nasional (2026-08-30)
Gus Ipul Tanggapi Aksi Protes Massa di Muktamar ke-35 NU,Fakta,Liputan6 Nasional (2026-08-30)
Hasil Lengkap Perolehan Suara Anggota AHWA Muktamar ke-35 NU,Fakta,Liputan6 Nasional (2026-08-30)
"Muktamar ke-35 NU, Ini 9 Ulama Peraih Suara Tertinggi Anggota AHWA",Fakta,Liputan6 Nasional (2026-08-30)
"Update Gempa NTT: 111 Orang Meninggal, Jumlah Pengungsi Berkurang",Fakta,Liputan6 Nasional (2026-08-30)
"Kasus Kematian Bambang Masih Diselidiki, Yusril Imbau Warga Tak Terprovokasi",Fakta,Liputan6 Nasional (2026-08-30)
"Putusan MK Ubah Syarat Penetapan Bencana Nasional, Ini Respons BNPB",Fakta,Liputan6 Nasional (2026-08-30)
Wamendagri Minta DPRD Tingkatkan Kapasitas dan Pengawasan Pemda,Fakta,Liputan6 Nasional (2026-08-30)
BGN Ungkap Modus Penipuan Dapur MBG,Fakta,Liputan6 Nasional (2026-08-30)
"DPR Kawal Hak Karyawan PT Pos, Pembayaran Rp 158 Miliar Terealisasi",Fakta,Liputan6 Nasional (2026-08-30)
"Karhutla Kalteng Belum Padam, Gubernur Agustiar Minta Sumur Bor Ditambah di Titik Rawan",Fakta,Liputan6 Nasional (2026-08-30)
Kapolri Minta Garda Satya NKRI Jaga Kamtibmas,Fakta,Liputan6 Nasional (2026-08-30)
"Kronologi Demo Kader NU Ricuh, Minta Bertemu Gus Ipul",Fakta,Liputan6 Nasional (2026-08-30)
"Syarat Bencana Nasional Diubah MK, Ini Indikatornya",Fakta,Liputan6 Nasional (2026-08-30)
Komnas HAM Bentuk Tim Khusus Selidiki Peristiwa Kuda Tuli,Fakta,Liputan6 Nasional (2026-08-30)
Komnas HAM Bentuk Tim Proyustisia Selidiki Peristiwa Kuda Tuli,Fakta,Liputan6 Nasional (2026-08-30)
Kejagung Sita Aset Rp 338 M dari Kasus Korupsi Tambang di Kalbar,Fakta,Liputan6 Nasional (2026-08-30)
"Kisah Pedagang Pejompongan Saat Kerusuhan, Tutup Toko karena Takut",Fakta,Liputan6 Nasional (2026-08-30)
"Disorot DPRD, Begini Nasib Lapangan Padel di Lahan Pemprov DKI",Fakta,Liputan6 Nasional (2026-08-30)
Pramono Janji Jembatan Bambu di Tegal Alur Segera Diganti Beton,Fakta,Liputan6 Nasional (2026-08-30)
"Cuaca Hari Ini, Sejumlah Wilayah Berpotensi Berawan dan Hujan",Fakta,Liputan6 Nasional (2026-08-30)
11 Perusahaan Pengelola Sampah di Jakarta Kena Sanksi,Fakta,Liputan6 Nasional (2026-08-30)
"BPJS Ketenagakerjaan Salurkan Bantuan untuk Korban Gempa NTT, Wujud Kepedulian dan Gotong ...",Fakta,Liputan6 Nasional (2026-08-30)
"Prabowo Rapat Bareng Menhan-Panglima TNI, Bahas Syarat Suku Dayak Jadi Prajurit TNI",Fakta,Liputan6 Nasional (2026-08-30)
"Penjelasan Mekanisme AHWA, Sistem Pemilihan Ketum PBNU di Muktamar ke-35",Fakta,Liputan6 Nasional (2026-08-30)
Muktamar NU: Rais Aam dan Ketum PBNU Dilarang Rangkap Jabatan Publik,Fakta,Liputan6 Nasional (2026-08-30)
Cerita Warga NTT Bertahan Hidup di Tengah Gempa Susulan,Fakta,Liputan6 Nasional (2026-08-30)
Maluku Utara Raih Nilai Tertinggi Indeks Keinsinyuran Daerah,Fakta,Liputan6 Nasional (2026-08-29)
"Ledakan Akibat Tabung Gas Bocor di Bekasi, Ayah dan Anak Meninggal",Fakta,Liputan6 Nasional (2026-08-29)
Ilham Habibie Tekankan Peran Insinyur dalam Kemajuan Industri Bangsa,Fakta,Liputan6 Nasional (2026-08-29)
Tinggalkan Kenyamanan Demi Anak - Anak Sekolah Rakyat,Fakta,Liputan6 Nasional (2026-08-29)
"Kiai Said Aqil Salat Hajat Bareng Gus Kikin Jelang Pemilihan Ketum PBNU, Sebuah Kode?",Fakta,Liputan6 Nasional (2026-08-29)
"Polisi Gerebek Sarang Narkoba, Ibu Rumah Tangga Diduga Jadi Bandar",Fakta,Liputan6 Nasional (2026-08-29)
"Lodewyk Pusung Ajukan Praperadilan Ketiga, Begini Respons Kejagung",Fakta,Liputan6 Nasional (2026-08-29)
"30 Hektare Lahan di Rorotan Terbakar, Diduga Sengaja Dibakar",Fakta,Liputan6 Nasional (2026-08-29)
Wamendagri Ungkap Modal Indonesia Timur Menuju Indonesia Emas 2045,Fakta,Liputan6 Nasional (2026-08-29)
"Muktamar ke-35 NU Memanas, Muncul Dugaan Kekerasan",Fakta,Liputan6 Nasional (2026-08-29)
Daftar Tindak Pidana yang Bakal Masuk RUU Perampasan Aset,Fakta,Liputan6 Nasional (2026-08-29)
GRIB Jaya Ungkap Alasan Hercules Berada di Lokasi Demo,Fakta,Liputan6 Nasional (2026-08-29)
"Kisah Pilu Bambang Pejompongan, Tengok Toko dan Tak Pernah Pulang",Fakta,Liputan6 Nasional (2026-08-29)
Penyebab Kematian Bambang Pejompongan Belum Diketahui,Fakta,Liputan6 Nasional (2026-08-29)
"TPS Waringinkurung Terbakar Sejak Kemarin, Api Masih Mengintai",Fakta,Liputan6 Nasional (2026-08-29)
Muktamar NU Belum Putuskan Cara Pilih Ketum,Fakta,Liputan6 Nasional (2026-08-29)
"Kasus Dugaan Penggelapan Dana TikToker Vilmei, 3 Orang Jadi Tersangka",Fakta,Liputan6 Nasional (2026-08-29)
Bareskrim Jerat Bos Kasino Batam dengan Pasal Pencucian Uang,Fakta,Liputan6 Nasional (2026-08-29)
Perwakilan Papua Ungkap Kriteria Ketum Baru PBNU,Fakta,Liputan6 Nasional (2026-08-29)
Febrie Adriansyah Diduga Lakukan Pencucian Uang Sejak 2018,Fakta,Liputan6 Nasional (2026-08-29)
"KPK Bantah Gedung Merah Putih Kebakaran, Ini Penyebab Asap",Fakta,Liputan6 Nasional (2026-08-29)
Malam Mencekam di Pejompongan,Fakta,Liputan6 Nasional (2026-08-29)
"Asap Muncul di Gedung KPK, Sempat Dikira Kebakaran hingga Damkar Datang",Fakta,Liputan6 Nasional (2026-08-29)
Polisi Dalami Dugaan Keterlibatan Ormas dalam Kerusuhan Demo,Fakta,Liputan6 Nasional (2026-08-29)
"Pajero Hantam Truk di Jagorawi, Diduga Ini Pemicunya",Fakta,Liputan6 Nasional (2026-08-29)
"Putusan Praperadilan Ditolak, Febrie Adriansyah Soroti Kontradiksi Hakim",Fakta,Liputan6 Nasional (2026-08-29)
Detik-detik Pikap Terobos Gerbang DPR Saat Demo 27 Agustus,Fakta,Liputan6 Nasional (2026-08-29)
"Bayar PBB-P2 Sebelum Jatuh Tempo, Wajib Pajak DKI Jakarta Dapat Diskon 5%",Fakta,Liputan6 Nasional (2026-08-29)
Polisi: Massa Rusuh di Pejompongan Terafiliasi Anarko,Fakta,Liputan6 Nasional (2026-08-29)
Sikambal Jadi Solusi Pengelolaan Sampah Warga Kampung Bali,Fakta,Liputan6 Nasional (2026-08-29)
"Kemeriahan Merdeka Run 2026, Diramaikan Atraksi Pesawat Tempur F-16",Fakta,Liputan6 Nasional (2026-08-29)
Kasus Pneumonia Melonjak di Pontianak Akibat Kabut Asap,Fakta,Liputan6 Nasional (2026-08-29)
KPK Dalami Dugaan Korupsi Pengadaan di Dinas Pendidikan Bogor,Fakta,Liputan6 Nasional (2026-08-29)
Prabowo Bakal Jadi Tamu Utama Forum Ekonomi EEF di Rusia,Fakta,Liputan6 Nasional (2026-08-29)
Febrie Adriansyah Bantah Terima Rp 40 Miliar dari Pengusaha Tan Kian,Fakta,Liputan6 Nasional (2026-08-29)
"Prabowo Temui Warga Relokasi Senen di Rumah Baru, Pesannya Sederhana",Fakta,Liputan6 Nasional (2026-08-29)
Polisi Usut Dugaan Eksploitasi Anak dalam Kerusuhan Demo DPR,Fakta,Liputan6 Nasional (2026-08-28)
Malam-Malam Prabowo Cek Hunian Baru Warga Bantaran Rel Senen,Fakta,Liputan6 Nasional (2026-08-28)
Alasan MK Batalkan Pasal Penghinaan Pemerintah dan DPR di KUHP,Fakta,Liputan6 Nasional (2026-08-28)
"Cerita Pelajar Terseret Demo Ricuh: Ditarik, Dipukul, Lalu Dipaksa Mengaku Provokator",Fakta,Liputan6 Nasional (2026-08-28)
MK Batalkan Pasal Penghinaan Pemerintah dan Lembaga di KUHP,Fakta,Liputan6 Nasional (2026-08-28)
Polisi Duga Ada Penggerak dan Pendana Demo Rusuh Depan DPR,Fakta,Liputan6 Nasional (2026-08-28)
Aturan Kepala BGN: Kepala SPPG Wajib Standby di Dapur Pukul 02.00,Fakta,Liputan6 Nasional (2026-08-28)
Prabowo Terima Tokoh Dayak Panglima Jilah Bahas Kebakaran Hutan Kalimantan,Fakta,Liputan6 Nasional (2026-08-28)
"Warga Tewas saat Kericuhan Pejompongan, Begini Cerita dari Keluarga",Fakta,Liputan6 Nasional (2026-08-28)
Polisi Tetapkan 45 Tersangka Kerusuhan Gedung DPR,Fakta,Liputan6 Nasional (2026-08-28)
"Pramono Datangi Rumah Bambang, Pria Tewas saat Rusuh di Pejompongan",Fakta,Liputan6 Nasional (2026-08-28)
Gempa Susulan di NTT Tembus 8.794 Kali,Fakta,Liputan6 Nasional (2026-08-28)
Infografis: 10 Bandara Tersibuk di Dunia 2026,Fakta,Liputan6 Nasional (2026-08-28)
Slipi Kembali Normal Usai Demo Ricuh,Fakta,Liputan6 Nasional (2026-08-28)
Kronologi Evakuasi Pria Tewas saat Kerusuhan di Pejompongan,Fakta,Liputan6 Nasional (2026-08-28)
"Viral Pria Diinterogasi Polisi Saat Demo, Polda Metro Sebut Kesalahpahaman",Fakta,Liputan6 Nasional (2026-08-28)
"RUU Kewarganegaraan Rampung, Ini Syarat Dwi Kewarganegaraan",Fakta,Liputan6 Nasional (2026-08-28)
Tatib Muktamar dan Pemilihan Rais Aam dan Ketum PBNU Dibahas Terpisah,Fakta,Liputan6 Nasional (2026-08-28)
Pemerintah Diminta Perhatikan Kesehatan Jiwa Korban Gempa NTT,Fakta,Liputan6 Nasional (2026-08-28)
1.600 Mangrove di Pesisir Jawa Barat dan Jakarta Jadi Benteng Hadapi Krisis Iklim,Fakta,Liputan6 Nasional (2026-08-28)
322 Orang Ditangkap Usai Kericuhan Demo di DPR,Fakta,Liputan6 Nasional (2026-08-28)
"Prabowo Bertemu Ramos-Horta dan Penerima Nobel, Ini yang Dibahas",Fakta,Liputan6 Nasional (2026-08-28)
Kapolri: Serikat Buruh Rumah Kedua Saya,Fakta,Liputan6 Nasional (2026-08-28)
Sekjen PDIP Respons Ucapan Budi Arie soal Pemilu 2029 Dipercepat,Fakta,Liputan6 Nasional (2026-08-28)
KPK Geledah Kantor Dinas Pendidikan Kabupaten Bogor,Fakta,Liputan6 Nasional (2026-08-28)
"Merdeka Run 29 Agustus 2026, 12 Ruas Jalan Jakarta Ditutup",Fakta,Liputan6 Nasional (2026-08-28)
"Wamendagri: 1,25 Juta Satlinmas Jadi Kekuatan Dukung Pembangunan",Fakta,Liputan6 Nasional (2026-08-28)
Megawati Soroti Salju Papua yang Makin Menyusut,Fakta,Liputan6 Nasional (2026-08-28)
"Kasus Kebakaran Hutan Bertambah, 89 Orang Jadi Tersangka",Fakta,Liputan6 Nasional (2026-08-28)
Kala Ramos Horta Bicara Toleransi Indonesia di Hadapan Megawati,Fakta,Liputan6 Nasional (2026-08-28)
Ruben Onsu Batal Diperiksa Polisi Hari Ini,Fakta,Liputan6 Nasional (2026-08-28)
"42.000 UMKM Jakbar Didorong Naik Kelas, IMDE Siapkan Pelatihan Digital",Fakta,Liputan6 Nasional (2026-08-28)
Penjelasan TNI AU soal 3 Pesawat Tempur Wara-Wiri di Langit Jakarta,Fakta,Liputan6 Nasional (2026-08-28)
Megawati Pertanyakan Peran PBB di Tengah Konflik Dunia,Fakta,Liputan6 Nasional (2026-08-28)
Cerita Megawati Kaget Wajahnya Dicatut AI Iklan Kue,Fakta,Liputan6 Nasional (2026-08-28)
3 Pesawat Tempur Wara-Wiri di Langit Jakarta,Fakta,Liputan6 Nasional (2026-08-28)
Mobil Camry Terbakar di Tol Layang MBZ,Fakta,Liputan6 Nasional (2026-08-28)
"Muktamar ke-35 NU Diwarnai Interupsi, Mekanisme Pemilihan Ketum Jadi Sorotan",Fakta,Liputan6 Nasional (2026-08-28)
"CCTV Dirusak Saat Demo, Gubernur DKI Minta Pelaku Diburu",Fakta,Liputan6 Nasional (2026-08-28)
"Sempat Dipenuhi Massa, Begini Kondisi Terkini Jalan Pejompongan",Fakta,Liputan6 Nasional (2026-08-28)
"Peduli Korban Bencana NTT, Sido Muncul Salurkan Bantuan Rp400 Juta melalui BPOM dan Kemenp...",Fakta,Liputan6 Nasional (2026-08-28)
"Kepala Daerah Disebut Petarung, Wamendagri Ungkap 5 Tantangan",Fakta,Liputan6 Nasional (2026-08-28)
"Polisi Bongkar Judi di Sukoharjo, 30 Orang Ditahan",Fakta,Liputan6 Nasional (2026-08-28)
Daftar Rute Transjakarta Dihentikan Sementara Imbas Demo 27 Agustus,Fakta,Liputan6 Nasional (2026-08-28)
Respons Polisi Usai Pos Slipi Kembali Dibakar Massa,Fakta,Liputan6 Nasional (2026-08-28)
Polisi Ungkap Sosok di Balik Demo Rusuh Senayan,Fakta,Liputan6 Nasional (2026-08-28)
"Beda Pandangan Politik, Harus Cut Off? Dilema Gen Z Hadapi Perbedaan",Fakta,Liputan6 Nasional (2026-08-28)
Gus Yahya Jawab Isu Intervensi Pengurus Daerah di Muktamar NU,Fakta,Liputan6 Nasional (2026-08-28)
Sampah Bantargebang Bakal Diubah Jadi Listrik,Fakta,Liputan6 Nasional (2026-08-28)
"Praperadilan Kandas di PN Jakpus, Lodewyk Pusung Ajukan Lagi ke PN Jaksel",Fakta,Liputan6 Nasional (2026-08-28)
Kemenag: Nasaruddin Umar Fokus Membantu Presiden sebagai Menag,Fakta,Liputan6 Nasional (2026-08-28)
"Setahun Berlalu, Makam Affan Kurniawan Tak Sepenuhnya Sepi",Fakta,Liputan6 Nasional (2026-08-28)
Peluncuran Wajah Baru Rumah Sakit Tria Dipa Melalui Transformasi Teknologi Kesehatan Termo...,Fakta,Liputan6 Nasional (2026-08-28)
Perjalanan KRL Palmerah-Tanah Abang Sudah Kembali Normal,Fakta,Liputan6 Nasional (2026-08-28)
"Kenangan Kawan Kecil Affan Kurniawan: Hobi Nongkrong, Bercanda, lalu Makan",Fakta,Liputan6 Nasional (2026-08-28)
"Tol Dalam Kota Kembali Dibuka, Sempat Ditutup Akibat Kerumunan Pagi Ini",Fakta,Liputan6 Nasional (2026-08-28)
KRL Palmerah-Tanah Abang Terganggu Pagi Ini Imbas Kerumunan Orang,Fakta,Liputan6 Nasional (2026-08-28)
"Mengenang Satu Tahun Kepergian Affan Kurniawan, Korban Demo Rusuh 28 Agustus",Fakta,Liputan6 Nasional (2026-08-28)
"Fasilitas di Sekitar DPR Dirusak, Polisi Lakukan Pendataan",Fakta,Liputan6 Nasional (2026-08-28)
Massa Masih Berkerumun di Slipi-Petamburan hingga Dini Hari,Fakta,Liputan6 Nasional (2026-08-28)
Nestapa Pos Polisi Slipi yang Selalu jadi Korban Amarah Pendemo,Fakta,Liputan6 Nasional (2026-08-28)
Alasan Polisi Bubarkan Paksa Demo Depan DPR,Fakta,Liputan6 Nasional (2026-08-28)
"Prabowo: Indonesia akan Bangkit, Tak Ada yang Bisa Membendung",Fakta,Liputan6 Nasional (2026-08-27)
"Sejumlah CCTV Dirusak Massa Demo, Pemprov Jakarta Tempuh Jalur Hukum",Fakta,Liputan6 Nasional (2026-08-27)
Prabowo Buka Muktamar ke-35 NU: Saya Tak Atur Ini Semua,Fakta,Liputan6 Nasional (2026-08-27)
Pos Polisi di Bawah Flyover Slipi Dibakar Massa,Fakta,Liputan6 Nasional (2026-08-27)
Reaksi Kubu Febrie Usai Praperadilan Ditolak,Fakta,Liputan6 Nasional (2026-08-27)
3 KRL Rangkasbitung Direkayasa karena Kerumunan Massa di Jalur Rel,Fakta,Liputan6 Nasional (2026-08-27)
"LRT Kelapa Gading-Manggarai Siap Beroperasi, Waktu Tempuh 28 Menit",Fakta,Liputan6 Nasional (2026-08-27)
Gerakan Mahasiswa Hidayatullah Ajak Semua Pihak Jaga Persatuan,Fakta,Liputan6 Nasional (2026-08-27)
Prabowo Puji Sudaryono di Depan Warga NU: Anak Muda yang Jantungnya Kuat,Fakta,Liputan6 Nasional (2026-08-27)
"Imbas Demo, 13 Rute Transjakarta Setop Operasi",Fakta,Liputan6 Nasional (2026-08-27)
Sisi dan Kantong Plastik di Tengah Aksi,Fakta,Liputan6 Nasional (2026-08-27)
Wamendagri Bima Arya Dorong APKASI Otonomi Expo 2026 Hasilkan Investasi Nyata,Fakta,Liputan6 Nasional (2026-08-27)
"Demo Depan DPR Malam Ini, Massa Bubar Disemprot Water Cannon",Fakta,Liputan6 Nasional (2026-08-27)
"Mendagri Jenguk Wali Nanggroe Aceh di Penang, Bawa Salam dari Prabowo",Fakta,Liputan6 Nasional (2026-08-27)
"KRL Green Line ke Tanah Abang Tertahan, Ada Kerumunan di Palmerah",Fakta,Liputan6 Nasional (2026-08-27)
"Massa Masuk Jalan Tol, Mobil Diduga Milik Pejabat Dirusak",Fakta,Liputan6 Nasional (2026-08-27)
KPK Geledah 2 Kantor Milik Pemkab Bogor,Fakta,Liputan6 Nasional (2026-08-27)
"Hari Danau Sedunia, Selamatkan Air untuk Generasi Mendatang",Fakta,Liputan6 Nasional (2026-08-27)
Prabowo Tagih Kartu Anggota NU ke Gus Yahya: Masih Utang Sama Saya Ya,Fakta,Liputan6 Nasional (2026-08-27)
Prabowo: Saya Tak Mungkin Jadi Mandataris Rakyat Tanpa NU-Muhammadiyah,Fakta,Liputan6 Nasional (2026-08-27)
"Prabowo di Muktamar NU: Jas Hijau, Jangan Sekali-Sekali Lupakan Jasa Ulama",Fakta,Liputan6 Nasional (2026-08-27)
Kondisi Terkini Jalan Belakang Gedung DPR Imbas Demo,Fakta,Liputan6 Nasional (2026-08-27)
LKPP Perkuat Integritas untuk Cegah Korupsi,Fakta,Liputan6 Nasional (2026-08-27)
Pemuda Bekasi Ditangkap Usai Unggah 'Kepung DPR',Fakta,Liputan6 Nasional (2026-08-27)
Polisi Tangkap Dua Pemasok Narkoba Revaldo Fifaldi,Fakta,Liputan6 Nasional (2026-08-27)
"Massa Demo Guncang Pagar DPR hingga Besi Patah, Polisi Beri Peringatan",Fakta,Liputan6 Nasional (2026-08-27)
"Gempa Magnitudo 5,2 Guncang Labuan Bajo",Fakta,Liputan6 Nasional (2026-08-27)
"Jalan Belakang Gedung DPR Ditutup, Kendaraan Diminta Putar Balik",Fakta,Liputan6 Nasional (2026-08-27)
"LRT Kelapa Gading-Manggarai Bakal Uji Coba, Pasang Tarif Murah",Fakta,Liputan6 Nasional (2026-08-27)
KPK Perpanjang Lagi Penahanan Silmy Karim hingga 1 Oktober,Fakta,Liputan6 Nasional (2026-08-27)
Menkes Ungkap Tantangan Tangani Korban Gempa NTT,Fakta,Liputan6 Nasional (2026-08-27)
KPK Ungkap Nasib 2 Tersangka Suap Jual Beli Jabatan di Kuansing,Fakta,Liputan6 Nasional (2026-08-27)
Pramono Pastikan CCTV Bisa Diakses Pantau Demo 27 Agustus,Fakta,Liputan6 Nasional (2026-08-27)
"Warga Pati Curhat ke Pimpinan DPR, WC Sulit dan Mau Salat Bingung",Fakta,Liputan6 Nasional (2026-08-27)
Momen Hangat Prabowo Sungkem ke Kiai Sepuh di Muktamar NU,Fakta,Liputan6 Nasional (2026-08-27)
"Demo Depan DPR Memanas, Massa Bakar Ban dan Rusak Pagar",Fakta,Liputan6 Nasional (2026-08-27)
"Sebar Ajakan Kepung DPR, Pria di Bekasi Diamankan Polisi",Fakta,Liputan6 Nasional (2026-08-27)
"65 Orang Ditangkap Jelang Demo 27 Agustus, Ada Pelajar dan Mahasiswa",Fakta,Liputan6 Nasional (2026-08-27)
DPR Targetkan RUU Perampasan Aset Sah Desember 2026,Fakta,Liputan6 Nasional (2026-08-27)
Momen Prabowo-Gibran Hadiri Muktamar NU,Fakta,Liputan6 Nasional (2026-08-27)
Puan Optimis RUU Perampasan Aset Rampung Desember 2026,Fakta,Liputan6 Nasional (2026-08-27)
Infografis: Poin Kesepakatan Pendemo dengan Pimpinan DPR,Fakta,Liputan6 Nasional (2026-08-27)
Puan Tegaskan DPR Terbuka Tampung Aspirasi Rakyat,Fakta,Liputan6 Nasional (2026-08-27)
"Massa AMPB Bubar dari DPR, Polisi Tangkap Pria Bawa Sajam dan Copet",Fakta,Liputan6 Nasional (2026-08-27)
Massa Bentangkan Merah Putih Panjang Datangi Gedung DPR,Fakta,Liputan6 Nasional (2026-08-27)
"Ada Demo di DPR, Akses Keluar Slipi Tol Dalam Kota Ditutup Sementara",Fakta,Liputan6 Nasional (2026-08-27)
"KPI Baru Dilantik, Menkomdigi Meutya Titip Tiga Pesan Penting",Fakta,Liputan6 Nasional (2026-08-27)
Said Abdullah Minta Target RAPBN 2027 Diperketat,Fakta,Liputan6 Nasional (2026-08-27)
"Prabowo Bertolak ke Jombang, Dijadwalkan Buka Muktamar ke-35 NU",Fakta,Liputan6 Nasional (2026-08-27)
"Isi Lengkap Kesepakatan Pendemo dengan DPR, Ada Soal Pengunduran Diri",Fakta,Liputan6 Nasional (2026-08-27)
Alasan Hakim Tolak Eksepsi Eks Menag Yaqut Cholil Qoumas,Fakta,Liputan6 Nasional (2026-08-27)
"Mengenal Botok, Penggerak Demo Warga Pati di DPR",Fakta,Liputan6 Nasional (2026-08-27)
"Pria Berhelm Diamuk Pendemo, Diduga Provokator Bawa Sajam",Fakta,Liputan6 Nasional (2026-08-27)
Polisi Bongkar Sumber Dana Pembelian Sajam dan Bom Molotov Jelang Demo,Fakta,Liputan6 Nasional (2026-08-27)
"Tiga Anggota DPR Naik Mobil Komando, Siap Mundur Jika Tak Tepati Janji",Fakta,Liputan6 Nasional (2026-08-27)
Botok Pati Bacakan Janji Pimpinan DPR soal RUU Perampasan Aset,Fakta,Liputan6 Nasional (2026-08-27)
"CCTV Dishub DKI Tak Bisa Dipantau Saat Demo 27 Agustus, Ini Penyebabnya",Fakta,Liputan6 Nasional (2026-08-27)
Respons Eks Menag Yaqut Usai Eksepsi Ditolak Hakim,Fakta,Liputan6 Nasional (2026-08-27)
Pimpinan DPR Siap Mundur Jika RUU Perampasan Aset Gagal Disahkan,Fakta,Liputan6 Nasional (2026-08-27)
65 Orang Ditangkap Jelang Demo 27 Agustus,Fakta,Liputan6 Nasional (2026-08-27)
Eksepsi Eks Menag Yaqut Cholil Qoumas Ditolak,Fakta,Liputan6 Nasional (2026-08-27)
Situasi Terkini Demo 27 Agustus di DPR,Fakta,Liputan6 Nasional (2026-08-27)
Perkembangan Terkini Demo 27 Agustus 2026,Fakta,Liputan6 Nasional (2026-08-27)
"Jelang Demo, Botok Pati Hadir di Ruang Paripurna DPR",Fakta,Liputan6 Nasional (2026-08-27)
"Sekolah Rakyat Segera Dibangun, Bupati Mamuju Tengah Serahkan Sertifikat Lahan ke Kemensos",Fakta,Liputan6 Nasional (2026-08-27)
"Demo 27 Agustus, Orang Tua di Tangerang Wajib Jemput Anak di Sekolah",Fakta,Liputan6 Nasional (2026-08-27)
Skenario Rekayasa Lalu Lintas Demo 27 Agustus di DPR,Fakta,Liputan6 Nasional (2026-08-27)
Wamensos Agus Jabo Bertemu Bappenas Bahas Strategi Penanganan Bencana hingga Sekolah Rakya...,Fakta,Liputan6 Nasional (2026-08-27)
"Zaahira, Anak Istimewa yang Merajut Asa dan Masa Depan di Sekolah Rakyat",Fakta,Liputan6 Nasional (2026-08-27)
Tiga Lokasi Demo Jakarta Hari Ini,Fakta,Liputan6 Nasional (2026-08-27)
"Demo 27 Agustus, Menko Polkam Pastikan Tak Ada Penyekatan",Fakta,Liputan6 Nasional (2026-08-27)
"Demo 27 Agustus, Ini Rute Transjakarta yang Dialihkan",Fakta,Liputan6 Nasional (2026-08-27)
"DPR Rapat Paripurna Hari Ini, Ada Laporan RUU Perampasan Aset",Fakta,Liputan6 Nasional (2026-08-27)
Bioskop Wajib Penuhi Mekanisme untuk Nikmati Keringanan PBJT 50%,Fakta,Liputan6 Nasional (2026-08-27)
Sejumlah Orang Ditahan Polda Metro Jaya Jelang Demo 27 Agustus,Fakta,Liputan6 Nasional (2026-08-27)
"Polisi Sisir KRL, Cegah Pelajar Ikut Demo 27 Agustus di Jakarta",Fakta,Liputan6 Nasional (2026-08-27)
Jalan Gatot Subroto Depan DPR Ditutup Jelang Demo 27 Agustus,Fakta,Liputan6 Nasional (2026-08-27)
60 Rumah Terbakar di Muara Angke,Fakta,Liputan6 Nasional (2026-08-27)
"Jelang Demo 27 Agustus, Polisi Sekat Massa ke Jakarta",Fakta,Liputan6 Nasional (2026-08-27)
Revaldo yang Tak Pernah Kapok di Kasus Narkoba,Fakta,Liputan6 Nasional (2026-08-27)
"Ada Demo 27 Agustus, Hindari Jalan Ini",Fakta,Liputan6 Nasional (2026-08-27)
"Jelang Muktamar ke-35, Ini Daftar Ketum PBNU dari Masa ke Masa",Fakta,Liputan6 Nasional (2026-08-27)
Belajar dari Kasus Rekening Donasi Botok Pati yang Sempat Diblokir,Fakta,Liputan6 Nasional (2026-08-27)
"Hutan di Ranu Kembang Terbakar, Jalur Pendakian Gunung Semeru Ditutup Total",Fakta,Liputan6 Nasional (2026-08-26)
Ruben Onsu Diperiksa Sebagai Tersangka Hari Jumat,Fakta,Liputan6 Nasional (2026-08-26)
Alasan Staf Khusus Raja Juli Antoni Mangkir Pemeriksaan KPK,Fakta,Liputan6 Nasional (2026-08-26)
"Ditahan KPK, Gatot Heroe Diduga Terima Suap Rp 3,25 Miliar",Fakta,Liputan6 Nasional (2026-08-26)
"Ada Demo 27 Agustus, Ini Rekayasa Lalu Lintas di Kawasan DPR hingga Istana",Fakta,Liputan6 Nasional (2026-08-26)
Pemulihan Ekosistem Laut untuk Perkuat Ekonomi Masyarakat Pesisir,Fakta,Liputan6 Nasional (2026-08-26)
"Demo Besok, AMPB Buka Pintu Dialog dengan DPR soal RUU Perampasan Aset",Fakta,Liputan6 Nasional (2026-08-26)
"Usulan Tak Digubris Pemkot, Warga Depok Patungan Benahi Jalan Demi Bebas Macet",Fakta,Liputan6 Nasional (2026-08-26)
"Rabu Malam, Massa Mulai Padati DPR dan Bikin Posko",Fakta,Liputan6 Nasional (2026-08-26)
Wamendagri Dorong Kota di Indonesia Perkuat Tata Kelola dan Kolaborasi,Fakta,Liputan6 Nasional (2026-08-26)
"Warga Bergaji UMR Masuk Desil 9-10, DPR Minta Data DTSEN Dibenahi",Fakta,Liputan6 Nasional (2026-08-26)
Polisi Pastikan Lalu Lintas Jakarta Tetap Normal Saat Demo DPR,Fakta,Liputan6 Nasional (2026-08-26)
"Telepon BRIN, Prabowo Minta Teknologi Ubah Air Laut jadi Tawar untuk NTT",Fakta,Liputan6 Nasional (2026-08-26)
"Gerakan Pemuda Islam Nyatakan Sikap Jelang Demo 27 Agustus, Tolak Aksi Anarkis",Fakta,Liputan6 Nasional (2026-08-26)
Infografis Hattrick Pesawat Bermasalah di Bandara Sultan Hasanuddin,Fakta,Liputan6 Nasional (2026-08-26)
Seruan Polri untuk Massa Demo 27 Agustus,Fakta,Liputan6 Nasional (2026-08-26)
Polda Metro Perkirakan 500 Orang Demo di Depan DPR Besok,Fakta,Liputan6 Nasional (2026-08-26)
"Kebakaran di Tanah Abang, 22 Unit Damkar Diterjunkan",Fakta,Liputan6 Nasional (2026-08-26)
"Nasaruddin Umar Dikabarkan Mundur, Kemenag Buka Suara",Fakta,Liputan6 Nasional (2026-08-26)
5 Tim Diterjunkan Kawal Bantuan Presiden untuk Korban Gempa NTT,Fakta,Liputan6 Nasional (2026-08-26)
"Tangani Gempa NTT, Mendagri Pastikan Layanan Adminduk dan Bantuan Presiden Berjalan",Fakta,Liputan6 Nasional (2026-08-26)
"Tabebuya Bermekaran di Jakarta, Ribuan Pohon Tambahan Siap Ditanam",Fakta,Liputan6 Nasional (2026-08-26)
"Daftar Peserta Tetap Muktamar ke-35 NU Rampung, Peserta Diminta Ikuti Juknis",Fakta,Liputan6 Nasional (2026-08-26)
Seskab Teddy Bagikan Rubik dan Protein Bar ke Anak-Anak Korban Gempa NTT,Fakta,Liputan6 Nasional (2026-08-26)
"Survei Tempo Data Science, Mayoritas Warga Optimis Arah Indonesia",Fakta,Liputan6 Nasional (2026-08-26)
"Warga Tegal Alur 2 Tahun Gunakan Jembatan Bambu, DPRD DKI Bertindak",Fakta,Liputan6 Nasional (2026-08-26)
DPR Protes Mandiri Blokir Rekening Botok Pati: Tak Ada Masalah Pidana,Fakta,Liputan6 Nasional (2026-08-26)
Kubu Febrie Adriansyah Buka Suara soal Ferry Boboho Dilindungi LPSK,Fakta,Liputan6 Nasional (2026-08-26)
Tri Tito Dorong Seni Jadi Penggerak Ekonomi Kreatif,Fakta,Liputan6 Nasional (2026-08-26)
Momen Haru Prabowo Peluk Erat Para Pengungsi Korban Gempa NTT,Fakta,Liputan6 Nasional (2026-08-26)
Prabowo Kucurkan Rp 200 Miliar untuk Penanganan Gempa NTT,Fakta,Liputan6 Nasional (2026-08-26)
AMPB Sebut Bus Massa Pati Dicegat Polisi,Fakta,Liputan6 Nasional (2026-08-26)
"Puan Tegaskan DPR Siap Terima Aspirasi Masyarakat, Imbau Peserta Demo Jaga Ketertiban",Fakta,Liputan6 Nasional (2026-08-26)
"Demo 27 Agustus, DPR Siap Terima Aspirasi",Fakta,Liputan6 Nasional (2026-08-26)
Prabowo Kunjungi Korban Gempa NTT: Sekolah di Tenda Dulu,Fakta,Liputan6 Nasional (2026-08-26)
KRL Rangkasbitung Terlambat akibat Kebakaran Lahan,Fakta,Liputan6 Nasional (2026-08-26)
"Polemik Usulan Tarif Parkir Mobil Rp 60 Ribu, Dishub DKI Buka Suara",Fakta,Liputan6 Nasional (2026-08-26)
Botok Pati: Tak Ada Niat Buat Rusuh Demo di DPR,Fakta,Liputan6 Nasional (2026-08-26)
"Kepala Bea Cukai Kediri Diperiksa KPK, Statusnya Tersangka",Fakta,Liputan6 Nasional (2026-08-26)
Momen Hangat Prabowo Bercanda dengan Anak-Anak di Pengungsian Gempa NTT,Fakta,Liputan6 Nasional (2026-08-26)
"Pengungsi Gempa NTT Capai 179.037, Warga Alami Ketakutan",Fakta,Liputan6 Nasional (2026-08-26)
Prabowo Ungkap Alasan Baru Hadir di NTT,Fakta,Liputan6 Nasional (2026-08-26)
MRT Jakarta Siapkan Mal Bawah Tanah di Bundaran HI,Fakta,Liputan6 Nasional (2026-08-26)
Budi Arie Buka Suara Usai Viral Ucapan Pemilu Dipercepat Sebelum 2029,Fakta,Liputan6 Nasional (2026-08-26)
"Demo 27 Agustus di DPR, AMPB Bakal Bawa 2 Tuntutan Ini",Fakta,Liputan6 Nasional (2026-08-26)
"Prabowo Terima Laporan Gempa NTT, Ribuan Guncangan sampai Korban",Fakta,Liputan6 Nasional (2026-08-26)
Bareskrim Ungkap 32 Laporan Konflik Agraria di 12 Polda,Fakta,Liputan6 Nasional (2026-08-26)
LRT Kelapa Gading-Manggarai Batal Diresmikan Hari Ini,Fakta,Liputan6 Nasional (2026-08-26)
"4 Kali Ditangkap, Ini Alasan Revaldo Masih Pakai Narkoba",Fakta,Liputan6 Nasional (2026-08-26)
"Jaringan Sabu Pekanbaru-Jakarta Terbongkar, Bermula dari Pengambilan Mobil",Fakta,Liputan6 Nasional (2026-08-26)
Juru Parkir Liar Jakarta Diusulkan Dibina dan Dilegalkan,Fakta,Liputan6 Nasional (2026-08-26)
"Prabowo Tiba di Nagekeo, Tinjau Dampak Gempa NTT",Fakta,Liputan6 Nasional (2026-08-26)
"TelkomGroup Salurkan Bantuan Rp1,3 Miliar untuk Warga Terdampak Gempa NTT",Fakta,Liputan6 Nasional (2026-08-26)
Terungkap Cara Revaldo Pesan Sabu dari Pemasok,Fakta,Liputan6 Nasional (2026-08-26)
"Revaldo Jadi Tersangka Kasus Narkoba, Polisi Buru Pemasok",Fakta,Liputan6 Nasional (2026-08-26)
"Rencana Tarif Parkir Naik, Solusi Macet atau Beban Baru",Fakta,Liputan6 Nasional (2026-08-26)
KPK Panggil Kepala Dinas PUPR dan Anggota DPRD Kota Bengkulu,Fakta,Liputan6 Nasional (2026-08-26)
Polisi Buru Pemasok Sabu Revaldo Fifaldi,Fakta,Liputan6 Nasional (2026-08-26)
Prabowo Kunjungi Wilayah Terdampak Gempa NTT Hari Ini,Fakta,Liputan6 Nasional (2026-08-26)
"NU, Kekuatan Islam Indonesia",Fakta,Liputan6 Nasional (2026-08-26)
Pengakuan Revaldo Usai Ditangkap Terkait Kasus Narkoba,Fakta,Liputan6 Nasional (2026-08-26)
Bareskrim Ungkap Peredaran Permen Narkoba dari Inggris,Fakta,Liputan6 Nasional (2026-08-26)
"Ada Peresmian LRT Kelapa Gading-Manggarai Hari Ini, Cek Rekayasa Lalu Lintasnya",Fakta,Liputan6 Nasional (2026-08-26)
LRT Kelapa Gading-Manggarai Diresmikan Hari Ini,Fakta,Liputan6 Nasional (2026-08-26)
"Kapal Induk Pertama RI Menuju Indonesia, Dikawal Fregat Italia",Fakta,Liputan6 Nasional (2026-08-26)
WNA Rusia Diamankan Imigrasi Terkait Publikasi Demo di Wamena,Fakta,Liputan6 Nasional (2026-08-25)
"Gempa M 7,7 Rusak Dokumen Warga Flores, Dukcapil Bawa Peralatan Cetak KTP",Fakta,Liputan6 Nasional (2026-08-25)
"Kebakaran Arjuno-Welirang Capai 146 Hektare, Water Bombing Digencarkan",Fakta,Liputan6 Nasional (2026-08-25)
Polisi Gerebek 2 Sarang Narkoba di Medan,Fakta,Liputan6 Nasional (2026-08-25)
Prabowo: Kita Tak Boleh Lagi Impor Satu Tabung LPG Pun,Fakta,Liputan6 Nasional (2026-08-25)
Hasil Tes Urine Revaldo Fifaldi Positif Narkoba,Fakta,Liputan6 Nasional (2026-08-25)
3 Polisi Ditembak Saat Tangkap Buronan Narkoba,Fakta,Liputan6 Nasional (2026-08-25)
Kronologi Penangkapan Aktor Revaldo Fifaldi,Fakta,Liputan6 Nasional (2026-08-25)
"Prabowo: Negara Hadir, Penanganan Bencana Aceh hingga NTT Cepat dan Masif",Fakta,Liputan6 Nasional (2026-08-25)
Warna-warni Tabebuya Bermekaran di Jakarta,Fakta,Liputan6 Nasional (2026-08-25)
"LPSK Lindungi Saksi Kasus Febrie Adriansyah, Ini Sederet Pertimbangannya",Fakta,Liputan6 Nasional (2026-08-25)
Prabowo Bicara Soal Kerja di Hari Libur: Tak Sanggup Boleh Minggir,Fakta,Liputan6 Nasional (2026-08-25)
Prabowo Targetkan Penanganan Kebakaran Hutan Tuntas dalam Dua Pekan,Fakta,Liputan6 Nasional (2026-08-25)
"Tangkap Aktor Revaldo, Polisi Temukan Tiga Plastik Klip Bekas Sabu",Fakta,Liputan6 Nasional (2026-08-25)
Aktor Revaldo Fifaldi Kembali Ditangkap Terkait Narkoba,Fakta,Liputan6 Nasional (2026-08-25)
Dukcapil Terbitkan 358 Dokumen Warga Korban Gempa di Manggarai Barat,Fakta,Liputan6 Nasional (2026-08-25)
"Pulihkan Layanan Adminduk Pascagempa Flores, Dirjen Dukcapil Terjunkan Tim ke Ngada",Fakta,Liputan6 Nasional (2026-08-25)
"Kebakaran Hanguskan 40 Bangunan di Duren Sawit, 84 Warga Terdampak",Fakta,Liputan6 Nasional (2026-08-25)
LPSK: Ada Potensi Ancaman terhadap Saksi Kasus Febrie Adriansyah,Fakta,Liputan6 Nasional (2026-08-25)
"Gempa Magnitudo 5,1 Guncang Kepulauan Sangihe",Fakta,Liputan6 Nasional (2026-08-25)
Sampah Bandung Bakal Disulap Jadi Bahan Bakar,Fakta,Liputan6 Nasional (2026-08-25)
Strategi BMKG Atasi Kekeringan dan Kebakaran Hutan Kaltim,Fakta,Liputan6 Nasional (2026-08-25)
Menag: Maulid Nabi Muhammad Momentum Jadikan Akhlak Fondasi Peradaban,Fakta,Liputan6 Nasional (2026-08-25)
Prabowo Luncurkan Program PLTS 100 GW di Bali Hari Ini,Fakta,Liputan6 Nasional (2026-08-25)
RUU Perampasan Aset Ditargetkan Rampung Desember 2026,Fakta,Liputan6 Nasional (2026-08-25)
Kronologi Taksi Hijau Tertemper KRL Tanah Abang-Karet,Fakta,Liputan6 Nasional (2026-08-25)
Seskab Teddy: 11.567 Personel hingga 20 Ekskavator Tangani Kebakaran Hutan Sumsel,Fakta,Liputan6 Nasional (2026-08-25)
Kapal Induk Pertama RI Mulai Berlayar ke Indonesia,Fakta,Liputan6 Nasional (2026-08-25)
Hewan Peliharaan Warga Gunung Kidul Ini Ubah Sampah Jadi Cuan,Fakta,Liputan6 Nasional (2026-08-25)
"Atasi Kebakaran Hutan RI, Malaysia Bakal Kolaborasi Modifikasi Cuaca",Fakta,Liputan6 Nasional (2026-08-25)
"Nestapa Kakak Beradik di Sidikalang, Hidup Dalam Bayang-Bayang Siksaan",Fakta,Liputan6 Nasional (2026-08-25)
Mengurai Polemik Pemblokiran Rekening Donasi Demo Pati,Fakta,Liputan6 Nasional (2026-08-25)
"Ancam Pengguna Mobil Saat Penagihan, Debt Collector Ditangkap Polisi",Fakta,Liputan6 Nasional (2026-08-25)
KPI: UU Penyiaran Harus Beradaptasi dengan Era Netflix dan YouTube,Fakta,Liputan6 Nasional (2026-08-25)
Kemenhut Sanksi 6 Perusahaan Buntut Kebakaran Hutan di Kalimantan,Fakta,Liputan6 Nasional (2026-08-24)
Kabar Terbaru Penyidikan Kasus Korupsi MBG,Fakta,Liputan6 Nasional (2026-08-24)
Pesan Prabowo Saat Cek Kebakaran Hutan: Jaga Kampung Halamanmu,Fakta,Liputan6 Nasional (2026-08-24)
Nasib Praperadilan Febrie Adriansyah Ditentukan Pekan Ini,Fakta,Liputan6 Nasional (2026-08-24)
BNPB Sebut Listrik Sudah Pulih 100 Persen di NTT,Fakta,Liputan6 Nasional (2026-08-24)
"Prabowo Dorong Inovasi Baru Tangani Kebakaran Hutan, Singgung 'Ubi Bombing'",Fakta,Liputan6 Nasional (2026-08-24)
"KRL Sempat Terganggu Mobil Tertemper di Tanah Abang-Karet, Kini Kembali Normal",Fakta,Liputan6 Nasional (2026-08-24)
"Penggeledahan Terkait Kasus Unsoed, Dokumen Penting hingga Alat Elektronik Disita",Fakta,Liputan6 Nasional (2026-08-24)
DPR Mulai Godok Aturan Baru Pajak Pariwisata,Fakta,Liputan6 Nasional (2026-08-24)
"Jaga Jakarta Jaga Indonesia, FWJM dan Masyarakat Pandalungan Jember Kawal Stabilitas Nasio...",Fakta,Liputan6 Nasional (2026-08-24)
"Gempa Magnitudo 6,2 Guncang Maluku Barat Daya, Tidak Berpotensi Tsunami",Fakta,Liputan6 Nasional (2026-08-24)
Dede Yusuf Usul ASN di Tiap Kecamatan Dipangkas Jadi 15-20 Orang,Fakta,Liputan6 Nasional (2026-08-24)
Prabowo Beri Dukungan Penanganan Karhutla Kalteng dengan 3 Helikopter dan 200 Pompa Air,Fakta,Liputan6 Nasional (2026-08-24)
Kebakaran Hutan di Taman Nasional Way Kambas Kian Meluas di Hari Keempat,Fakta,Liputan6 Nasional (2026-08-24)
2 Prioritas Utama Penanganan Kebakaran Hutan di Kalsel,Fakta,Liputan6 Nasional (2026-08-24)
Polisi Luruskan Isu Penangkapan Botok Pati,Fakta,Liputan6 Nasional (2026-08-24)
Pengacara Klaim 40 Aturan Dilanggar Penegak Hukum di Perkara Febrie,Fakta,Liputan6 Nasional (2026-08-24)
Infografis 10 Negara Termiskin di Dunia,Fakta,Liputan6 Nasional (2026-08-24)
"Masa Jabatan Kapolri Digugat ke MK, Dibatasi 2 Periode",Fakta,Liputan6 Nasional (2026-08-24)
"6.409 Gempa Susulan Guncang NTT, Warga Masih Takut Pulang",Fakta,Liputan6 Nasional (2026-08-24)
"Pantang Menyerah, Kubu Lodewyk Pusung Bakal Ajukan Praperadilan Lagi",Fakta,Liputan6 Nasional (2026-08-24)
"Ditegur Pramono Usai 5 Mobil Terobos CFD, Satpol PP Evaluasi Pengamanan",Fakta,Liputan6 Nasional (2026-08-24)
"Prabowo Cek Kebakaran Hutan Tanpa Menhut dan Menteri LH, Ini Alasannya",Fakta,Liputan6 Nasional (2026-08-24)
Prabowo Bandingkan Kebakaran Hutan 2026 dengan Tahun-Tahun Sebelumnya,Fakta,Liputan6 Nasional (2026-08-24)
Curahan Hati Warga soal Wacana Tarif Parkir Jakarta Diusulkan Naik,Fakta,Liputan6 Nasional (2026-08-24)
Update Korban Gempa NTT: 100 Orang Meninggal Dunia,Fakta,Liputan6 Nasional (2026-08-24)
Detik-Detik Sukhoi TNI AU Tergelincir di Makassar,Fakta,Liputan6 Nasional (2026-08-24)
"Pitbull Masih Boleh Dipelihara, Tapi Ada Syaratnya",Fakta,Liputan6 Nasional (2026-08-24)
Penerjun Freefall Dikerahkan Tangani Kebakaran Hutan Riau,Fakta,Liputan6 Nasional (2026-08-24)
"Polda Metro Jaya Terima Pemberitahuan Demo, Tapi Melarang di Lokasi Ini",Fakta,Liputan6 Nasional (2026-08-24)
"Dapat Laporan Kebakaran Hutan Sumsel, Prabowo Tambah Helikopter",Fakta,Liputan6 Nasional (2026-08-24)
"Rekening Demo Pati Diblokir, DPR Duga Ada Transaksi Berbahaya",Fakta,Liputan6 Nasional (2026-08-24)
Pramono Tegur Satpol PP Usai 5 Mobil Terobos Car Free Day,Fakta,Liputan6 Nasional (2026-08-24)
Praperadilan Lodewyk Pusung Ditolak PN Jakpus,Fakta,Liputan6 Nasional (2026-08-24)
DPRD Klarifikasi soal Usulan Tarif Parkir Jakarta Rp 60 Ribu per Jam,Fakta,Liputan6 Nasional (2026-08-24)
"Status Tersangka Febrie Dipersoalkan, Ahli Ungkap Faktanya",Fakta,Liputan6 Nasional (2026-08-24)
Hujan Turun di Sejumlah Wilayah Kalimantan Tengah Usai Gubernur Ajak Masyarakat Salat Isti...,Fakta,Liputan6 Nasional (2026-08-24)
"LRT Kelapa Gading-Manggarai Rampung, Ini Jadwal Operasinya",Fakta,Liputan6 Nasional (2026-08-24)
"Tarif LRT Kelapa Gading-Manggarai Rp 5.000, Ini Ketentuannya",Fakta,Liputan6 Nasional (2026-08-24)
"Polda Metro Sebut Ajukan Penundaan Transaksi, Bukan Pemblokiran Rekening Rp 80,9 Juta",Fakta,Liputan6 Nasional (2026-08-24)
Deretan Kasus Tragis Pitbull Serang Manusia,Fakta,Liputan6 Nasional (2026-08-24)
Prabowo Ancam Cabut Izin Korporasi yang Terlibat Kabakaran Hutan,Fakta,Liputan6 Nasional (2026-08-24)
"Polda Metro Jaya Selidiki Rekening Botok Pati Rp 80,9 Juta",Fakta,Liputan6 Nasional (2026-08-24)
Prabowo Minta 300 Sumur Bor untuk Atasi Kebakaran Hutan Riau,Fakta,Liputan6 Nasional (2026-08-24)
Prabowo Soroti Kebakaran Way Kambas dan Nasib Gajah,Fakta,Liputan6 Nasional (2026-08-24)
Forum Komunikasi Rakyat Pati Bawa Sejumlah Tuntutan ke DPR,Fakta,Liputan6 Nasional (2026-08-24)
"Tiba di Riau, Prabowo Pimpin Langsung Penanganan Kebakaran Hutan",Fakta,Liputan6 Nasional (2026-08-24)
Kejagung Hadirkan Eks Ketua PPATK di Sidang Praperadilan Febrie,Fakta,Liputan6 Nasional (2026-08-24)
Pramono Luruskan Wacana Tarif Parkir Rp 60 Ribu per Jam,Fakta,Liputan6 Nasional (2026-08-24)
"Terungkap Jaringan Narkoba Malaysia-Riau, Nilai Barbuk Rp 7,35 Miliar",Fakta,Liputan6 Nasional (2026-08-24)
"Empat Tewas Kebakaran Tebet, Pramono Siapkan Bantuan",Fakta,Liputan6 Nasional (2026-08-24)
Seskab Teddy Ungkap Arahan Prabowo soal Penanganan Kebakaran Hutan,Fakta,Liputan6 Nasional (2026-08-24)
"Anjing Pitbull Serang Bocah di Bandung, Terlepas Saat Dijemur",Fakta,Liputan6 Nasional (2026-08-24)
"Kabut Asap Selimuti Pekanbaru, Siswa PAUD-SMP Belajar dari Rumah",Fakta,Liputan6 Nasional (2026-08-24)
Megawati Minta Jawa Timur Kembali Jadi Kandang Banteng,Fakta,Liputan6 Nasional (2026-08-24)
Anak Krakatau Erupsi Lagi Pagi Ini,Fakta,Liputan6 Nasional (2026-08-24)
Prabowo Bakal Cek Penanganan Kebakaran Hutan Sumatra Hari Ini,Fakta,Liputan6 Nasional (2026-08-24)
"Seskab Teddy: Instruksi Presiden Sangat Jelas, Logistik Harus Benar-benar sampai ke Masyar...",Fakta,Liputan6 Nasional (2026-08-24)
"Gempa M 4,1 Guncang Pangandaran, Getaran Terasa hingga Cianjur",Fakta,Liputan6 Nasional (2026-08-24)
Inovasi Kampus Sulap Limbah Plastik Jadi Bingkai Kacamata,Fakta,Liputan6 Nasional (2026-08-24)
"Kebakaran Rumah di Tebet, Empat Meninggal",Fakta,Liputan6 Nasional (2026-08-24)
Seskab Teddy: 6 Pesawat TNI AU Kembali Bawa Bantuan ke NTT dan Kalimantan,Fakta,Liputan6 Nasional (2026-08-24)
"Dari Makan Tabungan, Terancam Makan Utang",Fakta,Liputan6 Nasional (2026-08-24)
"Prabowo Ratas di Hambalang, Bahas Kebakaran Hutan Kalimantan dan Bencana NTT",Fakta,Liputan6 Nasional (2026-08-24)
"Saat Niat Baik Berbuah Kecewa, Drama Bensin Pedagang Kopi",Fakta,Liputan6 Nasional (2026-08-24)
Saat Masyarakat Mulai Makan Tabungan untuk Bertahan,Fakta,Liputan6 Nasional (2026-08-24)
"NTT Kembali Diguncang Gempa Magnitudo 5,2",Fakta,Liputan6 Nasional (2026-08-24)
"Pernikahan Kasespri Rizky, Deretan Menteri hingga Artis Hadir",Fakta,Liputan6 Nasional (2026-08-24)
Zulhas Minta Kader PAN Potong Gaji Bantu Korban Gempa NTT dan Karhutla,Fakta,Liputan6 Nasional (2026-08-24)
"Kebakaran Gambut Kalbar, Swasta Diminta Bangun Sekat Kanal",Fakta,Liputan6 Nasional (2026-08-23)
Banyuwangi Jadi Percontohan Pengelolaan Sampah Berbasis Masyarakat,Fakta,Liputan6 Nasional (2026-08-23)
Cara Kemenhut Pantau Gajah di Tengah Kebakaran Way Kambas,Fakta,Liputan6 Nasional (2026-08-23)
Pesan Megawati dari Jejak Bung Karno di Surabaya,Fakta,Liputan6 Nasional (2026-08-23)
Menhan Klarifikasi Isu Larangan Hijab Kadet Perempuan Unhan,Fakta,Liputan6 Nasional (2026-08-23)
"3 Juta Orang Terpapar Asap Kebakaran Hutan, Ini Risiko bagi Kesehatan",Fakta,Liputan6 Nasional (2026-08-23)
"Asap Karhutla Sampai Negara Tetangga, Ini Respons Istana",Fakta,Liputan6 Nasional (2026-08-23)
"Update Korban Gempa NTT: 91 Meninggal, Terbanyak dari Manggarai",Fakta,Liputan6 Nasional (2026-08-23)
"Modus Tersangka Karhutla, Disiapkan Jadi Kebun Sawit",Fakta,Liputan6 Nasional (2026-08-23)
KPK Sebut Kasus Rektor Unsoed Jadi Ancaman Serius Pendidikan Indonesia,Fakta,Liputan6 Nasional (2026-08-23)
"Pola Pelaku Karhutla Terungkap, Pohon Ditebang Sebelum Dibakar",Fakta,Liputan6 Nasional (2026-08-23)
Polri Usut Dugaan Keterlibatan Korporasi di Balik Kebakaran Hutan,Fakta,Liputan6 Nasional (2026-08-23)
Prabowo Segera Tinjau Korban Gempa NTT,Fakta,Liputan6 Nasional (2026-08-23)
Istana Bantah Haji Isam Koordinator Penanganan Kebakaran Hutan Kalimantan,Fakta,Liputan6 Nasional (2026-08-23)
Modus 72 Tersangka Kasus Kebakaran Hutan Sumatera dan Kalimantan,Fakta,Liputan6 Nasional (2026-08-23)
72 Tersangka Kebakaran Hutan di Sumatera hingga Kalimantan,Fakta,Liputan6 Nasional (2026-08-23)
Mobil Damkar Kecelakaan Saat Misi Padamkan Kebakaran Hutan,Fakta,Liputan6 Nasional (2026-08-23)
"Tito Terbitkan Instruksi soal Kebakaran Hutan Kalimantan, Ini Isinya",Fakta,Liputan6 Nasional (2026-08-23)
Momen Haru Prabowo dan Jokowi Jadi Saksi Nikah Kasespri Rizky Irmansyah,Fakta,Liputan6 Nasional (2026-08-23)
Kronologi Tabrakan Beruntun 3 Kendaraan di Tol Senayan,Fakta,Liputan6 Nasional (2026-08-23)
Pramono Tanggapi Rencana Demo Warga Pati di Jakarta 26-27 Agustus,Fakta,Liputan6 Nasional (2026-08-23)
"Tarif Parkir Jakarta Diusulkan Naik hingga Rp 60 Ribu, Ini Kata Pramono",Fakta,Liputan6 Nasional (2026-08-23)
Prabowo dan Jokowi Jadi Saksi Nikah Kasespri Rizky Irmansyah,Fakta,Liputan6 Nasional (2026-08-23)
Satu Polisi Terluka Saat Gerebek Gudang Uang Palsu di Tangsel,Fakta,Liputan6 Nasional (2026-08-23)
Belum Selesaikan Pajak Kendaraan? Manfaatkan Pembebasan Sanksi Sebelum 31 Agustus 2026,Fakta,Liputan6 Nasional (2026-08-23)
Untag Semarang Sebut Perkara Rektor Unsoed Bukan Kasus Hukum Biasa,Fakta,Liputan6 Nasional (2026-08-23)
Prabowo Minta Aturan Pembukaan Lahan Direvisi dan Perbanyak Alat Berat,Fakta,Liputan6 Nasional (2026-08-23)
Teddy Tegaskan Sikap Pemerintah ke Pembakar Lahan,Fakta,Liputan6 Nasional (2026-08-23)
"Kronologi Kebakaran Desa Adat Sade, Api Hanguskan Ratusan Rumah Suku Sasak",Fakta,Liputan6 Nasional (2026-08-23)
"Kebakaran Landa Desa Adat Sade, Rumah Suku Sasak Hangus Terbakar",Fakta,Liputan6 Nasional (2026-08-22)
Seskab Teddy: 4 Heli Water Bombing Ditambah untuk Kebakaran Hutan Kalteng,Fakta,Liputan6 Nasional (2026-08-22)
"Momen Prabowo Telepon di Tengah Rapat Kebakaran Hutan, Minta Pompa dan Heli",Fakta,Liputan6 Nasional (2026-08-22)
Prabowo Yakin Kebakaran Hutan Kalimantan Terkendali: Dulu Lebih Parah,Fakta,Liputan6 Nasional (2026-08-22)
Ahli Hukum: Penyidikan Kasus TPPU Harus Didahului Tindak Pidana Asal,Fakta,Liputan6 Nasional (2026-08-22)
"Begini Cara Sindikat Uang Palsu di Tangsel Raup Untung, Modusnya 3:1",Fakta,Liputan6 Nasional (2026-08-22)
Istana Bidik 4 Korporasi Diduga Penyebab Kebakaran Hutan Kalbar,Fakta,Liputan6 Nasional (2026-08-22)
Prabowo: Kita Tindak Pelaku Kebakaran Hutan,Fakta,Liputan6 Nasional (2026-08-22)
"Soroti Kasus Febrie, Ahli Hukum Beberkan Aturan Baru Penanganan TPPU",Fakta,Liputan6 Nasional (2026-08-22)
"Tuntaskan DPT Muktamar NU, Gus Ipul: 556 Cabang dan Wilayah Berhak Jadi Peserta",Fakta,Liputan6 Nasional (2026-08-22)
"Usai Pontianak, Prabowo Pimpin Penanganan Kebakaran Hutan Kalimantan Tengah",Fakta,Liputan6 Nasional (2026-08-22)
Mendagri Tito Dampingi Presiden Prabowo Tinjau Lahan Terbakar di Kalbar,Fakta,Liputan6 Nasional (2026-08-22)
Wamendagri Wiyagus Ajak Mahasiswa Untad Perangi Tuberkulosis,Fakta,Liputan6 Nasional (2026-08-22)
Seskab Teddy Ungkap Langkah Terbaru Tangani Kebakaran Hutan di Kalbar,Fakta,Liputan6 Nasional (2026-08-22)
Kabut Asap Kebakaran Hutan Masih Hantui Desa Limbung Kalbar,Fakta,Liputan6 Nasional (2026-08-22)
"360 Ribu Lembar Uang Palsu Gagal Beredar, Cetakannya Grade A",Fakta,Liputan6 Nasional (2026-08-22)
"2 Residivis Kembali Cetak Uang Palsu, Polisi Sita Rp 36 Miliar",Fakta,Liputan6 Nasional (2026-08-22)
Mantan Anggota Ombudsman Yeka Hendra Segera Diadili,Fakta,Liputan6 Nasional (2026-08-22)
Momen Prabowo Tanpa Masker Terobos Kabut Asap Kebakaran Hutan Kalbar,Fakta,Liputan6 Nasional (2026-08-22)
"KPK Bongkar Jual Beli Kursi Maba Unsoed, Tak Hanya Fakultas Kedokteran",Fakta,Liputan6 Nasional (2026-08-22)
"Tiba di Pontianak, Prabowo Pimpin Rapat Penanganan Kebakaran Hutan",Fakta,Liputan6 Nasional (2026-08-22)
"1.104 Titik Panas Kebakaran Hutan Terdeteksi di Sumatera, Sumsel Tertinggi",Fakta,Liputan6 Nasional (2026-08-22)
BNPB Salurkan 777 Ton Bantuan ke NTT Lewat Jalur Udara,Fakta,Liputan6 Nasional (2026-08-22)
Seskab Teddy Temui 2 Prajurit TNI yang Kibarkan Merah Putih di Aceh,Fakta,Liputan6 Nasional (2026-08-22)
"Prabowo Bertolak ke Kalimantan, Pimpin Langsung Penanganan Kebakaran Hutan",Fakta,Liputan6 Nasional (2026-08-22)
Pengacara Ungkap Langkah Ruben Onsu soal Dugaan Penggelapan,Fakta,Liputan6 Nasional (2026-08-22)
Balita Meninggal di Posko Pengungsian Gempa NTT karena Kedinginan,Fakta,Liputan6 Nasional (2026-08-22)
Rektor Unsoed Beli 3 Bidang Tanah Usai Terima Gratifikasi,Fakta,Liputan6 Nasional (2026-08-22)
"Jaksa Bantah Nota Perlawanan Yaqut, Minta Sidang Lanjut ke Pembuktian",Fakta,Liputan6 Nasional (2026-08-22)
CCTV Bongkar Pencurian 11 Logam Mulia di Depok,Fakta,Liputan6 Nasional (2026-08-22)
KPK Buka Peluang Kembangkan Kasus Rektor Unsoed ke TPPU,Fakta,Liputan6 Nasional (2026-08-22)
Curhat Mahasiswa Unsoed Usai Rektornya Kena OTT KPK,Fakta,Liputan6 Nasional (2026-08-22)
73 Maba Jalur Mandiri Unsoed 'Disetting' Jadi Ladang Korupsi Rektor,Fakta,Liputan6 Nasional (2026-08-22)
"Warek Unsoed Peras Calon Mahasiswa Kedokteran Rp 650 Juta, Malah Tak Lulus",Fakta,Liputan6 Nasional (2026-08-22)
Kode Rektor Unsoed Minta Jatah Suap Penerimaan Mahasiswa Baru,Fakta,Liputan6 Nasional (2026-08-21)
KPK Tetapkan Rektor Unsoed Tersangka Pemerasan dan Gratifikasi,Fakta,Liputan6 Nasional (2026-08-21)
Modus 'Klik' Persetujuan Rektor: KPK Bongkar 3 Klaster Korupsi di Unsoed,Fakta,Liputan6 Nasional (2026-08-21)
"Siap Mengudara, Ini Penampakan 50 Helikopter Listrik Buatan Anak Bangsa",Fakta,Liputan6 Nasional (2026-08-21)
Ahli Ungkap Batas Kewenangan Hakim dalam Praperadilan Febrie,Fakta,Liputan6 Nasional (2026-08-21)
Bansos Pelaku Tawuran yang Bikin KRL Terganggu Terancam Dicabut,Fakta,Liputan6 Nasional (2026-08-21)
Kronologi Kebakaran Gedung Bapenda DKI Jakarta,Fakta,Liputan6 Nasional (2026-08-21)
"Gedung Bapenda Jakarta Kembali Terbakar, Api dari Ruang Arsip Lantai 11",Fakta,Liputan6 Nasional (2026-08-21)
Kronologi Kecelakaan Maut Mercy Terbakar di Tol Jagorawi,Fakta,Liputan6 Nasional (2026-08-21)
Kesaksian Eks Direktur Jampidsus soal Sosok Febrie Adriansyah,Fakta,Liputan6 Nasional (2026-08-21)
Mau Jadi Relawan Gempa NTT? Begini Cara Daftarnya,Fakta,Liputan6 Nasional (2026-08-21)
"KRL Terganggu Gara-Gara Tawuran, Dipicu Insiden Anak SD",Fakta,Liputan6 Nasional (2026-08-21)
"Korban Gempa NTT Bertambah Jadi 83 Orang, 110 Ribu Mengungsi",Fakta,Liputan6 Nasional (2026-08-21)
"Kasus Korupsi MBG, 7 Saksi Dicecar Kejagung",Fakta,Liputan6 Nasional (2026-08-21)
Kronologi Relawan Gempa NTT Ahmad Zaki Ali Meninggal Dunia,Fakta,Liputan6 Nasional (2026-08-21)
"Tawuran Ganggu KRL Bogor, Penumpang Pilih Turun",Fakta,Liputan6 Nasional (2026-08-21)
KRL Bogor Kembali Jalan Usai Tertahan Tawuran Warga,Fakta,Liputan6 Nasional (2026-08-21)
Cerita Penumpang KRL Tertahan Nyaris 1 Jam Gara-Gara Tawuran Manggarai,Fakta,Liputan6 Nasional (2026-08-21)
Tawuran Warga Ganggu Perjalanan KRL Bogor-Jakarta,Fakta,Liputan6 Nasional (2026-08-21)
Dua Korban Mercy Terbakar di Tol Jagorawi Ternyata Bersahabat,Fakta,Liputan6 Nasional (2026-08-21)
Relawan Gempa NTT Ahmad Zaki Ali Meninggal Saat Bawa Bantuan,Fakta,Liputan6 Nasional (2026-08-21)
"Dua Warga Tertemper KRL dalam Sehari, DPR Panggil Kemenhub dan KAI",Fakta,Liputan6 Nasional (2026-08-21)
"Gibran Temui Pengungsi Gempa Sikka, Bagikan Bantuan untuk Anak-anak",Fakta,Liputan6 Nasional (2026-08-21)
Anggota TNI AL Dikeroyok di Matraman,Fakta,Liputan6 Nasional (2026-08-21)
"OTT Rektor Unsoed, DPR: Kampus Bukan Ruang Transaksi",Fakta,Liputan6 Nasional (2026-08-21)
Bima Arya Minta Pembangunan Daerah Tak Abaikan Masyarakat Adat dan Alam,Fakta,Liputan6 Nasional (2026-08-21)
"Selain Unsoed, Ini Daftar Rektor Berurusan dengan KPK",Fakta,Liputan6 Nasional (2026-08-21)
KPK Panggil Staf Khusus Raja Juli Antoni,Fakta,Liputan6 Nasional (2026-08-21)
Seskab: 52 Pesawat Modifikasi Cuaca Dikerahkan Tangani Kebakaran Hutan,Fakta,Liputan6 Nasional (2026-08-21)
"KPK Amankan Rp 1,5 Miliar dalam Kasus Sunat Upah Pegawai Dispenda Bogor",Fakta,Liputan6 Nasional (2026-08-21)
Titik Panas Kebakaran Hutan di Kalimantan Naik 4 Kali Lipat dalam Sehari,Fakta,Liputan6 Nasional (2026-08-21)
Kondisi Terkini Unsoed Usai Rektor Kena OTT KPK,Fakta,Liputan6 Nasional (2026-08-21)
"Praperadilan Febrie, Guru Besar UGM Sebut Calon Tersangka Tak Wajib Diperiksa",Fakta,Liputan6 Nasional (2026-08-21)
"Atasi Kebakaran Hutan Kalimantan, Modifikasi Cuaca Dioptimalkan",Fakta,Liputan6 Nasional (2026-08-21)
Mendagri Ungkap Skema Bangun Kembali Rumah Korban Gempa NTT,Fakta,Liputan6 Nasional (2026-08-21)
"Bupati Bogor Disebut Sunat Bonus Pegawai, Ini Kata KPK",Fakta,Liputan6 Nasional (2026-08-21)
"OTT Rektor Unsoed, Calon Mahasiswa Kedokteran Diduga Setor Ratusan Juta",Fakta,Liputan6 Nasional (2026-08-21)
KPK Usut Dugaan Pemotongan Upah Pegawai Dispenda Bogor,Fakta,Liputan6 Nasional (2026-08-21)
"Terungkap, Nilai Investasi yang Bikin Ruben Onsu Tersangka",Fakta,Liputan6 Nasional (2026-08-21)
PNKT Turunkan Personel Karang Taruna untuk Bantu Penanganan Karhutla di Sumatera dan Kalim...,Fakta,Liputan6 Nasional (2026-08-21)
Penampakan Sebaran Titik Panas dari NASA di Kalimantan,Fakta,Liputan6 Nasional (2026-08-21)
"Ditangkap KPK, Dua Wakil Rektor Unsoed Sosok Dosen Teladan",Fakta,Liputan6 Nasional (2026-08-21)
"Ditangkap KPK, Rektor Unsoed Punya Harta Rp 3,12 Miliar",Fakta,Liputan6 Nasional (2026-08-21)
2 Wakil Rektor Unsoed Ikut Ditangkap dalam OTT KPK,Fakta,Liputan6 Nasional (2026-08-21)
"Terjebak dalam Mercy Terbakar Usai Tabrak Truk, Dua Tewas",Fakta,Liputan6 Nasional (2026-08-21)
"Praperadilan Ditolak, Status Dokter Tifa Masih Terdakwa",Fakta,Liputan6 Nasional (2026-08-21)
"Yuwanky, Bandar Narkoba Pemilik Planet Batam Kabur ke Singapura",Fakta,Liputan6 Nasional (2026-08-21)
"OTT Rektor Unsoed, KPK Amankan Ratusan Juta",Fakta,Liputan6 Nasional (2026-08-21)
"Profil Akhmad Sodiq, Rektor Unsoed yang Kena OTT KPK",Fakta,Liputan6 Nasional (2026-08-21)
OTT Rektor Unsoed Terkait Penerimaan Mahasiswa Baru,Fakta,Liputan6 Nasional (2026-08-21)
"KPK OTT di Purwokerto, Rektor Unsoed Diamankan",Fakta,Liputan6 Nasional (2026-08-21)
Kronologi 15 Rumah Terbakar di Kramat Sawah Jakpus,Fakta,Liputan6 Nasional (2026-08-21)
1.487 Hotspot Terdeteksi di Kalimantan,Fakta,Liputan6 Nasional (2026-08-21)
Anak Sekolah di Tengah Kepungan Asap Kebakaran Hutan Kalimantan,Fakta,Liputan6 Nasional (2026-08-21)
Jejak Basri Lewaimang dalam Bisnis Hitam Planet Batam,Fakta,Liputan6 Nasional (2026-08-21)
"Asap Kebakaran Hutan Kalsel Makin Parah, Utara Bandara Jadi Fokus",Fakta,Liputan6 Nasional (2026-08-21)
Polisi Investigasi Kasus KKB Sandera 9 Perempuan di Mimika,Fakta,Liputan6 Nasional (2026-08-21)
Kalimantan Tercekik Asap Kebakaran Hutan,Fakta,Liputan6 Nasional (2026-08-21)
Cerita di Balik Penemuan Sepasang Kaki Korban Mutilasi di Depok,Fakta,Liputan6 Nasional (2026-08-21)
Platform Streaming Media Masuk RUU Penyiaran,Fakta,Liputan6 Nasional (2026-08-20)
Infografis 10 CEO dengan Gaji Tertinggi,Fakta,Liputan6 Nasional (2026-08-20)
"Kemeriahan Karnaval HUT RI, Warga Tumpah Ruah dari Monas hingga HI",Fakta,Liputan6 Nasional (2026-08-20)
"Seskab: 500 Ribu Warga Hadiri HUT RI, Jadi Pemersatu Bangsa",Fakta,Liputan6 Nasional (2026-08-20)
"Kebakaran Kramat Sawah Senen, Api Berhasil Dilokalisir",Fakta,Liputan6 Nasional (2026-08-20)
"Kejagung Minta Hakim Tolak Praperadilan Febrie Adriansyah, Ini Pertimbangannya",Fakta,Liputan6 Nasional (2026-08-20)
"Kebakaran Melanda Kramat Sawah Senen, Puluhan Mobil Damkar Dikerahkan",Fakta,Liputan6 Nasional (2026-08-20)
Wamendagri Tekankan Integritas Kepala Daerah untuk Cegah Korupsi,Fakta,Liputan6 Nasional (2026-08-20)
"Kebakaran Hutan dan Lahan Berulang, Bahaya Jangka Panjang Mengintai",Fakta,Liputan6 Nasional (2026-08-20)
"Niat Nonton Tawuran, Pelajar Malah Dibacok",Fakta,Liputan6 Nasional (2026-08-20)
"Mengenal Sesar Opak, Patahan Aktif di Balik Gempa Bantul",Fakta,Liputan6 Nasional (2026-08-20)
"Gempa M3,5 Guncang Bantul Dipicu Aktivitas Sesar Opak",Fakta,Liputan6 Nasional (2026-08-20)
"Kasus Korupsi Jual Beli Gas, Komut PT IAE Divonis 5,5 Tahun",Fakta,Liputan6 Nasional (2026-08-20)
Alasan Dokter Tifa Kembali Ajukan Gugatan Praperadilan,Fakta,Liputan6 Nasional (2026-08-20)
"Imbas Kabut Asap Tebal, Penerbangan ke Muara Teweh Batal 2 Hari",Fakta,Liputan6 Nasional (2026-08-20)
Duduk Perkara Ruben Onsu Jadi Tersangka Kasus Penipuan,Fakta,Liputan6 Nasional (2026-08-20)
Basri Diduga Jadi Koordinator Narkoba 3 Klub Malam Batam,Fakta,Liputan6 Nasional (2026-08-20)
"Sosok Dua Prajurit TNI yang Turunkan Bendera Bulan Bintang, Diberi Kenaikan Pangkat Luar ...",Fakta,Liputan6 Nasional (2026-08-20)
"Kesaksian Warga saat Gempa Bantul, Terdengar Gemuruh dan Tanah Bergetar",Fakta,Liputan6 Nasional (2026-08-20)
"Kasus Bigmo Masuk Babak Baru, Polisi Gandeng KPAI dan Ahli",Fakta,Liputan6 Nasional (2026-08-20)
Bandar Narkoba Basri Lewaimang Ditangkap,Fakta,Liputan6 Nasional (2026-08-20)
"Biaya Haji Diusulkan Naik, DPR Singgung Fatwa MUI",Fakta,Liputan6 Nasional (2026-08-20)
"Beredar Kabar OTT di Bogor, KPK Buka Suara",Fakta,Liputan6 Nasional (2026-08-20)
"Pramono Lepas Bantuan Rp 5,85 Miliar untuk Gempa NTT",Fakta,Liputan6 Nasional (2026-08-20)
Transjakarta Koridor 13 Kembali Normal Usai Dialihkan di Petukangan,Fakta,Liputan6 Nasional (2026-08-20)
Kronologi KKB Sandera 9 Warga Sipil di Mimika,Fakta,Liputan6 Nasional (2026-08-20)
"Gempa NTT Masih Berlanjut, Pengungsi Tembus 92 Ribu",Fakta,Liputan6 Nasional (2026-08-20)
"Korban Gempa NTT Bertambah: 75 Orang Meninggal, 907 Luka-luka",Fakta,Liputan6 Nasional (2026-08-20)
BMKG Ungkap Waktu Musim Hujan Dimulai,Fakta,Liputan6 Nasional (2026-08-20)
"Gempa M 3,6 Guncang Bantul, Getaran Terasa hingga Kota Yogyakarta",Fakta,Liputan6 Nasional (2026-08-20)
"Kendala Teknis di Petukangan, Rute Transjakarta Ciledug Puribeta Dipangkas",Fakta,Liputan6 Nasional (2026-08-20)
Dua Pria Gesek Nomor Rangka Mobil di GBK Diduga Debt Collector,Fakta,Liputan6 Nasional (2026-08-20)
"3.002 Gempa Susulan Guncang NTT, Warga Dibayangi Cemas dan Sulit Tidur",Fakta,Liputan6 Nasional (2026-08-20)
"Fakta Baru Pembunuhan Anak Politikus PKS, Pelaku Ingin Bobol Bank",Fakta,Liputan6 Nasional (2026-08-20)
Gibran: Tak Boleh Ada Satu pun Warga Terdampak Gempa Luput dari Bantuan,Fakta,Liputan6 Nasional (2026-08-20)
"Aturan Baru MA, Putusan Bebas Tak Bisa Banding dan Kasasi",Fakta,Liputan6 Nasional (2026-08-20)
KPK Sebut Pola Lobi BPK Diduga Tak Hanya di Muara Enim,Fakta,Liputan6 Nasional (2026-08-20)
"Gibran Kunjungi Posko Gempa NTT, Bagi-Bagi Perlengkapan Bayi",Fakta,Liputan6 Nasional (2026-08-20)
Lodewyk Pusung Ngaku Sempat Mengadu ke Menhan Sebelum Ditangkap,Fakta,Liputan6 Nasional (2026-08-20)
Mantan Waka BGN Ungkap Peran Nanik S Deyang dalam Program MBG,Fakta,Liputan6 Nasional (2026-08-20)
Lodewyk Bantah Intervensi Pengadaan MBG di Sidang Praperadilan,Fakta,Liputan6 Nasional (2026-08-20)
Pramono Ungkap Kendala Atasi Polusi Udara Jakarta,Fakta,Liputan6 Nasional (2026-08-20)
"Wapres Gibran ke NTT, Ajak Mahasiswa UI Bantu Trauma Healing Korban Gempa",Fakta,Liputan6 Nasional (2026-08-20)
Pramono Anung Akui Dilema Evaluasi Jalur Sepeda,Fakta,Liputan6 Nasional (2026-08-20)
Pecatan Polisi di Lapas Kirim Ratusan Vape Etomidate ke Kampung Ambon,Fakta,Liputan6 Nasional (2026-08-20)
Memburu Penyandera Ibu Hamil dan Anak-Anak di Papua,Fakta,Liputan6 Nasional (2026-08-20)
Eks Dirut PGN Divonis 4 Tahun Penjara Terkait Korupsi Jual Beli Gas,Fakta,Liputan6 Nasional (2026-08-20)
Cerita Petugas Hadapi Penumpukan Penumpang di Stasiun Manggarai,Fakta,Liputan6 Nasional (2026-08-20)
55 Persen Warga Jakarta Ditargetkan Naik Transportasi Umum pada 2045,Fakta,Liputan6 Nasional (2026-08-20)
"Viral Gunung Ranaka Longsor, Begini Penjelasan Bupati Manggarai",Fakta,Liputan6 Nasional (2026-08-20)
"Cerita Penumpang Hadapi KRL Gangguan, Pindah Kereta hingga cari Tempat Makan",Fakta,Liputan6 Nasional (2026-08-20)
Gangguan KRL Pagi Ini Ternyata Dipicu 2 Insiden Maut,Fakta,Liputan6 Nasional (2026-08-20)
"Bandar Narkoba Basri Lewaimang Diburu, Punya Yacht dan 11 Bangunan Mewah",Fakta,Liputan6 Nasional (2026-08-20)
Empat Ahli Dihadirkan di Sidang Praperadilan Febrie Adriansyah,Fakta,Liputan6 Nasional (2026-08-20)
Cerita Warga Reo Setiap Menit Terguncang Gempa Susulan,Fakta,Liputan6 Nasional (2026-08-20)
Perjalanan KRL Manggarai-Kampung Bandan Kembali Normal,Fakta,Liputan6 Nasional (2026-08-20)
Kondisi Terkini Stasiun Manggarai Usai Padat Akibat Gangguan KRL,Fakta,Liputan6 Nasional (2026-08-20)
Cerita Petugas Pemkot Depok Temukan Bagian Tubuh Korban Mutilasi,Fakta,Liputan6 Nasional (2026-08-20)
KRL Bogor Hanya Gunakan Satu Jalur dari Pasar Minggu,Fakta,Liputan6 Nasional (2026-08-20)
"Gempa Susulan Lagi, Warga Reo Manggarai Berhamburan Keluar Tenda",Fakta,Liputan6 Nasional (2026-08-20)
"KRL Bogor-Jakarta Kota Terganggu, Transjakarta Kerahkan Bus Bantuan",Fakta,Liputan6 Nasional (2026-08-20)
"KRL Bogor-Jakarta Kota Kembali Normal, Penumpang Masih Padat",Fakta,Liputan6 Nasional (2026-08-20)
KPK Jawab Tantangan Kubu Yaqut soal Kerugian Negara Rp 622 Miliar,Fakta,Liputan6 Nasional (2026-08-20)
Mahasiswa Didorong Perkuat Pengelolaan Sampah di Kampus,Fakta,Liputan6 Nasional (2026-08-20)
2 Insiden Ganggu KRL Lintas Bogor dan Tangerang Pagi Ini,Fakta,Liputan6 Nasional (2026-08-20)
KRL Duri-Tangerang Juga Terganggu Imbas Motor Tertemper di Rawa Buaya,Fakta,Liputan6 Nasional (2026-08-20)
"Prabowo Undang Petugas HUT ke-81 RI ke Hambalang, Beri Pesan Khusus",Fakta,Liputan6 Nasional (2026-08-20)
"KRL Bogor-Jakarta Kota Terganggu, Ada Warga Tertemper di Tebet",Fakta,Liputan6 Nasional (2026-08-20)
"Rentetan Gempa Guncang Ruteng Manggarai NTT Pagi Ini, Terbesar M 5,6",Fakta,Liputan6 Nasional (2026-08-20)
Cerita Lirih Korban Gempa NTT Belum Dapat Bantuan,Fakta,Liputan6 Nasional (2026-08-20)
Di Balik Usulan Kenaikan Biaya Haji 2027,Fakta,Liputan6 Nasional (2026-08-20)
Akal-akalan Mantan Pejabat Pajak Terima Gratifikasi Rp 20 Miliar,Fakta,Liputan6 Nasional (2026-08-20)
Kapal Rumah Sakit TNI AD Berlayar ke NTT Bantu Korban Gempa,Fakta,Liputan6 Nasional (2026-08-20)
"Gempa M5,7 Guncang NTT, Warga Labuan Bajo Berhamburan",Fakta,Liputan6 Nasional (2026-08-20)
"Gempa Magnitudo 5,7 Kembali Guncang NTT",Fakta,Liputan6 Nasional (2026-08-20)
"Prakiraan Cuaca BMKG hingga 21 Agustus, Jakarta Berpotensi Hujan",Fakta,Liputan6 Nasional (2026-08-20)
"Ada Ruang Bawah Tanah Baru di MRT Bundaran HI, Ini Target Rampungnya",Fakta,Liputan6 Nasional (2026-08-19)
"Kasus Korupsi MBG Bergulir, Kejagung Periksa 6 Saksi",Fakta,Liputan6 Nasional (2026-08-19)
"Identitas 9 Warga Papua yang Disandera KKB, Ada Ibu Hamil dan Anak-Anak",Fakta,Liputan6 Nasional (2026-08-19)
"Rotasi 7 Pejabat DKI, Pramono Minta Tak Main di Luar Aturan",Fakta,Liputan6 Nasional (2026-08-19)
"Kisah Ibu Pemberani Cegah Anak Disandera KKB, Berakhir Dibuang ke Jurang",Fakta,Liputan6 Nasional (2026-08-19)
"WN China Diburu Bareskrim, Diduga Dalang Manipulasi Email Bisnis",Fakta,Liputan6 Nasional (2026-08-19)
"Momen Hangat Prabowo Bertemu Petugas HUT RI, Titip Pesan soal Pengabdian",Fakta,Liputan6 Nasional (2026-08-19)
Penghijauan IKN Pulihkan Ekosistem dan Habitat Satwa Kalimantan,Fakta,Liputan6 Nasional (2026-08-19)
Infografis Etika Parkir untuk Cegah Keributan,Fakta,Liputan6 Nasional (2026-08-19)
"Pemkab Jember Siap Urus Administrasi Peralihan PPPK ke PNS, Gus Fawaid Apresiasi Prabowo",Fakta,Liputan6 Nasional (2026-08-19)
"Gempa Magnitudo 7,7 Guncang NTT, Pegadaian Salurkan Bantuan ke 6 Kabupaten",Fakta,Liputan6 Nasional (2026-08-19)
BMKG: Hujan di Jakarta saat Kemarau Bukan Hasil Modifikasi Cuaca,Fakta,Liputan6 Nasional (2026-08-19)
"5 Hari Keliling NTT, Mendagri Pastikan Warga Tak Sendirian Hadapi Gempa",Fakta,Liputan6 Nasional (2026-08-19)
"Pemerintah Usulkan Biaya Haji 2027 Rp 107 Juta, Jemaah Bayar Rp 42,9 Juta",Fakta,Liputan6 Nasional (2026-08-19)
"KPK Tahan Mantan Pejabat Pajak Jakarta Terkait Gratifikasi Rp 20,7 M",Fakta,Liputan6 Nasional (2026-08-19)
"Jakarta Hujan Saat Kemarau, BMKG Bongkar Penyebabnya",Fakta,Liputan6 Nasional (2026-08-19)
Pramono Ungkap 2 Layanan Prioritas yang Tak Boleh Terganggu,Fakta,Liputan6 Nasional (2026-08-19)
Pertanahan Jadi Aduan Terbanyak ke Ombudsman,Fakta,Liputan6 Nasional (2026-08-19)
"Dakwaan Rp 7,7 Miliar Sah, Sidang Gratifikasi Eks Kasi Bea Cukai Berlanjut",Fakta,Liputan6 Nasional (2026-08-19)
"Waspada 4 Juta Meterai Palsu Beredar, Ada yang Dijual di Marketplace",Fakta,Liputan6 Nasional (2026-08-19)
Kemenkes: Stok Obat Korban Gempa NTT Aman untuk 5 Hari,Fakta,Liputan6 Nasional (2026-08-19)
"Pramono Pastikan Pendidikan Jadi Prioritas, Ini Sederet Programnya",Fakta,Liputan6 Nasional (2026-08-19)
Pramono Pastikan LPDP Jakarta Tak Ganggu Anggaran Perbaikan Sekolah,Fakta,Liputan6 Nasional (2026-08-19)
"Bawa Pisau dan Golok Saat Demo Jakarta, 2 Orang Dipulangkan",Fakta,Liputan6 Nasional (2026-08-19)
"Mengenal Extended Concourse MRT, Ruang Bawah Tanah di Dasar Bundaran HI",Fakta,Liputan6 Nasional (2026-08-19)
BNPB Kirim 398 Ton Bantuan untuk Warga Terdampak Gempa NTT,Fakta,Liputan6 Nasional (2026-08-19)
Pria Bugil Mengamuk di Lenteng Agung Berstatus Mahasiswa,Fakta,Liputan6 Nasional (2026-08-19)
Update Penyelidikan Temuan 995 Senjata di Sekolah Jaksel,Fakta,Liputan6 Nasional (2026-08-19)
"Remaja 12 Tahun Gantung Diri, Diduga Kecewa HP Digadai untuk Makan",Fakta,Liputan6 Nasional (2026-08-19)
Alasan Kejagung Periksa Pegawai Kemenhut di Kasus Transfer Pricing PT TPL,Fakta,Liputan6 Nasional (2026-08-19)
"KM Mutiara Sentosa 2 Ternyata Tak Punya Sekoci, Perusahaan Beri Penjelasan",Fakta,Liputan6 Nasional (2026-08-19)
"Tinjau Korban Gempa di Palue, Mendagri Tekankan Kebutuhan Terpenuhi",Fakta,Liputan6 Nasional (2026-08-19)
"Febrie Minta Foto Keluarga Dikembalikan, Ini Respons Kejagung",Fakta,Liputan6 Nasional (2026-08-19)
"Gempa Susulan NTT Tembus 3.002 Kali, Masih Berlanjut hingga September",Fakta,Liputan6 Nasional (2026-08-19)
Bagian Tubuh Korban Mutilasi Saefullah Ditemukan di Kali Grogol Depok,Fakta,Liputan6 Nasional (2026-08-19)
Polisi Pulangkan 21 Orang yang Ditangkap Jelang Demo di Jakarta,Fakta,Liputan6 Nasional (2026-08-19)
"Viral Diduga Aksi Gesek Nomor Rangka Mobil di GBK, Polisi Selidiki",Fakta,Liputan6 Nasional (2026-08-19)
"Sosok Pria Bugil Aniaya Pemotor di Lenteng Agung, Akui Mabuk",Fakta,Liputan6 Nasional (2026-08-19)
"Korban Gempa NTT Bertambah Jadi 71 Orang, Pengungsi Hampir 60 Ribu",Fakta,Liputan6 Nasional (2026-08-19)
Febrie Adriansyah Minta Dibebaskan dari Tahanan,Fakta,Liputan6 Nasional (2026-08-19)
Wamendagri Dorong Kebijakan Berbasis Data agar Tepat Sasaran,Fakta,Liputan6 Nasional (2026-08-19)
"Bantu Warga Terdampak Gempa NTT, TelkomGroup Buka WiFi Gratis hingga Siapkan Paket Darurat",Fakta,Liputan6 Nasional (2026-08-19)
Kubu Febrie Keluhkan 2 Kali Ditetapkan Tersangka untuk Perkara yang Sama,Fakta,Liputan6 Nasional (2026-08-19)
"Gempa Susulan Masih Mengintai, Mendagri Minta Warga NTT Tak Dipaksa Pulang",Fakta,Liputan6 Nasional (2026-08-19)
"Menteri Usulkan Biaya Haji 2027 Naik, Beberkan Alasannya",Fakta,Liputan6 Nasional (2026-08-19)
"Penipuan Business Email Compromise Terbongkar, 2 Tersangka Ditangkap",Fakta,Liputan6 Nasional (2026-08-19)
"Bukan Emas dan Uang, Febrie Minta Barang Sitaan Ini Dikembalikan",Fakta,Liputan6 Nasional (2026-08-19)
Pemerintah Didesak Segera Bangun Sekolah Darurat untuk Siswa Terdampak Gempa NTT,Fakta,Liputan6 Nasional (2026-08-19)
Kubu Febrie Sebut Jawaban Polri-Kejagung Justru Perkuat Praperadilan,Fakta,Liputan6 Nasional (2026-08-19)
"388 Siswa Sekolah Unggul Garuda Lolos Kampus Dunia, Ada Oxford hingga Berkeley",Fakta,Liputan6 Nasional (2026-08-19)
"PNM Peduli Bergerak, Salurkan Bantuan Sesuai Kebutuhan Warga Terdampak Gempa NTT",Fakta,Liputan6 Nasional (2026-08-19)
"Indonesia Darurat Sampah, 144.869 Ton Menumpuk Setiap Hari",Fakta,Liputan6 Nasional (2026-08-19)
Pramono Minta Masyarakat Madura Ikut Jaga Jakarta,Fakta,Liputan6 Nasional (2026-08-19)
"Polisi Tegaskan Penetapan Tersangka Febrie Sah, Minta Hakim Tolak Praperadilan",Fakta,Liputan6 Nasional (2026-08-19)
Polri Tegaskan Pencegahan Febrie ke Luar Negeri Bukan Penghukuman,Fakta,Liputan6 Nasional (2026-08-19)
KPI Pusat Sepakati M Hasrul Hasan dan Evri Rizqi Monarshi sebagai Ketua dan Wakil Ketua,Fakta,Liputan6 Nasional (2026-08-19)
Guru Literasi Jakarta Kampanyekan Sekolah Bersih Lewat Daur Ulang,Fakta,Liputan6 Nasional (2026-08-19)
"KPK Dalami Gratifikasi Rp 21,5 Miliar yang Menjerat Eks Kakanwil Pajak",Fakta,Liputan6 Nasional (2026-08-19)
"Mahasiswi KKN Masuk Toilet untuk Tes Urine, Malah Direkam Guru ASN",Fakta,Liputan6 Nasional (2026-08-19)
Pria Bugil Mengamuk di Lenteng Agung Dipastikan Bukan ODGJ,Fakta,Liputan6 Nasional (2026-08-19)
"Miris Pengantin Pesanan China, Begini Modusnya",Fakta,Liputan6 Nasional (2026-08-19)
"Modifikasi Cuaca Tak Bisa Dilakukan, Pramono Minta Tolong Damkar",Fakta,Liputan6 Nasional (2026-08-19)
Polri Ungkap Kendala Pulangkan Pendakwah SAM dari Mesir,Fakta,Liputan6 Nasional (2026-08-19)
Wamendagri Ribka Haluk: HUT ke-81 Kemendagri Momentum Perkuat Sinergi Pusat-Daerah dan Ket...,Fakta,Liputan6 Nasional (2026-08-19)
Respons Pramono soal Penyebab Kebakaran Gedung Bapenda Belum Terungkap,Fakta,Liputan6 Nasional (2026-08-19)
"Sindikat Pengantin Pesanan China Terbongkar, Dua Orang Jadi Tersangka",Fakta,Liputan6 Nasional (2026-08-19)
"Pria Bugil Mengamuk, Pukul Pengendara Motor di Lenteng Agung",Fakta,Liputan6 Nasional (2026-08-19)
"Polisi Ungkap Lokasi Dugaan Pencabulan Pendakwah SAM, dari Purbalingga hingga Mesir",Fakta,Liputan6 Nasional (2026-08-19)
"Praperadilan Kedua Febrie Adriansyah, Gugat Penetapan Tersangka dan Penahanan",Fakta,Liputan6 Nasional (2026-08-19)
"Eks Pelatih Panjat Tebing Tersangka Kekerasan Seksual, 5 Atlet Jadi Korban",Fakta,Liputan6 Nasional (2026-08-19)
"Marak Sopir Arogan di Jalanan, Ini Tips Redam Emosi",Fakta,Liputan6 Nasional (2026-08-19)
Jerit Warga Manggarai Timur 5 Hari Belum Dapat Bantuan: Kami Sudah Tak Berdaya,Fakta,Liputan6 Nasional (2026-08-19)
Radea Respati Apresiasi Program Ecopreneurship Universitas Widyatama untuk Warga Binaan La...,Fakta,Liputan6 Nasional (2026-08-19)
Kemeriahan Kirab Merah Putih Merajut Kebhinekaan,Fakta,Liputan6 Nasional (2026-08-19)
Bupati PALI Diduga Minta Pejabat BPK 'Akali' Predikat WTP,Fakta,Liputan6 Nasional (2026-08-19)
BMKG: 2.768 Gempa Susulan Guncang NTT,Fakta,Liputan6 Nasional (2026-08-19)
"Sebelum Ajukan BPHTB di Notaris Baru, Pastikan Permohonan Lama Sudah Selesai",Fakta,Liputan6 Nasional (2026-08-19)
Seskab Teddy Paparkan Perkembangan Pengiriman Bantuan ke NTT,Fakta,Liputan6 Nasional (2026-08-19)
"Tag Parkir Picu Ribut, Ahli Ungkap Aturan yang Benar",Fakta,Liputan6 Nasional (2026-08-19)
Istana Ungkap Alasan Baliho Prabowo Berkibar di Udara Saat HUT ke-81 RI,Fakta,Liputan6 Nasional (2026-08-19)
Pigai Minta HAM Diajarkan Lewat Buku Khusus di Sekolah,Fakta,Liputan6 Nasional (2026-08-19)
Ketika Orang Utan Masuk Warung Ayam di Solo,Fakta,Liputan6 Nasional (2026-08-19)
KPK Ungkap Aliran Uang Tambang Batu Bara Kukar ke Bebizie,Fakta,Liputan6 Nasional (2026-08-19)
Menyoal Etika Mereka yang Pasang Badan Biar Parkiran Tak Diserobot Orang,Fakta,Liputan6 Nasional (2026-08-19)
Ribuan Gempa Susulan dan Kecemasan Warga NTT yang Belum Usai,Fakta,Liputan6 Nasional (2026-08-19)
Jumhur Dorong Kearifan Lokal Jadi Solusi Krisis Iklim di BRICS,Fakta,Liputan6 Nasional (2026-08-19)
"3 Gunung Api Erupsi Beruntun Selasa Malam, Satu di NTT",Fakta,Liputan6 Nasional (2026-08-19)
Kejagung Periksa 5 Pegawai Kemenhut Terkait Kasus Transfer Pricing PT TPL,Fakta,Liputan6 Nasional (2026-08-18)
"1,49 Juta Keluarga Penerima Bansos Terindikasi Judi Online, Jabar Terbanyak",Fakta,Liputan6 Nasional (2026-08-18)
Kemensos Waspadai Perdagangan Orang di Tengah Bencana NTT,Fakta,Liputan6 Nasional (2026-08-18)
"BNPB Sebut Listrik di NTT Sudah Pulih 99,9%",Fakta,Liputan6 Nasional (2026-08-18)
Infografis Enam Orang Terkaya Pemilik Tim Olahraga,Fakta,Liputan6 Nasional (2026-08-18)
"Bertemu Fraksi NasDem, Mahasiswa FISIP se-Indonesia Usulkan Program untuk Rakyat",Fakta,Liputan6 Nasional (2026-08-18)
248 Kg Emas Senilai Rp 846 M Gagal Diselundupkan,Fakta,Liputan6 Nasional (2026-08-18)
"Praperadilan Febrie Adriansyah, Tim Hukum Ungkap 30 Dugaan Pelanggaran Prosedural",Fakta,Liputan6 Nasional (2026-08-18)
"Aktivitas Wisata Labuan Bajo Kembali Normal Usai Gempa M 7,7 NTT",Fakta,Liputan6 Nasional (2026-08-18)
"Kasino Terselubung di Batam, 9 Tersangka Dibawa ke Bareskrim",Fakta,Liputan6 Nasional (2026-08-18)
Besaran Dana Tali Asih untuk Korban Meninggal dan Luka-Luka Gempa NTT,Fakta,Liputan6 Nasional (2026-08-18)
"Momen Mendagri Tito Karnavian Dicegat Ibu-Ibu di Nagekeo NTT, Langsung Beri Bantuan Rp 50 ...",Fakta,Liputan6 Nasional (2026-08-18)
ESDM Buru Asal-usul 22 Kilogram Emas yang Diselundupkan WN China,Fakta,Liputan6 Nasional (2026-08-18)
Polisi Amankan Senjata Tajam Saat Demo Mahasiswa di Jakarta,Fakta,Liputan6 Nasional (2026-08-18)
"Demo Bubar, Jalan Sudirman ke Bundaran HI Kembali Dibuka",Fakta,Liputan6 Nasional (2026-08-18)
Gempa Susulan di NTT Tembus 2.119 Kali,Fakta,Liputan6 Nasional (2026-08-18)
"Hari Keempat Gempa NTT, 70 Orang Meninggal",Fakta,Liputan6 Nasional (2026-08-18)
Yaqut: Dakwaan KPK Campuradukkan Kewenangan Menteri dan Teknis,Fakta,Liputan6 Nasional (2026-08-18)
Bocah BMX Tewas Disambar Truk Boks di Bantargebang,Fakta,Liputan6 Nasional (2026-08-18)
Bahlil Minta Fraksi Golkar Kritik Menteri yang Lambat,Fakta,Liputan6 Nasional (2026-08-18)
BEM UI Desak Pemerintah Tetapkan Gempa NTT Jadi Bencana Nasional,Fakta,Liputan6 Nasional (2026-08-18)
"Modus Baru Penyelundupan Batangan Emas, Disamarkan Jadi Bubuk",Fakta,Liputan6 Nasional (2026-08-18)
"2 WNA Gagal Selundupkan 22,3 Kg Emas Senilai Rp 60 M",Fakta,Liputan6 Nasional (2026-08-18)
"Kronologi Kapolsek dan Danramil Cicalengka Dikeroyok, 3 Orang jadi Tersangka",Fakta,Liputan6 Nasional (2026-08-18)
"Kebakaran Padam, Bromo Bisa Dikunjungi Lagi Mulai 20 Agustus",Fakta,Liputan6 Nasional (2026-08-18)
"Ngamuk Diserempet, Pengemudi Alphard Rusak Motor Pakai Batu",Fakta,Liputan6 Nasional (2026-08-18)
Yaqut: Saya Tak Pernah Perintahkan Staf Korupsi dan Jual Beli Kuota Haji,Fakta,Liputan6 Nasional (2026-08-18)
"Separator Transjakarta Digeser, Bus Bakal Berbagi Lajur di Gatot Subroto",Fakta,Liputan6 Nasional (2026-08-18)
Jalan Sudirman Menuju Bundaran HI Ditutup Imbas Demo,Fakta,Liputan6 Nasional (2026-08-18)
Kejagung Periksa 8 Saksi di Kasus TPPU Febrie Adriansyah,Fakta,Liputan6 Nasional (2026-08-18)
"Sebelum Jadi Presiden, Bung Karno Pernah Ditawari Jepang Jadi Raja",Fakta,Liputan6 Nasional (2026-08-18)
"Demo di Sudirman-Thamrin, Transjakarta Alihkan Rute Koridor Ini",Fakta,Liputan6 Nasional (2026-08-18)
Polisi Belum Bisa Ungkap Penyebab Kematian Sutrimo,Fakta,Liputan6 Nasional (2026-08-18)
"Harga Beras Naik di 120 Daerah, Kemendagri Minta Pemda Segera Bergerak",Fakta,Liputan6 Nasional (2026-08-18)
Hakim Tolak Gus Yaqut Jadi Tahanan Rumah,Fakta,Liputan6 Nasional (2026-08-18)
"Ada Demo, Masyarakat Diimbau Hindari Jalan Ini",Fakta,Liputan6 Nasional (2026-08-18)
Duduk Perkara Rebutan Parkir di Kafe Bogor Berujung Adu Mulut,Fakta,Liputan6 Nasional (2026-08-18)
"Massa BEM UI Tertahan di UOB, Bawa 8 Tuntutan",Fakta,Liputan6 Nasional (2026-08-18)
"Analisis BMKG, Pemicu Gempa Magnitudo 6,1 di Nias Selatan",Fakta,Liputan6 Nasional (2026-08-18)
"Kasus Febrie Berlanjut di Kejagung, Tim Hukum Gugat Keabsahan Sprindik",Fakta,Liputan6 Nasional (2026-08-18)
Febrie Adriansyah Minta Hakim Batalkan Status Tersangka dan Penyitaan,Fakta,Liputan6 Nasional (2026-08-18)
RUU Migas Disepakati Jadi Usul Inisiatif DPR,Fakta,Liputan6 Nasional (2026-08-18)
"Rumah Keluarga Febrie Digeledah, Tim Hukum Persoalkan Izin Jaksa Agung",Fakta,Liputan6 Nasional (2026-08-18)
Kubu Febrie Persoalkan Penggeledahan Rumah Sentul dan Sitaan 74 Kg Emas,Fakta,Liputan6 Nasional (2026-08-18)
DPR Setujui Nuzran Joher Jadi Ketua Ombudsman 2026-2031,Fakta,Liputan6 Nasional (2026-08-18)
"Kubu Febrie Protes, Jadi Tersangka Tanpa Pemeriksaan hingga TPPU",Fakta,Liputan6 Nasional (2026-08-18)
Polisi Kerahkan 9.242 Personel Kawal Demo di Jakarta,Fakta,Liputan6 Nasional (2026-08-18)
"Demo BEM UI Jadi Perhatian, Masyarakat Diimbau Bijak Sikapi Informasi",Fakta,Liputan6 Nasional (2026-08-18)
21 Orang Ditangkap Polisi Jelang Demo di Jakarta,Fakta,Liputan6 Nasional (2026-08-18)
"Paripurna DPR Setujui 11 Calon Hakim Agung, Ini Daftarnya",Fakta,Liputan6 Nasional (2026-08-18)
Alasan Eks Menag Yaqut Minum Anti Nyeri di Persidangan,Fakta,Liputan6 Nasional (2026-08-18)
"50 Bus Sinar Jaya Terbakar, Ledakan Terdengar Berkali-kali",Fakta,Liputan6 Nasional (2026-08-18)
"Praperadilan Febrie, Kuasa Hukum Persoalkan Penggeledahan Rumah di Sentul",Fakta,Liputan6 Nasional (2026-08-18)
"Tak Hanya di Istana, Perayaan HUT RI Digelar 40 Titik Jakarta Hari Ini",Fakta,Liputan6 Nasional (2026-08-18)
Potret Yaqut Jelang Sidang Perlawanan di PN Jakpus,Fakta,Liputan6 Nasional (2026-08-18)
Ada Potensi Korupsi dalam Penyaluran Bantuan Gempa NTT? Ini Kata KPK,Fakta,Liputan6 Nasional (2026-08-18)
Harapan Wagimin Veteran Perang di HUT RI: Jangan Ada Korupsi,Fakta,Liputan6 Nasional (2026-08-18)
"BEM UI Demo di Bundaran HI Hari Ini, Bawa 8 Tuntutan",Fakta,Liputan6 Nasional (2026-08-18)
Sidang Praperadilan Eks Jampidsus Febrie Adriansyah Digelar Hari Ini,Fakta,Liputan6 Nasional (2026-08-18)
"Pemulung Temukan Granat Aktif di Bekasi, Sempat Dikira Benda Biasa",Fakta,Liputan6 Nasional (2026-08-18)
Alasan KPK Tak Tindak Etik Polisi Tersangka Pemerasan,Fakta,Liputan6 Nasional (2026-08-18)
KPK Respons Wacana Pengadilan Ad Hoc Usut Korupsi BUMN,Fakta,Liputan6 Nasional (2026-08-18)
"1.300 Dapur MBG Ditutup, Standar Pangan Jadi Sorotan",Fakta,Liputan6 Nasional (2026-08-18)
Pramono Ajak Warga Jaga Jakarta Tetap Kondusif,Fakta,Liputan6 Nasional (2026-08-18)
Sekolah di Jakarta Boleh PJJ 18 Agustus 2026,Fakta,Liputan6 Nasional (2026-08-17)
Karnaval HUT ke-81 RI di Monas Dimeriahkan Bagi-bagi Hadiah,Fakta,Liputan6 Nasional (2026-08-17)
"Replika Ka'bah hingga Tank, Meriahkan Parade Kendaraan Hias di Monas",Fakta,Liputan6 Nasional (2026-08-17)
Cerita di Balik Prabowo Duduk Diapit Jokowi-Gibran saat HUT ke-81 RI,Fakta,Liputan6 Nasional (2026-08-17)
"Prabowo Buka Kewarganegaraan Ganda Terbatas, PKS Minta Seleksi Ketat",Fakta,Liputan6 Nasional (2026-08-17)
Pemerintah Belum Buka Pintu Bantuan Asing untuk Korban Gempa NTT,Fakta,Liputan6 Nasional (2026-08-17)
"Tinjau Korban Gempa Manggarai Timur, Mendagri Prioritaskan Listrik dan Logistik",Fakta,Liputan6 Nasional (2026-08-17)
Prabowo-Gibran Hadiri Pesta Rakyat HUT ke-81 RI di Monas,Fakta,Liputan6 Nasional (2026-08-17)
"3 Hari Belum Tersentuh Bantuan, Warga Manggarai Timur Andalkan Beras dari Reruntuhan Bangu...",Fakta,Liputan6 Nasional (2026-08-17)
"Gempa NTT, BNPB Kerahkan Tim Rumah Sakit Lapangan",Fakta,Liputan6 Nasional (2026-08-17)
Gempa Susulan NTT Tembus 1.576 Kali,Fakta,Liputan6 Nasional (2026-08-17)
"Viral Hafalan Alquran Berhadiah Miras, PKS Desak RUU Minol",Fakta,Liputan6 Nasional (2026-08-17)
"Hari Damai Aceh Ricuh, Kapolri Pastikan Situasi Terkendali",Fakta,Liputan6 Nasional (2026-08-17)
"Update Gempa NTT, Korban Meninggal 68 Orang",Fakta,Liputan6 Nasional (2026-08-17)
BEM UI Demo di Bundaran HI Besok,Fakta,Liputan6 Nasional (2026-08-17)
Ketika Trotoar Jadi Parkiran saat Pesta Rakyat Monas,Fakta,Liputan6 Nasional (2026-08-17)
Mendagri Minta Pemda Percepat Pendataan Kerusakan Gempa di NTT,Fakta,Liputan6 Nasional (2026-08-17)
Gebrakan Prabowo Soal Anggaran dan BUMN Dipuji PKS,Fakta,Liputan6 Nasional (2026-08-17)
Momen Prabowo Cium Bendera Merah Putih Sebelum Disimpan Kembali di Monas,Fakta,Liputan6 Nasional (2026-08-17)
"Sosok Neeltje Werimon, Pembawa Baki Upacara Penurunan Bendera di Istana",Fakta,Liputan6 Nasional (2026-08-17)
Momen Kucing Bobby Kertanegara Ikut Upacara Penurunan Bendera di Istana,Fakta,Liputan6 Nasional (2026-08-17)
"HUT ke-81 RI, KPK Kirim Pesan untuk Korban Gempa NTT",Fakta,Liputan6 Nasional (2026-08-17)
Melihat Beragam Sajian Tradisional saat HUT ke-81 RI di Istana,Fakta,Liputan6 Nasional (2026-08-17)
"Sosok Kombes Pol Jerrold Hendra, Komandan Upacara Penurunan Bendera di Istana",Fakta,Liputan6 Nasional (2026-08-17)
Putri Papua Jadi Pembawa Baki Upacara Penurunan Bendera HUT ke-81 RI di Istana,Fakta,Liputan6 Nasional (2026-08-17)
"Cerita Fahrudin, Anak Veteran Gowes dari Palmerah ke Monas Setiap HUT RI",Fakta,Liputan6 Nasional (2026-08-17)
"BPR Kota Bandung Rugi Rp70 Miliar, DPRD Soroti Kredit Macet hingga Tata Kelola",Fakta,Liputan6 Nasional (2026-08-17)
Kondisi Terkini Lalu Lintas Sekitar Monas saat Pesta Rakyat HUT RI,Fakta,Liputan6 Nasional (2026-08-17)
"Jet Tempur Rafale Tampil Perdana di HUT ke-81 RI, Gagah Bermanuver di Langit Istana",Fakta,Liputan6 Nasional (2026-08-17)
"Bukan Cuma Monas, Ini Titik Hiburan Gratis HUT RI di Jakarta",Fakta,Liputan6 Nasional (2026-08-17)
Pesan Khusus Megawati di Peringatan HUT ke-81 RI,Fakta,Liputan6 Nasional (2026-08-17)
Warga Baduy Ini Tempuh Empat Hari Demi Hadiri HUT RI di Monas,Fakta,Liputan6 Nasional (2026-08-17)
Megawati Minta Indonesia Belajar dari Iran: Tak Bisa Dikalahkan Amerika,Fakta,Liputan6 Nasional (2026-08-17)
Prabowo Panggil Komandan Usai Puji Upacara HUT ke-81 RI,Fakta,Liputan6 Nasional (2026-08-17)
Makna Kelereng di Suvenir HUT ke-81 RI,Fakta,Liputan6 Nasional (2026-08-17)
Megawati Minta Sejarah Bung Karno Diluruskan,Fakta,Liputan6 Nasional (2026-08-17)
"HUT ke-81 RI, Fatma Saifullah Motivasi Siswa Sekolah Rakyat Lampung",Fakta,Liputan6 Nasional (2026-08-17)
Megawati Soroti Tambang yang Dikeruk untuk Kepentingan Pribadi,Fakta,Liputan6 Nasional (2026-08-17)
Cerita Warga Antre Sejak Subuh Demi Saksikan Upacara HUT RI di Istana,Fakta,Liputan6 Nasional (2026-08-17)
Kapendam: 1 Prajurit Gugur Saat Kontak Tembak dengan KKB di Papua Tengah,Fakta,Liputan6 Nasional (2026-08-17)
"Hadiri Upacara di Istana Pakai Tenun NTT, Puan Tekankan Soal Tegaknya Keadilan dan Persatu...",Fakta,Liputan6 Nasional (2026-08-17)
"Megawati: Saya yang Bikin BPJS, Sekarang Mulai Dikutik-kutik",Fakta,Liputan6 Nasional (2026-08-17)
Cerita Warga Sukabumi Datang H-1 Demi Pesta Rakyat di Monas,Fakta,Liputan6 Nasional (2026-08-17)
Megawati Bandingkan Hukuman Pencuri Labu dengan Koruptor,Fakta,Liputan6 Nasional (2026-08-17)
"Gempa NTT, Update Terbaru Korban Meninggal Dunia",Fakta,Liputan6 Nasional (2026-08-17)
174.791 Narapidana dan Anak Binaan Terima Remisi HUT Ke-81 RI,Fakta,Liputan6 Nasional (2026-08-17)
"Megawati: Sekarang Terjadi Korupsi, Apakah Mau Terus-menerus Seperti itu?",Fakta,Liputan6 Nasional (2026-08-17)
Tepuk Tangan Menggema Usai Paskibraka Sukses Kibarkan Merah Putih di Istana,Fakta,Liputan6 Nasional (2026-08-17)
Megawati Ajak Rakyat Berdoa untuk Korban Gempa NTT,Fakta,Liputan6 Nasional (2026-08-17)
"Pimpin Upacara HUT ke-81 RI, Prabowo Ajak Doakan Warga Terdampak Bencana",Fakta,Liputan6 Nasional (2026-08-17)
Pria NTT Tetap Setia Datang meski Tiga Kali Gagal Masuk Istana,Fakta,Liputan6 Nasional (2026-08-17)
"Gibran Pakai Baju Adat NTT saat Upacara HUT RI di Istana, Ini Maknanya",Fakta,Liputan6 Nasional (2026-08-17)
Cerita Sejoli dari Bogor Berangkat Subuh Demi Rayakan HUT RI di Monas,Fakta,Liputan6 Nasional (2026-08-17)
"Profil Celina Olivia, Pembawa Baki HUT ke-81 RI di Istana",Fakta,Liputan6 Nasional (2026-08-17)
"Sosok Kolonel Priyo Handoyo, Komandan Upacara HUT ke-81 RI di Istana",Fakta,Liputan6 Nasional (2026-08-17)
50 Tusuk Sate dan Hari Pertama Bung Karno Jadi Presiden,Fakta,Liputan6 Nasional (2026-08-17)
"Pakai Baju Adat Bali, Jokowi Hadiri HUT ke-81 RI di Istana Merdeka",Fakta,Liputan6 Nasional (2026-08-17)
"Simak, Ini Lokasi Parkir saat Perayaan HUT ke-81 RI di Jakarta",Fakta,Liputan6 Nasional (2026-08-17)
"Menkum Temui Gubernur Mualem Usai Ricuh Hari Damai Aceh, Ini yang Dibahas",Fakta,Liputan6 Nasional (2026-08-17)
"Tak Hadir di Istana, Megawati Pimpin Upacara HUT RI di Sekolah Partai",Fakta,Liputan6 Nasional (2026-08-17)
Menteri Imipas Ungkap 8 Ribu Warga Binaan Dapat Remisi HUT RI,Fakta,Liputan6 Nasional (2026-08-17)
Masyarakat Padati Kawasan Monas hingga Istana Jelang Upacara HUT RI,Fakta,Liputan6 Nasional (2026-08-17)
Kisah Kabar Proklamasi Bung Karno yang Sempat Diragukan di Sumatera,Fakta,Liputan6 Nasional (2026-08-17)
"Kepala BMKG: 1.598 Gempa Susulan Terjadi Usai Lindu M7,7 Guncang NTT",Fakta,Liputan6 Nasional (2026-08-17)
Kirab Bendera Pusaka Awali Rangkaian Upacara HUT RI ke-81,Fakta,Liputan6 Nasional (2026-08-17)
Tim Paskibraka Indonesia Berdaulat Siap Kibarkan Merah Putih di Istana Merdeka,Fakta,Liputan6 Nasional (2026-08-17)
"Isi Suvenir HUT ke-81 RI di Istana, Ada Buku Prabowo hingga Kelereng",Fakta,Liputan6 Nasional (2026-08-17)
Warga Antre Sejak Pukul 03.00 Demi Rayakan HUT RI di Istana Merdeka,Fakta,Liputan6 Nasional (2026-08-17)
"Hadiri HUT RI, Dewi Soekarno Kaget Lihat Banyak Perubahan di Istana",Fakta,Liputan6 Nasional (2026-08-17)
Transjakarta Modifikasi 10 Rute Saat HUT ke-81 RI,Fakta,Liputan6 Nasional (2026-08-17)
"Rekayasa Lalu Lintas Saat Rangkaian Upacara HUT RI di Jakarta, Cek Jalur Alternatifnya",Fakta,Liputan6 Nasional (2026-08-17)
Instansi dan Perusahaan Diimbau Beri Pegawai Fleksibilitas Kerja pada 18 Agustus,Fakta,Liputan6 Nasional (2026-08-17)
"Upacara HUT RI, Warga Berpakaian Adat Mulai Tiba di Istana Merdeka",Fakta,Liputan6 Nasional (2026-08-17)
Sejumlah Menteri Peringati HUT ke-81 RI Bersama Warga Terdampak Gempa NTT,Fakta,Liputan6 Nasional (2026-08-17)
13.859 Personel Gabungan Amankan HUT ke-81 RI di Jakarta,Fakta,Liputan6 Nasional (2026-08-17)
Seskab Teddy: Tambahan 25 Ton Bantuan Korban Gempa Tiba di NTT,Fakta,Liputan6 Nasional (2026-08-17)
Malam Panjang di Rumah Maeda Sebelum Proklamasi,Fakta,Liputan6 Nasional (2026-08-17)
Jadwal Pesta Rakyat HUT RI ke-81 di Monas hingga Bundaran HI,Fakta,Liputan6 Nasional (2026-08-17)
Suasana Haru Selimuti TMP Kalibata Saat Prabowo Pimpin Ziarah Nasional,Fakta,Liputan6 Nasional (2026-08-17)
"HUT ke-81 RI, Warga Diminta Hentikan Aktivitas dan Berdiri Tegap Pukul 10.17 WIB",Fakta,Liputan6 Nasional (2026-08-17)
Prabowo Pimpin Ziarah Nasional dan Renungan Suci di TMP Kalibata Malam Ini,Fakta,Liputan6 Nasional (2026-08-17)
Prabowo: Hati dan Doa Kami Bersama Saudara-Saudara Kita di NTT,Fakta,Liputan6 Nasional (2026-08-16)
"Kecelakaan Maut di Bekasi, Pasutri Tewas Ditabrak Wing Box",Fakta,Liputan6 Nasional (2026-08-16)
Polisi Amankan Terduga Pelaku Penganiayaan Siswa Kebumen Saat Antre MBG,Fakta,Liputan6 Nasional (2026-08-16)
"Fase Tanggap Darurat Gempa NTT, Armada Udara Disiapkan",Fakta,Liputan6 Nasional (2026-08-16)
"HUT ke-81 RI, Monas hingga Dukuh Atas Diprediksi Padat",Fakta,Liputan6 Nasional (2026-08-16)
"995 Gempa Susulan Guncang NTT, Tak Semua Dirasakan Warga",Fakta,Liputan6 Nasional (2026-08-16)
"Pasien Gempa NTT Dirawat di Tenda, Pemerintah Siapkan RS Lapangan",Fakta,Liputan6 Nasional (2026-08-16)
Prabowo: Pemerintah Akan Berupaya yang Terbaik Pulihkan NTT,Fakta,Liputan6 Nasional (2026-08-16)
"Update Gempa NTT: 53 Orang Meninggal, Belum Ada Laporan Hilang",Fakta,Liputan6 Nasional (2026-08-16)
Update Gempa NTT: 241 Rumah Rusak hingga Hari Kedua,Fakta,Liputan6 Nasional (2026-08-16)
Eks Ketua RW Dipolisikan Terkait Dugaan Penggelapan Kas Rp 11 Miliar,Fakta,Liputan6 Nasional (2026-08-16)
Bareskrim Bongkar Penyeludupan Emas Ilegal ke Dubai,Fakta,Liputan6 Nasional (2026-08-16)
"Polri Kirim 3,4 Ton Bantuan untuk Korban Gempa NTT",Fakta,Liputan6 Nasional (2026-08-16)
KPK Geledah Rumah ASN hingga Anggota DPRD Bengkulu,Fakta,Liputan6 Nasional (2026-08-16)
"Cerita Warga Manggarai, Dua Hari Hidup Tanpa Listrik Usai Gempa",Fakta,Liputan6 Nasional (2026-08-16)
"Kemensos Siapkan Rp 4,52 Miliar untuk Pengungsi Gempa NTT",Fakta,Liputan6 Nasional (2026-08-16)
"Akses Longsor Terbuka, Pencarian Korban Gempa NTT Diperluas",Fakta,Liputan6 Nasional (2026-08-16)
"4.925 Paket Bantuan Gempa NTT dari Prabowo Tiba, 45.075 Masih Menyusul",Fakta,Liputan6 Nasional (2026-08-16)
Polri Tambah Tim Khusus Tangani Gempa NTT,Fakta,Liputan6 Nasional (2026-08-16)
"Kurangi Polusi, Pramono Ajak Warga Gunakan Transportasi Umum",Fakta,Liputan6 Nasional (2026-08-16)
"Pemerintah Percepat Penanganan Gempa NTT, Jalan dan Jembatan Rusak Jadi Prioritas",Fakta,Liputan6 Nasional (2026-08-16)
Kendala Penyaluran Bantuan untuk Korban Gempa Manggarai,Fakta,Liputan6 Nasional (2026-08-16)
Pramono Ungkap Kendala Modifikasi Cuaca Jakarta di Tengah Polusi Udara,Fakta,Liputan6 Nasional (2026-08-16)
"Cerita Bupati Manggarai, Gempa Lumpuhkan Listrik dan Akses Jalan Putus",Fakta,Liputan6 Nasional (2026-08-16)
Menko PMK Pastikan Pemerintah Bergerak Cepat Tangani Dampak Gempa NTT,Fakta,Liputan6 Nasional (2026-08-16)
Pemerintah Kirim 27 Ton Logistik untuk Korban Gempa NTT,Fakta,Liputan6 Nasional (2026-08-16)
Infografis 81 Alutsista Atraksi di HUT ke-81 RI,Fakta,Liputan6 Nasional (2026-08-16)
"Gempa NTT, Polri Kerahkan Ratusan Personel ke Lokasi Terdampak",Fakta,Liputan6 Nasional (2026-08-16)
"Update Gempa NTT: 47 Meninggal, Lebih dari 5.000 Orang Mengungsi",Fakta,Liputan6 Nasional (2026-08-16)
Keringanan PBJT 50% Jadi Dukungan Langsung bagi Produsen Film Nasional,Fakta,Liputan6 Nasional (2026-08-16)
"Sosok Berkerudung di Foto Proklamasi, Siapa Dia?",Fakta,Liputan6 Nasional (2026-08-16)
PLN Sebut 88 Persen Kelistrikan di Pulau Flores Sudah Normal Usai Gempa,Fakta,Liputan6 Nasional (2026-08-16)
Dilema Laksamana Maeda di Malam 17 Agustus,Fakta,Liputan6 Nasional (2026-08-16)
Menyibak Jejak Perlawanan di Lembaran Naskah Sejarah,Fakta,Liputan6 Nasional (2026-08-16)
Mensesneg Pastikan Pemberian Kewarganegaraan Ganda Selektif,Fakta,Liputan6 Nasional (2026-08-15)
Cerita Petani dan Buruh Pabrik Diundang Prabowo Ikut Upacara di Istana,Fakta,Liputan6 Nasional (2026-08-15)
Tangis Haru Gladys Video Call Orang Tua Usai Dikukuhkan Jadi Paskibraka,Fakta,Liputan6 Nasional (2026-08-15)
Prabowo Kirim 50 Ribu Sembako untuk Korban Gempa NTT,Fakta,Liputan6 Nasional (2026-08-15)
Analisis Peneliti BRIN Terkait Potensi Maksimal Gempa NTT,Fakta,Liputan6 Nasional (2026-08-15)
"Ricuh Hari Damai Aceh, Anggota TNI-Polri Sempat Dikejar dan Diusir Massa",Fakta,Liputan6 Nasional (2026-08-15)
KPID DKI Apresiasi Penanganan Kasus Hafalan Alquran Berhadiah Miras,Fakta,Liputan6 Nasional (2026-08-15)
TNI Buka Suara Soal Kericuhan Peringatan Hari Damai Aceh,Fakta,Liputan6 Nasional (2026-08-15)
"Kronologi Hari Damai Aceh Ricuh, Dipicu Pengibaran Bendera Bulan Bintang",Fakta,Liputan6 Nasional (2026-08-15)
BMKG Ungkap Penurunan Gempa Susulan di NTT Butuh 2-3 Minggu,Fakta,Liputan6 Nasional (2026-08-15)
"Diguncang Gempa, 5 Bandara dan 2 Pelabuhan di NTT Rusak",Fakta,Liputan6 Nasional (2026-08-15)
Badan Geologi: Ada Indikasi Likuifaksi usai Gempa NTT,Fakta,Liputan6 Nasional (2026-08-15)
"Update Korban Gempa NTT: 38 Meninggal, 2.000 Warga Mengungsi",Fakta,Liputan6 Nasional (2026-08-15)
Penjelasan Istana soal Ambulans Udara dan Dokter Terbang,Fakta,Liputan6 Nasional (2026-08-15)
"Jelang HUT RI, 3.550 Personel TNI-Polri Bersihkan 11 Titik Sungai",Fakta,Liputan6 Nasional (2026-08-15)
"Gempa NTT Menewaskan 33 Orang, Istana Berduka",Fakta,Liputan6 Nasional (2026-08-15)
Tsunami Terjang Sejumlah Daerah di Sulsel Usai Gempa NTT,Fakta,Liputan6 Nasional (2026-08-15)
BMKG Catat Gempa Susulan di NTT Capai 111 Kali,Fakta,Liputan6 Nasional (2026-08-15)
"Gempa NTT, Hercules dan Kapal Perang Dikerahkan Bantu Korban di Nagekeo",Fakta,Liputan6 Nasional (2026-08-15)
Sejarah Gempa Dahsyat di Bali hingga Nusa Tenggara Akibat Sesar Naik Flores,Fakta,Liputan6 Nasional (2026-08-15)
Di Balik Sesar Naik Flores Selalu Ada Ancaman Gempa dan Bangkitkan Tsunami,Fakta,Liputan6 Nasional (2026-08-15)
"Update Gempa NTT: 14 Orang Meninggal, Ribuan Warga Mengungsi",Fakta,Liputan6 Nasional (2026-08-15)
"Istri Teriak 'Gempa', Yogi Bergegas Gendong Bayi 6 Bulan Lari ke Bukit",Fakta,Liputan6 Nasional (2026-08-15)
"Prabowo Terima Laporan Gempa NTT, Ini yang Jadi Prioritas Pemerintah",Fakta,Liputan6 Nasional (2026-08-15)
"DPRD Bandung Targetkan Perda BPR Syariah Rampung, Transformasi Perseroda Diharap Dongkrak ...",Fakta,Liputan6 Nasional (2026-08-15)
"Mengenal Sesar Naik Busur Belakang Flores, Pemicu Gempa NTT",Fakta,Liputan6 Nasional (2026-08-15)
"Gempa M 7,7 Guncang NTT, 200 BTS di 10 Daerah Alami Gangguan",Fakta,Liputan6 Nasional (2026-08-15)
"BMKG Ingatkan Warga Tak Buru-buru Masuk Rumah Rusak Usai Gempa M 7,7 NTT",Fakta,Liputan6 Nasional (2026-08-15)
Korban Jiwa Gempa NTT Terus Bertambah,Fakta,Liputan6 Nasional (2026-08-15)
"Gempa Susulan M 5,0 Kembali Guncang Nagekeo NTT",Fakta,Liputan6 Nasional (2026-08-15)
"Pasien Terbaring di Jalan, Potret Dramatis RSUD Ruteng Usai Gempa NTT",Fakta,Liputan6 Nasional (2026-08-15)
BNPB Ungkap Bahaya yang Masih Mengintai Usai Gempa NTT,Fakta,Liputan6 Nasional (2026-08-15)
"Tiga Korban Gempa NTT di Sikka Ditemukan, Satu Meninggal",Fakta,Liputan6 Nasional (2026-08-15)
"Gempa M 7,7 Guncang NTT, Ini Kondisi Terkini dan Data Korbannya",Fakta,Liputan6 Nasional (2026-08-15)
"Detik-Detik Gempa NTT, Bangunan Roboh Timpa 3 Warga",Fakta,Liputan6 Nasional (2026-08-15)
"Gempa M 7,7 NTT, BMKG Cek Kerusakan di Maumere hingga Labuan Bajo",Fakta,Liputan6 Nasional (2026-08-15)
"BMKG Ungkap Pemicu Gempa NTT, Potensi Maksimal Capai M 7,9",Fakta,Liputan6 Nasional (2026-08-15)
Gempa Susulan Masih Terus Terjadi Usai Peringatan Tsunami Berakhir,Fakta,Liputan6 Nasional (2026-08-15)
"BMKG Catat 37 Gempa Susulan Nagekeo NTT, Terkuat M 6,2",Fakta,Liputan6 Nasional (2026-08-15)
Muslihat Daster dan Kerudung Bunga,Fakta,Liputan6 Nasional (2026-08-15)
Gempa NTT Lebih Besar Pernah Terjadi 34 Tahun Lalu,Fakta,Liputan6 Nasional (2026-08-15)
Di Balik Corong Mikrofon 17 Agustus 1945,Fakta,Liputan6 Nasional (2026-08-15)
Menjajal Fasilitas Air Minum Gratis di Stasiun,Fakta,Liputan6 Nasional (2026-08-15)
"Peringatan Tsunami Gempa NTT Berakhir, Warga Diminta Tetap Jauhi Pantai",Fakta,Liputan6 Nasional (2026-08-15)
"Gempa NTT Picu Peringatan Tsunami, Warga di 8 Wilayah Diminta Evakuasi",Fakta,Liputan6 Nasional (2026-08-15)
"Foto-Foto Kerusakan Parah Dampak Gempa M7,0 Guncang NTT",Fakta,Liputan6 Nasional (2026-08-15)
Tuak Keras dan Kasur yang Empuk,Fakta,Liputan6 Nasional (2026-08-15)
"Panik Gempa M7,7, Turis Labuan Bajo Keluar Hotel Pakai Handuk",Fakta,Liputan6 Nasional (2026-08-15)
"Rumah Eks Menkomifo Johnny Plate Ambruk Imbas Gempa NTT, 3 Orang Terjebak",Fakta,Liputan6 Nasional (2026-08-15)
"Gempa NTT Bikin Warga Panik, Sejumlah Rumah di Manggarai Terbakar",Fakta,Liputan6 Nasional (2026-08-15)
Jejak Naskah Proklamasi Tulisan Bung Karno Nyaris Masuk Tong Sampah,Fakta,Liputan6 Nasional (2026-08-15)
"Daftar 14 Daerah Berstatus Waspada Tsunami Usai Gempa M 7,7 NTT",Fakta,Liputan6 Nasional (2026-08-15)
"Gempa M 7,7 di NTT Picu Tsunami, 14 Wilayah Berstatus Waspada",Fakta,Liputan6 Nasional (2026-08-15)
"Gempa M 7,7 Guncang Nagekeo NTT, BMKG Keluarkan Peringatan Tsunami",Fakta,Liputan6 Nasional (2026-08-15)
Susu Tertinggal dan Celana Basah Bung Hatta di Rengasdengklok,Fakta,Liputan6 Nasional (2026-08-15)
Aceh Terima Hibah Rp 27 M untuk Menjaga Hutan,Fakta,Liputan6 Nasional (2026-08-15)
"Judi Online Modus Pulsa Terbongkar, Transaksi Capai Rp 890 M",Fakta,Liputan6 Nasional (2026-08-14)
Inovasi Bahan Bangunan Hadirkan Semen Rendah Karbon,Fakta,Liputan6 Nasional (2026-08-14)
"Pemerintah Transfer Rp 18,9 T ke Daerah",Fakta,Liputan6 Nasional (2026-08-14)
"Prabowo Beri Pujian Khusus ke PDIP, Singgung Marhaenisme",Fakta,Liputan6 Nasional (2026-08-14)
Kisah Tunanetra Taklukkan Batas hingga Sarjana,Fakta,Liputan6 Nasional (2026-08-14)
"RUU Kewarganegaraan Ganda Segera Disusun, Kategori Ini Jadi Prioritas",Fakta,Liputan6 Nasional (2026-08-14)
"Modus Sindikat Judi Online di Tangerang, Perputaran Tembus Rp 2 M",Fakta,Liputan6 Nasional (2026-08-14)
"Bareskrim Bongkar Judi Online Jaringan Kamboja, Transaksi Tembus Rp 890 M",Fakta,Liputan6 Nasional (2026-08-14)
"Junivia, Siswi Sekolah Rakyat Minahasa Melaju ke Semifinal OSN 2026",Fakta,Liputan6 Nasional (2026-08-14)
Menag Soroti Tantangan Hafalan Alquran Berhadiah Miras,Fakta,Liputan6 Nasional (2026-08-14)
Infografis 8 Prioritas RAPBN 2027,Fakta,Liputan6 Nasional (2026-08-14)
Prabowo Sebut 3 Juta Keluarga Sudah Terdaftar Digitalisasi Bansos,Fakta,Liputan6 Nasional (2026-08-14)
Ormas Protes Hafalan Alquran Berhadiah Miras,Fakta,Liputan6 Nasional (2026-08-14)
"Viral Curhatan DJ Jadi Korban Kekerasan, Ini Kata Polisi",Fakta,Liputan6 Nasional (2026-08-14)
Deretan Pantun yang Berkumandang di Gedung Kura-Kura,Fakta,Liputan6 Nasional (2026-08-14)
"KPK Cari Pemilik Emas 1,3 Kg Terkait Kasus KPP Banjarmasin",Fakta,Liputan6 Nasional (2026-08-14)
"Prabowo Ingin Revisi UU, Buka Kewarganegaraan Ganda",Fakta,Liputan6 Nasional (2026-08-14)
"Dari Papua hingga NTT, Mereka Semringah Bertemu Prabowo",Fakta,Liputan6 Nasional (2026-08-14)
Puan Bicara Warisan Pemerintahan dan Masa Depan Indonesia,Fakta,Liputan6 Nasional (2026-08-14)
Prabowo Minta Pemda Hapus Anggaran Ultah: Lebih Baik Naikkan Gaji Guru,Fakta,Liputan6 Nasional (2026-08-14)
"Buka Sidang DPR, Puan Tegaskan Penyusunan UU Berpihak Pada Rakyat",Fakta,Liputan6 Nasional (2026-08-14)
28 Ton Timah Ilegal Nyaris Diselundupkan ke Malaysia,Fakta,Liputan6 Nasional (2026-08-14)
Prabowo Janjikan Ambulans Udara dan Tim Dokter Terbang,Fakta,Liputan6 Nasional (2026-08-14)
Kisah Thelma dan Andre: Dari Rumah Reyot dan Kontrakan hingga Diundang ke Sidang Tahunan,Fakta,Liputan6 Nasional (2026-08-14)
Ketua DPR Ungkap Sederet Masalah Rakyat di Sidang Tahunan,Fakta,Liputan6 Nasional (2026-08-14)
"Di Sidang Tahunan, Puan Ungkap Progres RUU Perampasan Aset",Fakta,Liputan6 Nasional (2026-08-14)
Menkum Respons Putusan MK soal Pasal Penghinaan Presiden dan Wapres,Fakta,Liputan6 Nasional (2026-08-14)
"Bangganya Prabowo, 7 Siswa Sekolah Rakyat Menang Olimpiade Nasional",Fakta,Liputan6 Nasional (2026-08-14)
"Respons Surya Paloh Terkait Pidato Kenegaraan Prabowo, Singgung Optimisme",Fakta,Liputan6 Nasional (2026-08-14)
Menkum Ungkap Perintah Prabowo soal RUU Perampasan Aset,Fakta,Liputan6 Nasional (2026-08-14)
Perkembangan Terkini Kasus TPPU Febrie Adriansyah,Fakta,Liputan6 Nasional (2026-08-14)
KPK Periksa Ketua DPRD Kuansing dan Pegawai Kemenhut,Fakta,Liputan6 Nasional (2026-08-14)
MPR Soroti Pengelolaan SDA hingga Perang Timur Tengah,Fakta,Liputan6 Nasional (2026-08-14)
TikTokers Bali Jadi Tersangka Pembajakan Siaran BYON 6,Fakta,Liputan6 Nasional (2026-08-14)
Prabowo Cerita Penghasilan Ojol Naik 3 Kali Lipat usai Terbit Aturan Baru,Fakta,Liputan6 Nasional (2026-08-14)
"Prabowo Akan Beri Bintang Kehormatan ke Bos Danantara, Ini Alasannya",Fakta,Liputan6 Nasional (2026-08-14)
Muncul Wacana Pengadilan Ad Hoc Usut Korupsi BUMN di Sidang Tahunan,Fakta,Liputan6 Nasional (2026-08-14)
Catatan Komeng untuk Program MBG,Fakta,Liputan6 Nasional (2026-08-14)
"Sidang Tahunan 2026, Puan Maharani Tampil dengan Kebaya Brokat Hijau Olive",Fakta,Liputan6 Nasional (2026-08-14)
Momen Jokowi Beri Jempol ke Prabowo Usai Pidato Kenegaraan,Fakta,Liputan6 Nasional (2026-08-14)
Pidato Prabowo di Sidang Tahunan: Program Perbaikan Sekolah Terbesar Sepanjang Sejarah,Fakta,Liputan6 Nasional (2026-08-14)
"Prabowo Senang Anak Papua Kristina Beno Terima MBG, Doakan Duduk di DPR",Fakta,Liputan6 Nasional (2026-08-14)
Guyonan Prabowo pada Citra Siswi Sekolah Rakyat saat Sidang Tahunan MPR,Fakta,Liputan6 Nasional (2026-08-14)
Prabowo: Anak SD Kelas 1 Harus Mulai Belajar Bahasa Asing,Fakta,Liputan6 Nasional (2026-08-14)
"Prabowo Cerita Kisah Risky, Anak Penjual Ikan yang Kembali Sekolah",Fakta,Liputan6 Nasional (2026-08-14)
"Sidang Tahunan MPR, Prabowo Geram Anggaran MBG Dikorupsi",Fakta,Liputan6 Nasional (2026-08-14)
Prabowo: Tak Boleh Anak-Anak Kita Bertaruh Nyawa ke Sekolah,Fakta,Liputan6 Nasional (2026-08-14)
"Sentilan Keras Prabowo ke BUMN: Kerja Seenaknya, Lapor Untung Padahal Rugi Ngarang Saja",Fakta,Liputan6 Nasional (2026-08-14)
Prabowo Soroti Ribuan Tambang Ilegal: Masa Pejabat TNI-Polri Enggak Tahu,Fakta,Liputan6 Nasional (2026-08-14)
Prabowo Ajak Petani Ngawi ikut Sidang Tahunan MPR: Mereka Pahlawan Bangsa,Fakta,Liputan6 Nasional (2026-08-14)
Prabowo di Sidang Tahunan: Penghasilan Hakim Junior Naik 280 Persen,Fakta,Liputan6 Nasional (2026-08-14)
Prabowo Singgung BUMN Banyak Rugi: Ngarang Aja Itu Untungnya,Fakta,Liputan6 Nasional (2026-08-14)
Prabowo: Kesehatan Rakyat Harus Dijaga Sebelum Sakit Berat,Fakta,Liputan6 Nasional (2026-08-14)
"Prabowo di Sidang Tahunan: Indonesia Anggota G20, Tak Pantas Ada Rakyat Lapar",Fakta,Liputan6 Nasional (2026-08-14)
Prabowo Putuskan 1 Kebijakan dalam 5 hari: Saya Katakan Kita Belum Selesai,Fakta,Liputan6 Nasional (2026-08-14)
"Sidang Tahunan, Prabowo Cerita Ada Menteri Pingsan Sampai Operasi Karena Kelelahan Bekerja",Fakta,Liputan6 Nasional (2026-08-14)
"Di Sidang Tahunan, Ketua DPD Ungkap Ikut Tanam Jagung Demi Swasembada",Fakta,Liputan6 Nasional (2026-08-14)
Kapal MV King Sun Sudah Tiga Kali Seludupkan Narkoba,Fakta,Liputan6 Nasional (2026-08-14)
"3 Pesantren Ternama di Jateng Sudah Buka Pendaftaran, Cek Syaratnya",Fakta,Liputan6 Nasional (2026-08-14)
Ketua MPR: Sikap Indonesia soal Palestina Tak Pernah Bergeser,Fakta,Liputan6 Nasional (2026-08-14)
Ketua DPD Beri Gelar 7 Presiden di Sidang Tahunan,Fakta,Liputan6 Nasional (2026-08-14)
"Sidang Tahunan MPR, Muzani Minta Kritik Tanpa Menghina",Fakta,Liputan6 Nasional (2026-08-14)
Ketua MPR di Sidang Tahunan: MBG Bukan Sekadar Bagi-bagi Makanan,Fakta,Liputan6 Nasional (2026-08-14)
Istana Ungkap Ada Kejutan Pidato Prabowo di Sidang Tahunan MPR,Fakta,Liputan6 Nasional (2026-08-14)
Mobil Maung Prabowo dan Gibran Tampil Beda di Sidang Tahunan MPR,Fakta,Liputan6 Nasional (2026-08-14)
"Polisi Bongkar Peran 8 Awak Kapal di Balik Penyelundupan 1,3 Ton Ketamin",Fakta,Liputan6 Nasional (2026-08-14)
"Megawati dan SBY Absen di Sidang Tahunan MPR 2026, Jokowi hingga JK Hadir",Fakta,Liputan6 Nasional (2026-08-14)
"Jelang Pidato Prabowo, Target Ekonomi 8 Persen Disorot",Fakta,Liputan6 Nasional (2026-08-14)
Megawati Absen Sidang Tahunan MPR 2026,Fakta,Liputan6 Nasional (2026-08-14)
"Prabowo Tiba di DPR, Siap Sampaikan Pidato Kenegaraan",Fakta,Liputan6 Nasional (2026-08-14)
"Berdasi Biru, Gibran Hadiri Sidang Tahunan MPR",Fakta,Liputan6 Nasional (2026-08-14)
"Jokowi Hadiri Sidang Tahunan MPR, Tampil Berpeci Hitam",Fakta,Liputan6 Nasional (2026-08-14)
2 Helikopter Parkir di Halaman DPR Jelang Pidato Kenegaraan Prabowo,Fakta,Liputan6 Nasional (2026-08-14)
"Live Streaming Pidato Kenegaraan Prabowo, Ini Linknya",Fakta,Liputan6 Nasional (2026-08-14)
Seskab Sebut 17 Penerjun Kopassus Siap Beraksi di Langit Istana,Fakta,Liputan6 Nasional (2026-08-14)
"Pidato Kenegaraan Prabowo, Arus Lalu Lintas di Senayan Dialihkan",Fakta,Liputan6 Nasional (2026-08-14)
"Cegah Anggota Dewan Joget Lagi, Lagu di Sidang Tahunan Diatur",Fakta,Liputan6 Nasional (2026-08-14)
Dosen Bukan Satu-satunya Kunci Pendidikan Inklusif Kampus,Fakta,Liputan6 Nasional (2026-08-14)
Sidang Tahunan MPR Disebut Akan Lebih Khidmat,Fakta,Liputan6 Nasional (2026-08-14)
KPK Soroti Adanya Intimidasi Saksi Kasus Bea Cukai,Fakta,Liputan6 Nasional (2026-08-14)
"Prabowo Pidato Kenegaraan Hari ini di MPR, Simak Jadwal Lengkapnya",Fakta,Liputan6 Nasional (2026-08-14)
Perkembangan Terbaru Kasus Tantangan Hafalan Alquran Berhadiah Miras,Fakta,Liputan6 Nasional (2026-08-14)
Presiden Prabowo Akan Pidato Dua Kali di Parlemen Hari Ini,Fakta,Liputan6 Nasional (2026-08-14)
KPK Usut Penyewaan Unit Wisma Atlet dalam Kasus Bea Cukai,Fakta,Liputan6 Nasional (2026-08-14)
Rektor Yarsi Soroti Belum Jelasnya Standar Kampus Ramah Disabilitas,Fakta,Liputan6 Nasional (2026-08-14)
"Gudang di Kebon Jeruk Terbakar, 17 Mobil Damkar Dikerahkan",Fakta,Liputan6 Nasional (2026-08-14)
6 Jalan di Sekitar DPR Diprediksi Padat Saat Pidato Kenegaraan,Fakta,Liputan6 Nasional (2026-08-14)
Regenerasi Gembong Narkoba dan Sisi Gelap Kampung Bahari,Fakta,Liputan6 Nasional (2026-08-14)
"Kebakaran 3 Kapal di Muara Baru, Petugas Berjibaku Padamkan Api",Fakta,Liputan6 Nasional (2026-08-14)
Mendagri Usul Data Penerima MBG Terintegrasi SATUSEHAT,Fakta,Liputan6 Nasional (2026-08-14)
"BGN Siapkan Radar MBG, Orang Tua Bisa Pantau Menu hingga Dapur SPPG",Fakta,Liputan6 Nasional (2026-08-13)
"8 Awak Kapal Bawa 1,3 Ton Ketamin Diperiksa Bareskrim di Jakarta",Fakta,Liputan6 Nasional (2026-08-13)
Perlinsos Digital Sentuh 3 Juta KK dalam Sebulan di 43 Daerah,Fakta,Liputan6 Nasional (2026-08-13)
"Sekjen Partai Koalisi Merapat ke Kediaman Sugiono, Ini yang Dibahas",Fakta,Liputan6 Nasional (2026-08-13)
"Prabowo ke Anak Muda: Belajarlah Sejarah, Bangsa yang Tak Mengerti Akan Dihukum",Fakta,Liputan6 Nasional (2026-08-13)
Penampakan 2 Tersangka Challenge Hafalan Al-Qur'an Berhadiah Miras Berbaju Tahanan,Fakta,Liputan6 Nasional (2026-08-13)
Lodewyk Pusung Minta Status Tersangka Korupsi MBG Dicabut,Fakta,Liputan6 Nasional (2026-08-13)
"1.355 Rumah di Jember Dapat Bantuan Renovasi, Program Bedah Rumah Bakal Disinergikan denga...",Fakta,Liputan6 Nasional (2026-08-13)
"BPJS Ketenagakerjaan Gandeng Dukcapil, Perkuat Validitas Data dan Pelayanan Peserta",Fakta,Liputan6 Nasional (2026-08-13)
"Kasus Tantangan Hafalan Alquran Berhadiah Miras, 4 Orang Jadi Tersangka",Fakta,Liputan6 Nasional (2026-08-13)
"Kemendagri Perkuat Kerja Sama dengan BGN, Optimalkan Peran Pemda Dukung Tata Kelola MBG",Fakta,Liputan6 Nasional (2026-08-13)
"Mendes Yandri Jadi Korban Deepfake, 73 Akun Dilaporkan ke Bareskrim",Fakta,Liputan6 Nasional (2026-08-13)
Pramono Dukung Aparat Berantas Jaringan Narkoba di Kampung Bahari,Fakta,Liputan6 Nasional (2026-08-13)
"DPR Setujui 14 Calon Hakim Agung dan Ad Hoc, Ini Daftarnya",Fakta,Liputan6 Nasional (2026-08-13)
Link Live Streaming Sidang Tahunan MPR dan Pidato Prabowo,Fakta,Liputan6 Nasional (2026-08-13)
Mendagri Dorong Pemda Libatkan Dinkes hingga Dinas Pertanian Dukung MBG,Fakta,Liputan6 Nasional (2026-08-13)
"Ada 6 Juta Data Ganda Penerima MBG, BGN Langsung Ambil Langkah",Fakta,Liputan6 Nasional (2026-08-13)
Pramono Ungkap Dampak Normalisasi Kali Cakung Lama untuk Banjir Jakut,Fakta,Liputan6 Nasional (2026-08-13)
Prabowo Targetkan Mobil Listrik Nasional Diproduksi Massal Tahun 2028,Fakta,Liputan6 Nasional (2026-08-13)
Susunan Acara Sidang Tahunan MPR dan Jadwal Pidato Prabowo,Fakta,Liputan6 Nasional (2026-08-13)
"BNN Buru Jaringan Bos Gendut, Gembong Narkoba Kampung Bahari",Fakta,Liputan6 Nasional (2026-08-13)
"Hobi Ribut dan Teror Tetangga, Pria di Depok Jadi Tersangka",Fakta,Liputan6 Nasional (2026-08-13)
Prabowo Siapkan Skema Tukar Tambah Motor Bensin dengan Motor Listrik,Fakta,Liputan6 Nasional (2026-08-13)
Infografis Jejak Narkoba di Kampung Bahari,Fakta,Liputan6 Nasional (2026-08-13)
Prabowo Ingin Kredit Motor Listrik Tanpa DP: Menkeu Tidak akan Suka,Fakta,Liputan6 Nasional (2026-08-13)
KPK Telusuri Dugaan Suap 1 Juta Dolar AS dari Yaqut ke Pansus Haji,Fakta,Liputan6 Nasional (2026-08-13)
2 Sosok Gembong Narkoba Kaya di Kampung Bahari: Alex Bonpis dan Bos Gendut,Fakta,Liputan6 Nasional (2026-08-13)
Peredaran Narkoba di Kampung Bahari Sulit Diberantas Meski Sering Digerebek,Fakta,Liputan6 Nasional (2026-08-13)
"Prabowo Resmikan Molinas, Motor Listrik Nasional",Fakta,Liputan6 Nasional (2026-08-13)
"Kasus Bupati Langkat, KPK Dalami Aliran Uang Proyek Seragam Sekolah",Fakta,Liputan6 Nasional (2026-08-13)
"Jejak Narkoba di Kampung Bahari, dari Apotek Khusus Sampai Uang Miliaran",Fakta,Liputan6 Nasional (2026-08-13)
Prabowo: Negara Harus Hadir hingga Wilayah Terpencil,Fakta,Liputan6 Nasional (2026-08-13)
"Polri Bangun 874 Jembatan, Hubungkan 1.314 Desa di Indonesia",Fakta,Liputan6 Nasional (2026-08-13)
"Sosok Bos Gendut, Bos Narkoba Kampung Bahari Punya Aset Rp 39 M",Fakta,Liputan6 Nasional (2026-08-13)
Prabowo Sebut Listyo Sigit dan Maruli Pantas Pimpin Polri-TNI AD,Fakta,Liputan6 Nasional (2026-08-13)
"Kronologi Penangkapan 'Bos Gendut', Gembong Narkoba Kampung Bahari",Fakta,Liputan6 Nasional (2026-08-13)
"Pramono Revisi Tarif Transportasi saat HUT RI Jadi Rp 8, Ini Alasannya",Fakta,Liputan6 Nasional (2026-08-13)
"Gerebek Gembong Narkoba Kampung Bahari, BNN Dapat Perlawanan",Fakta,Liputan6 Nasional (2026-08-13)
BNN Sita Uang Rp 1 Miliar dan Aset Rp 39 Miliar dari Bos Narkoba Kampung Bahari,Fakta,Liputan6 Nasional (2026-08-13)
"LRT dan KRL Terhubung Langsung, Wajah Manggarai Bakal Berubah",Fakta,Liputan6 Nasional (2026-08-13)
DPR Heran Pejabat Pajak Mau Jadi Hakim Agung: Tantangannya Berat,Fakta,Liputan6 Nasional (2026-08-13)
LRT Kelapa Gading-Manggarai Targetkan 80 Ribu Penumpang per Hari,Fakta,Liputan6 Nasional (2026-08-13)
Petugas Cekcok dengan Tukang Cukur soal Bendera Bukan Pegawai Kecamatan Bogor,Fakta,Liputan6 Nasional (2026-08-13)
Calon Hakim Agung Singgung Tax Ratio Masih Rendah,Fakta,Liputan6 Nasional (2026-08-13)
Pramono Koordinasi dengan Istana soal Peresmian LRT Velodrome-Manggarai,Fakta,Liputan6 Nasional (2026-08-13)
"LRT Jakarta Kelapa Gading-Manggarai Nyaris Rampung, Tinggal Satu Pekerjaan",Fakta,Liputan6 Nasional (2026-08-13)
Kejagung Telusuri Transaksi Perbankan dalam Kasus TPPU Febrie,Fakta,Liputan6 Nasional (2026-08-13)
Prabowo Resmikan 3.395 Jembatan TNI-Polri di Seluruh Indonesia,Fakta,Liputan6 Nasional (2026-08-13)
"Sampah Diolah Jadi Bahan Bakar, Langkah Baru Kurangi Limbah",Fakta,Liputan6 Nasional (2026-08-13)
"Polemik Tukang Cukur Bilang Belum Merdeka, Kesbangpol Bogor Buka Suara",Fakta,Liputan6 Nasional (2026-08-13)
"Pemprov Kalteng Hibahkan Ribuan Starlink, Perluas Internet hingga Sekolah dan Puskesmas di...",Fakta,Liputan6 Nasional (2026-08-13)
Seskab Teddy: Rafale hingga A400 Tampil Perdana di Atraksi Udara HUT ke-81 RI,Fakta,Liputan6 Nasional (2026-08-13)
"Transjakarta Minta Maaf, Operasional Jalur Langit Sudah Normal",Fakta,Liputan6 Nasional (2026-08-13)
"Cuaca Hari Ini, Sebagian Besar Wilayah Berawan",Fakta,Liputan6 Nasional (2026-08-13)
Puan Maharani Ungkap 4 Nama Calon Pejabat BI Usulan Prabowo,Fakta,Liputan6 Nasional (2026-08-13)
"Usut Selisih Uang Amplop, Ajudan Raja Juli hingga Polisi Dibidik KPK",Fakta,Liputan6 Nasional (2026-08-13)
Mendagri Tito Beri Penghargaan ke Pemda Berprestasi di Sumatera,Fakta,Liputan6 Nasional (2026-08-13)
Prabowo Akan Resmikan Ekosistem Motor Listrik Nasional Hari Ini,Fakta,Liputan6 Nasional (2026-08-13)
Semarak Merah Putih Mulai Terasa di Jakarta,Fakta,Liputan6 Nasional (2026-08-13)
MUI: Jangan Jadikan Agama Sebagai Bahan Candaan,Fakta,Liputan6 Nasional (2026-08-13)
"Dugaan Penistaan Agama di Ancol, Wali Kota: Warga Jangan Terprovokasi",Fakta,Liputan6 Nasional (2026-08-13)
Merangkai Kepingan Kasus Kematian Sutrimo,Fakta,Liputan6 Nasional (2026-08-13)
"Tiket Kereta Libur HUT RI Terjual 54 Persen, Yogyakarta Jadi Favorit",Fakta,Liputan6 Nasional (2026-08-13)
"Pramono Izinkan Wartawan Liput TPS Ilegal, Siap Beri Pengawalan",Fakta,Liputan6 Nasional (2026-08-13)
"Nadiem Optimistis Putusan Kasus Chromebook Dikoreksi, Ini Alasannya",Fakta,Liputan6 Nasional (2026-08-13)
Harus Ada yang Bertanggung Jawab dari Challenge Agama Hadiah Miras,Fakta,Liputan6 Nasional (2026-08-13)
KPK Buka Peluang Hadirkan Bukhori Yusuf di Sidang Korupsi Kuota Haji,Fakta,Liputan6 Nasional (2026-08-13)
"Nilai Obligasi Daerah Jakarta Naik Jadi Rp 5,6 Triliun",Fakta,Liputan6 Nasional (2026-08-13)
Eks Dewas KPK Albertina Ho Tak Lolos Seleksi Calon Hakim Agung,Fakta,Liputan6 Nasional (2026-08-13)
Ramai-ramai Warga Jalan Kaki di Jalur Langit karena TransJakarta Mogok,Fakta,Liputan6 Nasional (2026-08-12)
MK Tegaskan Hanya Presiden dan Wapres yang Bisa Laporkan Penghinaan,Fakta,Liputan6 Nasional (2026-08-12)
Kejagung Tetapkan 2 Tersangka Korupsi Transfer Pricing PT TPL,Fakta,Liputan6 Nasional (2026-08-12)
Nadiem Singgung Era Eks Jampidsus Febrie di Sidang Banding,Fakta,Liputan6 Nasional (2026-08-12)
"Perlindungan Sosial Digital Tembus 2,9 Juta Kepala Keluarga",Fakta,Liputan6 Nasional (2026-08-12)
"Sidang Nadiem, Petinggi GoTo Beberkan Alur Transaksi Rp 809 M",Fakta,Liputan6 Nasional (2026-08-12)
"Cegah Joget-Joget, Lagu di Sidang Tahunan MPR 2026 Akan Disesuaikan",Fakta,Liputan6 Nasional (2026-08-12)
Polisi Dalami Dugaan Racun Penyebab Kematian Sutrimo,Fakta,Liputan6 Nasional (2026-08-12)
"Penyebab Kematian Sutrimo Masih Misteri, Polisi Tunggu Hasil Lab",Fakta,Liputan6 Nasional (2026-08-12)
Polisi Dalami Pihak Lain di Balik Challenge Hafalan Al-Qur’an Berhadiah Miras,Fakta,Liputan6 Nasional (2026-08-12)
Infografis 11 Stasiun LRT Jakarta Kelapa Gading-Manggarai,Fakta,Liputan6 Nasional (2026-08-12)
"Kaesang Maju Caleg di 'Kandang Banteng', Ini Respons Puan",Fakta,Liputan6 Nasional (2026-08-12)
"Tak Ada Luka di Jasad Sutrimo, Dokter Cari Petunjuk dari Puluhan Sampel",Fakta,Liputan6 Nasional (2026-08-12)
Janji Pemprov DKI di Tengah Wacana Penghapusan Jalur Sepeda,Fakta,Liputan6 Nasional (2026-08-12)
Pramono: Saya Enggak akan Mundur Benahi Sampah,Fakta,Liputan6 Nasional (2026-08-12)
Mendagri Dorong Forkopimda Sumatera Solid Jaga Pertumbuhan Ekonomi dan Stabilitas Daerah,Fakta,Liputan6 Nasional (2026-08-12)
Polisi Tangkap 2 Orang Buntut Challenge Hafalan Al-Qur’an Berhadiah Miras,Fakta,Liputan6 Nasional (2026-08-12)
"Jangan Lewatkan, Hujan Meteor Perseid Hiasi Langit Indonesia Malam Ini",Fakta,Liputan6 Nasional (2026-08-12)
Nadiem Beberkan Alasan Transaksi Rp 809 M Murni Rekayasa,Fakta,Liputan6 Nasional (2026-08-12)
Hasil Ekshumasi dan Autopsi Jenazah Sutrimo,Fakta,Liputan6 Nasional (2026-08-12)
Don Ritto dan Nurman Herin Kembali Diperiksa di Kasus TPPU Febrie,Fakta,Liputan6 Nasional (2026-08-12)
"Heboh WN Israel Tinggal dan Buka Usaha di Bali, Ini Penjelasan Imigrasi",Fakta,Liputan6 Nasional (2026-08-12)
Heboh Pria Mengendap-endap Diduga Bawa Pistol di Tangsel,Fakta,Liputan6 Nasional (2026-08-12)
Alasan Hakim Tunda Sidang Praperadilan Lodewyk Pusung Hari Ini,Fakta,Liputan6 Nasional (2026-08-12)
"Tarif Visa on Arrival Naik hingga Rp 1 Juta, Ini Alasan Imigrasi",Fakta,Liputan6 Nasional (2026-08-12)
Eks Dirut GoTo Bantah Nadiem Makarim Jadi Beneficial Owner,Fakta,Liputan6 Nasional (2026-08-12)
Tersangka Mutilasi Depok Tahu Positif HIV Usai Donor Darah di Awal 2026,Fakta,Liputan6 Nasional (2026-08-12)
Infografis 10 Barang Terlaris di Kopdes,Fakta,Liputan6 Nasional (2026-08-12)
"Hari Gajah Sedunia, Tantangan Upaya Menjaga Populasi",Fakta,Liputan6 Nasional (2026-08-12)
"Pendapatan Imigrasi Tembus Rp 6,5 T, Layanan Visa Terbesar",Fakta,Liputan6 Nasional (2026-08-12)
Prabowo Bertemu Wakil Menteri Perang AS di Istana,Fakta,Liputan6 Nasional (2026-08-12)
Aksi 2 Pria Curi Raket Padel di Jakbar Terekam CCTV,Fakta,Liputan6 Nasional (2026-08-12)
Kronologi Pegawai Bakar Kantor Diskominfo Kukar karena Foto Dijadikan Stiker,Fakta,Liputan6 Nasional (2026-08-12)
Eks Dirut GOTO Buka-bukaan di Sidang Banding Nadiem Makarim,Fakta,Liputan6 Nasional (2026-08-12)
Cerita Stasiun Tawang yang Lahir dari Tanah Rawa,Fakta,Liputan6 Nasional (2026-08-12)
Polisi: Challenge Alquran Berhadiah Miras Ulah Pengunjung Sound Project,Fakta,Liputan6 Nasional (2026-08-12)
"LRT Kelapa Gading-Manggarai Beroperasi Mulai 26 Agustus, Ini Rutenya",Fakta,Liputan6 Nasional (2026-08-12)
"Buntut Challenge Hafalan Alquran Dapat Miras, Rumah MC Digeruduk Massa",Fakta,Liputan6 Nasional (2026-08-12)
"Sidang Banding, Nadiem Ungkit Kejanggalan Uang Pengganti Rp 809 Miliar",Fakta,Liputan6 Nasional (2026-08-12)
"Ekshumasi Jenazah Sutrimo, Begini Cara Kerja Tim Forensik Ungkap Penyebab Kematian",Fakta,Liputan6 Nasional (2026-08-12)
"Bekas TPS Liar Limo Terindikasi Radioaktif, Dugaan dari Limbah B3",Fakta,Liputan6 Nasional (2026-08-12)
Mobil Dipakai Mahasiswa Mabuk Tabrak Polisi hingga Tewas Ternyata Milik TNI,Fakta,Liputan6 Nasional (2026-08-12)
Usulan Hapus Jalur Sepeda Jakarta Dikritik: Harusnya Bahas Efektivitas,Fakta,Liputan6 Nasional (2026-08-12)
"Kaesang Maju Caleg Pemilu 2029, Jokowi Bicara Hitungan Politik",Fakta,Liputan6 Nasional (2026-08-12)
Prabowo Akan Beri Anugerah Tanda Jasa ke Sejumlah Tokoh,Fakta,Liputan6 Nasional (2026-08-12)
Komisi III DPR Uji Kelayakan 14 Calon Hakim Agung Hari Ini,Fakta,Liputan6 Nasional (2026-08-12)
Jokowi Buka Suara Posisi Duduk Presiden dan Wapres saat Sidang Kabinet,Fakta,Liputan6 Nasional (2026-08-12)
"Rafale Tampil Perdana, 81 Alutsista TNI Bakal Atraksi di HUT RI",Fakta,Liputan6 Nasional (2026-08-12)
Polisi Kerahkan Sederet Ahli Autopsi Ulang Jasad Sutrimo,Fakta,Liputan6 Nasional (2026-08-12)
Polisi Ungkap Tiga Tahap Pemeriksaan Jenazah Sutrimo,Fakta,Liputan6 Nasional (2026-08-12)
"Gladi Kotor HUT ke-81 RI Dimulai, Begini Persiapan di Istana Merdeka",Fakta,Liputan6 Nasional (2026-08-12)
Jokowi Dipastikan Hadir Sidang Tahunan MPR dan Upacara 17 Agustus di Istana,Fakta,Liputan6 Nasional (2026-08-12)
Produk UMKM Eks Lokalisasi Dolly Dinilai Berpeluang Tembus Pasar Ekspor,Fakta,Liputan6 Nasional (2026-08-12)
"Kubu Febrie Ungkap Sakit Sutrimo, Tegaskan Tak Terkait Kasus di Kejagung",Fakta,Liputan6 Nasional (2026-08-12)
Kubu Febrie Bantah Isu Sutrimo Pernah Jadi Kepala Rumah Tangga,Fakta,Liputan6 Nasional (2026-08-12)
Kebakaran Pabrik Bingkai Buat Lalu Lintas Duren Sawit Macet,Fakta,Liputan6 Nasional (2026-08-12)
Nadiem Makarim: Besok Ibam Wajib Bebas,Fakta,Liputan6 Nasional (2026-08-12)
Kilas Balik Kematian Sutrimo yang Bikin Polisi Bongkar Makamnya,Fakta,Liputan6 Nasional (2026-08-12)
Perdagangan Karbon Jadi Sumber Pembiayaan Baru Pengelolaan Hutan,Fakta,Liputan6 Nasional (2026-08-12)
"DKI Bangun 2 Biodigester, Ubah Sampah Jadi Gas",Fakta,Liputan6 Nasional (2026-08-12)
"KPK Buka Suara Soal Winda Lorenza, Diduga Saksi Bea Cukai yang Tewas di Medan",Fakta,Liputan6 Nasional (2026-08-12)
"Buang Sampah ke Jalan, Perusahaan Ini Didenda Pemprov DKI",Fakta,Liputan6 Nasional (2026-08-12)
Dakwaan KPK Bongkar Kuota Haji Tambahan Diatur Satu Pintu,Fakta,Liputan6 Nasional (2026-08-12)
BMKG Prediksi Hujan hingga Angin Kencang di Sejumlah Kota Besar,Fakta,Liputan6 Nasional (2026-08-12)
Warga Paseban Sulap Sampah Plastik Jadi Cuan,Fakta,Liputan6 Nasional (2026-08-12)
"Makam Sutrimo Dibongkar Hari Ini, Ini yang Dicari Penyidik",Fakta,Liputan6 Nasional (2026-08-12)
"Didakwa Perkaya Diri Rp 93,6 Miliar, Mantan Stafus Eks Menag: Ini Kezaliman",Fakta,Liputan6 Nasional (2026-08-12)
"Rudi Tanoe Diperiksa KPK, Kerugian Negara Kasus Bansos Beras Dihitung",Fakta,Liputan6 Nasional (2026-08-12)
"Sidang MK, Dosen Singgung Pembangunan Universitas Republik Indonesia",Fakta,Liputan6 Nasional (2026-08-12)
"Makam Sutrimo Dibongkar Hari Ini, Polisi Cari Petunjuk Kematian Tak Wajar",Fakta,Liputan6 Nasional (2026-08-12)
Kebakaran Melanda Pabrik Bingkai di Duren Sawit,Fakta,Liputan6 Nasional (2026-08-12)
Dakwaan Jaksa vs Bantahan Eks Menag Yaqut di Sidang Korupsi Kuota Haji,Fakta,Liputan6 Nasional (2026-08-12)
KH Anwar Zahid Cerita Detik-Detik Mobilnya Ditabrak Truk,Fakta,Liputan6 Nasional (2026-08-12)
"Gus Alex Bantah Terima USD 5,2 Juta, Kuasa Hukum: Tunjukkan Buktinya",Fakta,Liputan6 Nasional (2026-08-12)
"Seleksi Hakim Agung, KY Ungkap Hal yang Bikin Identitas Calon Tersembunyi",Fakta,Liputan6 Nasional (2026-08-12)
"Ketika Agama Dibuat Challenge Berhadiah Miras, Tak Ada Alasan Ampuni Pelaku",Fakta,Liputan6 Nasional (2026-08-12)
Pesan Megawati untuk Pimpinan Organisasi Sayap Partai,Fakta,Liputan6 Nasional (2026-08-12)
"Kebakaran di Bromo Belum Padam, 2 Titik Api Tersisa di Tebing Curam",Fakta,Liputan6 Nasional (2026-08-12)
Cerita Pilu dari Atas Jalur Kereta Jurangmangu,Fakta,Liputan6 Nasional (2026-08-12)
"Situs Sejarah Bogor Naik Status Cagar Budaya Nasional, Ini Daftarnya",Fakta,Liputan6 Nasional (2026-08-12)
Pemerintah Pastikan Tak Ada Peningkatan Ancaman Jelang HUT RI,Fakta,Liputan6 Nasional (2026-08-12)
"Cuaca Jakarta Rabu Diprediksi Cerah, Suhu Capai 35 Derajat",Fakta,Liputan6 Nasional (2026-08-12)
Polisi Kumpulkan Barbuk Kasus Challenge Hafalan Al-Qur'an Berhadiah Miras,Fakta,Liputan6 Nasional (2026-08-11)
"Ditangkap, Ini Tampang Pelaku Pembunuhan dan Pemerkosaan di Tangerang",Fakta,Liputan6 Nasional (2026-08-11)
Lima Pihak Dipolisikan Buntut Tantangan Hafalan Alquran Berhadiah Miras,Fakta,Liputan6 Nasional (2026-08-11)
"Gus Alex Didakwa Perkaya Diri Rp 93,6 M dari Kasus Kuota Haji",Fakta,Liputan6 Nasional (2026-08-11)
"Kejagung: Febrie Adriansyah Mantan Pendekar Hukum, Harus Hati-Hati",Fakta,Liputan6 Nasional (2026-08-11)
Menko PMK Ungkap Kendala Modifikasi Cuaca untuk Padamkan Kebakaran Bromo,Fakta,Liputan6 Nasional (2026-08-11)
Polisi Tangkap 2 Pelaku Penyekapan Lansia Ngaku Anggota KPK,Fakta,Liputan6 Nasional (2026-08-11)
"Sempat Dikira Gantung Diri, Wanita di Tangerang Ternyata Dibunuh Kekasih",Fakta,Liputan6 Nasional (2026-08-11)
"Fokus Rangkul Generasi Muda, PDIP Lantik Taruna Merah Putih",Fakta,Liputan6 Nasional (2026-08-11)
Pakar Usul RUU Perampasan Aset Diubah Jadi RUU Melindungi Aset,Fakta,Liputan6 Nasional (2026-08-11)
Tantangan Hafalan Alquran Berhadiah Miras Dilaporkan ke Bareskrim,Fakta,Liputan6 Nasional (2026-08-11)
Kejagung Ungkap Alasan Periksa Pegawai BI di Kasus TPPU Febrie,Fakta,Liputan6 Nasional (2026-08-11)
"Viral TPS Liar di Cilincing, Pramono Buka Suara",Fakta,Liputan6 Nasional (2026-08-11)
Seskab Teddy: 40 Persen Peserta Magang Nasional Langsung Direkrut Kerja,Fakta,Liputan6 Nasional (2026-08-11)
Pramono Yakin Transjakarta Bisa Kelola Transportasi Kepulauan Seribu,Fakta,Liputan6 Nasional (2026-08-11)
1.300 Tukik Hasil Penukaran Botol Plastik Dilepas ke Laut Banyuwangi,Fakta,Liputan6 Nasional (2026-08-11)
Kejagung Periksa 12 Saksi Terkait Kasus Korupsi MBG,Fakta,Liputan6 Nasional (2026-08-11)
"AHY Sebut Jakarta di Bawah Pramono Bisa Jadi Contoh, Ini Alasannya",Fakta,Liputan6 Nasional (2026-08-11)
DPR Minta Polisi Tindak Challenge Alquran Hadiah Miras: Umat Bisa Marah,Fakta,Liputan6 Nasional (2026-08-11)
Alasan Kejagung Batal Pilih Rinaldi Umar jadi Direktur Penyidikan Jampidsus,Fakta,Liputan6 Nasional (2026-08-11)
Pramono Respons Usulan Hapus Jalur Sepeda Jakarta,Fakta,Liputan6 Nasional (2026-08-11)
Pramono Kecam Challenge Hafalan Alquran Berhadiah Miras di Ancol,Fakta,Liputan6 Nasional (2026-08-11)
Pimpinan BGN Temui Jaksa Agung,Fakta,Liputan6 Nasional (2026-08-11)
Reaksi Raja Juli Ditanya SGD 2.000 Hilang dari Amplop Bupati Kuansing,Fakta,Liputan6 Nasional (2026-08-11)
"Dalih Gus Yaqut Didakwa Terima Rp 4,8 M dari Korupsi Kuota Haji",Fakta,Liputan6 Nasional (2026-08-11)
"Didakwa Rugikan Negara Rp 622 Miliar, Yaqut Siapkan Perlawanan",Fakta,Liputan6 Nasional (2026-08-11)
"Sampah Bisa Jadi Sumber Cuan, Pemuda Diminta Ambil Peran",Fakta,Liputan6 Nasional (2026-08-11)
AHY Ungkap Keluhan Investor: Jangan Dikerjain dan Dipingpong,Fakta,Liputan6 Nasional (2026-08-11)
"Newport Minta Maaf, Sebut Tantangan Hafal Surah Alquran Berhadiah Miras Spontan",Fakta,Liputan6 Nasional (2026-08-11)
Pratikno: Saya Sehat dan Sedang di Bromo Rakor Pemadaman Api,Fakta,Liputan6 Nasional (2026-08-11)
Mensesneg Ungkap Perkembangan Terbaru Perpres Ojol,Fakta,Liputan6 Nasional (2026-08-11)
PP Muhammadiyah Soroti Hafalan Al-Qur'an Berhadiah Miras,Fakta,Liputan6 Nasional (2026-08-11)
"Pramono Sebut DKI Punya Aset Senilai Rp 126,9 T",Fakta,Liputan6 Nasional (2026-08-11)
Pesan Jaksa Agung ke Direktur Penyidikan Jampidsus Baru Saiful Bahri Siregar,Fakta,Liputan6 Nasional (2026-08-11)
"Mendagri Siapkan Aturan, Bayi Lahir di Luar Faskes Bisa Dapat Akta Digital",Fakta,Liputan6 Nasional (2026-08-11)
"Rekonstruksi Kasus Mutilasi di Depok, Polisi Temukan Fakta Baru",Fakta,Liputan6 Nasional (2026-08-11)
DPR dan Pejabat Polda Sumut Bahas Kematian Mantan Istri Polisi,Fakta,Liputan6 Nasional (2026-08-11)
"HUT ke-81 RI, Istana Mulai Kirim Undangan ke Mantan Presiden-Wapres",Fakta,Liputan6 Nasional (2026-08-11)
Jaksa Beberkan 27 Nama Penerima Uang dari Kasus Korupsi Kuota Haji Khusus,Fakta,Liputan6 Nasional (2026-08-11)
Tol di Jatim Ini Disiapkan Jadi Landasan Darurat Pesawat,Fakta,Liputan6 Nasional (2026-08-11)
"Jaksa Agung Lantik 15 Kajati Baru, Berikut Daftarnya",Fakta,Liputan6 Nasional (2026-08-11)
Istana Tanggapi Isu Pratikno Sakit dan Mundur dari Menko PMK,Fakta,Liputan6 Nasional (2026-08-11)
Terungkap Awal Mula Ratusan Senjata Tersembunyi di Sekolah Jaksel,Fakta,Liputan6 Nasional (2026-08-11)
"DKI Tawarkan 41 Aset Milik SKPD, Bidik Investasi Rp 13,1 T",Fakta,Liputan6 Nasional (2026-08-11)
Momen Kiai Anwar Zahid Terduduk di Pinggir Jalan Usai Kecelakaan,Fakta,Liputan6 Nasional (2026-08-11)
Pengacara Gus Yaqut: Penegakan Hukum Korupsi Kuota Haji Setengah Hati,Fakta,Liputan6 Nasional (2026-08-11)
"Persiapan HUT ke-81 RI, Paskibraka Mulai Latihan di Istana",Fakta,Liputan6 Nasional (2026-08-11)
"Wanita di Bekasi Dipepet Kawanan Begal hingga Jatuh, Motor Dirampas",Fakta,Liputan6 Nasional (2026-08-11)
Polisi Periksa EO dan MC Acara Tantangan Hafal Surah Alquran Berhadiah Miras,Fakta,Liputan6 Nasional (2026-08-11)
Geger Mayat Bayi di Tong Sampah Sawangan Depok,Fakta,Liputan6 Nasional (2026-08-11)
Polisi Tangkap Sopir Taksi Online Cabul yang Viral di Medsos,Fakta,Liputan6 Nasional (2026-08-11)
SBY Dipastikan Tak Hadir Sidang Tahunan MPR,Fakta,Liputan6 Nasional (2026-08-11)
Infografis Guncang Gempa Kolombia Terkuat Abad Ini,Fakta,Liputan6 Nasional (2026-08-11)
"Istri Eks Menag Yaqut Hadiri Sidang, Bawa Bantal untuk Suami",Fakta,Liputan6 Nasional (2026-08-11)
Terungkap Isi Ruangan yang Disebut Bunker Sekolah Jaksel,Fakta,Liputan6 Nasional (2026-08-11)
"Viral Challenge Hafalan Al-Qur'an Berhadiah Miras, Polisi Mulai Selidiki",Fakta,Liputan6 Nasional (2026-08-11)
"Di Depan Hakim, Yaqut Ungkap Kondisi Kesehatannya Pascaoperasi",Fakta,Liputan6 Nasional (2026-08-11)
Polisi Cari Jejak di Balik 30 Item Senjata di Sekolah Jaksel,Fakta,Liputan6 Nasional (2026-08-11)
"Warga Teriak Saat Mobil Bupati Lampung Selatan Terjebak Jalan Rusak, 'Jangan Janji Saja'",Fakta,Liputan6 Nasional (2026-08-11)
Yaqut Didakwa Rugikan Negara Rp 662 Miliar,Fakta,Liputan6 Nasional (2026-08-11)
Eks Kepala Bea Cukai Marunda Jadi Tersangka Gratifikasi,Fakta,Liputan6 Nasional (2026-08-11)
Siswi Tewas Tertemper KRL di Jurangmangu Sudah Dimakamkan,Fakta,Liputan6 Nasional (2026-08-11)
Yaqut Jelang Sidang Perdana: Yang Benar akan Kelihatan,Fakta,Liputan6 Nasional (2026-08-11)
"Prakiraan Cuaca, Sejumlah Wilayah Berpotensi Hujan",Fakta,Liputan6 Nasional (2026-08-11)
"Peternak Ayam Demo, Ini Janji Mentan soal Pakan Murah hingga Serapan Telur",Fakta,Liputan6 Nasional (2026-08-11)
Yaqut Cholil Qoumas Disambut Selawat Asyghil Saat Tiba di PN Jakpus,Fakta,Liputan6 Nasional (2026-08-11)
"Puslabfor Kembali Periksa Sekolah di Jaksel, 30 Barang Dibawa",Fakta,Liputan6 Nasional (2026-08-11)
"Gempa Kolombia M 7,4 dan Ancaman yang Juga Mengintai Indonesia",Fakta,Liputan6 Nasional (2026-08-11)
"Anak Cerita ke Guru, Bongkar Kekerasan Seksual Ayah Kandung",Fakta,Liputan6 Nasional (2026-08-11)
Menteri LH Dorong Wonosobo Kembangkan Pariwisata Berbasis Lingkungan,Fakta,Liputan6 Nasional (2026-08-11)
Satpol PP Depok Bongkar 350 Bangunan Pedagang Pasar Cisalak Depok,Fakta,Liputan6 Nasional (2026-08-11)
"Pengiriman Sabu Berkedok Paket Ekspedisi, Polisi Sita 31,48 Gram",Fakta,Liputan6 Nasional (2026-08-11)
"Jelang HUT RI, Kepala Bakom Imbau Warga Bijak Bermedsos",Fakta,Liputan6 Nasional (2026-08-11)
Berapa Lama Proses Pembebasan PBB-P2? Ini Estimasi Waktu dan Cara Memantaunya,Fakta,Liputan6 Nasional (2026-08-11)
Sidang Perdana Eks Menag Yaqut Digelar Hari Ini,Fakta,Liputan6 Nasional (2026-08-11)
"Makam Sutrimo Akan Dibongkar, Ini yang Disiapkan Polisi",Fakta,Liputan6 Nasional (2026-08-11)
"Uji KUHP di MK, Polri-KPK Beda Pandangan soal Hitung Kerugian Negara",Fakta,Liputan6 Nasional (2026-08-11)
KPK Ungkap Dugaan Pengondisian Audit BPK dalam Kasus Korupsi Bank BJB,Fakta,Liputan6 Nasional (2026-08-11)
Penjelasan KPK soal Sisa Uang Amplop Bupati Kuansing untuk Menhut,Fakta,Liputan6 Nasional (2026-08-11)
KPK Telusuri Aliran Uang Kasus Bank BJB ke Lisa Mariana Lewat Nomine,Fakta,Liputan6 Nasional (2026-08-11)
"Bigmo Minta Maaf Usai Diperiksa Polisi, Akui Kontennya Tak Pantas",Fakta,Liputan6 Nasional (2026-08-11)
"BPIP Buka Arsip Sidang BPUPK, Terungkap Dinamika Perdebatan Dasar Negara",Fakta,Liputan6 Nasional (2026-08-11)
"MBG Tetap Jalan, Komisi XI Minta Tata Kelola Diperketat",Fakta,Liputan6 Nasional (2026-08-11)
"4 Tersangka Bank BJB Ditahan, KPK Ungkap Nasib Ridwan Kamil",Fakta,Liputan6 Nasional (2026-08-11)
"Ekonomi Tumbuh 5,29 Persen, Kenapa Banyak Sarjana Masih Menganggur?",Fakta,Liputan6 Nasional (2026-08-11)
"Gempa Magnitudo 5,1 Guncang Bengkulu, Tak Berpotensi Tsunami",Fakta,Liputan6 Nasional (2026-08-11)
Poslabfor Cek DNA hingga Barang Terkait Senjata di Yayasan Sekolah Jaksel,Fakta,Liputan6 Nasional (2026-08-10)
"Kebakaran Dekat Stasiun Kampung Bandan Diduga Akibat Rokok, KRL Terganggu",Fakta,Liputan6 Nasional (2026-08-10)
Bigmo Usai Dicecar 40 Pertanyaan: Sangat Kapok,Fakta,Liputan6 Nasional (2026-08-10)
Polisi Dalami Penyebab Siswi SMA Tertemper KRL di Jurangmangu,Fakta,Liputan6 Nasional (2026-08-10)
"Berkas Lengkap, KPK Limpahkan Ajudan Gubernur Riau Abdul Wahid ke JPU",Fakta,Liputan6 Nasional (2026-08-10)
"KPK Bongkar Skema Korupsi Iklan Bank BJB, Negara Rugi Rp 223,6 Miliar",Fakta,Liputan6 Nasional (2026-08-10)
Siswi SMA Tertemper KRL di Jurangmangu,Fakta,Liputan6 Nasional (2026-08-10)
Pemerintah Siapkan Rp 19 Triliun Bantu Daerah Bayar Gaji PPPK,Fakta,Liputan6 Nasional (2026-08-10)
KPK Tahan 4 Tersangka Kasus Korupsi Iklan Bank BJB,Fakta,Liputan6 Nasional (2026-08-10)
Pramono Data 2.000 Pemulung Bantargebang untuk Jaminan Sosial,Fakta,Liputan6 Nasional (2026-08-10)
"Bigmo Dicecar 40 Pertanyaan, Akui Salah Promosi Vape Ajak Anak",Fakta,Liputan6 Nasional (2026-08-10)
Menko Polkam ke Pangdam dan Kapolda: Karhutla Tentukan Karier Anda,Fakta,Liputan6 Nasional (2026-08-10)
Strategi Pemerintah Cegah Asap Karhutla Menyebar ke Negara Tetangga,Fakta,Liputan6 Nasional (2026-08-10)
"BPA Gelar Lelang Serentak: Limit Terendah Rp 3 Ribu, Tertinggi Rp 9,1 Miliar",Fakta,Liputan6 Nasional (2026-08-10)
Kejagung Periksa 7 Saksi Terkait Kasus TPPU Febrie Adriansyah,Fakta,Liputan6 Nasional (2026-08-10)
Paspampres Siapkan Alutsista hingga Anti-Drone untuk HUT Ke-81 RI,Fakta,Liputan6 Nasional (2026-08-10)
"Karhutla Meluas, 107.000 Hektare Lahan di Indonesia Terbakar",Fakta,Liputan6 Nasional (2026-08-10)
Pramono Siapkan 2 Lapangan untuk Latihan Tim FIFA ASEAN Cup 2026,Fakta,Liputan6 Nasional (2026-08-10)
Pramono Harap STY Bawa Persija Juara saat Jakarta Genap 500 Tahun,Fakta,Liputan6 Nasional (2026-08-10)
Polisi Tangkap 6 Pelaku Begal Pegawai Koperasi di Bekasi,Fakta,Liputan6 Nasional (2026-08-10)
"Kebakaran Bromo Diduga Akibat Human Error, Ini Kata Menko Polkam",Fakta,Liputan6 Nasional (2026-08-10)
Alasan Pramono Alihkan Transportasi Kepulauan Seribu ke Transjakarta,Fakta,Liputan6 Nasional (2026-08-10)
"Karhutla Meluas, Istana Minta Warga Jangan Bikin Percikan Api",Fakta,Liputan6 Nasional (2026-08-10)
"Polisi Periksa 24 Saksi, Kasus Kematian Sutrimo Naik ke Penyidikan",Fakta,Liputan6 Nasional (2026-08-10)
Menko Polkam Sebut Kebakaran Bromo Tinggal 1-2 Titik Api,Fakta,Liputan6 Nasional (2026-08-10)
Mensesneg: Sampai Hari Ini Belum Ada Rencana Reshuffle,Fakta,Liputan6 Nasional (2026-08-10)
Mensesneg Tanggapi Isu Demo Besar Agustus: Everything is Okay,Fakta,Liputan6 Nasional (2026-08-10)
"336 Ribu Orang 'War Ticket' Upacara HUT RI di Istana, Pendaftar Baru Diprioritaskan",Fakta,Liputan6 Nasional (2026-08-10)
Polisi Ekshumasi Jenazah Sutrimo Rabu Lusa,Fakta,Liputan6 Nasional (2026-08-10)
"336 Ribu Orang Berebut Ikut Upacara HUT RI di Istana, Kuota Ditambah",Fakta,Liputan6 Nasional (2026-08-10)
"Nusron Pasang Aturan Baru di BPN, Pelanggar SOP Bisa Dipecat",Fakta,Liputan6 Nasional (2026-08-10)
"Cerita Siti Khodijah Orang Tertua di Indonesia, Usianya 120 Tahun",Fakta,Liputan6 Nasional (2026-08-10)
Seskab Teddy Ungkap Isi Pertemuan dengan Haji Isam,Fakta,Liputan6 Nasional (2026-08-10)
Istana Kirim 3 Surpres ke DPR,Fakta,Liputan6 Nasional (2026-08-10)
Panglima TNI Minta Warga Tak Terprovokasi Isu Medsos,Fakta,Liputan6 Nasional (2026-08-10)
"LPSK Jemput Bola Kasus Sutrimo, Ada Opsi Perlindungan Darurat",Fakta,Liputan6 Nasional (2026-08-10)
"Hari Ini Kejagung Panggil 16 Saksi MBG, Berikut Daftarnya",Fakta,Liputan6 Nasional (2026-08-10)
Penjelasan Pemilik Kedai Piscok Terkait Kasus Mutilasi Mantan Karyawan,Fakta,Liputan6 Nasional (2026-08-10)
"Juru Parkir Paksa Pemotor Bayar Rp 5 Ribu, Modus Beri Karcis Kedaluwarsa",Fakta,Liputan6 Nasional (2026-08-10)
YouTuber Bigmo Diperiksa Polisi Siang Ini,Fakta,Liputan6 Nasional (2026-08-10)
"546 Daerah Dapat Tambahan Anggaran, Mendagri Beberkan Nasib Gaji PPPK",Fakta,Liputan6 Nasional (2026-08-10)
"Mulai 17 Agustus, Urus Balik Nama Sertifikat Tanah Maksimal 10 Hari",Fakta,Liputan6 Nasional (2026-08-10)
"Pemerintah Integrasikan Data PBB, Pendapatan Daerah Dibidik Melonjak",Fakta,Liputan6 Nasional (2026-08-10)
Cek Rute dan Cara Naik Bus Sekolah Jakarta,Fakta,Liputan6 Nasional (2026-08-10)
"Jalan Hidup Caregiver: Orang Sakit Tak Hanya Butuh Obat, Mereka Perlu Teman",Fakta,Liputan6 Nasional (2026-08-10)
Menyusuri Lorong Bawah Tanah MRT Jakarta,Fakta,Liputan6 Nasional (2026-08-10)
"BMKG Ungkap Prakiraan Cuaca Jakarta Senin, Ada Wilayah Berawan Tebal",Fakta,Liputan6 Nasional (2026-08-10)
Yayasan Bongkar Dugaan Kredit Eks Pemilik Sekolah untuk Lapangan Padel,Fakta,Liputan6 Nasional (2026-08-10)
Sehari Bersama Caregiver: Nyaris Tak Pernah Pulang dari Rumah Sakit,Fakta,Liputan6 Nasional (2026-08-10)
"Beton Drainase Roboh, Dua Pekerja Sempat Terjebak",Fakta,Liputan6 Nasional (2026-08-10)
"Pramono Anung Ingin Persija Juara, Jadi Kado HUT ke-500 Jakarta",Fakta,Liputan6 Nasional (2026-08-10)
Kapolri Ungkap Ancaman Serius yang Mengintai Anak Muda di Dunia Maya,Fakta,Liputan6 Nasional (2026-08-10)
"Nasaruddin Umar Ungkap Kondisi Ekonomi Indonesia, Minta Umat Bersyukur",Fakta,Liputan6 Nasional (2026-08-10)
"Zulhas Akui Ada Program Pemerintah Belum Optimal, Minta Doa Ulama",Fakta,Liputan6 Nasional (2026-08-10)
Prabowo Minta Anak Cucu Perusahaan BUMN Dipangkas,Fakta,Liputan6 Nasional (2026-08-09)
Yayasan Ungkap Awal Mula Penemuan Senjata Api di Sekolah Jaksel,Fakta,Liputan6 Nasional (2026-08-09)
DPO Kasus Penembakan Kuala Kencana hingga Mile 69 Ditindak,Fakta,Liputan6 Nasional (2026-08-09)
"Kasus 996 Senjata di Sekolah, Kuasa Hukum Bantah Ada Ekskul Menembak",Fakta,Liputan6 Nasional (2026-08-09)
Pendiri Yayasan Ngaku Sedih Ada Temuan Senjata Api di Sekolah,Fakta,Liputan6 Nasional (2026-08-09)
"DPRD Bandung Petakan Risiko Proyek RSUD dan Gedung Inspektorat, Cegah Molor hingga Anggara...",Fakta,Liputan6 Nasional (2026-08-09)
"Megawati Hadiri Peluncuran Buku Erros Djarot, Ada Menkop sampai Anies",Fakta,Liputan6 Nasional (2026-08-09)
Kekeringan Ancam 12 Kecamatan di Kabupaten Tangerang,Fakta,Liputan6 Nasional (2026-08-09)
"KPK Geledah 15 Lokasi di Kasus Bupati Pemalang, Ini Hasilnya",Fakta,Liputan6 Nasional (2026-08-09)
Survei IPO Ungkap 63 Persen Publik Puas Kinerja Prabowo,Fakta,Liputan6 Nasional (2026-08-09)
"Pasca Penemuan 996 Senjata, Sekolah Diminta Segera Disterilisasi",Fakta,Liputan6 Nasional (2026-08-09)
Kebakaran Hebat di Pergudangan Kosambi Tangerang,Fakta,Liputan6 Nasional (2026-08-09)
Update Kasus 996 Senjata di Sekolah Jaksel: Yayasan Berlakukan PJJ,Fakta,Liputan6 Nasional (2026-08-09)
"Kado HUT RI dari Pemprov DKI, Tarif Transportasi Cuma Rp 1",Fakta,Liputan6 Nasional (2026-08-09)
Polisi Segera Ekshumasi Jenazah Sutrimo Demi Ungkap Penyebab Kematian,Fakta,Liputan6 Nasional (2026-08-09)
Kejari Depok Tetapkan Tersangka Baru Kasus Pengadaan Antena RRI,Fakta,Liputan6 Nasional (2026-08-09)
Polda Metro Jaya Tetapkan Tersangka Kasus Tambang Ilegal,Fakta,Liputan6 Nasional (2026-08-09)
JIS Tak Lagi Khawatir Kekurangan Parkir Saat Acara,Fakta,Liputan6 Nasional (2026-08-09)
"Usai Mutilasi, Pelaku Jual Motor dan HP Korban Lewat Facebook",Fakta,Liputan6 Nasional (2026-08-09)
"Punya Sertifikat Pramuka Garuda, Belum Tentu Lulus Jadi Polisi",Fakta,Liputan6 Nasional (2026-08-09)
Keluarga Minta Polisi Ungkap Penyebab Kematian Sutrimo,Fakta,Liputan6 Nasional (2026-08-09)
PDIP Banten Punya Cara Baru Dekati Generasi Muda,Fakta,Liputan6 Nasional (2026-08-09)
Ajakan Hubungan Intim di Balik Kasus Mutilasi Depok,Fakta,Liputan6 Nasional (2026-08-09)
Cerita dari Lantai 16 Saat Gedung Bapenda Terbakar,Fakta,Liputan6 Nasional (2026-08-09)
Seskab Sebut 100 Sekolah Rakyat Baru Siap Beroperasi,Fakta,Liputan6 Nasional (2026-08-09)
"Imbas Kebakaran Gedung Bapenda DKI, 1.000 ASN Kerja dari Rumah",Fakta,Liputan6 Nasional (2026-08-09)
Ini Nomor Baru Dishub Jakarta Layani Aduan Jalan,Fakta,Liputan6 Nasional (2026-08-09)
KPK Geledah 3 Lokasi Usut Suap Proyek di Bengkulu,Fakta,Liputan6 Nasional (2026-08-09)
"Teddy Bantah Sekolah Rakyat Tak Bermutu, Sebut 7 Siswa Makassar Juara Olimpiade",Fakta,Liputan6 Nasional (2026-08-09)
Alasan Pramono Bongkar JPO 'Love-Hate Relationship',Fakta,Liputan6 Nasional (2026-08-09)
JPO 'Love-Hate Relationship' di Rasuna Said Dibongkar,Fakta,Liputan6 Nasional (2026-08-09)
Pengaturan Lalu Lintas Tetap Berjalan Meski Gedung Bapenda DKI Terbakar,Fakta,Liputan6 Nasional (2026-08-09)
Dedi Mulyadi Siapkan Knalpot Gratis untuk Pengendara Tak Mampu,Fakta,Liputan6 Nasional (2026-08-09)
Terungkap Pelaku Penembakan di Festival Lembah Baliem,Fakta,Liputan6 Nasional (2026-08-09)
"Karhutla Terus Berulang, Anggota DPR Desak Kemenhut Perkuat Mitigasi",Fakta,Liputan6 Nasional (2026-08-09)
"Kebakaran Meluas, Kawasan Wisata Bromo Ditutup Total",Fakta,Liputan6 Nasional (2026-08-09)
Kamar Kos di Kemang Disulap Jadi Pabrik Vape Narkoba,Fakta,Liputan6 Nasional (2026-08-08)
TNI-Polri Selidiki KKB Pelaku Penembakan di Festival Lembah Baliem,Fakta,Liputan6 Nasional (2026-08-08)
"Mimpi Anak Petani, Ismi Ulfaida Jadi Paskibraka Pertama dari Sekolah Rakyat",Fakta,Liputan6 Nasional (2026-08-08)
Kondisi Kampung Walesi Papua Pascapenembakan di Festival Lembah Baliem,Fakta,Liputan6 Nasional (2026-08-08)
"Sudah 20 Tahun, Aturan Polusi Jakarta Didorong Direvisi",Fakta,Liputan6 Nasional (2026-08-08)
Energi Bersih Masuk Sawah Bantu Petani Atasi Masalah Pascapanen,Fakta,Liputan6 Nasional (2026-08-08)
Motif Penyiksaan dan Penyekapan Karyawan Koperasi di Tangerang,Fakta,Liputan6 Nasional (2026-08-08)
Wamenpar Sempat Datang ke Festival Lembah Baliem Sebelum Insiden Penembakan,Fakta,Liputan6 Nasional (2026-08-08)
Festival Lembah Baliem Disetop Sementara Imbas Penembakan 2 Warga,Fakta,Liputan6 Nasional (2026-08-08)
Polda Metro Tegaskan Kondisi Jakarta Aman dan Terkendali,Fakta,Liputan6 Nasional (2026-08-08)
"Tembakan Meletus di Gerbang Festival Lembah Baliem, 2 Warga Luka",Fakta,Liputan6 Nasional (2026-08-08)
Kabar Terbaru Penyelidikan Kematian Sutrimo,Fakta,Liputan6 Nasional (2026-08-08)
"Kebakaran di Kebon Pala, 65 Personel Damkar Dikerahkan",Fakta,Liputan6 Nasional (2026-08-08)
"Ruang Kontrol Dishub Terdampak Kebakaran Bapenda DKI, Lampu Lalu Lintas Diatur Manual",Fakta,Liputan6 Nasional (2026-08-08)
Kondisi Gedung Bapenda DKI Setelah Kebakaran Padam,Fakta,Liputan6 Nasional (2026-08-08)
"Ada Konser di Ancol, TransJakarta Perpanjang Operasional",Fakta,Liputan6 Nasional (2026-08-08)
Polisi Buru Importir 995 Senjata yang Ditemukan di Sekolah Jaksel,Fakta,Liputan6 Nasional (2026-08-08)
6 Fakta Kebakaran Gedung Bapenda DKI,Fakta,Liputan6 Nasional (2026-08-08)
Cahaya Senter Pandu Petugas Selamatkan Korban Terjebak Kebakaran Gedung Bapenda DKI,Fakta,Liputan6 Nasional (2026-08-08)
"Gedung Bapenda DKI Kebakaran, Data Perpajakan Dipastikan Aman",Fakta,Liputan6 Nasional (2026-08-08)
Damkar Ungkap Pemadaman Gedung Bapenda Butuh Waktu Lama,Fakta,Liputan6 Nasional (2026-08-08)
"Kebakaran Gedung Bapenda DKI, Petugas Sisir Lantai 11-16",Fakta,Liputan6 Nasional (2026-08-08)
"Video Kerusuhan Agustus Viral, Awas Bisa Dipidana",Fakta,Liputan6 Nasional (2026-08-08)
Puslabfor Cari Titik Api Kebakaran Gedung Bapenda DKI,Fakta,Liputan6 Nasional (2026-08-08)
Petugas Ungkap Kendala Padamkan Kebakaran Gedung Bapenda DKI,Fakta,Liputan6 Nasional (2026-08-08)
"Said Abdullah: Soekarno Cup, Membangun Pesepak Bola Berkarakter",Fakta,Liputan6 Nasional (2026-08-08)
"10 Pengelola Akun Medsos Ditahan, 4 Modus Terungkap",Fakta,Liputan6 Nasional (2026-08-08)
"Kebakaran Gedung Bapenda DKI, Titik Api Diduga dari Lantai 11",Fakta,Liputan6 Nasional (2026-08-08)
Alasan Prabowo Ingin Buku Pelajaran Diperbarui,Fakta,Liputan6 Nasional (2026-08-08)
Kuasa Hukum Febrie Adriansyah Persoalkan Sprindik hingga Penerapan Pasal,Fakta,Liputan6 Nasional (2026-08-08)
"Bantah Punya 74 Kg Emas, Kubu Febrie Soroti Hal yang Belum Terungkap",Fakta,Liputan6 Nasional (2026-08-08)
Kejagung Buka Suara Terkait Sosok Febrio Dalam Kasus Kematian Sutrimo,Fakta,Liputan6 Nasional (2026-08-08)
Kejagung Dalami Tujuh Perusahaan Terkait TPPU Febrie Adriansyah,Fakta,Liputan6 Nasional (2026-08-08)
"Sisi Pahit Kurir Paket, Terjerat Suspend hingga Ongkir Terpangkas",Fakta,Liputan6 Nasional (2026-08-08)
Polisi Selidiki Penyebab Kebakaran Gedung Bapenda DKI,Fakta,Liputan6 Nasional (2026-08-08)
Kebakaran Gedung Bapenda DKI Masuk Tahap Pendinginan,Fakta,Liputan6 Nasional (2026-08-08)
Kebakaran Gedung Bapenda DKI Hanguskan 6 Lantai,Fakta,Liputan6 Nasional (2026-08-08)
Damkar Evakuasi Korban Tak Sadarkan Diri dari Gedung Bapenda DKI,Fakta,Liputan6 Nasional (2026-08-08)
Kondisi Terkini Kebakaran Gedung Bapenda DKI,Fakta,Liputan6 Nasional (2026-08-08)
Dishub Terapkan Rekayasa Lalu Lintas Imbas Kebakaran Gedung Bapenda DKI,Fakta,Liputan6 Nasional (2026-08-08)
Warga Dengar Dua Kali Ledakan Sebelum Gedung Bapenda DKI Kebakaran,Fakta,Liputan6 Nasional (2026-08-08)
"Kebakaran Gedung Bapenda DKI, Api Masih Berkobar",Fakta,Liputan6 Nasional (2026-08-07)
Enam Jam Pemeriksaan Eks Jampidsus Febrie Adriansyah,Fakta,Liputan6 Nasional (2026-08-07)
Gedung Bapenda DKI Jakarta Kebakaran,Fakta,Liputan6 Nasional (2026-08-07)
Penampakan Febrie Adriansyah Usai Diperiksa Tim 9 Kejagung,Fakta,Liputan6 Nasional (2026-08-07)
Kejagung Tak Gentar Hadapi Perlawanan Febrie,Fakta,Liputan6 Nasional (2026-08-07)
Kejagung Fokus Dalami Peran 3 Tersangka Kasus TPPU Eks Jampidsus Febrie,Fakta,Liputan6 Nasional (2026-08-07)
BGN Segera Coret Sekolah Swasta Elite dari Daftar Penerima MBG,Fakta,Liputan6 Nasional (2026-08-07)
Kepala BGN Minta Maaf Marak Kasus Keracunan MBG,Fakta,Liputan6 Nasional (2026-08-07)
Kejagung Masih Tutup Rapat Hasil Penggeledahan Kasus Febrie Adriansyah,Fakta,Liputan6 Nasional (2026-08-07)
"950 Dapur MBG Diduga Tak Layak Sanitasi, BGN Ancam Tutup Permanen",Fakta,Liputan6 Nasional (2026-08-07)
"BGN Pecat 66 Kepala Dapur MBG, Ada yang Terjerat Judi Online",Fakta,Liputan6 Nasional (2026-08-07)
Akun X TMC Polda Metro Jaya Diretas,Fakta,Liputan6 Nasional (2026-08-07)
"Semburan Lumpur Muncul di Oro-oro Kesongo Blora, Tingginya Capai 15 Meter",Fakta,Liputan6 Nasional (2026-08-07)
Infografis 5 BUMN Gulung Tikar Akibat Pailit,Fakta,Liputan6 Nasional (2026-08-07)
Kronologi Penumpang Batik Air Coba Buka Paksa Pintu Darurat di Udara,Fakta,Liputan6 Nasional (2026-08-07)
"Viral Gunungan Sampah di Kedaung Kaliangke, DLH Turunkan Belasan Truk",Fakta,Liputan6 Nasional (2026-08-07)
Wamendagri Ribka Puji Kerja Sigap Pemkab Jayapura Bantu Korban Dugaan Keracunan MBG,Fakta,Liputan6 Nasional (2026-08-07)
Wamendagri Ungkap Bekal Penting Aparatur Hadapi Tantangan,Fakta,Liputan6 Nasional (2026-08-07)
Polisi Telusuri Temuan Dokumen Impor Senjata Tahun 2008 di Sekolah Jaksel,Fakta,Liputan6 Nasional (2026-08-07)
Pengelolaan Sampah dari Sumber Diperkuat di Kepulauan Seribu,Fakta,Liputan6 Nasional (2026-08-07)
"Wisuda IMDE ke-XIX, Lulusan Diingatkan Tak Berhenti Belajar di Era AI",Fakta,Liputan6 Nasional (2026-08-07)
Harmoni Energi Terbarukan dan Dampak Sosial Berkelanjutan di Lereng Dieng,Fakta,Liputan6 Nasional (2026-08-07)
"Sopir M44 Demo, Dishub DKI Buka Opsi Penataan Rute",Fakta,Liputan6 Nasional (2026-08-07)
"Rincian 996 Senjata Temuan di Sekolah Jaksel, Ada Senpi",Fakta,Liputan6 Nasional (2026-08-07)
Pemilik Senjata Api di Sekolah Jaksel Sudah Meninggal Sejak 2020,Fakta,Liputan6 Nasional (2026-08-07)
Polisi Ungkap Fakta Berbeda soal Asal Usul 995 Senjata di Sekolah Jaksel,Fakta,Liputan6 Nasional (2026-08-07)
Penampakan Eks Jampidsus Febrie Jalani Pemeriksaan di Kejagung,Fakta,Liputan6 Nasional (2026-08-07)
"Istana Buka Suara soal Reshuffle, Dua Jabatan Ini Jadi Prioritas",Fakta,Liputan6 Nasional (2026-08-07)
Sosok Hakim Tunggal yang Sidangkan Praperadilan Lodewyk Pusung Pekan Depan,Fakta,Liputan6 Nasional (2026-08-07)
"Temuan 995 Senjata, Polisi Panggil Eks Ketua Yayasan Sekolah Jaksel",Fakta,Liputan6 Nasional (2026-08-07)
"Penampakan Febrie Adriansyah, Perdana Pakai Rompi Pink dan Tangan Diborgol",Fakta,Liputan6 Nasional (2026-08-07)
Polisi Bicara Legalitas 995 Senjata di Sekolah Jaksel,Fakta,Liputan6 Nasional (2026-08-07)
Dinkes DKI: Nakes Cibir Pasien BPJS Bukan Pegawai Faskes Pemprov Jakarta,Fakta,Liputan6 Nasional (2026-08-07)
Daftar Senjata yang Ditemukan Polisi di Sekolah Swasta Jaksel,Fakta,Liputan6 Nasional (2026-08-07)
Kejagung Jemput Febrie Adriansyah di Rutan KPK,Fakta,Liputan6 Nasional (2026-08-07)
"Profil Muhammad Soleh Pengacara No Viral No Justice, Warisannya Mengubah Sistem Pemilu",Fakta,Liputan6 Nasional (2026-08-07)
Reaksi Gubernur DKI Ada 995 Senjata dan Narkoba di Sekolah Jaksel,Fakta,Liputan6 Nasional (2026-08-07)
"Diduga Curi Kabel, Pria Terbakar Akibat Sengatan Listrik",Fakta,Liputan6 Nasional (2026-08-07)
Febrie Adriansyah Diperiksa Sebagai Tersangka Hari Ini,Fakta,Liputan6 Nasional (2026-08-07)
Kapolresta Banda Aceh Diperiksa Propam Mabes Polri,Fakta,Liputan6 Nasional (2026-08-07)
"Cuaca Didominasi Awan Tebal, BMKG Beri Peringatan untuk Papua",Fakta,Liputan6 Nasional (2026-08-07)
"Penyelundupan 3,4 Kg Ganja Digagalkan, Pelaku 15 Tahun Ditangkap",Fakta,Liputan6 Nasional (2026-08-07)
Kronologi Penangkapan Warga Cimahi Pembuat Video AI Manipulasi Prabowo,Fakta,Liputan6 Nasional (2026-08-07)
Timsus Kejagung Periksa Febrie Adriansyah Soal TPPU Hari Ini,Fakta,Liputan6 Nasional (2026-08-07)
"Isi Pesan Terakhir Tersangka Mutilasi di Depok, Sempat Minta Maaf ke Bos",Fakta,Liputan6 Nasional (2026-08-07)
Pendaftaran Upacara HUT ke-81 RI di Istana Merdeka Tembus 128.331,Fakta,Liputan6 Nasional (2026-08-07)
"Lima Klaster Budidaya Rumput Laut, Mesin Penggerak Ekonomi Pesisir NTT",Fakta,Liputan6 Nasional (2026-08-07)
Situasi Terkini Sekolah di Jaksel Usai Temuan 995 Senpi,Fakta,Liputan6 Nasional (2026-08-07)
"Tak Cukup Minta Maaf, Sanksi Menanti Para Nakes Nirempati",Fakta,Liputan6 Nasional (2026-08-07)
"Pria di Cimahi Ditangkap Usai Bikin Video AI Prabowo, Begini Modusnya",Fakta,Liputan6 Nasional (2026-08-07)
Jejak Digital Bongkar Sisi Lain Tersangka Mutilasi,Fakta,Liputan6 Nasional (2026-08-07)
Siasat Agar Tak Antre di SPBU Berjam-jam,Fakta,Liputan6 Nasional (2026-08-07)
Tabir Gelap Temuan 995 Senjata di Tengah Prahara Sekolah di Jaksel,Fakta,Liputan6 Nasional (2026-08-07)
Perusahaan Jasa Angkut Sampah Nakal Bakal Diumumkan ke Publik,Fakta,Liputan6 Nasional (2026-08-07)
Detik-Detik 2 Remaja Nyambi Kurir Sabu Tak Berkutik saat Dibekuk,Fakta,Liputan6 Nasional (2026-08-06)
Eks Ketua DPRD Ponorogo Jadi Tersangka Dugaan Korupsi Tunjangan Perumahan,Fakta,Liputan6 Nasional (2026-08-06)
"Kasus Mutilasi di Depok, Pelaku Resign dari Tempat Kerja Saat Hari Kejadian",Fakta,Liputan6 Nasional (2026-08-06)
Eks Ketua Yayasan Bantah Narkoba dan CD Porno di Sekolah Jaksel Miliknya,Fakta,Liputan6 Nasional (2026-08-06)
Sengketa Yayasan Antara 3 Pembina di Balik Temuan 995 Senjata,Fakta,Liputan6 Nasional (2026-08-06)
Kemendagri: Dokumen Kependudukan Jadi Dasar Layanan Negara,Fakta,Liputan6 Nasional (2026-08-06)
TelkomGroup Tanam 20 Ribu Mangrove untuk Perkuat Ketahanan Ekosistem Pesisir Indonesia,Fakta,Liputan6 Nasional (2026-08-06)
Prabowo Sedih Indonesia Tak Lolos Piala Dunia: Masa Cape Verde Masuk,Fakta,Liputan6 Nasional (2026-08-06)
Kejagung Kembali Periksa 9 Saksi dalam Kasus TPPU Febrie Adriansyah,Fakta,Liputan6 Nasional (2026-08-06)
"Prabowo Sebut Indonesia Tak Kekurangan Orang Pintar, Tapi Butuh Dibina",Fakta,Liputan6 Nasional (2026-08-06)
Wamendagri Minta Pengelolaan MBG Segera Dibenahi,Fakta,Liputan6 Nasional (2026-08-06)
Awal Mula Terbongkarnya Temuan 995 Senjata di Sekolah Versi Yayasan,Fakta,Liputan6 Nasional (2026-08-06)
Penjelasan Eks Ketua Yayasan Soal 995 Senjata di Sekolah Jaksel,Fakta,Liputan6 Nasional (2026-08-06)
Prabowo: Fakta Menyakitkan Pendidikan Indonesia di Bawah Thailand dan Vietnam,Fakta,Liputan6 Nasional (2026-08-06)
Kronologi Temuan 995 Senjata di Sekolah Swasta Jaksel,Fakta,Liputan6 Nasional (2026-08-06)
Misteri Pemilik Ratusan Senjata dalam Bunker Sekolah di Jaksel,Fakta,Liputan6 Nasional (2026-08-06)
"Kasus SPG GIIAS, Menkum Tegaskan Merekam Tanpa Izin Langgar Hukum",Fakta,Liputan6 Nasional (2026-08-06)
"Viral Nakes Nirempati ke Pasien BPJS, Pramono Langsung Minta Dinkes Bertindak",Fakta,Liputan6 Nasional (2026-08-06)
Opsi 3 Sekolah Relokasi Pascainsiden SDN Kebayoran Lama Selatan Roboh,Fakta,Liputan6 Nasional (2026-08-06)
"Pertanian Hidroganik, Jurus Jitu Ketahanan Pangan dan Urban Farming di Palu",Fakta,Liputan6 Nasional (2026-08-06)
"Jejak Terakhir IWD, Eks Ketua Yayasan Sekolah Swasta Penguasa Bunker Berisi Ratusan Senpi",Fakta,Liputan6 Nasional (2026-08-06)
Jejak Panjang Masinis Indonesia,Fakta,Liputan6 Nasional (2026-08-06)
"Ramai Isu Pergantian Kapolri, Istana Buka Suara",Fakta,Liputan6 Nasional (2026-08-06)
"Jakarta Timur Gencarkan Gerakan Pilah Sampah, Ini yang Dilakukan",Fakta,Liputan6 Nasional (2026-08-06)
Koperasi Merah Putih Harus Jadi Pendorong Ekonomi Desa Berbasis Potensi Lokal,Fakta,Liputan6 Nasional (2026-08-06)
"Usai 995 Senjata, Sekolah di Jaksel Kembali Temukan Narkoba, hingga CD Porno",Fakta,Liputan6 Nasional (2026-08-06)
Polisi Kerahkan K-9 Cari Bagian Tubuh Korban Mutilasi di Kali Licin,Fakta,Liputan6 Nasional (2026-08-06)
"Ada Bunker Rahasia di Sekolah Jaksel, Tempat Penemuan Ratusan Senjata Api",Fakta,Liputan6 Nasional (2026-08-06)
Enam Profesor UT Ingatkan Ilmu Pengetahuan Harus Menjawab Kehidupan,Fakta,Liputan6 Nasional (2026-08-06)
Indonesia Dorong Hutan Jadi Solusi Krisis Iklim Dunia,Fakta,Liputan6 Nasional (2026-08-06)
"Jelang HUT RI, Prabowo Kumpulkan Menhan sampai Pimpinan TNI",Fakta,Liputan6 Nasional (2026-08-06)
Pengelolaan Sampah Mandiri Kurangi Beban TPA Gunungkidul,Fakta,Liputan6 Nasional (2026-08-06)
Nasib Eks Ketua BEM UBK Usai Akui Terima Duit Bayaran Demo,Fakta,Liputan6 Nasional (2026-08-06)
Pemotor Tak Berdaya saat Disergap Perampok Bersenjata di Bekasi,Fakta,Liputan6 Nasional (2026-08-06)
PAN Respons Usulan Pilkada Tanpa Wakil: Bagus dan Simpatik,Fakta,Liputan6 Nasional (2026-08-06)
Komisi IX DPR: Nakes Jangan Hilang Empati,Fakta,Liputan6 Nasional (2026-08-06)
Detik-detik Gudang SDN 04 Srengseng Sawah Terbakar,Fakta,Liputan6 Nasional (2026-08-06)
KPK Ungkap Menhut Raja Juli Diduga Tak Cuma Sekali Temui Bupati Kuansing,Fakta,Liputan6 Nasional (2026-08-06)
Pramono Siapkan Lift Disabilitas Usai Aksi Pramusapa Viral,Fakta,Liputan6 Nasional (2026-08-06)
"Roy Suryo Kembali Melawan, Ajukan Praperadilan Baru",Fakta,Liputan6 Nasional (2026-08-06)
PDIP Ingatkan Peran Ibu di Balik Generasi Bangsa Berkualitas,Fakta,Liputan6 Nasional (2026-08-06)
Polisi Temukan Tersangka Mutilasi di Depok Gabung Komunitas Gay,Fakta,Liputan6 Nasional (2026-08-06)
"Fakta Baru Kasus Mutilasi Depok, Pelaku Incar Harta Korban",Fakta,Liputan6 Nasional (2026-08-06)
Pramono Punya Cara Baru Ubah Kebiasaan Sampah Jakarta,Fakta,Liputan6 Nasional (2026-08-06)
"Kenapa Penduduk Jakarta Berkurang Ribuan Orang, Ternyata Ini Penyebabnya",Fakta,Liputan6 Nasional (2026-08-06)
"ART Diduga Disekap di Kelapa Gading, KTP Ditahan hingga Diminta Uang",Fakta,Liputan6 Nasional (2026-08-06)
Ultimatum untuk Dapur MBG: Urus SLHS atau Ditutup!,Fakta,Liputan6 Nasional (2026-08-06)
Praperadilan Roy Suryo soal Ganti Rugi Rp 200 Juta Ditolak,Fakta,Liputan6 Nasional (2026-08-06)
"Waspada Kemarau Panjang, Jakarta Siapkan Hujan Buatan 2 Kali Sepekan",Fakta,Liputan6 Nasional (2026-08-06)
KPK Duga Uang Amplop Raja Juli Belum Dikembalikan Semua,Fakta,Liputan6 Nasional (2026-08-06)
"Said Abdullah Ungkap Catatan di Balik Ekonomi 5,29 Persen",Fakta,Liputan6 Nasional (2026-08-06)
"War Tiket HUT ke-81 RI Diserbu 128 Ribu Orang, Peserta dari 14 Negara",Fakta,Liputan6 Nasional (2026-08-06)
KPK Duga Bupati Kuansing Setor Uang ke Pejabat Kemenhut,Fakta,Liputan6 Nasional (2026-08-06)
"Penduduk Jakarta Berkurang Ribuan Orang, Ini Data Terbarunya",Fakta,Liputan6 Nasional (2026-08-06)
DPRD Kota Bandung Dorong Pemkot Tempuh Jalur Pidana dan Gugatan Perdata usai Penebangan 10...,Fakta,Liputan6 Nasional (2026-08-06)
Ultimatum Sudaryono Tertibkan Dapur MBG Bermasalah,Fakta,Liputan6 Nasional (2026-08-06)
Jakarta Bakal Diguyur Hujan Buatan Tiap Pekan,Fakta,Liputan6 Nasional (2026-08-06)
Misteri Belum Terungkap di Kasus Mutilasi Depok,Fakta,Liputan6 Nasional (2026-08-06)
"Ketika Empati Hilang, Coreng Wajah Pelayanan Kesehatan",Fakta,Liputan6 Nasional (2026-08-06)
BGN Buka Peluang Libatkan Polisi Tangani Kasus Keracunan MBG,Fakta,Liputan6 Nasional (2026-08-06)
Pembangunan Ulang JPO Tendean Segera Dimulai,Fakta,Liputan6 Nasional (2026-08-06)
Pelaku Ungkap Kejadian di Kontrakan Depok Sebelum Mutilasi Korban,Fakta,Liputan6 Nasional (2026-08-05)
"Menkes dan BGN Duduk Bareng Ahli Gizi, Bahas Perbaikan MBG",Fakta,Liputan6 Nasional (2026-08-05)
"Pramono Akan Naikkan Obligasi Jakarta Jadi Rp 5,2 Triliun, Danai LRT dan RS",Fakta,Liputan6 Nasional (2026-08-05)
Mendagri Siapkan Tiga Langkah Atasi Kendala Gaji Pegawai Pemda,Fakta,Liputan6 Nasional (2026-08-05)
Modus 3 Wanita Malaysia Selundupkan Narkoba Lewat Soetta,Fakta,Liputan6 Nasional (2026-08-05)
Sidang Tahunan MPR Digelar 14 Agustus,Fakta,Liputan6 Nasional (2026-08-05)
LRT Jakarta Bakal Punya Stasiun Bernama Proklamasi,Fakta,Liputan6 Nasional (2026-08-05)
Semringah Pramono Pertumbuhan Ekonomi Jakarta Lampaui Nasional,Fakta,Liputan6 Nasional (2026-08-05)
Wamendagri Ingatkan Pemda se-Papua Segera Tuntaskan Penyaluran Dana Otsus Tahap II,Fakta,Liputan6 Nasional (2026-08-05)
Menko Polkam Bantah Pemasangan Pagar Mal Antisipasi Kerusuhan,Fakta,Liputan6 Nasional (2026-08-05)
Cerita Saksi Detik-Detik Kebakaran di Gedung Cikini,Fakta,Liputan6 Nasional (2026-08-05)
Asal Usul Pisau Dipakai Pelaku Mutilasi Pria di Depok,Fakta,Liputan6 Nasional (2026-08-05)
10 Orang Sempat Terjebak di Kebakaran Gedung Cikini,Fakta,Liputan6 Nasional (2026-08-05)
Tata Kelola Perhutanan Sosial ASEAN Diperkuat Lewat Kolaborasi Regional,Fakta,Liputan6 Nasional (2026-08-05)
"Kebakaran Padam, Jalan Cikini Raya Kembali Dibuka",Fakta,Liputan6 Nasional (2026-08-05)
Jadwal Sidang Praperadilan Febrie Adriansyah,Fakta,Liputan6 Nasional (2026-08-05)
Menko Polkam Pastikan Pemerintah Bersungguh-sungguh Jaga Keamanan Papua,Fakta,Liputan6 Nasional (2026-08-05)
Bercak Darah di Kontrakan Buka Tabir Mutilasi Depok,Fakta,Liputan6 Nasional (2026-08-05)
Alasan Pelaku Mutilasi Pria di Depok,Fakta,Liputan6 Nasional (2026-08-05)
Aktris Sinetron Ini Lapor Kekasih usai Diduga Dianiaya,Fakta,Liputan6 Nasional (2026-08-05)
"Diberhentikan Sebagai Jaksa, Febrie Adriansyah Masih Terima Gaji 50 Persen",Fakta,Liputan6 Nasional (2026-08-05)
Anggota DPR Desak RS Sanksi Nakes Komentar Nirempati ke Pasien BPJS,Fakta,Liputan6 Nasional (2026-08-05)
Menko Polkam Beberkan Kondisi Keamanan Indonesia Saat Ini,Fakta,Liputan6 Nasional (2026-08-05)
Awal Mula Penemuan Mayat Korban Mutilasi dalam Karung di Depok,Fakta,Liputan6 Nasional (2026-08-05)
LPDP Kecewa Dokter EPR Komentar Nirempati ke Pasien BPJS,Fakta,Liputan6 Nasional (2026-08-05)
Rumah Don Ritto di Bandung Digeledah Kejagung,Fakta,Liputan6 Nasional (2026-08-05)
Ketua RT Ceritakan Pertemuan Pelaku Bersama Korban Mutilasi Depok,Fakta,Liputan6 Nasional (2026-08-05)
"Gedung di Cikini Kebakaran, Asap Hitam Pekat Membubung",Fakta,Liputan6 Nasional (2026-08-05)
Kubu Febrie Adriansyah Soroti 2 kali Penetapan Tersangka,Fakta,Liputan6 Nasional (2026-08-05)
Nadiem Makarim Berkukuh Kasus Chromebook 100% Kriminalisasi,Fakta,Liputan6 Nasional (2026-08-05)
"Ribuan WNI Terjerat Perdagangan Manusia, Mengapa Anak Muda Mudah Tergiur?",Fakta,Liputan6 Nasional (2026-08-05)
"Isu Surpres Pergantian Kapolri, Jenderal Sigit Akhirnya Buka Suara",Fakta,Liputan6 Nasional (2026-08-05)
DPR Minta Fakta Polisi Tewas di Asrama Brimob Diungkap,Fakta,Liputan6 Nasional (2026-08-05)
"Menko Polkam: Demo Boleh, tapi Jangan Anarkis",Fakta,Liputan6 Nasional (2026-08-05)
"KPK Geledah Imigrasi Jakpus dan Jaksel, Sita Uang Ratusan Juta Valas",Fakta,Liputan6 Nasional (2026-08-05)
Kubu Febrie Nilai Kejagung Salah Terapkan Pasal TPPU,Fakta,Liputan6 Nasional (2026-08-05)
"BPS: Jumlah Penduduk Miskin Indonesia 22,93 Juta Orang Per Maret 2026",Fakta,Liputan6 Nasional (2026-08-05)
"Pasien Meninggal Usai Tunggu Kamar 8 Jam, BPJS Beberkan Aturan Rawat Inap",Fakta,Liputan6 Nasional (2026-08-05)
Bakom Investigasi Surat Pengajuan MBG untuk Nobel yang Viral,Fakta,Liputan6 Nasional (2026-08-05)
"Eks Jampidsus Gugat Status Tersangka, Tim Hukum Ungkap Temuan Baru",Fakta,Liputan6 Nasional (2026-08-05)
WFH ASN Diperpanjang hingga Akhir September 2026,Fakta,Liputan6 Nasional (2026-08-05)
Warga Tewas Terbakar Saat Terobos Kepulan Asap Karhutla di Ketapang,Fakta,Liputan6 Nasional (2026-08-05)
Nadiem Makarim Makin Pede di Sidang Banding,Fakta,Liputan6 Nasional (2026-08-05)
"Lansia Luka Parah Ditabrak JakLingko, Sopir Dipecat",Fakta,Liputan6 Nasional (2026-08-05)
"Kesaksian Penemu Korban Mutilasi di Depok, 'Saya Kira Itu Sampah'",Fakta,Liputan6 Nasional (2026-08-05)
KPK Banding Vonis 2 Tahun Abdul Wahid,Fakta,Liputan6 Nasional (2026-08-05)
TNI Tanggapi Dugaan Penganiayaan Polisi hingga Tewas di Asrama Brimob,Fakta,Liputan6 Nasional (2026-08-05)
"Sidang Banding, Nadiem Beberkan 14 Kekeliruan Hakim PN Tipikor",Fakta,Liputan6 Nasional (2026-08-05)
Hakim Kabulkan Permohonan Nadiem Hadirkan Kembali 5 Saksi Kunci,Fakta,Liputan6 Nasional (2026-08-05)
Kasus Mutilasi Depok Berawal dari Kenalan di Medsos,Fakta,Liputan6 Nasional (2026-08-05)
Lemahnya Literasi Medsos di Balik Nirempati Nakes Terhadap Pasien Yurizal,Fakta,Liputan6 Nasional (2026-08-05)
Kronologi Kasus Mutilasi Mayat dalam Karung di Depok,Fakta,Liputan6 Nasional (2026-08-05)
DPR Akan Kuliti Penyebab Kebakaran KM Mutiara Sentosa 2,Fakta,Liputan6 Nasional (2026-08-05)
"Sidang Banding Dimulai, Nadiem Soroti Banyak Kejanggalan",Fakta,Liputan6 Nasional (2026-08-05)
Terungkap Terduga Pembuang Mayat Korban Mutilasi di Depok,Fakta,Liputan6 Nasional (2026-08-05)
"Menyambung Harapan di Tapanuli Utara, YPP Resmikan Jembatan Asa SCTV ke-35 di Desa Parbaju...",Fakta,Liputan6 Nasional (2026-08-05)
Mendagri: Integritas Kepala Daerah Kunci Pemerintahan Bersih dan Akuntabel,Fakta,Liputan6 Nasional (2026-08-05)
KPK Ungkap Fakta Baru Kasus Gratifikasi Bupati Kuansing,Fakta,Liputan6 Nasional (2026-08-05)
Pencuri Motor Bersenjata Revolver Asal Lampung Beraksi di Tambora,Fakta,Liputan6 Nasional (2026-08-05)
"Pendaftaran Undangan Upacara HUT Ke-81 RI 2026 Dibuka, Simak Syaratnya",Fakta,Liputan6 Nasional (2026-08-05)
"Babak Baru Kasus Emas Ilegal, 3 Bos PT SPEM Segera Disidang",Fakta,Liputan6 Nasional (2026-08-05)
DPRD Kota Bandung Usulkan Raperda Baru untuk Perkuat Administrasi Kependudukan di Era Digi...,Fakta,Liputan6 Nasional (2026-08-05)
Kemenkes Sayangkan Komentar Nirempati Nakes di Unggahan Yurizal,Fakta,Liputan6 Nasional (2026-08-05)
Hasil Autopsi Dokter PPDS di Siak Bunuh Diri dengan Suntik Mati,Fakta,Liputan6 Nasional (2026-08-05)
Permintaan Maaf Nakes Usai Komentar Potong Urat Nadi Pasien Yurizal,Fakta,Liputan6 Nasional (2026-08-05)
"Pasien Diduga Terlambat Ditangani Meninggal, Curhat di Medsos Jadi Sorotan",Fakta,Liputan6 Nasional (2026-08-05)
Pilu Kematian Siswa SMP di Pemalang Gara-Gara Bullying,Fakta,Liputan6 Nasional (2026-08-05)
Babak Baru Kasus Febrie Adriansyah,Fakta,Liputan6 Nasional (2026-08-05)
KPK Juga Geledah Imigrasi Jakpus Terkait Kasus Silmy Karim,Fakta,Liputan6 Nasional (2026-08-05)
Mendikdasmen Paparkan Konsep Sekolah Aman dan Nyaman bagi Anak,Fakta,Liputan6 Nasional (2026-08-05)
Polisi Selidiki Identitas Mayat Diduga Korban Mutilasi di Depok,Fakta,Liputan6 Nasional (2026-08-04)
Kronologi Temuan Mayat Diduga Korban Mutilasi di Depok,Fakta,Liputan6 Nasional (2026-08-04)
KPK Geledah Imigrasi Jaksel Terkait Kasus Silmy Karim,Fakta,Liputan6 Nasional (2026-08-04)
Kronologi Kecelakaan Maut yang Tewaskan Anggota DPRD Tangsel,Fakta,Liputan6 Nasional (2026-08-04)
"Temui Pramono, Gubernur Bali Pelajari Skema Obligasi dan Creative Financing",Fakta,Liputan6 Nasional (2026-08-04)
Superbank dan Vidio Dukung Lomba Ide Cerita Film Vertikal IMDE-Frans Seda Foundation,Fakta,Liputan6 Nasional (2026-08-04)
Sekda Lindas Adik Kandung hingga Patah Tulang Usai Ketahuan Bareng Wanita Lain,Fakta,Liputan6 Nasional (2026-08-04)
"Menko PMK Soroti 21 Ribu Kasus Kekerasan terhadap Anak, Jadi Indikator GERNAS RANA",Fakta,Liputan6 Nasional (2026-08-04)
Reaksi Kejagung soal Rencana Febri Adriansyah Ajukan Praperadilan,Fakta,Liputan6 Nasional (2026-08-04)
Polisi Ungkap Kondisi 3 TKI Korban TPPO usai Dipulangkan dari Libya,Fakta,Liputan6 Nasional (2026-08-04)
"Atasi Macet, Dishub Depok Uji Coba Pembatasan U-Turn di Jalan Kartini",Fakta,Liputan6 Nasional (2026-08-04)
Polisi: 41 TKI Korban Perdagangan Orang Masih Tertahan di Libya,Fakta,Liputan6 Nasional (2026-08-04)
Modus Pengiriman TKI Ilegal ke Libya,Fakta,Liputan6 Nasional (2026-08-04)
KPK Tak Gentar Hadapi Praperadilan ASN BPK Tersangka Suap,Fakta,Liputan6 Nasional (2026-08-04)
Status Jaksa Febrie Adriansyah Diberhentikan Sementara,Fakta,Liputan6 Nasional (2026-08-04)
"Liga Aspal Dilarang di Area Rel, Pramono Siapkan Lokasi Pengganti",Fakta,Liputan6 Nasional (2026-08-04)
"KAI Larang Sisi Rel Jalur Kereta Dipakai Liga Aspal, Ini Alasannya",Fakta,Liputan6 Nasional (2026-08-04)
Anggota DPRD Tangerang Selatan Tewas dalam Kecelakaan di Tol Cipali,Fakta,Liputan6 Nasional (2026-08-04)
PKB Benarkan Kadernya Ahmad Andi Meninggal Karena Kecelakaan,Fakta,Liputan6 Nasional (2026-08-04)
Prabowo Punya Arahan Khusus soal Harga BBM Bersubsidi,Fakta,Liputan6 Nasional (2026-08-04)
Kubu Febrie: Penegakan Hukum Harus Dimulai dari Proses yang Benar,Fakta,Liputan6 Nasional (2026-08-04)
Momen Prabowo Antar Kepulangan PM Thailand,Fakta,Liputan6 Nasional (2026-08-04)
"Pagar Besi Mal Dibuka, Pramono Yakin Jakarta Aman",Fakta,Liputan6 Nasional (2026-08-04)
Mendagri Sebut Data Kependudukan Jadi Kunci Akurasi Bansos di Biak Numfor,Fakta,Liputan6 Nasional (2026-08-04)
Polri Ungkap Kondisi Keamanan Terkini di Pusat Ekonomi,Fakta,Liputan6 Nasional (2026-08-04)
PSI Ungkap Makna di Balik Sederet Gelar Adat Jokowi,Fakta,Liputan6 Nasional (2026-08-04)
"Menghadap Prabowo, Bahlil Ungkap Penyebab Listrik Padam di Kalimantan",Fakta,Liputan6 Nasional (2026-08-04)
"Pengantar Sudah Sampai Larantuka, Jenazah dari Jakarta Tertinggal di Kupang",Fakta,Liputan6 Nasional (2026-08-04)
Kuasa Hukum Febrie: Praperadilan Bukan untuk Hindari Proses Hukum,Fakta,Liputan6 Nasional (2026-08-04)
Bareskrim Bongkar Peredaran 86 Kg Sabu dan 5.171 Butir Ekstasi,Fakta,Liputan6 Nasional (2026-08-04)
Pengacara Klaim Ada 9 Pelanggaran Hukum Acara di Kasus Febrie,Fakta,Liputan6 Nasional (2026-08-04)
"Pramono Geram TPS Liar di Jakarta, Perusahaan Penimbun Sampah Disanksi",Fakta,Liputan6 Nasional (2026-08-04)
Pramono Ingin Persija Taklukkan Persib di Piala Presiden 2026,Fakta,Liputan6 Nasional (2026-08-04)
"Waspada Kebakaran Saat Kemarau, Pramono Siapkan Modifikasi Cuaca",Fakta,Liputan6 Nasional (2026-08-04)
Sjafrie Beberkan Rencana Baru Kerja Sama dengan Thailand,Fakta,Liputan6 Nasional (2026-08-04)
"Kuasa Hukum Febrie Siapkan Dua Praperadilan, Ini yang Akan Digugat",Fakta,Liputan6 Nasional (2026-08-04)
"1 Tahun Pascakebakaran Taman Puring, Pedagang Tagih Janji Revitalisasi",Fakta,Liputan6 Nasional (2026-08-04)
"Ramai Isu Ancaman Jelang HUT RI, Sahroni: Jangan Menakut-nakuti Masyarakat",Fakta,Liputan6 Nasional (2026-08-04)
Nasib Bigmo dalam Kasus Dugaan Promosi Vape ke Anak,Fakta,Liputan6 Nasional (2026-08-04)
"Viral Penumpang Diturunkan dari Transjakarta, Ini Penyebabnya",Fakta,Liputan6 Nasional (2026-08-04)
DPRD DKI: Kurang Adil jika Pajak Mobil Listrik Terlalu Rendah,Fakta,Liputan6 Nasional (2026-08-04)
Dukcapil Ungkap Nama Unik Penduduk dari Profesi: Kiai sampai Presiden,Fakta,Liputan6 Nasional (2026-08-04)
"Musim Kemarau, Gulkarmat Jakarta Waspadai Dua Lokasi Ini",Fakta,Liputan6 Nasional (2026-08-04)
Empat Anak Diperiksa dalam Kasus Bigmo,Fakta,Liputan6 Nasional (2026-08-04)
Penduduk Indonesia Paling Banyak Berzodiak Cancer dan Taurus,Fakta,Liputan6 Nasional (2026-08-04)
Melihat Jamuan Prabowo untuk PM Thailand di Istana,Fakta,Liputan6 Nasional (2026-08-04)
Kejagung Geledah 4 Perusahaan Milik Don Ritto,Fakta,Liputan6 Nasional (2026-08-04)
"Dari Kegagalan Menuju Sapta Abdi Praja, Charina Anggie Simbolon Wujudkan Mimpi Sang Ayah",Fakta,Liputan6 Nasional (2026-08-04)
Polisi Setop Penyelidikan Kasus Jesslyn Wijaya,Fakta,Liputan6 Nasional (2026-08-04)
"Penduduk Tertua Indonesia Ternyata Tinggal di Madura, Usianya Bikin Takjub",Fakta,Liputan6 Nasional (2026-08-04)
Dukcapil Ungkap Nama WNI Terinspirasi dari Anime: Ada Uzumaki sampai Suneo,Fakta,Liputan6 Nasional (2026-08-04)
Kejagung: Pemilik Emas 74 Kg Kasus Febrie Bakal Dibuktikan di Persidangan,Fakta,Liputan6 Nasional (2026-08-04)
Mendagri Ungkap Alasan Biaya Sekolah di Singapura Lebih Hemat,Fakta,Liputan6 Nasional (2026-08-04)
Pansus 18 DPRD Kota Bandung Dorong Penguatan Bank Bandung Lewat Penyempurnaan Regulasi,Fakta,Liputan6 Nasional (2026-08-04)
Indonesia-Thailand Teken Peta Jalan Kemitraan Strategis dan MoU Pendidikan,Fakta,Liputan6 Nasional (2026-08-04)
Prabowo Ungkap Peran Thailand Pulangkan Hampir 1.000 WNI Korban Scam,Fakta,Liputan6 Nasional (2026-08-04)
Tawaran Strategis untuk TNI di Balik Pertemuan Prabowo dan PM Thailand,Fakta,Liputan6 Nasional (2026-08-04)
Prabowo-PM Thailand Dorong Penyelesaian Konflik Myanmar,Fakta,Liputan6 Nasional (2026-08-04)
"Ada Rute Baru Jakarta-Bangkok dan Denpasar-Phuket, Ini Kata Prabowo",Fakta,Liputan6 Nasional (2026-08-04)
Pemerintah Siapkan Peran Baru Koperasi Desa dalam Program MBG,Fakta,Liputan6 Nasional (2026-08-04)
"Marak OTT Kepala Daerah, Golkar Singgung Ongkos Politik Mahal",Fakta,Liputan6 Nasional (2026-08-04)
LPSK Kaji Permohonan Perlindungan Ferry Hongkiriwang dalam Kasus Febrie Adriansyah,Fakta,Liputan6 Nasional (2026-08-04)
"Prabowo Kenang Masa Muda Bersama Raja Thailand, Apa Ceritanya?",Fakta,Liputan6 Nasional (2026-08-04)
Kejagung Periksa 4 Saksi dalam Perkara TPPU Eks Jampidsus Febrie,Fakta,Liputan6 Nasional (2026-08-03)
Kejagung Geledah Sejumlah Lokasi Terkait Perkara TPPU Febrie Adriansyah,Fakta,Liputan6 Nasional (2026-08-03)
Kuasa Hukum Ungkap 9 Kejanggalan Perkara Eks Jampidsus Febrie,Fakta,Liputan6 Nasional (2026-08-03)
"Kemendagri: Angka Kelahiran Tertinggi di Jabar, Kematian Terbanyak di Jatim",Fakta,Liputan6 Nasional (2026-08-03)
Prabowo Dianugerahi Medali Kehormatan Angkatan Bersenjata Thailand,Fakta,Liputan6 Nasional (2026-08-03)
"DPR Tampung Usulan Buruh untuk RUU Ketenagakerjaan, PKWT dan Outsourcing Disorot",Fakta,Liputan6 Nasional (2026-08-03)
Roy Suryo Ajukan Praperadilan Keempat,Fakta,Liputan6 Nasional (2026-08-03)
"Babak Baru Kasus Kuota Haji, Gus Yaqut Sidang Perdana 11 Agustus",Fakta,Liputan6 Nasional (2026-08-03)
"Pria Bakar Bendera Merah Putih di Bandung, Polisi Buru Pelaku",Fakta,Liputan6 Nasional (2026-08-03)
Pimpinan MPR Serahkan Konsep Pokok-Pokok Haluan Negara ke Prabowo,Fakta,Liputan6 Nasional (2026-08-03)
Karyawan Koperasi di Tangerang Diduga Disekap dan Dianiaya,Fakta,Liputan6 Nasional (2026-08-03)
Prabowo Prihatin Banyak Kepala Daerah Korupsi,Fakta,Liputan6 Nasional (2026-08-03)
Moge hingga Emas Disita Hasil Geledah Kasus Bupati Pemalang,Fakta,Liputan6 Nasional (2026-08-03)
Warga Jakarta Dilarang Bakar Sampah Sembarangan,Fakta,Liputan6 Nasional (2026-08-03)
Prabowo Sambut Kunjungan Resmi PM Thailand di Istana,Fakta,Liputan6 Nasional (2026-08-03)
Pendakwah SAM Masuk Red Notice Interpol,Fakta,Liputan6 Nasional (2026-08-03)
"Buntut 10 Pohon Ditebang untuk Padel, Dedi Mulyadi Minta Kadis LH Bandung Disanksi",Fakta,Liputan6 Nasional (2026-08-03)
Petugas Damkar Gugur Saat Bertugas Dapat Kenaikan Pangkat Luar Biasa,Fakta,Liputan6 Nasional (2026-08-03)
Mendagri Ungkap Cara Baru Bikin Bansos Tepat Sasaran,Fakta,Liputan6 Nasional (2026-08-03)
Mendagri Beberkan Langkah Strategis Perkuat Infrastruktur Digital,Fakta,Liputan6 Nasional (2026-08-03)
"Penduduk Usia Produktif Indonesia Capai 201 Juta Jiwa, Gen Z Terbanyak",Fakta,Liputan6 Nasional (2026-08-03)
Penduduk Indonesia Tembus 290 Juta Jiwa,Fakta,Liputan6 Nasional (2026-08-03)
Konten Kreator Rekam Usher GIIAS Tanpa Izin Minta Maaf,Fakta,Liputan6 Nasional (2026-08-03)
Kondisi Terkini TPS Liar Kramat Jati Usai Petugas Damkar Meninggal,Fakta,Liputan6 Nasional (2026-08-03)
Pimpinan MPR Temui Prabowo di Istana,Fakta,Liputan6 Nasional (2026-08-03)
Bahlil Minta Golkar Benahi Hal Paling Mendasar,Fakta,Liputan6 Nasional (2026-08-03)
"Konten Kreator Rekam SPG GIIAS Tanpa Izin, Ini Aturan yang Dilanggar",Fakta,Liputan6 Nasional (2026-08-03)
Melihat Inovasi Gen Z Bikin Alat Bantu Pantau Demam Bayi,Fakta,Liputan6 Nasional (2026-08-03)
Mengapa Stasiun KA Pertama Ada di Sekitar Semarang Tapi Bengkel Pertama di Madiun,Fakta,Liputan6 Nasional (2026-08-03)
Kemendagri Siapkan Layanan Baru untuk Akta Kelahiran,Fakta,Liputan6 Nasional (2026-08-03)
"Tak Lagi Dipagari Besi, Mal Kokas Kini Dihiasi Ornamen HUT RI",Fakta,Liputan6 Nasional (2026-08-03)
"5,5 Juta Buku Mulai Disebar ke Ribuan Sekolah",Fakta,Liputan6 Nasional (2026-08-03)
Komisi Yudisial Minta Maaf Usai Polemik Data Pelanggaran Hakim,Fakta,Liputan6 Nasional (2026-08-03)
"Karyawan Curi Laptop Rekan Kerja, Digadai Buat Modal Judi Bola",Fakta,Liputan6 Nasional (2026-08-03)
Dewas KPK akan Periksa Polisi Tersangka Pemerasan Bupati Pemalang,Fakta,Liputan6 Nasional (2026-08-03)
Dewas KPK Ungkap Belasan Aduan Etik Sepanjang 2026,Fakta,Liputan6 Nasional (2026-08-03)
Mendagri Siapkan Dukcapil Jadi Kunci Layanan Publik Digital,Fakta,Liputan6 Nasional (2026-08-03)
Sensus Ekonomi 2026 Perlu Kolaborasi dengan Media Penyiaran,Fakta,Liputan6 Nasional (2026-08-03)
Daftar Jalan Dialihkan Saat Kunjungan PM Thailand ke Jakarta,Fakta,Liputan6 Nasional (2026-08-03)
BGN Hentikan Operasional Dapur MBG usai 707 Siswa dan Guru Diduga Keracunan,Fakta,Liputan6 Nasional (2026-08-03)
"Pemuda Tenggelam di Kali BKB Ditemukan Mengambang 1,5 Kilometer dari TKP",Fakta,Liputan6 Nasional (2026-08-03)
Seskab: Prabowo Terima PM Thailand Anutin Charnvirakul Sore Ini,Fakta,Liputan6 Nasional (2026-08-03)
"DPRD DKI Buka Posko Aduan Sengketa Tanah, Warga Bisa Lapor hingga 31 Agustus",Fakta,Liputan6 Nasional (2026-08-03)
Pemerintah Ungkap Langkah Setelah KMP Mutiara Sentosa 2 Terbakar,Fakta,Liputan6 Nasional (2026-08-03)
"Nekat Terjun Ambil Kunci, Pemuda Hilang di Banjir Kanal Barat",Fakta,Liputan6 Nasional (2026-08-03)
"Mau Salat, Lansia di Cakung Dirampok Tetangga Bersenjata Golok",Fakta,Liputan6 Nasional (2026-08-03)
"Sempat Padam, Listrik di Jakarta dan Tangsel Kembali Normal",Fakta,Liputan6 Nasional (2026-08-03)
Pansus 17 DPRD Kota Bandung Perdalam Pembahasan Raperda Pembangunan Gedung Inspektorat dan...,Fakta,Liputan6 Nasional (2026-08-03)
"Drama Mati Listrik Senin Pagi: Anak Belum Sarapan, Seragam Belum Digosok",Fakta,Liputan6 Nasional (2026-08-03)
"Evakuasi Penumpang KMP Mutiara Sentosa, Lima Anak Tak Tercatat Manifes",Fakta,Liputan6 Nasional (2026-08-03)
"Mati Listrik Senin Pagi di Tangsel dan Jaksel, Begini Kata PLN",Fakta,Liputan6 Nasional (2026-08-03)
"Hutan Leuweung Gede Kampung Adat Kuta: Satu Hutan, Tiga Penjaga",Fakta,Liputan6 Nasional (2026-08-03)
Warga Keluhkan Mati Listrik Senin Pagi: Ganggu Aktivitas Banget,Fakta,Liputan6 Nasional (2026-08-03)
"Senin Pagi, Warga Jakarta Alami Pemadaman Listrik",Fakta,Liputan6 Nasional (2026-08-03)
Ekonomi Sirkular SPPG MBG Diperkuat Lewat Pendampingan KLH,Fakta,Liputan6 Nasional (2026-08-03)
Kampung Kuta Mengajarkan Satu Hal yang Dilupakan Manusia,Fakta,Liputan6 Nasional (2026-08-03)
"Modus Baru Penyelundupan Narkoba Terbongkar, Vape Etomidate Masuk dari Malaysia",Fakta,Liputan6 Nasional (2026-08-03)
"Bawa Samurai, 5 Pemuda Tawuran di Jatinegara Berakhir di Penjara",Fakta,Liputan6 Nasional (2026-08-02)
"Anak Petani Jadi Lulusan Terbaik IPDN, Tanda Pangkat Disematkan Prabowo",Fakta,Liputan6 Nasional (2026-08-02)
"Atlet Golf Jesslyn Wijaya Ternyata Bukan Diculik, Ini Temuan Polisi",Fakta,Liputan6 Nasional (2026-08-02)
"Lebih dari 30 Jam, Kebakaran Tumpukan Sampah di Kramat Jati Belum Padam",Fakta,Liputan6 Nasional (2026-08-02)
"Update Kebakaran KMP Mutiara Sentosa 2: 218 Selamat, 4 Meninggal",Fakta,Liputan6 Nasional (2026-08-02)
"Polisi Amankan 3 Pemuda Bonceng Tiga di Jaktim, Temukan Celurit",Fakta,Liputan6 Nasional (2026-08-02)
"Baru Setahun Dibangun, Trotoar di Jalan Raya Sawangan Depok Ambles",Fakta,Liputan6 Nasional (2026-08-02)
"Avanza Hantam Truk Berhenti di Tol Cijago, Sopir Tewas",Fakta,Liputan6 Nasional (2026-08-02)
Mengapa Pedestrian Deck Dukuh Atas Dibuat Melingkar? Ini Penjelasan MRT,Fakta,Liputan6 Nasional (2026-08-02)
"Lima Pelaku Tawuran Ditangkap di Jaktim, Polisi Sita Celurit hingga Gayung",Fakta,Liputan6 Nasional (2026-08-02)
Terobosan Menag agar Santri Tembus Kampus Top Dunia,Fakta,Liputan6 Nasional (2026-08-02)
Terobosan Kemenhut Tutup Celah Perdagangan Ilegal Satwa Liar,Fakta,Liputan6 Nasional (2026-08-02)
Kronologi Petugas Damkar Meninggal saat Padamkan Kebakaran di Kramat Jati,Fakta,Liputan6 Nasional (2026-08-02)
Petugas Damkar Gugur Saat Bertugas Punya Riwayat Sakit Jantung,Fakta,Liputan6 Nasional (2026-08-02)
"Pedestrian Deck Dukuh Atas, Upaya MRT Jakarta Satukan Enam Transportasi",Fakta,Liputan6 Nasional (2026-08-02)
Jejak Asmara Bung Karno dan Fatmawati di Jalur KRL Green Line,Fakta,Liputan6 Nasional (2026-08-02)
Petugas Damkar Gugur Tangani Kebakaran di Kramat Jati Sempat Pingsan,Fakta,Liputan6 Nasional (2026-08-02)
"Petugas Damkar Gugur Tangani Kebakaran di Kramat Jati, Begini Kronologinya",Fakta,Liputan6 Nasional (2026-08-02)
KPK Buka Suara Terkait Kabar Intervensi Kasus Suap Audit BPK Muara Enim,Fakta,Liputan6 Nasional (2026-08-02)
"Gedung MK Mulai Dibangun di IKN, Ini Progres Terbarunya",Fakta,Liputan6 Nasional (2026-08-02)
"Viral Penggerebekan Kalapas di NTT, Ditjenpas Ungkap Fakta Sebenarnya",Fakta,Liputan6 Nasional (2026-08-02)
"Jokowi Bocorkan Target Besar PSI di 2029, Bukan hanya Masuk Senayan",Fakta,Liputan6 Nasional (2026-08-02)
"Polisi Gadungan Janjikan Pacar Kerja di Polres, Korban Rugi Jutaan Rupiah",Fakta,Liputan6 Nasional (2026-08-02)
"Doa Enam Agama Bergema di Monas, 100 Ribu Jemaah Hadir",Fakta,Liputan6 Nasional (2026-08-01)
Menag Ajak Bersyukur Indonesia Kuat di Tengah Gejolak Global,Fakta,Liputan6 Nasional (2026-08-01)
Bigmo Dilaporkan terkait Video Anak Promosikan Vape,Fakta,Liputan6 Nasional (2026-08-01)
Prabowo Absen di Zikir dan Doa Kebangsaan HUT ke-81 RI,Fakta,Liputan6 Nasional (2026-08-01)
"Dukung Program Prioritas Presiden, Mendagri Tito Groundbreaking Sekolah Rakyat Biak Numfor",Fakta,Liputan6 Nasional (2026-08-01)
Pramono Anung Dorong Kebaya Jadi Identitas Budaya Jakarta,Fakta,Liputan6 Nasional (2026-08-01)
"Hanya Hari Ini, Daftar 13 Kereta Api Berhenti di Jatinegara",Fakta,Liputan6 Nasional (2026-08-01)
Polisi Minta Publik Tak Berspekulasi soal Pagar Mal: Jakarta Aman dan Kondusif,Fakta,Liputan6 Nasional (2026-08-01)
Tim Labfor Dikerahkan Cari Penyebab Kebakaran Hotel Pullman Jakbar,Fakta,Liputan6 Nasional (2026-08-01)
Pramono Bakal Tertibkan Pemasangan Pagar di Mal,Fakta,Liputan6 Nasional (2026-08-01)
"Belasan Remaja Digerebek saat Nongkrong, Diduga Hendak Tawuran",Fakta,Liputan6 Nasional (2026-08-01)
"Zikir dan Doa Kebangsaan di Monas Malam Ini, Prabowo Dijadwalkan Hadir",Fakta,Liputan6 Nasional (2026-08-01)
"Cerita Kesederhanaan Nasirun, Seniman Miliuner yang Tak Punya HP",Fakta,Liputan6 Nasional (2026-08-01)
"Tim Sembilan Geledah Rumah Febrie Adriansyah, Ini Barang-Barang yang Disita",Fakta,Liputan6 Nasional (2026-08-01)
"Ada Zikir dan Doa Kebangsaan di Monas Hari Ini, Simak Rekayasa Lalu Lintasnya",Fakta,Liputan6 Nasional (2026-08-01)
Ditjenpas Ungkap Fakta soal Video Rumah Dinas Kalapas Waingapu Digerebek,Fakta,Liputan6 Nasional (2026-08-01)
"Nasirun, Sang 'Seniman Gorengan' yang Berpulang di Usia 60 Tahun",Fakta,Liputan6 Nasional (2026-08-01)
"Dedi Mulyadi Murka, Minta Petugas Dishub Bekasi Palak Sopir Truk Dipecat",Fakta,Liputan6 Nasional (2026-08-01)
"Kebakaran Hotel Pullman Jakbar Hanguskan Area 200 Meter Persegi, Korban Nihil",Fakta,Liputan6 Nasional (2026-08-01)
Maestro Seni Rupa Nasirun Meninggal Dunia,Fakta,Liputan6 Nasional (2026-08-01)
Cerita 5 Warga Bandung Didenda Rp 100 Juta Usai Tebang Pohon Sembarangan,Fakta,Liputan6 Nasional (2026-08-01)
"Ini Aturan Tebang Pohon di Bandung, Sembarangan Bisa Didenda",Fakta,Liputan6 Nasional (2026-08-01)
Dugaan Awal Penyebab Kebakaran Hotel Pullman Jakbar,Fakta,Liputan6 Nasional (2026-08-01)
Kronologi Kebakaran Hotel Pullman Jakbar,Fakta,Liputan6 Nasional (2026-08-01)
"Niat Cari Istri, Pria Ini Malah Dikeroyok di Kalimalang",Fakta,Liputan6 Nasional (2026-08-01)
"Kasus Buzzer Berbayar Melebar, Puluhan Akun Dalam Bidikan",Fakta,Liputan6 Nasional (2026-08-01)
"Hotel Pullman di Jakbar Kebakaran, Api Berhasil Dikendalikan",Fakta,Liputan6 Nasional (2026-08-01)
"Gedung Tiga Lantai Terbakar Hebat, Hanguskan 14 Mobil Golf",Fakta,Liputan6 Nasional (2026-08-01)
"Teror Karangan Bunga dr Oky, Polisi Bidik Tersangka",Fakta,Liputan6 Nasional (2026-08-01)
Rumah Polisi Karawang Dirusak Sekelompok Orang Bawa Senjata Tajam,Fakta,Liputan6 Nasional (2026-08-01)
"Kisah Numan, Keliling Indonesia Demi Bimbing Skripsi Gratis",Fakta,Liputan6 Nasional (2026-08-01)
Deretan Janji Sudaryono Agar Makan Bergizi Tak Dikorupsi,Fakta,Liputan6 Nasional (2026-08-01)
"Gara-Gara Utang Arisan, Bayi 2 Tahun Diculik buat Jaminan",Fakta,Liputan6 Nasional (2026-08-01)
DTKJ Respons Tarif Baru TransBandara Blok M - Soetta Rp 15.000,Fakta,Liputan6 Nasional (2026-08-01)
"Mal di Jakarta Tiba-Tiba Pasang Pagar, Bikin Heboh di Media Sosial",Fakta,Liputan6 Nasional (2026-08-01)
Kenapa Jogja Punya Dua Stasiun Utama Kereta Api yang Hampir Menempel? Ini Sejarahnya,Fakta,Liputan6 Nasional (2026-08-01)
KPK Soal Pemanggilan Raja Juli: Bukan Soal Berani atau Tidak,Fakta,Liputan6 Nasional (2026-07-31)
Kasat Narkoba Tangsel Diperiksa Terkait Pengawasan Melekat,Fakta,Liputan6 Nasional (2026-07-31)
"Perkuat Akurasi Penyaluran Bansos, Mendagri Dorong Percepatan Integrasi E-Government",Fakta,Liputan6 Nasional (2026-07-31)
5 Saksi Mangkir Pemeriksaan Kasus TPPU Eks Jampidsus Febrie,Fakta,Liputan6 Nasional (2026-07-31)
Gubernur Agustiar Sabran Turun Langsung Pimpin Penanganan Karhutla di Kalimantan Tengah,Fakta,Liputan6 Nasional (2026-07-31)
Teknologi Kampus Siap Atasi Masalah Sampah Jakarta,Fakta,Liputan6 Nasional (2026-07-31)
"Bangun Soliditas Pranata Humas, Kemendagri Perkuat Konsolidasi dan Kompetensi",Fakta,Liputan6 Nasional (2026-07-31)
"Hadapi Perubahan Iklim, Serang Perkuat Konservasi Lingkungan",Fakta,Liputan6 Nasional (2026-07-31)
"Hari Mangrove Sedunia, Rumah Pembibitan Berbasis IoT Hadir di Cilacap",Fakta,Liputan6 Nasional (2026-07-31)
"Berkas Tebal Dakwaan Yaqut Dilimpahkan, Sidang Tinggal Menunggu Waktu",Fakta,Liputan6 Nasional (2026-07-31)
Ribuan Personel Kawal Zikir dan Doa Kebangsaan di Monas Besok,Fakta,Liputan6 Nasional (2026-07-31)
"Polda Metro Jaya Gulung 729 Maling Motor, Tangerang Kota Terbanyak",Fakta,Liputan6 Nasional (2026-07-31)
Infografis Daftar Kenaikan Tukin Prajurit TNI,Fakta,Liputan6 Nasional (2026-07-31)
"⁠Soroti BPA pada Galon Guna Ulang, Riset UNAIR Temukan Kaitan dengan Riwayat Alergi",Fakta,Liputan6 Nasional (2026-07-31)
"Mal Jakarta Pasang Pagar Tinggi, Begini Tanggapan Pramono",Fakta,Liputan6 Nasional (2026-07-31)
Kepala BGN soal Putusan MK: Anggaran MBG Urusan Kemenkeu,Fakta,Liputan6 Nasional (2026-07-31)
Misteri 13 Jam Terakhir Sutrimo,Fakta,Liputan6 Nasional (2026-07-31)
Kemendagri Dorong Bantul Bangun Ekosistem Inovasi Berkelanjutan,Fakta,Liputan6 Nasional (2026-07-31)
"Sudaryono Ancam Kepala Dapur MBG: Nyolong Duit, Kita Bereskan",Fakta,Liputan6 Nasional (2026-07-31)
"Komponen Hidran di Sejumlah Titik Jakarta Raib Dicuri, Begini Kata Pramono",Fakta,Liputan6 Nasional (2026-07-31)
Polisi Kantongi Video Testimoni Atlet Golf Jesslyn Wijaya,Fakta,Liputan6 Nasional (2026-07-31)
Polisi Panggil Dokter Dalami Kabar Sutrimo Meninggal dengan Mulut Berbusa,Fakta,Liputan6 Nasional (2026-07-31)
"Ramai Pagar Besi di Mal Dikaitkan Aksi Massa, Begini Penjelasan Polisi",Fakta,Liputan6 Nasional (2026-07-31)
Istana Siapkan War Ticket untuk Upacara HUT RI,Fakta,Liputan6 Nasional (2026-07-31)
Segini Tarif Resmi Transjakarta Blok M–Bandara Soetta,Fakta,Liputan6 Nasional (2026-07-31)
"Belum Ada Kesimpulan Kasus Atlet Golf Jesslyn Wijaya, Ini Alasan Polisi",Fakta,Liputan6 Nasional (2026-07-31)
"414 Dapur MBG Bermasalah, Dana Rp 311 Miliar Dikembalikan",Fakta,Liputan6 Nasional (2026-07-31)
"HUT ke-81 RI, Istana Gelar Doa Bersama hingga Pesta Rakyat",Fakta,Liputan6 Nasional (2026-07-31)
"Sempat Diisukan Diculik, Ini Jejak Jesslyn Wijaya dari Mangga Besar hingga Bangkok",Fakta,Liputan6 Nasional (2026-07-31)
Manajer Kopdes Merah Putih Segera Disebar di 1.021 Titik,Fakta,Liputan6 Nasional (2026-07-31)
"Terungkap, Sosok Misterius Pembawa Atlet Golf Jesslyn ke Semarang",Fakta,Liputan6 Nasional (2026-07-31)
Putusan MK soal MBG Dinilai Bawa Perbaikan Kualitas Pendidikan,Fakta,Liputan6 Nasional (2026-07-31)
Satpol PP Diminta Jadi Aparat yang Dicintai Masyarakat,Fakta,Liputan6 Nasional (2026-07-31)
Daftar Lengkap Kapolres yang Dirotasi,Fakta,Liputan6 Nasional (2026-07-31)
Kuota Diklat Calon Manajer Kopdes Merah Putih Gelombang Kedua Dikurangi,Fakta,Liputan6 Nasional (2026-07-31)
"Jadi Kurir 25 Kg Ekstasi ke Jakarta, Pilot Malaysia Diupah 50.000 Ringgit",Fakta,Liputan6 Nasional (2026-07-31)
"Rotasi Besar-besaran Polri, Kadiv Hubinter Polri Berganti",Fakta,Liputan6 Nasional (2026-07-31)
Data Carik 2025: 13.833 Anak Jakarta Utara Tidak Bersekolah,Fakta,Liputan6 Nasional (2026-07-31)
Bupati Nonaktif Cilacap Didakwa Peras Kepala OPD Rp 568 Juta,Fakta,Liputan6 Nasional (2026-07-31)
DPR Ungkap Dampak Putusan MK bagi Anggaran MBG,Fakta,Liputan6 Nasional (2026-07-31)
"Selain Bawa Ekstasi, Pilot Malaysia Terbang ke Jakarta dalam Pengaruh Narkoba",Fakta,Liputan6 Nasional (2026-07-31)
"Mutasi Besar-Besaran Kepala Kejaksaan Negeri, Ini Daftar Lengkapnya",Fakta,Liputan6 Nasional (2026-07-31)
"Ditangkap di Bandara, Pilot Asing Kedua Kalinya Selundupkan Ekstasi ke Jakarta",Fakta,Liputan6 Nasional (2026-07-31)
74 Kg Emas di Kasus Febrie Diminta Diungkap,Fakta,Liputan6 Nasional (2026-07-31)
Prabowo Kepincut Cara India Bangun 40 Juta Rumah,Fakta,Liputan6 Nasional (2026-07-31)
Kenapa KA Taksaka Disebut Anak Emas PT KAI,Fakta,Liputan6 Nasional (2026-07-31)
Ironi Dunia Peradilan: Kenaikan Gaji dan Usulan Sanksi Etik 121 Hakim,Fakta,Liputan6 Nasional (2026-07-31)
Motif Pemuda Bunuh Kekasihnya di Kos-kosan Grogol,Fakta,Liputan6 Nasional (2026-07-31)
"Terungkap, Cara Sadis Pemuda Habisi Wanita di Kos-kosan Grogol",Fakta,Liputan6 Nasional (2026-07-31)
Hasil Identifikasi Insiden Power Bank Terbakar di Batik Air,Fakta,Liputan6 Nasional (2026-07-31)
"Mobil Hantam Tiang Listrik hingga Roboh, Korban Dibawa ke RS",Fakta,Liputan6 Nasional (2026-07-31)
Wacana Kenaikan Gaji Kepala Daerah di Tengah Maraknya OTT,Fakta,Liputan6 Nasional (2026-07-31)
MK Ingatkan Anggaran Pendidikan Tidak Boleh Dikurangi,Fakta,Liputan6 Nasional (2026-07-31)
Nasib Anggaran MBG Pascaputusan MK,Fakta,Liputan6 Nasional (2026-07-31)
KPK Benahi Internal usai Pegawai Diduga Peras Bupati Pemalang,Fakta,Liputan6 Nasional (2026-07-31)
Jejak Pegawai KPK di Balik Korupsi Bupati Pemalang,Fakta,Liputan6 Nasional (2026-07-31)
Kejagung Beberkan 7 Perusahaan Diperiksa Terkait TPPU Febrie Adriansyah,Fakta,Liputan6 Nasional (2026-07-31)
"Kejagung Periksa Saksi Baru Kasus Asabri dan Jiwasraya, Ada Dibawa ke LPSK",Fakta,Liputan6 Nasional (2026-07-31)
"Prabowo Akan Kumpulkan Gubernur-Bupati, Bahas Indonesia ASRI",Fakta,Liputan6 Nasional (2026-07-30)
"Prabowo: Jangan Jadi Jenderal Salon, Sepatu dan Celana Harus Kotor",Fakta,Liputan6 Nasional (2026-07-30)
Momen Prabowo Pulang ke Jakarta dari Batang Naik KA Nusantara Explorer,Fakta,Liputan6 Nasional (2026-07-30)
"Kejagung Tetapkan Tersangka Baru TPPU Febrie Adriansyah, Langsung Ditahan",Fakta,Liputan6 Nasional (2026-07-30)
Prabowo Targetkan Masalah Sampah di Indonesia Tuntas pada Akhir 2027,Fakta,Liputan6 Nasional (2026-07-30)
MRT Jakarta Pastikan Pedestrian Deck Dukuh Atas Dirancang Ramah Disabilitas,Fakta,Liputan6 Nasional (2026-07-30)
"Tukin TNI Naik, Pemerintah Janjikan Tunjangan Guru dan Nakes di Daerah 3T",Fakta,Liputan6 Nasional (2026-07-30)
"Banjir OTT, Partai Diminta 'Sekolahkan' Calon Kepala Daerah Sebelum Pilkada",Fakta,Liputan6 Nasional (2026-07-30)
KPK Pamer Kinerja: 12 OTT dan Pulihkan Aset Negara Rp 229 Miliar,Fakta,Liputan6 Nasional (2026-07-30)
MRT Jakarta: Pedestrian Deck Dukuh Atas Bikin Akses Antarmoda Ringkas,Fakta,Liputan6 Nasional (2026-07-30)
"Antisipasi El Nino dan Karhutla, Polri Siagakan Puluhan Ribu Personel",Fakta,Liputan6 Nasional (2026-07-30)
Istana: Kami Kerja Bukan untuk Survei,Fakta,Liputan6 Nasional (2026-07-30)
"Marak OTT KPK Kepala Daerah, Tito Karnavian Ungkap Arahan Prabowo",Fakta,Liputan6 Nasional (2026-07-30)
Istana Jawab Isu Reshuffle Kabinet Prabowo Awal Agustus,Fakta,Liputan6 Nasional (2026-07-30)
"DBH Jakarta Dipangkas, Pramono Cari Dana Alternatif",Fakta,Liputan6 Nasional (2026-07-30)
Istana Respons Putusan MK soal Anggaran MBG Dipisah dari Pendidikan,Fakta,Liputan6 Nasional (2026-07-30)
Kuasa Hukum Ungkap Dugaan Pelanggaran KUHAP dalam Penahanan Febrie,Fakta,Liputan6 Nasional (2026-07-30)
Oegroseno Jelaskan Proses Hibah dan Pengadaan Lahan Sepolwan,Fakta,Liputan6 Nasional (2026-07-30)
"DBH Jakarta Dipangkas, HNW: Pramono Punya 'Jalur Tol' ke DPR",Fakta,Liputan6 Nasional (2026-07-30)
Tito Respons PDIP Soal Maling Ayam di Tabanan: Kepala Daerah Partai Mana?,Fakta,Liputan6 Nasional (2026-07-30)
Infografis MBG Dipisah dari Anggaran Pendidikan,Fakta,Liputan6 Nasional (2026-07-30)
Harun Masiku Jadi Beban Pikiran Ketua KPK,Fakta,Liputan6 Nasional (2026-07-30)
"Prabowo Buat Lomba Kota Terbersih, Siapkan Hadiah Rp 20 Miliar",Fakta,Liputan6 Nasional (2026-07-30)
Rumah Hijau Nusantara Ciptakan Nilai Tambah dari Sampah Plastik,Fakta,Liputan6 Nasional (2026-07-30)
Ketua KPK Buka Suara Anak Buah Jadi Tersangka Pemerasan Bupati Pemalang,Fakta,Liputan6 Nasional (2026-07-30)
"Hak Keuangan Kepala Daerah Diusulkan Berbasis Kinerja, Ini Alasannya",Fakta,Liputan6 Nasional (2026-07-30)
"Praperadilan Lodewyk Pusung Tidak Dapat Diterima, Ini Alasan Hakim",Fakta,Liputan6 Nasional (2026-07-30)
KPK Ungkap Alasan OTT Lebih Banyak Jerat Bupati daripada Gubernur,Fakta,Liputan6 Nasional (2026-07-30)
John Kei Tolak Aksi Balasan Usai Bentrokan Tambak,Fakta,Liputan6 Nasional (2026-07-30)
"Hakim Tolak Praperadilan Lodewyk Pusung, Status Tersangka Korupsi MBG Sah",Fakta,Liputan6 Nasional (2026-07-30)
Prabowo Minta Penyambutan Berlebihan Dihentikan,Fakta,Liputan6 Nasional (2026-07-30)
Banyuwangi Jadi Percontohan Program Ketahanan Pesisir,Fakta,Liputan6 Nasional (2026-07-30)
"Kejagung Panggil 11 Saksi Kasus TPPU Febrie, 3 Mangkir",Fakta,Liputan6 Nasional (2026-07-30)
Ini Alasan MK Minta Anggaran MBG Dipisah dari Pendidikan,Fakta,Liputan6 Nasional (2026-07-30)
Mengapa Prabowo Ingin Rumah di Indonesia Tak Lagi Pakai Seng?,Fakta,Liputan6 Nasional (2026-07-30)
Mendagri: Sudah Waktunya Revisi Gaji Kepala Daerah,Fakta,Liputan6 Nasional (2026-07-30)
"Gaji Hakim Naik, KY Sebut Pelanggaran Etik Belum Menurun",Fakta,Liputan6 Nasional (2026-07-30)
Pramono Ungkap Penyebab Proyek SDN Cipete Utara 1 Mangkrak,Fakta,Liputan6 Nasional (2026-07-30)
Prabowo Goda Jaksa Agung dan Kapolri Duduk Bersebelahan,Fakta,Liputan6 Nasional (2026-07-30)
"Tarik Wisatawan, Prabowo Targetkan Masalah Sampah Tuntas dalam Setahun",Fakta,Liputan6 Nasional (2026-07-30)
"DKI Punya Lahan Baru 40 Hektare di Banten, Khusus untuk Sampah Organik",Fakta,Liputan6 Nasional (2026-07-30)
"Dalam Enam Bulan, 121 Hakim Diusulkan Disanksi",Fakta,Liputan6 Nasional (2026-07-30)
MK Beri Waktu Dua Tahun untuk Pisahkan Anggaran MBG dan Pendidikan,Fakta,Liputan6 Nasional (2026-07-30)
Prabowo: Kereta Api Harus Tetap Layani Kota-Kota Kecil,Fakta,Liputan6 Nasional (2026-07-30)
Putusan MK: MBG Dipisah dari Anggaran Pendidikan Paling Lambat 2028,Fakta,Liputan6 Nasional (2026-07-30)
"Survei SMRC: Gerindra Masih Teratas, tapi Elektabilitas Turun",Fakta,Liputan6 Nasional (2026-07-30)
Tan Kian dan Ferry Boboho Diperiksa Terkait Kasus TPPU Febrie,Fakta,Liputan6 Nasional (2026-07-30)
"Pelarian Berakhir, Pembunuh Wanita di Indekos Grogol Dibekuk",Fakta,Liputan6 Nasional (2026-07-30)
"Prabowo: Kereta Api Harus Layani Rakyat, Tak Sekadar Cari Untung",Fakta,Liputan6 Nasional (2026-07-30)
"Catat, Ini Aturan Bawa dan Pakai Powerbank di Pesawat",Fakta,Liputan6 Nasional (2026-07-30)
"DBH Jakarta Dipangkas, DPRD Soroti Nasib 61 Ribu Siswa",Fakta,Liputan6 Nasional (2026-07-30)
Alasan KPK Tetapkan Pegawainya jadi Tersangka di Kasus Bupati Pemalang,Fakta,Liputan6 Nasional (2026-07-30)
"Nusantara Explorer, 'Hotel Berjalan' di Atas Rel",Fakta,Liputan6 Nasional (2026-07-30)
Proyek Besar Prabowo: Bangun Jalur KA Trans Sumatra dan Kalimantan,Fakta,Liputan6 Nasional (2026-07-30)
Batik Air Buka Suara soal Insiden Power Bank Meledak di Kabin Pesawat,Fakta,Liputan6 Nasional (2026-07-30)
"Jejak Uang Bupati Pemalang, dari Pemerasan hingga Amankan KPK",Fakta,Liputan6 Nasional (2026-07-30)
Kejagung Tegaskan Penetapan Tersangka Lodewyk Sesuai Prosedur,Fakta,Liputan6 Nasional (2026-07-30)
"DPR Tanggapi Survei Kepuasan Publik Turun, Ajak Pemerintah Evaluasi",Fakta,Liputan6 Nasional (2026-07-30)
"Buang Sampah di Hutan Kota, 2 Perusahaan Didenda hingga Rp 10 Juta",Fakta,Liputan6 Nasional (2026-07-30)
Duduk Perkara Korupsi Bupati Pemalang Anom Widyantoro,Fakta,Liputan6 Nasional (2026-07-30)
"Bupati Pemalang Tersangka, Terungkap Uang untuk Urus Perkara di KPK",Fakta,Liputan6 Nasional (2026-07-30)
Bupati Pemalang Anom Widiyantoro Ditetapkan Tersangka,Fakta,Liputan6 Nasional (2026-07-30)
Momen Prabowo Jajal Kereta Baru KAI Nusantara Explorer,Fakta,Liputan6 Nasional (2026-07-30)
"Daftar Pejabat Kejagung yang Dirotasi, Ada dari Jampidsus",Fakta,Liputan6 Nasional (2026-07-30)
Sejumlah Kota Berpotensi Diguyur Hujan Hari Ini,Fakta,Liputan6 Nasional (2026-07-30)
"Prabowo Resmikan Wajah Baru Stasiun Tawang, Pertama Kali Dipugar Sejak 1914",Fakta,Liputan6 Nasional (2026-07-30)
Kasus Penganiayaan Seret Anggota DPRD Bekasi Segera Disidang,Fakta,Liputan6 Nasional (2026-07-30)
Kronologi Begal Payudara di Bogor,Fakta,Liputan6 Nasional (2026-07-30)
DPRD Jakarta Minta Trayek JakLingko Sepi Penumpang Dievaluasi,Fakta,Liputan6 Nasional (2026-07-30)
"Dugaan Jual Beli Trayek JakLingko, Anggota DPRD DKI Ngaku Pernah Ditawari Rp 4 M",Fakta,Liputan6 Nasional (2026-07-30)
"Pakai Seragam Purnawirawan, Oegroseno Penuhi Panggilan Kortas Tipidkor",Fakta,Liputan6 Nasional (2026-07-30)
Pegawai KPK Diduga Peras Bupati Pemalang,Fakta,Liputan6 Nasional (2026-07-30)
Seskab Teddy: Prabowo Bakal Jajal Kereta Nusantara Explorer,Fakta,Liputan6 Nasional (2026-07-30)
"Terungkap, Wanita Tewas di Jakbar Sempat Datangi Kos Suami",Fakta,Liputan6 Nasional (2026-07-30)
"Ditahan KPK, Bupati Pemalang Anom Widiyantoro Minta Maaf",Fakta,Liputan6 Nasional (2026-07-30)
"AI Bakal Rombak Cara Belajar, Rektor IMDE Minta Perguruan Tinggi Berbenah",Fakta,Liputan6 Nasional (2026-07-30)
Polisi Temukan Luka pada Kepala Wanita yang Tewas di Kos Grogol,Fakta,Liputan6 Nasional (2026-07-30)
"Wajah Baru Stasiun Tawang, Diresmikan Prabowo Hari Ini",Fakta,Liputan6 Nasional (2026-07-30)
Fakta Baru Kematian Dokter Internship di Apartemen Kalibata,Fakta,Liputan6 Nasional (2026-07-30)
"Prabowo Naikkan Tunjangan Kinerja TNI Setelah 8 Tahun, Ini Besarannya",Fakta,Liputan6 Nasional (2026-07-30)
"Kasus Bupati Kuansing, KPK Dalami Uang yang Seharusnya Dikembalikan Menhut",Fakta,Liputan6 Nasional (2026-07-30)
Jurus Sudaryono Benahi MBG hingga BGN,Fakta,Liputan6 Nasional (2026-07-30)
"Berawal dari Tetesan Darah, Wanita Ditemukan Tewas di Kamar Kos Grogol",Fakta,Liputan6 Nasional (2026-07-30)
"Ironi Bupati Pemalang, 17 Bulan Menjabat Kini Kena Bidikan KPK",Fakta,Liputan6 Nasional (2026-07-30)
Satu Saksi Mangkir saat Kejagung Dalami Kasus TPPU Febrie Adriansyah,Fakta,Liputan6 Nasional (2026-07-30)
"Akhir Pelarian Pelaku Gembos Ban Penggasak Rp 1,2 Miliar, Dua Masih Buron",Fakta,Liputan6 Nasional (2026-07-30)
"Kemenkes Sebut Dokter SZM Idap Masalah Kesehatan Jiwa, Diberi Obat Teratur",Fakta,Liputan6 Nasional (2026-07-30)
"Cerita Putra Papua Jhosua Lolos IPDN, Momen Dilantik Prabowo Bikin Haru",Fakta,Liputan6 Nasional (2026-07-29)
Kemenkes Ungkap 6 Dokter Internship Meninggal Mayoritas Disebabkan Sakit,Fakta,Liputan6 Nasional (2026-07-29)
Kemenkes Ungkap Hasil Investigasi Kematian Dokter Internship di Apartemen Jaksel,Fakta,Liputan6 Nasional (2026-07-29)
Dedi Mulyadi Ungkap Jaringan Begal di Jabar Mayoritas dari Lampung,Fakta,Liputan6 Nasional (2026-07-29)
"KPK Ungkap Fakta Baru Kasus Bupati Kuansing, Sita Pajero Sport Istri Kedua",Fakta,Liputan6 Nasional (2026-07-29)
"Susul Suami, Istri Bupati Pemalang Bungkam Saat Tiba di Jakarta",Fakta,Liputan6 Nasional (2026-07-29)
"BGN Ubah Strategi MBG, Daerah dengan Stunting Tinggi Kini Jadi Prioritas",Fakta,Liputan6 Nasional (2026-07-29)
"Cegah Main Hakim Sendiri, Yusril Minta Polisi dan Ulama Turun Tangan",Fakta,Liputan6 Nasional (2026-07-29)
BGN Bakal Libatkan Ahli Gizi hingga Chef di Susunan Dewan Pengawas,Fakta,Liputan6 Nasional (2026-07-29)
"Dapur MBG Disorot di Tengah Sekolah Rusak, Ini Respons Kepala BGN",Fakta,Liputan6 Nasional (2026-07-29)
"BGN Ungkap Alasan Tunggakan Rp 1,6 Triliun Mitra MBG Belum Dibayar",Fakta,Liputan6 Nasional (2026-07-29)
"Komplotan Gembos Ban Gasak Rp 1,2 M Milik Pengusaha, Satu Pelaku Dibekuk",Fakta,Liputan6 Nasional (2026-07-29)
Wapres Gibran Tegaskan Terbuka akan Kritik dan Inisiatif Anak Muda,Fakta,Liputan6 Nasional (2026-07-29)
"Geisz Chalifah Diperiksa KPK, Jadi Saksi di Kasus Batu Bara",Fakta,Liputan6 Nasional (2026-07-29)
"BGN Respons Dugaan Pemborosan Rp 10,5 Triliun Program MBG",Fakta,Liputan6 Nasional (2026-07-29)
"Bogor–Sukabumi, Saat Perjalanan Lebih Menarik daripada Tujuannya",Fakta,Liputan6 Nasional (2026-07-29)
Sudaryono: Saya Larang Keras Pejabat BGN Bertemu Diam-Diam dengan Mitra MBG,Fakta,Liputan6 Nasional (2026-07-29)
BGN Resmi Buka Layanan Aduan Program Makan Bergizi Gratis,Fakta,Liputan6 Nasional (2026-07-29)
"Survei Terbaru SMRC, Ini Sosok Capres dengan Elektabilitas Tertinggi",Fakta,Liputan6 Nasional (2026-07-29)
Satpam Otak Pencurian 1.700 Ompreng MBG di Tangsel Positif Narkoba,Fakta,Liputan6 Nasional (2026-07-29)
"Haru Pelantikan Pamong Praja Muda, Menangis di Pelukan Orang Tua",Fakta,Liputan6 Nasional (2026-07-29)
"Bupati Pemalang Ditangkap KPK, Ombudsman Bongkar 10 Aduan Warga",Fakta,Liputan6 Nasional (2026-07-29)
"Kecelakaan BYD di Tol Jagorawi, Tabrak Raize hingga Terguling",Fakta,Liputan6 Nasional (2026-07-29)
Relawan Global Sumud Flotilla Laporkan Netanyahu ke Kejagung,Fakta,Liputan6 Nasional (2026-07-29)
Pramono Ingin Bayar Transjakarta-LRT Pakai Nirsentuh,Fakta,Liputan6 Nasional (2026-07-29)
Rincian Klaster Korupsi Hasil 18 Kali OTT KPK,Fakta,Liputan6 Nasional (2026-07-29)
Bupati Pemalang Anom Widiyantoro Terjerat 2 Kasus,Fakta,Liputan6 Nasional (2026-07-29)
"Sosok Aji Bayu, Anak Buruh Bangunan NTT Lulusan Terbaik IPDN",Fakta,Liputan6 Nasional (2026-07-29)
"Sambut HUT ke-81 RI, Kemenag Gelar Zikir dan Doa Kebangsaan di Monas",Fakta,Liputan6 Nasional (2026-07-29)
"Pedagang Martabak Kemalingan saat Tidur, Kado Anak Ikut Raib",Fakta,Liputan6 Nasional (2026-07-29)
KPK Temukan Rp 2 M dalam OTT Bupati Pemalang,Fakta,Liputan6 Nasional (2026-07-29)
Koster soal Event Lari WNA di Canggu: Tak Ada Komunitas Asing Eksklusif di Bali,Fakta,Liputan6 Nasional (2026-07-29)
Lokasi Penangkapan Bupati Pemalang Ternyata di Jakarta,Fakta,Liputan6 Nasional (2026-07-29)
"Politikus PAN Ahmad Bakri Wafat, Sempat Rapat DPR Sebelum Dirawat",Fakta,Liputan6 Nasional (2026-07-29)
"OTT Bupati Pemalang, KPK Tangkap 21 Orang dari 3 Lokasi",Fakta,Liputan6 Nasional (2026-07-29)
Infografis Daftar Terbaru Bupati di Jateng Ditangkap KPK,Fakta,Liputan6 Nasional (2026-07-29)
Polisi Libatkan Puslabfor Dalami Penyebab Kematian Sutrimo,Fakta,Liputan6 Nasional (2026-07-29)
Jakarta Siap Lakukan Modifikasi Cuaca jika Kemarau Panjang,Fakta,Liputan6 Nasional (2026-07-29)
Pramono Respons Usulan Bahlil soal Bus Hidrogen,Fakta,Liputan6 Nasional (2026-07-29)
"18 OTT KPK Selama 2026, Terbaru Jerat Bupati Pemalang",Fakta,Liputan6 Nasional (2026-07-29)
Prabowo ke Lulusan IPDN: Rakyat Tak Butuh Birokrasi Berbelit,Fakta,Liputan6 Nasional (2026-07-29)
"Prabowo ke Lulusan IPDN: Kalau Ragu Ambil Keputusan, Berpihaklah pada Rakyat",Fakta,Liputan6 Nasional (2026-07-29)
Detik-detik KPK Geledah Rumah saat OTT Bupati Pemalang,Fakta,Liputan6 Nasional (2026-07-29)
Daftar Terbaru Bupati di Jateng Ditangkap KPK,Fakta,Liputan6 Nasional (2026-07-29)
Pramono Anung Resmikan Cara Baru Bayar Tiket MRT,Fakta,Liputan6 Nasional (2026-07-29)
Prabowo: Lulusan Terbaik IPDN 2026 Anak Buruh dan Petani,Fakta,Liputan6 Nasional (2026-07-29)
"OTT Bupati Pemalang, 2 Rumah dan Ruang Kepala DPUPR Digeledah",Fakta,Liputan6 Nasional (2026-07-29)
Berkas Perkara Dokter Tifa Kembali Dilimpahkan ke PN Jakarta Timur,Fakta,Liputan6 Nasional (2026-07-29)
"Prabowo Lantik 1.204 Pamong Praja Muda, Bakal Ditempatkan di Wilayah 3T",Fakta,Liputan6 Nasional (2026-07-29)
Prabowo Pimpin Pelantikan 1.204 Pamong Praja Muda IPDN Hari Ini,Fakta,Liputan6 Nasional (2026-07-29)
"Profil Anom Widiyantoro, Bupati Pemalang Ditangkap KPK",Fakta,Liputan6 Nasional (2026-07-29)
Bupati Pemalang Sempat Bertemu KPK Bahas Pencegahan Korupsi,Fakta,Liputan6 Nasional (2026-07-29)
KPK Tangkap Bupati Pemalang Anom Widiyantoro,Fakta,Liputan6 Nasional (2026-07-29)
"BGN Temukan 414 SPPG Bermasalah, Ratusan Miliar Dikembalikan ke Kas Negara",Fakta,Liputan6 Nasional (2026-07-29)
Ketika Tiket Kereta untuk Balita Dinilai Langgar Hak Konstitusional,Fakta,Liputan6 Nasional (2026-07-29)
"Terduga Pencuri Ayam Tewas Dikeroyok, Koster Singgung Peran Bendesa Adat",Fakta,Liputan6 Nasional (2026-07-29)
"Rentetan Insiden Dokter Internship Tewas, Tanggung Jawab Siapa?",Fakta,Liputan6 Nasional (2026-07-29)
MK Putuskan Gugatan Program MBG Besok,Fakta,Liputan6 Nasional (2026-07-29)
Kejagung Bongkar Peran Lodewyk Pusung di Korupsi MBG,Fakta,Liputan6 Nasional (2026-07-29)
"Buy 5 Get 1 Free, Modus Peredaran Gas Whip Pink via WhatsApp",Fakta,Liputan6 Nasional (2026-07-28)
"Kemendagri Petakan Daerah Kesulitan Bayar Gaji PPPK, PHK Diminta Ditahan",Fakta,Liputan6 Nasional (2026-07-28)
Omzet Penjualan Tabung Gas Whip Pink Rp 5 Miliar per Bulan,Fakta,Liputan6 Nasional (2026-07-28)
"LRT Jabodebek Alami Gangguan di Stasiun Cawang, Begini Kata KAI",Fakta,Liputan6 Nasional (2026-07-28)
PWI Cabut Laporan Terhadap Hotman Paris,Fakta,Liputan6 Nasional (2026-07-28)
"Prabowo Minta Antisipasi Dampak El Nino, BMKG Perkuat Modifikasi Cuaca",Fakta,Liputan6 Nasional (2026-07-28)
Bareskrim: Gas N2O Whip Pink Tak Penuhi Standar BPOM,Fakta,Liputan6 Nasional (2026-07-28)
"Ditahan KPK, Mahrus Diduga Suap Anwar Sadad Rp 1,5 M hingga Emas 1 Kg",Fakta,Liputan6 Nasional (2026-07-28)
"Rumah di Kebayoran Kebakaran, Petugas Damkar Berjibaku Padamkan Api",Fakta,Liputan6 Nasional (2026-07-28)
Wamendagri soal Sayembara Tangkap Begal: Inovasi Jangan Lemahkan Hukum,Fakta,Liputan6 Nasional (2026-07-28)
Setelah Dua Hari Mencekam Usai Bentrokan Maut Menteng,Fakta,Liputan6 Nasional (2026-07-28)
Menteri HAM Wanti-Wanti Warga Tak Main Main Hakim Sendiri,Fakta,Liputan6 Nasional (2026-07-28)
"Deputi PM Kamboja Temui Megawati, Tertarik Pelajari Pancasila",Fakta,Liputan6 Nasional (2026-07-28)
KPK Dalami Dugaan Korupsi Pengelolaan Limbah Kesehatan di Bengkulu,Fakta,Liputan6 Nasional (2026-07-28)
Kemensos Dampingi Anak Terduga Pencuri Ayam yang Tewas Diamuk Massa di Bali,Fakta,Liputan6 Nasional (2026-07-28)
23 Calon Hakim Agung dan Ad Hoc MA Lolos ke Tahap Wawancara,Fakta,Liputan6 Nasional (2026-07-28)
"Korupsi Dana Hibah Jatim, KPK Tahan Anggota DPRD Mahrus Ali",Fakta,Liputan6 Nasional (2026-07-28)
"‘Dia Orang Baik’, Cerita Teman Soal Setiawan yang Tewas Diamuk Massa",Fakta,Liputan6 Nasional (2026-07-28)
"Cegah Kebocoran Pendapatan Parkir, Dishub DKI Pasang Mata-Mata AI",Fakta,Liputan6 Nasional (2026-07-28)
Polisi Periksa 11 Saksi Kasus Jasad Satpam Jatiluhur Ditenggelamkan,Fakta,Liputan6 Nasional (2026-07-28)
Dishub DKI Siapkan Derek Gratis untuk Truk Mogok,Fakta,Liputan6 Nasional (2026-07-28)
Reaksi Hasto soal Kaesang Maju Pileg 2029 di Dapil Puan,Fakta,Liputan6 Nasional (2026-07-28)
Infografis 6 Dokter Internship yang Meninggal Sejak Februari 2026,Fakta,Liputan6 Nasional (2026-07-28)
"Prabowo Panggil Menhut, Ini yang Dibahas",Fakta,Liputan6 Nasional (2026-07-28)
Kasatgas PRR Tito Minta Daerah Tak Paksa Akhiri Masa Transisi Bencana,Fakta,Liputan6 Nasional (2026-07-28)
SMRC Ungkap Survei Tingkat Keyakinan Publik Terhadap KDMP,Fakta,Liputan6 Nasional (2026-07-28)
"SMRC Petakan Respons Publik Terkait Program MBG, Apa Hasilnya?",Fakta,Liputan6 Nasional (2026-07-28)
"Kejagung Ungkap Pemborosan Rp 10,5 Triliun di MBG",Fakta,Liputan6 Nasional (2026-07-28)
"Tawuran Maut di Cilincing, Pemuda Tewas dengan Tangan Putus",Fakta,Liputan6 Nasional (2026-07-28)
Kejagung Ungkap Chat Eks Wakil Kepala BGN dan Istri Jadi Bukti Kasus MBG,Fakta,Liputan6 Nasional (2026-07-28)
BGN Diminta Beri Sanksi Dapur MBG Pakai Barang Subsidi,Fakta,Liputan6 Nasional (2026-07-28)
"Di Balik Pertemuan Dasco, Hotman Paris dan Ketum PWI",Fakta,Liputan6 Nasional (2026-07-28)
"DBH Belum Cair, DPRD DKI Ungkap Dampaknya Bagi Pembangunan Jakarta",Fakta,Liputan6 Nasional (2026-07-28)
Kejagung Minta Hakim Tolak Praperadilan Lodewyk Pusung,Fakta,Liputan6 Nasional (2026-07-28)
Sekjen Hasto Ingatkan URI Jangan Tumpang Tindih dengan Lemhannas dan PTN,Fakta,Liputan6 Nasional (2026-07-28)
Kondisi TKP Dokter Internship Tewas di Apartemen Kalibata,Fakta,Liputan6 Nasional (2026-07-28)
KPK Bicara Peluang Panggil Perry Warjiyo di Kasus CSR BI-OJK,Fakta,Liputan6 Nasional (2026-07-28)
"Kapal Induk Giuseppe Garibaldi Tampil di HUT TNI, Persiapan Dikebut",Fakta,Liputan6 Nasional (2026-07-28)
"Aksi Main Hakim Sendiri Kian Marak, Saat Emosi Kalahkan Hukum",Fakta,Liputan6 Nasional (2026-07-28)
Aturan Tiket Kereta untuk Anak Digugat ke MK,Fakta,Liputan6 Nasional (2026-07-28)
Momen Menteri LH Jumhur Menangis Saat Bela Program MBG,Fakta,Liputan6 Nasional (2026-07-28)
Pemkab Bogor Lirik Program Penghijauan Jadi Sumber Ekonomi,Fakta,Liputan6 Nasional (2026-07-28)
Momen Seskab Teddy-Pramono Anung Nostalgia Pertemuan 10 Tahun Lalu,Fakta,Liputan6 Nasional (2026-07-28)
Pramono Minta Bentrokan di Menteng Tak Dikaitkan dengan Isu Etnis,Fakta,Liputan6 Nasional (2026-07-28)
"Pramono Optimis Obligasi Rp 3,5 T Tak Bebani Keuangan Jakarta",Fakta,Liputan6 Nasional (2026-07-28)
Apartemen di Jaksel Jadi Gudang Vape Narkoba,Fakta,Liputan6 Nasional (2026-07-28)
Terungkap Sosok Pemilik Alphard Viral di Bundaran HI,Fakta,Liputan6 Nasional (2026-07-28)
Beasiswa LPDP DKI Butuh Rp 2 M per Mahasiswa,Fakta,Liputan6 Nasional (2026-07-28)
Polri Tegaskan Tak Ada Impunitas bagi Anggota Terlibat Narkoba,Fakta,Liputan6 Nasional (2026-07-28)
Pemkab Melawi Ungkap Penyebab Adegan Tak Senonoh Tayang di Videotron,Fakta,Liputan6 Nasional (2026-07-28)
KPK Periksa Plt Gubernur Riau soal Uang Hasil Penggeledahan,Fakta,Liputan6 Nasional (2026-07-28)
DPRD Usul 50% Anggaran LPDP Jakarta Dialihkan Buat Sekolah Gratis dan SLB,Fakta,Liputan6 Nasional (2026-07-28)
Adegan Tak Pantas Muncul di Videotron Kabupaten Melawi,Fakta,Liputan6 Nasional (2026-07-28)
Pramono Minta Warga Tak Terprovokasi Usai Bentrokan di Menteng,Fakta,Liputan6 Nasional (2026-07-28)
Hari-Hari Febrie Setelah Dibui,Fakta,Liputan6 Nasional (2026-07-28)
Febrie Adriansyah Pertanyakan Dasar Penetapan Tersangka TPPU,Fakta,Liputan6 Nasional (2026-07-28)
Fakta-fakta Kematian Tragis Dokter Internship di Apartemen Kalibata,Fakta,Liputan6 Nasional (2026-07-28)
Wakapolres Tangerang Selatan Buka Suara Usai 7 Anak Buah Ditangkap Bareskrim,Fakta,Liputan6 Nasional (2026-07-28)
Gebrakan Sudaryono 5 Hari Pimpin BGN,Fakta,Liputan6 Nasional (2026-07-28)
DPR: Marak Main Hakim Sendiri Tanda Lemahnya Kepercayaan ke Penegak Hukum,Fakta,Liputan6 Nasional (2026-07-28)
"Viral Isu Ajudan Eks Jampidsus Febrie Tewas Ditembak, Ini Kata Polisi",Fakta,Liputan6 Nasional (2026-07-27)
"Sungai Jadi Investasi Kehidupan, Khofifah Dorong Pelestarian",Fakta,Liputan6 Nasional (2026-07-27)
Kejagung Panggil 9 Saksi Kasus TPPU Febrie Adriansyah,Fakta,Liputan6 Nasional (2026-07-27)
"Dua Kelompok Bentrok di Menteng Berdamai, Minta Proses Hukum Tetap Lanjut",Fakta,Liputan6 Nasional (2026-07-27)
"Bukan Peredaran Etomidate, Ini Kasus yang Menjerat Kasat Narkoba Tangsel",Fakta,Liputan6 Nasional (2026-07-27)
Pelatihan Komposter Dorong Warga Grogol Selatan Kelola Sampah Mandiri,Fakta,Liputan6 Nasional (2026-07-27)
Kuasa Hukum Ungkap Kondisi Febrie Adriansyah di Rutan KPK,Fakta,Liputan6 Nasional (2026-07-27)
BGN Beberkan Tiga Fokus Pembenahan Program MBG,Fakta,Liputan6 Nasional (2026-07-27)
Kubu Febrie Adriansyah Buka Suara soal Kabar Meninggalnya Sutrimo,Fakta,Liputan6 Nasional (2026-07-27)
"BGN Pastikan Mitra MBG Tak Dirugikan, Siapkan Skema Penyelesaian Adil",Fakta,Liputan6 Nasional (2026-07-27)
"Kesaksian Warga, Klinik Tempat Sutrimo Terkapar Lama Tak Beroperasi",Fakta,Liputan6 Nasional (2026-07-27)
Polisi Bakal Bongkar Makam Sutrimo,Fakta,Liputan6 Nasional (2026-07-27)
"BGN Pecat 261 Pegawai, Ada yang Terlibat Judol hingga Makan Uang MBG",Fakta,Liputan6 Nasional (2026-07-27)
Infografis 10 Provinsi dengan Jumlah PHK Terbanyak,Fakta,Liputan6 Nasional (2026-07-27)
Kemendagri Dorong Bulog dan Pemda Gencarkan Pangan Murah,Fakta,Liputan6 Nasional (2026-07-27)
Prabowo Minta Kampus dan PT PAL Bangun Industri Perkapalan Nasional,Fakta,Liputan6 Nasional (2026-07-27)
140 Mahasiswa dari 13 Negara Belajar Keberlanjutan dan Budaya Indonesia,Fakta,Liputan6 Nasional (2026-07-27)
Keluarga Sutrimo Diminta Lapor Polisi Jika Temukan Kejanggalan,Fakta,Liputan6 Nasional (2026-07-27)
"Tak Terima Diputusin, Pria Aniaya Mantan Pacar di Mal Depok",Fakta,Liputan6 Nasional (2026-07-27)
Makna Monumen Kudatuli di Mata Megawati,Fakta,Liputan6 Nasional (2026-07-27)
"Sebelum Ditangkap, Kasat Narkoba Tangsel Sempat Terima Penghargaan",Fakta,Liputan6 Nasional (2026-07-27)
Megawati: Kudatuli Jangan Terulang Lagi,Fakta,Liputan6 Nasional (2026-07-27)
KPK: Tak Ada Perlakuan Istimewa ke Eks Jampidsus Febrie di Rutan,Fakta,Liputan6 Nasional (2026-07-27)
Kepala BGN Larang Dapur MBG Pakai Barang Subsidi: Kita Tutup Kalau Ngeyel,Fakta,Liputan6 Nasional (2026-07-27)
"Kasus Bentrokan Menteng Belum Usai, Tersangka Bisa Bertambah",Fakta,Liputan6 Nasional (2026-07-27)
"Jadi Gubernur BI Sementara, Destry Langsung Dipanggil Prabowo",Fakta,Liputan6 Nasional (2026-07-27)
"Sopir Truk Tewas, Korban Kecelakaan Maut di Gempol Pasuruan Jadi 4 Orang",Fakta,Liputan6 Nasional (2026-07-27)
Ini Pelanggaran yang Bisa Bikin Kepala SPPG Langsung Dipecat,Fakta,Liputan6 Nasional (2026-07-27)
Wamendagri Dorong Transformasi Kepemimpinan Perempuan di Daerah,Fakta,Liputan6 Nasional (2026-07-27)
"Megawati Resmikan Monumen Kudatuli, Kenang Tragedi 27 Juli 1996",Fakta,Liputan6 Nasional (2026-07-27)
"Mendiktisaintek Dipanggil Prabowo, Siapkan Data Program Kampus",Fakta,Liputan6 Nasional (2026-07-27)
"Tak Cuma Pakai Narkoba, 6 Polisi Tangsel Diduga Terlibat Pemerasan",Fakta,Liputan6 Nasional (2026-07-27)
Seskab Teddy Sambut Pramono Anung Kembali ke Kantor Lamanya,Fakta,Liputan6 Nasional (2026-07-27)
Kasat Narkoba Polres Tangsel dan Anggota Diserahkan ke Paminal,Fakta,Liputan6 Nasional (2026-07-27)
Daftar Nama Anggota Polres Tangsel yang Terlibat Kasus Narkoba,Fakta,Liputan6 Nasional (2026-07-27)
"Sudaryono Bekukan 833 Dapur MBG, Pecat 261 Pegawai Non-ASN",Fakta,Liputan6 Nasional (2026-07-27)
Polisi Ungkap Dua Kelompok di Balik Bentrokan Maut Menteng,Fakta,Liputan6 Nasional (2026-07-27)
Puslabfor Kembali Olah TKP Kematian Sutrimo di Klinik Kecantikan,Fakta,Liputan6 Nasional (2026-07-27)
"Pascabentrokan Menteng, Polisi Perkuat Pengamanan di Tiga Titik",Fakta,Liputan6 Nasional (2026-07-27)
Polres Jakpus Limpahkan Kasus Bentrokan Menteng ke Polda Metro,Fakta,Liputan6 Nasional (2026-07-27)
"Momen Pertemuan Prabowo, SBY dan Jokowi",Fakta,Liputan6 Nasional (2026-07-27)
"Dampak Bentrokan Maut Menteng, 2 Sekolah Terkena Imbas",Fakta,Liputan6 Nasional (2026-07-27)
Kasat Narkoba Tangerang Selatan AKP Pardiman Diserahkan ke Paminal,Fakta,Liputan6 Nasional (2026-07-27)
Persetujuan Anggaran Pascabencana Sumatera Perlu Dipercepat,Fakta,Liputan6 Nasional (2026-07-27)
Penampakan Klinik Kecantikan Tempat Sutrimo Terkapar,Fakta,Liputan6 Nasional (2026-07-27)
Dokter Internship Tewas Jatuh dari Lantai 18 Apartemen Kalibata,Fakta,Liputan6 Nasional (2026-07-27)
Penangkapan Pejabat Polres Tangsel dan 7 Polisi Terkait Kasus Narkoba,Fakta,Liputan6 Nasional (2026-07-27)
"Usut Kematian Sutrimo, Polisi Sebut TKP Penemuan Jasad Sudah Tak Steril",Fakta,Liputan6 Nasional (2026-07-27)
"Pascabentrokan Maut, 188 Personel Masih Disiagakan di Jalan Tambak",Fakta,Liputan6 Nasional (2026-07-27)
Dudung Kecam Amuk Massa di Bali yang Tewaskan Terduga Pencuri Ayam,Fakta,Liputan6 Nasional (2026-07-27)
Menengok Jejak Sisa Bentrok di Menteng,Fakta,Liputan6 Nasional (2026-07-27)
"Pagi Mencekam di Tambak, Menteng",Fakta,Liputan6 Nasional (2026-07-27)
Kebakaran Rumah di Pulogadung Tewaskan 1 Penghuni,Fakta,Liputan6 Nasional (2026-07-26)
Hasto Ungkit Kudatuli: Akar Rumput Tak Pernah Bisa Dicabut Kekuasaan,Fakta,Liputan6 Nasional (2026-07-26)
Mendagri Tito: Lulusan IPDN Banyak Diminati Kepala Daerah,Fakta,Liputan6 Nasional (2026-07-26)
"30 Tahun Kudatuli, Megawati Resmikan Monumen di Kantor PDIP Besok",Fakta,Liputan6 Nasional (2026-07-26)
"Prabowo Bentuk 7 Kejaksaan Negeri Baru, Ini Daftarnya",Fakta,Liputan6 Nasional (2026-07-26)
Polisi Pecah Kasus Bentrokan Maut Menteng Jadi 3 Klaster,Fakta,Liputan6 Nasional (2026-07-26)
Menko Yusril soal Sayembara Begal: Penegakan Hukum Tugas Aparat,Fakta,Liputan6 Nasional (2026-07-26)
"30 Tahun Peristiwa Kudatuli, PDIP Desak Aktor Intelektual Diungkap",Fakta,Liputan6 Nasional (2026-07-26)
3 Terduga Pelaku Bentrokan Maut Menteng Ditangkap,Fakta,Liputan6 Nasional (2026-07-26)
Polisi Selidiki Kematian Pria Bernama Sutrimo di Kebayoran Baru,Fakta,Liputan6 Nasional (2026-07-26)
"Bandingkan dengan Eks Jampidsus, Hasto: Saya Diborgol dan Pakai Rompi",Fakta,Liputan6 Nasional (2026-07-26)
Penjaga Warteg Ungkap Detik-detik Bentrokan Maut di Menteng,Fakta,Liputan6 Nasional (2026-07-26)
"Update Bentrokan Maut di Menteng, Empat Orang Dirawat di Rumah Sakit",Fakta,Liputan6 Nasional (2026-07-26)
Ganjar Respons Kaesang Nyaleg: Jateng Masih Kandang Banteng,Fakta,Liputan6 Nasional (2026-07-26)
Tangis Hasto Pecah Saat Teatrikal Kudatuli Dipentaskan,Fakta,Liputan6 Nasional (2026-07-26)
"Situasi Terkini Bentrok Warga di Menteng, Motor Hangus Masih Terlihat",Fakta,Liputan6 Nasional (2026-07-26)
Kasus Korupsi Bupati Rejang Lebong Merembet ke Pemkot Bengkulu,Fakta,Liputan6 Nasional (2026-07-26)
Survei Terbaru SMRC Terkait Kepuasan Publik Terhadap Kinerja Prabowo,Fakta,Liputan6 Nasional (2026-07-26)
Mobil Terbakar Depan SPBU Tanjung Barat,Fakta,Liputan6 Nasional (2026-07-26)
Polisi Pastikan Tak Ada Rumah Ibadah Dirusak saat Bentrokan di Menteng,Fakta,Liputan6 Nasional (2026-07-26)
"Kronologi Bentrok Maut di Menteng, Dipicu Sarapan Nasi Uduk",Fakta,Liputan6 Nasional (2026-07-26)
"Satu Orang Tewas Akibat Bentrokan di Menteng, Satu Kritis di Rumah Sakit",Fakta,Liputan6 Nasional (2026-07-26)
"Bentrok Warga Pecah di Menteng, Dua Orang Dilarikan ke Rumah Sakit",Fakta,Liputan6 Nasional (2026-07-26)
Mendagri Tito Minta Lulusan IPDN Jaga Integritas hingga Akhir Karier,Fakta,Liputan6 Nasional (2026-07-26)
"KemenHAM Kecam Pengeroyokan Maling Ayam hingga Tewas, Dorong Proses Hukum",Fakta,Liputan6 Nasional (2026-07-26)
"Viral Honda Scoopy Raib dalam 2 Menit, Aksi Terekam CCTV",Fakta,Liputan6 Nasional (2026-07-26)
"Kaesang Umumkan Maju Caleg DPR Dapil V Jateng, Bersaing dengan Puan",Fakta,Liputan6 Nasional (2026-07-26)
Kemensos Salurkan Bantuan untuk Warga Terdampak Kebakaran Kampung Adat Sukabumi,Fakta,Liputan6 Nasional (2026-07-26)
Korlantas Luruskan Isu Ban Gundul Denda Rp 250 Ribu,Fakta,Liputan6 Nasional (2026-07-26)
Pesan Gus Ipul ke DNIKS di HUT ke-59,Fakta,Liputan6 Nasional (2026-07-26)
Kemensos Gandeng ICW Cegah Korupsi Program Sekolah Rakyat,Fakta,Liputan6 Nasional (2026-07-26)
Mendagri Harap Piala Presiden 2026 Jadi Ajang Lahirkan Bintang Timnas,Fakta,Liputan6 Nasional (2026-07-26)
"KPK Geledah Rumah Kadis PUPR Bengkulu, Ini yang Ditemukan",Fakta,Liputan6 Nasional (2026-07-26)
Gibran Kembali Tegaskan Urgensi RUU Perampasan Aset,Fakta,Liputan6 Nasional (2026-07-26)
Gudang Konveksi di Jakut Kebakaran,Fakta,Liputan6 Nasional (2026-07-26)
Aktivitas Terakhir Jubir Otorita IKN Sebelum Ditemukan Meninggal,Fakta,Liputan6 Nasional (2026-07-26)
"Satpam Waduk Jatiluhur Ditemukan Tewas Mengapung, Tangannya Terborgol",Fakta,Liputan6 Nasional (2026-07-26)
Kesaksian Rekan Kerja saat Temukan Jubir Otorita IKN Meninggal,Fakta,Liputan6 Nasional (2026-07-26)
Kronologi Jubir Otorita IKN Troy Pantouw Ditemukan Meninggal di Rusun ASN,Fakta,Liputan6 Nasional (2026-07-26)
Wacana Bansos Lewat Kopdes Ternyata Belum Pernah Dibahas DPR,Fakta,Liputan6 Nasional (2026-07-26)
Rano Karno Siap Kirim Bantuan Air ke Tangerang,Fakta,Liputan6 Nasional (2026-07-25)
Seskab Teddy Bocorkan Deretan Event Besar Indonesia 2026-2027,Fakta,Liputan6 Nasional (2026-07-25)
TNI Klarifikasi Video Viral Dobrak Pintu Kantor Bupati Intan Jaya,Fakta,Liputan6 Nasional (2026-07-25)
"Diduga Salip dari Kiri, Pemotor Terlindas Bus Transjakarta di Sudirman",Fakta,Liputan6 Nasional (2026-07-25)
Terungkap Penyebab Kerumunan Pemotor Viral di Bundaran HI,Fakta,Liputan6 Nasional (2026-07-25)
KPAI Desak Pemerintah Jamin Hak Pendidikan Anak dengan HIV/AIDS,Fakta,Liputan6 Nasional (2026-07-25)
"Febrie Adriansyah Belum Diizinkan Dijenguk, Ini Penjelasan Kuasa Hukum",Fakta,Liputan6 Nasional (2026-07-25)
"Buntut Alphard Viral, Pelican Crossing Bakal Diawasi Ketat",Fakta,Liputan6 Nasional (2026-07-25)
2 Pelaku Curanmor yang Tembak Tukang Ojek Matraman Ditangkap di Lampung Timur,Fakta,Liputan6 Nasional (2026-07-25)
KPID DKI Jakarta Dorong Publik Pilih Informasi Terverifikasi,Fakta,Liputan6 Nasional (2026-07-25)
Sopir Alphard Cekcok dengan Satpam di Bundaran HI Ditilang,Fakta,Liputan6 Nasional (2026-07-25)
DPR Soroti Rompi Tahanan Febrie Andriansyah yang Tak Dipakai,Fakta,Liputan6 Nasional (2026-07-25)
"Sampah Jakarta 9.059 Ton per Hari, Didominasi Sisa Makanan",Fakta,Liputan6 Nasional (2026-07-25)
Dasar Penahanan Febrie Adriansyah di Rutan KPK,Fakta,Liputan6 Nasional (2026-07-25)
Terungkap Pemicu Cekcok yang Bikin Anggota TNI Tewas Dikeroyok: Berebut Taichan,Fakta,Liputan6 Nasional (2026-07-25)
PDIP: Jangan Coba-Coba Pecah Belah NU Demi Ambisi Kekuasaan,Fakta,Liputan6 Nasional (2026-07-25)
"Kuota Internet Tidak Hangus, Operator Seluler Diminta Transparan",Fakta,Liputan6 Nasional (2026-07-25)
"Bantah Aset Febrie, Kubu Don Ritto Sebut Pemilik Uang dan Emas Bakal Praperadilan",Fakta,Liputan6 Nasional (2026-07-25)
"Melawan Arogan, Menolak Lupa Sejarah Lahirnya Satpam",Fakta,Liputan6 Nasional (2026-07-25)
"Siswa Secata TNI AD Ditemukan Tewas Tergantung, Kodam Ungkap Hasil Investigasi",Fakta,Liputan6 Nasional (2026-07-25)
KPK Tegaskan Pemeriksaan Febrie Tetap Kewenangan Kejagung,Fakta,Liputan6 Nasional (2026-07-25)
"17 Kepala Daerah Kena OTT, Kemendagri dan KPK Bergerak ke 10 Klaster",Fakta,Liputan6 Nasional (2026-07-25)
"Hari Anak Nasional 2026: Kisah Veronika, Nasabah PNM Mekaar yang Berjuang Demi Masa Depan ...",Fakta,Liputan6 Nasional (2026-07-25)
Di Atas Roda Membelah Jantung Jakarta,Fakta,Liputan6 Nasional (2026-07-25)
Febrie Adriansyah Buka Suara soal Temuan Emas 74 Kg di Rumah Sentul,Fakta,Liputan6 Nasional (2026-07-25)
"KPK Bantah Kriminalisasi Febrie Adriansyah, Sebut Penahanan Sesuai SOP",Fakta,Liputan6 Nasional (2026-07-25)
Kejagung Minta Publik Hormati Asas Praduga Tak Bersalah Kasus Febrie,Fakta,Liputan6 Nasional (2026-07-25)
KPK Jelaskan Proses Penahanan Febrie Adriansyah 20 Hari ke Depan,Fakta,Liputan6 Nasional (2026-07-25)
Penyidik Masih Rahasiakan Modus Eks Jampidsus Febrie Lakukan TPPU,Fakta,Liputan6 Nasional (2026-07-25)
Penampakan Eks Jampidsus Febrie Adriansyah di Rutan KPK,Fakta,Liputan6 Nasional (2026-07-25)
"Buru-Buru, Alasan Febrie Adriansyah Tak Pakai Rompi Pink Saat Ditahan",Fakta,Liputan6 Nasional (2026-07-25)
Alasan Kejagung Tahan Febrie Adriansyah di Rutan KPK,Fakta,Liputan6 Nasional (2026-07-25)
Febrie Adriansyah Protes Ditahan: Alat Bukti Belum Cukup,Fakta,Liputan6 Nasional (2026-07-25)
"Ditahan Kejagung, Eks Jampidsus Febrie Merasa Dikriminalisasi",Fakta,Liputan6 Nasional (2026-07-24)
Eks Jampidsus Febrie Adriansyah Ditetapkan Tersangka TPPU,Fakta,Liputan6 Nasional (2026-07-24)
Eks Jampidsus Febrie Adriansyah Ditahan,Fakta,Liputan6 Nasional (2026-07-24)
Ketua KPK Ingatkan Kepala Daerah: Jabatan Bukan untuk Dipuja dan Disembah,Fakta,Liputan6 Nasional (2026-07-24)
Kemendagri Gandeng KPK Perkuat Pencegahan Tindak Pidana Korupsi di Daerah,Fakta,Liputan6 Nasional (2026-07-24)
Polisi Buka Suara soal Alphard Cekcok dengan Satpam Pakai Pelat Palsu,Fakta,Liputan6 Nasional (2026-07-24)
Terungkap Status Alphard Ditumpangi 3 Polisi Saat Cekcok dengan Satpam,Fakta,Liputan6 Nasional (2026-07-24)
Alasan Satpam Fiktor Sujud ke Polisi Penumpang Alphard,Fakta,Liputan6 Nasional (2026-07-24)
Cekcok Polisi Pengemudi Alphard dan Satpam Diselesaikan Kekeluargaan,Fakta,Liputan6 Nasional (2026-07-24)
Alasan Alphard Ditumpangi 3 Polisi Terobos Lampu Merah di Bundaran HI,Fakta,Liputan6 Nasional (2026-07-24)
"Cekcok dengan Satpam, Sopir dan Penumpang Alphard Ternyata Polisi Polda Jabar",Fakta,Liputan6 Nasional (2026-07-24)
"Bansos Lewat Koperasi Merah Putih, Anggota DPR Ingatkan Jangan Rugikan Warga",Fakta,Liputan6 Nasional (2026-07-24)
"Daftar Sekolah di Jakarta Bakal Direnovasi Tahun Ini, Segini Anggarannya",Fakta,Liputan6 Nasional (2026-07-24)
Pramono Ungkap Alasan Tak Semua Sekolah Rusak Langsung Direnovasi,Fakta,Liputan6 Nasional (2026-07-24)
"Janjian Kencan Lewat Media Sosial, Warga Depok jadi Korban Begal",Fakta,Liputan6 Nasional (2026-07-24)
Melihat Lebih Dekat Pelican Crossing Bundaran HI Usai Viral Cekcok Satpam vs Sopir Alphard,Fakta,Liputan6 Nasional (2026-07-24)
Polri Luruskan Peran Bhabinkamtibmas dalam Pengawasan Pajak,Fakta,Liputan6 Nasional (2026-07-24)
Polisi Dalami Kaitan Laporan Hotman dengan Kematian Pengacara Rocky Martin,Fakta,Liputan6 Nasional (2026-07-24)
"Gara-Gara Bakar Sampah Sembarangan, Api Melahap Warung dan Mobil di Tangerang",Fakta,Liputan6 Nasional (2026-07-24)
"Jamwas Tegaskan Kasus Febrie Sah Ditangani Kejagung, Rujuk Perkara Asabri",Fakta,Liputan6 Nasional (2026-07-24)
Dasco Terima Aspirasi APKASI soal Efisiensi Anggaran,Fakta,Liputan6 Nasional (2026-07-24)
Babak Baru Temuan Emas dan Uang di Rumah Eks Jampidsus Febrie,Fakta,Liputan6 Nasional (2026-07-24)
"Kisah 105 TKI: Dijanjikan Kerja di Turki, Malah Dijual ke Libya",Fakta,Liputan6 Nasional (2026-07-24)
"Viral Xpander Tutup Pelat Nomor Pakai Lakban, Polisi Hanya Beri Teguran",Fakta,Liputan6 Nasional (2026-07-24)
Pramono Pastikan Perbaikan SDN Kebayoran Lama Dimulai September,Fakta,Liputan6 Nasional (2026-07-24)
Pramono Perintahkan Evaluasi Bangunan Sekolah Rusak,Fakta,Liputan6 Nasional (2026-07-24)
KPK Terima Permintaan Supervisi Kasus TPPU Febrie Adriansyah,Fakta,Liputan6 Nasional (2026-07-24)
Jamwas Rudi Margono Pimpin Tim 9 Usut Kasus Febrie Adriansyah,Fakta,Liputan6 Nasional (2026-07-24)
Kejagung: Nama di BAP Sony Sonjaya Belum Tentu Bersalah,Fakta,Liputan6 Nasional (2026-07-24)
Anggota DPR Desak Operator Jalankan Putusan MK soal Kuota Internet,Fakta,Liputan6 Nasional (2026-07-24)
"Demo di Kejagung, Massa Lempar Tikus",Fakta,Liputan6 Nasional (2026-07-24)
Pengakuan Satpam Fiktor Soal Sujud ke Sopir Alphard,Fakta,Liputan6 Nasional (2026-07-24)
"Bertemu Lagi dengan Sopir Alphard di Polsek Menteng, Ini Keinginan Satpam Fiktor",Fakta,Liputan6 Nasional (2026-07-24)
Eks Jampidsus Febrie Adriansyah Jalani Pemeriksaan di Kejagung,Fakta,Liputan6 Nasional (2026-07-24)
Wakil Jaksa Agung Bantah Rotasi Pejabat Kejagung Terkait Kasus Febrie,Fakta,Liputan6 Nasional (2026-07-24)
"Sahroni: Tangkap Sopir Alphard yang Cekcok dengan Satpam, Siapapun Majikannya",Fakta,Liputan6 Nasional (2026-07-24)
Perusahaan Lindungi Satpam yang Cekcok dengan Pengemudi Alphard,Fakta,Liputan6 Nasional (2026-07-24)
DPR Pertanyakan Urgensi Pembentukan URI,Fakta,Liputan6 Nasional (2026-07-24)
Kejagung Sebut Febrie Adriansyah Masih Terima Gaji dan Berstatus Jaksa,Fakta,Liputan6 Nasional (2026-07-24)
Kejagung Luruskan Status Hukum Febrie di 4 Sprindik,Fakta,Liputan6 Nasional (2026-07-24)
Operator Diminta Jangan Akali Putusan MK soal Sisa Kuota Internet,Fakta,Liputan6 Nasional (2026-07-24)
Bayang-bayang Begal Menghantui Bandung,Fakta,Liputan6 Nasional (2026-07-24)
Kejagung Pastikan Penanganan Kasus Febrie Disupervisi KPK,Fakta,Liputan6 Nasional (2026-07-24)
Kejagung Tegaskan Status Eks Jampidsus Febrie Masih Saksi,Fakta,Liputan6 Nasional (2026-07-24)
Jamwas Ungkap Alasan Terbitkan Sprindik Baru di Kasus Febrie,Fakta,Liputan6 Nasional (2026-07-24)
Teror di Jalan dan Sayembara Memburu Begal di Jabar,Fakta,Liputan6 Nasional (2026-07-24)
"KPK Geledah Sejumlah Tempat di Lombok Barat, Ada Dokumen PUPR",Fakta,Liputan6 Nasional (2026-07-24)
Penjelasan Kejagung soal Pemeriksaan Eks Jampidsus Febrie Sebagai Saksi,Fakta,Liputan6 Nasional (2026-07-24)
Jamwas Buka Peluang Jemput Paksa Febrie Adriansyah,Fakta,Liputan6 Nasional (2026-07-24)
Janji Jampidsus Kuntadi Usai Dilantik,Fakta,Liputan6 Nasional (2026-07-24)
Pesan Pertama Wakil Jaksa Agung Usai Dilantik,Fakta,Liputan6 Nasional (2026-07-24)
Penampakan Tabrakan Beruntun di Tol JORR,Fakta,Liputan6 Nasional (2026-07-24)
"Kasus Bupati Kuansing, KPK Periksa Pejabat Kementerian",Fakta,Liputan6 Nasional (2026-07-24)
Pengakuan Satpam Usai Cekcok dengan Pengemudi Alphard di HI,Fakta,Liputan6 Nasional (2026-07-24)
"Bela Satpam, Pramono Singgung Pelat Palsu Alphard",Fakta,Liputan6 Nasional (2026-07-24)
Ribuan Orang Gotong Royong Bersihkan Pantai Ancol Plengsengan Banyuwangi,Fakta,Liputan6 Nasional (2026-07-24)
Radio Komunitas Koperasi Merah Putih Resmi Mengudara di Banyuwangi,Fakta,Liputan6 Nasional (2026-07-24)
"Tak Ada PHK di Telkom, Dasco Kawal Kesepakatan Tripartit",Fakta,Liputan6 Nasional (2026-07-24)
"Ada Demo di 4 Titik Jakarta, 687 Polisi Disiagakan",Fakta,Liputan6 Nasional (2026-07-24)
"Dana Satwa Dikorupsi, Sahroni Desak Audit Kebun Binatang",Fakta,Liputan6 Nasional (2026-07-24)
Kemenpar Hibahkan Lahan 5 Ha untuk Sekolah Rakyat,Fakta,Liputan6 Nasional (2026-07-24)
BMKG Prediksi Sejumlah Kota Berpeluang Diguyur Hujan,Fakta,Liputan6 Nasional (2026-07-24)
134 Karya Siswa Sekolah Rakyat Semarakkan Lomba Fotografi Awan Cerah 2026 di TIM,Fakta,Liputan6 Nasional (2026-07-24)
"Hindari Tilang, Kenali 4 Tanda Ban Gundul Wajib Diganti",Fakta,Liputan6 Nasional (2026-07-24)
Sepeda Motor Pakai Ban Gundul Kena Tilang Rp 250 Ribu,Fakta,Liputan6 Nasional (2026-07-24)
Cak Imin Sebut Aksi Prabowo Selamatkan SDA Bukan Retorika,Fakta,Liputan6 Nasional (2026-07-24)
Kabar Bahagia Sisa Kuota Internet Tak Boleh Hangus,Fakta,Liputan6 Nasional (2026-07-24)
Cak Imin: PKB Akan Terus Bersama Pak Prabowo,Fakta,Liputan6 Nasional (2026-07-24)
"Bus Open Dining: Sensasi Makan Malam di Bus Transjakarta, Segini Tarifnya",Fakta,Liputan6 Nasional (2026-07-24)
"Cekcok Satpam dan Sopir Alphard, Polisi Selidiki Pengakuan Diminta Bersujud",Fakta,Liputan6 Nasional (2026-07-23)
Samin Tan Segera Duduk di Kursi Pesakitan,Fakta,Liputan6 Nasional (2026-07-23)
Teddy Ungkap Isi Diskusi dengan Dasco dan Prasetyo di Teras Istana Merdeka,Fakta,Liputan6 Nasional (2026-07-23)
PPATK: Perputaran Dana Judol Turun 20 Persen di Era Prabowo,Fakta,Liputan6 Nasional (2026-07-23)
"Yane Bima Arya Harap Setiap Anak Dapat Pelindungan, Kasih Sayang, dan Rasa Aman",Fakta,Liputan6 Nasional (2026-07-23)
Penyelidikan Kematian Dokter Koas UI di Lampung Disetop,Fakta,Liputan6 Nasional (2026-07-23)
Prabowo Guyon Pengakuan Dosa di Harlah PKB,Fakta,Liputan6 Nasional (2026-07-23)
Prabowo Terharu Disambut Kaus 'Prabowonomics': PKB Boleh Juga,Fakta,Liputan6 Nasional (2026-07-23)
Momen Prabowo Sapa Bahlil di Harlah PKB: Katanya MBG 'Mas Bahlil Ganteng',Fakta,Liputan6 Nasional (2026-07-23)
"Prabowo dan Gibran Hadiri Harlah PKB, Disambut Kader Berkaus 'Prabowonomics'",Fakta,Liputan6 Nasional (2026-07-23)
Duduk Perkara Cekcok Sopir Alphard di Bundaran HI versi Satpam,Fakta,Liputan6 Nasional (2026-07-23)
Polisi Ungkap 2 Kasus Berbeda di Balik Tewasnya Anak Punk,Fakta,Liputan6 Nasional (2026-07-23)
Instruksi Prabowo: Semua Kementerian Harus Dukung Koperasi Merah Putih,Fakta,Liputan6 Nasional (2026-07-23)
Duduk Perkara 5 kampus Besar Buka Gaji Dosen di MK,Fakta,Liputan6 Nasional (2026-07-23)
Putusan MK: Sisa Kuota Internet Tidak Boleh Hangus,Fakta,Liputan6 Nasional (2026-07-23)
DWP Kemendagri Asah Kreativitas Anggota Lewat Pelatihan Decoupage,Fakta,Liputan6 Nasional (2026-07-23)
"Mendikti Buka Suara Soal URI, Tegaskan Tak Membawahi Seluruh Kampus",Fakta,Liputan6 Nasional (2026-07-23)
"Mulai September 2026, Bansos Disalurkan Lewat Koperasi Desa Merah Putih",Fakta,Liputan6 Nasional (2026-07-23)
"Infografis Giuseppe Garibaldi, Spesifikasi Kapal Induk Pertama Indonesia",Fakta,Liputan6 Nasional (2026-07-23)
"Hakim Sebut Dakwaan Kasus Dokter Tifa Tak Cermat, Kubu Jokowi: Tinggal Perbaiki",Fakta,Liputan6 Nasional (2026-07-23)
"Polri: PHK Sulit Dihindari, yang Penting Hak Buruh Harus Dibayar",Fakta,Liputan6 Nasional (2026-07-23)
Penjelasan Korlantas soal Denda Rp 250 Ribu untuk Pemotor Pakai Ban Gundul,Fakta,Liputan6 Nasional (2026-07-23)
"Heboh Kabar Penculikan, Jesslyn ke Malaysia dan Bangkok Bersama Ibu Serta Bibinya",Fakta,Liputan6 Nasional (2026-07-23)
"Jadi Deputi BGN, Ketut Sumedana Tinggalkan Jabatan Kajati Sumsel",Fakta,Liputan6 Nasional (2026-07-23)
Pemerintah Masih Cek Lahan Bangun Universitas Republik Indonesia,Fakta,Liputan6 Nasional (2026-07-23)
Roy Suryo: Putusan Dokter Tifa Harus Berlaku Juga Untuk Kasus Saya,Fakta,Liputan6 Nasional (2026-07-23)
"Dipanggil Kortastipidkor, Oegroseno Siapkan Dokumen Pengadaan Lahan Sepolwan",Fakta,Liputan6 Nasional (2026-07-23)
BNN Temukan Liquid Vape Mengandung Obat Bius Hewan,Fakta,Liputan6 Nasional (2026-07-23)
"Kortastipidkor: Tidak Ada Kriminalisasi Oegroseno, Hanya Minta Klarifikasi",Fakta,Liputan6 Nasional (2026-07-23)
Polisi Bongkar Fakta Kasus yang Menjerat Mondy Tatto,Fakta,Liputan6 Nasional (2026-07-23)
RSPI Disiapkan Jadi Penyangga Layanan Kesehatan di Jakarta Utara,Fakta,Liputan6 Nasional (2026-07-23)
Putra Ferdy Sambo Dilantik Jadi Perwira Remaja Polri di Istana,Fakta,Liputan6 Nasional (2026-07-23)
Kronologi Bentrok Anak Punk Berujung Mondy Tatto Jadi Tersangka,Fakta,Liputan6 Nasional (2026-07-23)
"Prabowo Minta Aturan Vape Dikaji Ulang, Tak Ragu Larang Peredaran Rokok Elektrik",Fakta,Liputan6 Nasional (2026-07-23)
Hotman Jawab Tudingan 30 Outlet Holywings Hasil TPPU Febrie Adriansyah,Fakta,Liputan6 Nasional (2026-07-23)
Menko Polkam Ungkap Pesan Prabowo Tentang Bahaya Narkoba,Fakta,Liputan6 Nasional (2026-07-23)
Istana Belum Bahas Pengganti Sudaryono sebagai Wamentan,Fakta,Liputan6 Nasional (2026-07-23)
Prabowo Panggil Sejumlah Menteri Bahas Koperasi Merah Putih,Fakta,Liputan6 Nasional (2026-07-23)
"Pramono Punya Cara Baru Urai Macet Cakung-Cilincing, Kontainer Jadi Sasaran",Fakta,Liputan6 Nasional (2026-07-23)
"Universitas Andalas Beberkan Gaji Dosen, Terendah Rp 5,4 Juta",Fakta,Liputan6 Nasional (2026-07-23)
Universitas Republik Indonesia akan Fokus Pendidikan STEM dan Kedokteran,Fakta,Liputan6 Nasional (2026-07-23)
"Eksepsi Dokter Tifa Dikabulkan, Begini Respons Kubu Jokowi",Fakta,Liputan6 Nasional (2026-07-23)
Peran Nanik S Deyang di BGN Belum Berakhir Meski Mundur,Fakta,Liputan6 Nasional (2026-07-23)
Penyebab Ambruknya SDN Kebayoran Lama,Fakta,Liputan6 Nasional (2026-07-23)
"KPK Sita Alphard, Diduga Suap untuk Bupati Lombok Barat",Fakta,Liputan6 Nasional (2026-07-23)
Hotman Paris Siap Hadapi Laporan Organisasi Wartawan: Don’t Worry,Fakta,Liputan6 Nasional (2026-07-23)
"Finalisasi Perpres Ojol, Aplikator Nakal Disorot",Fakta,Liputan6 Nasional (2026-07-23)
Polisi Panggil Pengemudi Alphard dan Satpam yang Cekcok di Bundaran HI,Fakta,Liputan6 Nasional (2026-07-23)
"Eksepsi Diterima, Dokter Tifa Klaim Kantongi Bukti Baru Ijazah Jokowi",Fakta,Liputan6 Nasional (2026-07-23)
Alasan Eks Jampidsus Febrie Mangkir Pemeriksaan Kejagung,Fakta,Liputan6 Nasional (2026-07-23)
Mengenal École Prancis yang Jadi Model Universitas Republik Indonesia,Fakta,Liputan6 Nasional (2026-07-23)
UNAIR Buka-Bukaan Gaji Dosen di Sidang MK,Fakta,Liputan6 Nasional (2026-07-23)
"Mundur Dampingi Febrie Adriansyah, Hotman Jalani Pemulihan di Singapura",Fakta,Liputan6 Nasional (2026-07-23)
"Dasco Pimpin Rapat soal Perpres Ojol, Isu Evaluasi Tarif Dibahas",Fakta,Liputan6 Nasional (2026-07-23)
"Eksepsi Dokter Tifa Dikabulkan, Dakwaan Gugur",Fakta,Liputan6 Nasional (2026-07-23)
Dosen UI Kantongi Gaji Minimal Tiga Kali UMK Depok,Fakta,Liputan6 Nasional (2026-07-23)
"Kemacetan Cilincing Diurai, Buffer Zone Kontainer Digratiskan",Fakta,Liputan6 Nasional (2026-07-23)
Rektor UGM Ungkap Gaji Dosen Tembus Puluhan Juta,Fakta,Liputan6 Nasional (2026-07-23)
"Hotman Paris Mundur, Bantah Ada Tekanan Kasus Eks Jampidsus Febrie",Fakta,Liputan6 Nasional (2026-07-23)
Hotman Paris Mundur: Uang Enggak Ada Artinya Kalau Tak Bisa Nikmati Hidup,Fakta,Liputan6 Nasional (2026-07-23)
"SDN Kebayoran Lama Roboh, Pramono: Benar-Benar Menampar Muka Saya",Fakta,Liputan6 Nasional (2026-07-23)
"Hotman Paris Mundur, Febrie Tetap Didampingi Tim Hukum",Fakta,Liputan6 Nasional (2026-07-23)
Besaran Gaji Dosen Universitas Hasanuddin Terkuak di MK,Fakta,Liputan6 Nasional (2026-07-23)
Alasan Hotman Paris Mundur dari Pengacara Febrie: Aku Takut Lumpuh,Fakta,Liputan6 Nasional (2026-07-23)
Hotman Paris Mundur dari Pengacara Eks Jampidsus Febrie,Fakta,Liputan6 Nasional (2026-07-23)
"KPK Ungkap Anwar Sadad Terima Rp 6,9 Miliar dari Tiga Tersangka",Fakta,Liputan6 Nasional (2026-07-23)
Pramono Pastikan Perbaikan SDN Kebayoran Lama 09 Jadi Prioritas APBD DKI,Fakta,Liputan6 Nasional (2026-07-23)
KPK Tahan 3 Tersangka Kasus Korupsi Dana Hibah Pokmas Jatim,Fakta,Liputan6 Nasional (2026-07-23)
"BNN Musnahkan 3,3 Ton Narkotika Hasil Lima Pengungkapan Kasus",Fakta,Liputan6 Nasional (2026-07-23)
Begini Duduk Perkara Selebgram Mondy Tatto Jadi Tersangka,Fakta,Liputan6 Nasional (2026-07-23)
Kepala Kantor Bea Cukai Kediri Jadi Tersangka Kasus Suap,Fakta,Liputan6 Nasional (2026-07-23)
Dokter Tifa Pasrah Jelang Putusan Sela Kasus Ijazah,Fakta,Liputan6 Nasional (2026-07-23)
Rekayasa Lalin Jalan Raya Bekasi-Cilincing Diperpanjang,Fakta,Liputan6 Nasional (2026-07-23)
Ketua Komisi III DPR ke Jampidsus Kuntadi: Tuntaskan Kasus Febrie,Fakta,Liputan6 Nasional (2026-07-23)
Ratusan Personel Kawal Demo di Gambir dan DPR Hari Ini,Fakta,Liputan6 Nasional (2026-07-23)
"BMKG Deteksi Bibit Siklon 92W, Berpotensi Memicu Hujan Petir",Fakta,Liputan6 Nasional (2026-07-23)
"Puluhan Sepatu di Kos Kebayoran Raib, Pencuri Jual ke Pasar Loak",Fakta,Liputan6 Nasional (2026-07-23)
"Kejagung Terbitkan Sprindik TPPU, Usut Emas 74 Kg di Rumah Febrie",Fakta,Liputan6 Nasional (2026-07-23)
Penampakan Artefak Indonesia yang Dibawa Direktur FBI saat Temui Prabowo,Fakta,Liputan6 Nasional (2026-07-23)
"Direktur FBI Temui Prabowo, Bawa Artefak Indonesia yang Diselundupkan",Fakta,Liputan6 Nasional (2026-07-23)
Presiden Prabowo Hadiri Puncak Harlah PKB Malam Ini,Fakta,Liputan6 Nasional (2026-07-23)
Deretan Kasus Kekerasan dalam Pacaran: Disekap Hingga Disiksa,Fakta,Liputan6 Nasional (2026-07-23)
"Diumpetin di Pakaian Dalam, Sabu Gagal Masuk Rutan Salemba",Fakta,Liputan6 Nasional (2026-07-23)
"Bandung Siaga Kejahatan Jalanan, Ratusan Polisi Patroli hingga Pagi",Fakta,Liputan6 Nasional (2026-07-23)
Pesan Surya Paloh untuk Ketum Garda Pemuda NasDem,Fakta,Liputan6 Nasional (2026-07-23)
"Ganjil Genap Jakarta Hari Ini Masih Berlaku, Catat Jadwalnya",Fakta,Liputan6 Nasional (2026-07-23)
Surya Paloh Dorong Regenerasi Andalkan Kekuatan Anak Muda,Fakta,Liputan6 Nasional (2026-07-23)
BMKG Prediksi Hujan di Sejumlah Wilayah Jabodetabek,Fakta,Liputan6 Nasional (2026-07-23)
Janji Sudaryono Bersih-Bersih BGN,Fakta,Liputan6 Nasional (2026-07-23)
Surya Paloh: Suara NasDem Terus Naik dalam Tiga Kali Pemilu,Fakta,Liputan6 Nasional (2026-07-23)
Kepala BGN Ungkap Alasan Libatkan TNI-Polri dalam Program MBG,Fakta,Liputan6 Nasional (2026-07-23)
Polemik Babinsa Dilibatkan Awasi Pajak Rakyat,Fakta,Liputan6 Nasional (2026-07-23)
Pramono Kenang Peran PKB di Balik Megawati Jadi Wapres,Fakta,Liputan6 Nasional (2026-07-23)
"3 Warga Sipil di Yahukimo Tewas di Tangan OPM, TNI Kejar Pelaku",Fakta,Liputan6 Nasional (2026-07-22)
Komisi II Tegaskan PAW Anggota Ombudsman Tak Harus Sesuai Nomor Urut Seleksi,Fakta,Liputan6 Nasional (2026-07-22)
MRT Jakarta dan KAI Rancang Jalur Penghubung Stasiun Monas ke Gambir,Fakta,Liputan6 Nasional (2026-07-22)
Pimpinan DPR soal TNI-Polri Awasi Pajak: Jangan Sampai Rakyat Merasa Diteror,Fakta,Liputan6 Nasional (2026-07-22)
Jalan Keluar Agar Tak Lagi Bermalam di Stasiun Cikarang,Fakta,Liputan6 Nasional (2026-07-22)
Dishub DKI Bangun Pelican Crossing di Bekas JPO Tendean,Fakta,Liputan6 Nasional (2026-07-22)
"Mutasi di Kejagung, Direktur Penyidikan Jampidsus Kini Dijabat Rinaldi Umar",Fakta,Liputan6 Nasional (2026-07-22)
KPAI Ungkap Keluarga Lindungi Pelaku Pemerkosaan Remaja di Sampang,Fakta,Liputan6 Nasional (2026-07-22)
Pesan Khusus Prabowo untuk Kepala BGN Sudaryono,Fakta,Liputan6 Nasional (2026-07-22)
"KPAI Soroti Kasus SDN Kebayoran Lama Selatan, Singgung Sekolah Aman buat Anak",Fakta,Liputan6 Nasional (2026-07-22)
Senasib Sepenanggungan di Stasiun Cikarang,Fakta,Liputan6 Nasional (2026-07-22)
Kapal Terbakar di Muara Baru,Fakta,Liputan6 Nasional (2026-07-22)
"Mendagri Bangga, 10 Lulusan Terbaik IPDN Berasal dari Keluarga Sederhana",Fakta,Liputan6 Nasional (2026-07-22)
Strategi BGN Benahi Tata Kelola MBG,Fakta,Liputan6 Nasional (2026-07-22)
Sudaryono Tegaskan MBG Tak Bisa Disetop: Tender Politik Presiden,Fakta,Liputan6 Nasional (2026-07-22)
"Menengok Stasiun MRT Monas, Bakal Ada Ruang Seni dan Pameran Edukasi",Fakta,Liputan6 Nasional (2026-07-22)
Menko Yusril: Tugas Utama Jampidsus Baru Selesaikan Kasus Febrie,Fakta,Liputan6 Nasional (2026-07-22)
"Dari Sawah ke Istana, Perjuangan Anak Petani Sumbawa Jadi Perwira TNI",Fakta,Liputan6 Nasional (2026-07-22)
Mendagri Minta IPDN Pertahankan Sistem Rekrutmen Transparan: Tak Ada Bayar Membayar,Fakta,Liputan6 Nasional (2026-07-22)
"Hari Anak Nasional 2026, Pemerintah Komitmen Wujudkan Ruang Aman dan Nyaman",Fakta,Liputan6 Nasional (2026-07-22)
Kemenag Perkuat Ruang Aman Bagi Anak di Madrasah dan Pesantren,Fakta,Liputan6 Nasional (2026-07-22)
Pemerintah Perluas Sekolah Rakyat Jadi 182 Titik,Fakta,Liputan6 Nasional (2026-07-22)
Mendagri Bakal Cek Rutin Program Rekonstruksi Pascabencana Sumatera,Fakta,Liputan6 Nasional (2026-07-22)
Momen Mendagri Tito Hadiri Upacara Perwira TNI-Polri di Istana,Fakta,Liputan6 Nasional (2026-07-22)
"Donny Ermawan, Mantan Wakil Kepala Bais TNI Kini Gubernur URI",Fakta,Liputan6 Nasional (2026-07-22)
Kepala BGN Sudaryono: Zero Toleransi untuk 'Hengki Pengki' dan Copet-copetan,Fakta,Liputan6 Nasional (2026-07-22)
"Sudaryono: Kalau Ada yang Ngaku-ngaku Orang Saya, Laporkan",Fakta,Liputan6 Nasional (2026-07-22)
Momen Sudaryono Sambangi Kantor BGN Usai Dilantik,Fakta,Liputan6 Nasional (2026-07-22)
Cerita di Balik Cekcok Sopir Alphard dan Satpam di Bundaran HI,Fakta,Liputan6 Nasional (2026-07-22)
Mengenal Universitas Republik Indonesia Dipimpin Pensiunan Jenderal TNI,Fakta,Liputan6 Nasional (2026-07-22)
Infografis Gebrakan Nanik S Deyang 45 Hari Menjabat Kepala BGN,Fakta,Liputan6 Nasional (2026-07-22)
Gerindra Nilai Sudaryono Sosok Tepat Pimpin BGN,Fakta,Liputan6 Nasional (2026-07-22)
Sudaryono Tak Lagi Jabat Wamentan,Fakta,Liputan6 Nasional (2026-07-22)
"Progres 92 Persen, Kapan Stasiun MRT Monas Bisa Dipakai?",Fakta,Liputan6 Nasional (2026-07-22)
Uni Eropa dan Indonesia Perkuat Konservasi Laut Berkelanjutan,Fakta,Liputan6 Nasional (2026-07-22)
Kepala BGN Sudaryono: Saya dan Keluarga Tidak Punya SPPG,Fakta,Liputan6 Nasional (2026-07-22)
PWI Desak Hotman Paris Tetap Diproses Hukum Meski Minta Maaf,Fakta,Liputan6 Nasional (2026-07-22)
Penjelasan TNI Soal Babinsa Dilibatkan Mengawasi Pajak,Fakta,Liputan6 Nasional (2026-07-22)
Donny Ermawan Resmi Jabat Gubernur Universitas Republik Indonesia,Fakta,Liputan6 Nasional (2026-07-22)
Sudaryono Resmi Jabat Kepala BGN,Fakta,Liputan6 Nasional (2026-07-22)
2 Bos Pabrik Whip Pink Jadi Tersangka,Fakta,Liputan6 Nasional (2026-07-22)
"Kisah Haru Rizky, Anak Kuli Bangunan yang Dilantik Jadi Perwira TNI",Fakta,Liputan6 Nasional (2026-07-22)
Cerita Sudaryono Ditelepon Seskab Teddy Saat Ditunjuk Jadi Kepala BGN,Fakta,Liputan6 Nasional (2026-07-22)
"Viral Pesepeda Diduga Diperas Pemotor di Jaktim, Begini Modusnya",Fakta,Liputan6 Nasional (2026-07-22)
Kejagung Sebut Belum Ada Jadwal Pemeriksaan Nanik S Deyang,Fakta,Liputan6 Nasional (2026-07-22)
KPK Ungkap Dua Kasus Paling Menonjol Usai 17 Kali OTT,Fakta,Liputan6 Nasional (2026-07-22)
Potret Miris Kondisi SDN Kebayoran Lama Selatan 09,Fakta,Liputan6 Nasional (2026-07-22)
Sudaryono: Nanik S Deyang Kakak Saya,Fakta,Liputan6 Nasional (2026-07-22)
Sudaryono Buka Suara Usai Ditunjuk Jadi Kepala BGN,Fakta,Liputan6 Nasional (2026-07-22)
"Komisi III ke Kuntadi: Jangan 'Main Mata', Tuntaskan Kasus Febrie Adriansyah",Fakta,Liputan6 Nasional (2026-07-22)
Alasan Prabowo Tunjuk Sudaryono Jadi Kepala BGN,Fakta,Liputan6 Nasional (2026-07-22)
"Prajurit TNI Tewas di Tangerang, Diduga Dikeroyok 9 Orang",Fakta,Liputan6 Nasional (2026-07-22)
"Profil Kuntadi, Jaksa yang Kini Jadi Jampidsus",Fakta,Liputan6 Nasional (2026-07-22)
Pemprov DKI Ajak Sekolah Manfaatkan Ruang Hijau untuk Urban Farming,Fakta,Liputan6 Nasional (2026-07-22)
Kuntadi Ditunjuk Jadi Jampidsus Kejagung,Fakta,Liputan6 Nasional (2026-07-22)
Pembangunan Ulang JPO Tendean Tak Pakai APBD,Fakta,Liputan6 Nasional (2026-07-22)
"Prabowo Tunjuk Sudaryono jadi Kepala BGN, Dilantik Hari Ini",Fakta,Liputan6 Nasional (2026-07-22)
"Prabowo: Ancaman Tak Hanya Datang dari Senjata, TNI-Polri Harus Kuasai AI",Fakta,Liputan6 Nasional (2026-07-22)
Suasana Kantor BGN Usai Nanik S Deyang Mundur,Fakta,Liputan6 Nasional (2026-07-22)
"Belum Dua Tahun Berdiri, BGN Dua Kali Ganti Kepala",Fakta,Liputan6 Nasional (2026-07-22)
DPR: Kekosongan Kepala BGN Jangan Ganggu Evaluasi MBG,Fakta,Liputan6 Nasional (2026-07-22)
"Mengenal Sudaryono, Asisten Prabowo yang Dikabarkan Bakal Pimpin BGN",Fakta,Liputan6 Nasional (2026-07-22)
Prabowo Peringatkan Perwira Remaja TNI-Polri: Jangan Tergoda Korupsi,Fakta,Liputan6 Nasional (2026-07-22)
DPR Desak Pemerintah Segera Tetapkan Kepala BGN Definitif,Fakta,Liputan6 Nasional (2026-07-22)
"Mundur dari Kepala BGN, Nanik S Deyang Singgung Pemilu 2029",Fakta,Liputan6 Nasional (2026-07-22)
Prabowo ke Perwira Remaja TNI-Polri: Pakaian dan Gaji Kalian dari Rakyat,Fakta,Liputan6 Nasional (2026-07-22)
Sudaryono Dikabarkan Jadi Calon Kepala BGN Pengganti Nanik S Deyang,Fakta,Liputan6 Nasional (2026-07-22)
"Mobil Listrik di Jakarta Makin Banyak, Potensi Pajak Hilang Rp 2 T",Fakta,Liputan6 Nasional (2026-07-22)
DKI Targetkan Open Dumping Sampah Bantargebang Selesai 2029,Fakta,Liputan6 Nasional (2026-07-22)
"Sebelum Mundur dari BGN, Nanik S Deyang Ternyata Sudah Sakit",Fakta,Liputan6 Nasional (2026-07-22)
Polri Tegaskan Penangkapan WN Palestina Sesuai Prosedur Interpol,Fakta,Liputan6 Nasional (2026-07-22)
Warisan Nanik S Deyang untuk BGN dan MBG,Fakta,Liputan6 Nasional (2026-07-22)
Sosok Nanik S Dayeng dari Kacamata Orang Dekat Prabowo,Fakta,Liputan6 Nasional (2026-07-22)
Karier Nanik S Deyang di Kursi Kepala BGN yang Hanya Seumur Jagung,Fakta,Liputan6 Nasional (2026-07-22)
"Mundur dari Kepala BGN, Nanik Sebut MBG Program Mulia",Fakta,Liputan6 Nasional (2026-07-22)
"Belum Genap 2 Bulan Dilantik, Nanik Mundur dari Kepala BGN",Fakta,Liputan6 Nasional (2026-07-22)
"Mundur dari Kepala BGN, Nanik Dapat Tugas Baru jadi Ketua Dewan Pengawas",Fakta,Liputan6 Nasional (2026-07-22)
4 Perwira Terbaik TNI-Polri Raih Adhi Makayasa dari Prabowo,Fakta,Liputan6 Nasional (2026-07-22)
KLH Dorong Perbaikan Tata Ruang Berbasis Lingkungan di Sumatra,Fakta,Liputan6 Nasional (2026-07-22)
Prabowo Lantik 1.177 Perwira TNI-Polri Lulusan 2026,Fakta,Liputan6 Nasional (2026-07-22)
"Nanik S Deyang Bocorkan Calon Kepala BGN Baru: Insyallah ""Adik Saya""",Fakta,Liputan6 Nasional (2026-07-22)
Gebrakan Nanik S Deyang 45 Hari Menjabat Kepala BGN,Fakta,Liputan6 Nasional (2026-07-22)
Alasan Nanik S Deyang Mundur dari Kepala BGN,Fakta,Liputan6 Nasional (2026-07-22)
Nanik S Deyang Mundur dari Kepala BGN,Fakta,Liputan6 Nasional (2026-07-22)
"29 Persen Rumah di Madura Tak Layak Huni, DPR Bergerak",Fakta,Liputan6 Nasional (2026-07-22)
Sebagian Besar Wilayah Indonesia Berpotensi Hujan,Fakta,Liputan6 Nasional (2026-07-22)
"Ganjil Genap Jakarta Hari Ini Tetap Berlaku, Cek Aturannya",Fakta,Liputan6 Nasional (2026-07-22)
Serpihan Cerita di Balik Hilangnya Atlet Golf Jesslyn Wijaya,Fakta,Liputan6 Nasional (2026-07-22)
Kebakaran di Djakarta Theater Ternyata Berasal dari Dapur XXI,Fakta,Liputan6 Nasional (2026-07-22)
"Jakarta Hari Ini Berawan Tebal, Cek Prakiraan BMKG",Fakta,Liputan6 Nasional (2026-07-22)
KPK Sebut OTT Demi Bersihkan Kepala Daerah dari Korupsi,Fakta,Liputan6 Nasional (2026-07-22)
Fakta di Balik Kasus Korupsi Bupati Lombok Barat,Fakta,Liputan6 Nasional (2026-07-22)
KPK Sebut Bupati Lombok Barat Korupsi 32 Paket Proyek,Fakta,Liputan6 Nasional (2026-07-22)
"KPK: Bupati Lombok Barat Punya 55 Aset Tanah, Banyak Tak Dilaporkan",Fakta,Liputan6 Nasional (2026-07-22)
Merasakan Bermalam di Stasiun Cikarang,Fakta,Liputan6 Nasional (2026-07-22)
NasDem Bidik 3 Besar Pemilu 2029,Fakta,Liputan6 Nasional (2026-07-21)
"Mitra Ancam Gembok Dapur MBG, BGN Buka Suara",Fakta,Liputan6 Nasional (2026-07-21)
"Pascakebakaran, Operasional Djakarta Theater Disetop Sementara",Fakta,Liputan6 Nasional (2026-07-21)
Kronologi Kebakaran Gedung Djakarta Theater,Fakta,Liputan6 Nasional (2026-07-21)
"Gedung Djakarta Theater Kebakaran, Diduga Akibat Korsleting Listrik",Fakta,Liputan6 Nasional (2026-07-21)
KPK Terbitkan 2 Sprindik Baru Kasus Suap Bea Cukai,Fakta,Liputan6 Nasional (2026-07-21)
"Pemerintah Gelontorkan Rp 21,9 Triliun untuk Rekonstruksi Pascabencana Sumatra",Fakta,Liputan6 Nasional (2026-07-21)
Fakta Baru Hilangnya Jesslyn Wijaya Hingga Terlacak ke Malaysia,Fakta,Liputan6 Nasional (2026-07-21)
Megawati: Kudatuli Simbol Ketidakadilan,Fakta,Liputan6 Nasional (2026-07-21)
"Prabowo Tunjuk 5 Pejabat Baru BGN, Ketut Sumedana Jadi Deputi Pengawasan",Fakta,Liputan6 Nasional (2026-07-21)
Satgas PRR Minta Pemda Gerak Cepat Siapkan Lahan Hunian Tetap,Fakta,Liputan6 Nasional (2026-07-21)
Megawati Minta TIM Dikembalikan untuk Seniman: Sekarang Jadi Borjuis,Fakta,Liputan6 Nasional (2026-07-21)
"Dua Orang Ditangkap Densus 88, Diduga Sebar Propaganda Terorisme",Fakta,Liputan6 Nasional (2026-07-21)
Pesan Megawati untuk Anak Muda,Fakta,Liputan6 Nasional (2026-07-21)
Seskab Teddy Undang 3 Pelajar Ikut Upacara HUT RI di Istana,Fakta,Liputan6 Nasional (2026-07-21)
"Prabowo Beri Tenggat Sebulan, BGN Siap Bongkar Ulang Penerima MBG",Fakta,Liputan6 Nasional (2026-07-21)
Penampakan Bupati Lombok Barat Pakai Rompi Oranye dan Diborgol,Fakta,Liputan6 Nasional (2026-07-21)
Cerita Pelarian Korban Usai Disekap dan Dianiaya Kekasih di Indekos Bekasi,Fakta,Liputan6 Nasional (2026-07-21)
Infografis 5 Kepala Daerah yang Ditangkap KPK dalam 2 Bulan,Fakta,Liputan6 Nasional (2026-07-21)
Mensesneg Bantah Isu Reshuffle: Evaluasi Tak Selalu Berujung Perombakan Kabinet,Fakta,Liputan6 Nasional (2026-07-21)
Istana Beri Sinyal Anggaran MBG Dipangkas,Fakta,Liputan6 Nasional (2026-07-21)
Begini Awal Mula Penganiayaan dan Penyekapan Kekasih di Bekasi,Fakta,Liputan6 Nasional (2026-07-21)
Istana Tanggapi Gaya Komunikasi Menteri PU yang Jadi Sorotan,Fakta,Liputan6 Nasional (2026-07-21)
Segini Biaya Bangun Ulang JPO Tendean,Fakta,Liputan6 Nasional (2026-07-21)
"Febrie Adriansyah Belum Ditahan, DPR Ingatkan Hukum Tak Tebang Pilih",Fakta,Liputan6 Nasional (2026-07-21)
Megawati dan Prananda Menyibak Kembali Jejak Kudatuli,Fakta,Liputan6 Nasional (2026-07-21)
Prabowo Pimpin Pelantikan Calon Perwira Remaja TNI-Polri di Istana Besok,Fakta,Liputan6 Nasional (2026-07-21)
Cara Bupati Lombok Barat Cuci Uang Suap: Beli Saham hingga Aset Tanah,Fakta,Liputan6 Nasional (2026-07-21)
Bupati Lombok Barat Beli Saham Rumah Sakit Pakai Uang Korupsi,Fakta,Liputan6 Nasional (2026-07-21)
Akal-akalan Bupati Lombok Barat Cari Untung di Proyek Pengadaan,Fakta,Liputan6 Nasional (2026-07-21)
KPK Ungkap Ironi di Balik Korupsi Bupati Lombok Barat,Fakta,Liputan6 Nasional (2026-07-21)
Kronologi Lengkap OTT KPK Bupati Lombok Barat Lalu Ahmad Zaini,Fakta,Liputan6 Nasional (2026-07-21)
"KPK: Bupati Lombok Barat Terima Rp 10,8 M dari Pengaturan Proyek",Fakta,Liputan6 Nasional (2026-07-21)
Prabowo Teken Keppres Jampidsus Baru dalam Satu-Dua Hari,Fakta,Liputan6 Nasional (2026-07-21)
"Selain Sapi Kurban, Ini Deretan Gratifikasi Bupati Lombok Barat",Fakta,Liputan6 Nasional (2026-07-21)
KPK Tetapkan Bupati Lombok Barat Tersangka Suap hingga Gratifikasi,Fakta,Liputan6 Nasional (2026-07-21)
"OTT Bupati Lombok Barat, KPK Sita Barang Bukti Rp 9,06 Miliar",Fakta,Liputan6 Nasional (2026-07-21)
Istana Jelaskan Posisi Duduk Prabowo dan Gibran saat Sidang Kabinet,Fakta,Liputan6 Nasional (2026-07-21)
Cerita dari Lokasi Terakhir Hilangnya Atlet Golf Jesslyn Wijaya,Fakta,Liputan6 Nasional (2026-07-21)
"Bupati Lombok Barat Ditangkap KPK Punya Aset Rp 25,56 M",Fakta,Liputan6 Nasional (2026-07-21)
Pramono Anung Buka Suara soal Gaji PPPK yang Belum Dirapel,Fakta,Liputan6 Nasional (2026-07-21)
Nasib SDN Kebayoran Lama 09 Mulai Ada Titik Terang,Fakta,Liputan6 Nasional (2026-07-21)
Cerita Warga Tangsel Mandi di Kantor karena Krisis Air Bersih,Fakta,Liputan6 Nasional (2026-07-21)
Puan Ingatkan Bahaya Disinformasi yang Menyasar DPR,Fakta,Liputan6 Nasional (2026-07-21)
Pramono Soroti Kebiasaan Warga yang Bisa Picu Kebakaran Saat Kemarau,Fakta,Liputan6 Nasional (2026-07-21)
Menkum Minta Publik Tak Resah Tarif Naturalisasi Naik,Fakta,Liputan6 Nasional (2026-07-21)
"Polisi Belum Simpulkan Dugaan Penculikan Atlet Golf Jesslyn, Ini Alasannya",Fakta,Liputan6 Nasional (2026-07-21)
Kesaksian Wali Murid Soal SDN Kebayoran Lama Roboh,Fakta,Liputan6 Nasional (2026-07-21)
"SDN Kebayoran Lama Rusak 2 Tahun, Siswa Belajar di Musala dan Lapangan",Fakta,Liputan6 Nasional (2026-07-21)
RUU Lalu Lintas Angkutan Jalan Disetujui Jadi Usul Inisiatif DPR,Fakta,Liputan6 Nasional (2026-07-21)
"Pramono Bidik DKI Jadi Daerah Pertama Terbitkan Obligasi, Segini Nilainya",Fakta,Liputan6 Nasional (2026-07-21)
RUU Satu Data Indonesia Resmi Jadi Inisiatif DPR,Fakta,Liputan6 Nasional (2026-07-21)
Pramono Dalami Penyebab Maraknya Tawuran di Koja Jakut,Fakta,Liputan6 Nasional (2026-07-21)
PAN Pecat Bupati Lombok Barat Lalu Ahmad,Fakta,Liputan6 Nasional (2026-07-21)
DPR Tetap Bahas RUU Perampasan Aset Saat Reses,Fakta,Liputan6 Nasional (2026-07-21)
"DPR Setujui 9 Anggota KPI Pusat 2026–2029, Ini Daftarnya",Fakta,Liputan6 Nasional (2026-07-21)
Pramono Ungkap Strategi TPS 3R Kurangi Sampah ke Bantargebang,Fakta,Liputan6 Nasional (2026-07-21)
"Viral SDN di Kebayoran Lama Rusak, Pramono Janji Segera Perbaiki",Fakta,Liputan6 Nasional (2026-07-21)
"Laporan Penculikan Atlet Golf Jesslyn Tiba-Tiba Dicabut, Ini Reaksi Polisi",Fakta,Liputan6 Nasional (2026-07-21)
Pramono Ungkap Perubahan Usai Program Pilah Sampah Digencarkan,Fakta,Liputan6 Nasional (2026-07-21)
KPK: OTT Bupati Lombok Barat Terkait Dugaan Konflik Kepentingan,Fakta,Liputan6 Nasional (2026-07-21)
Ponsel Atlet Golf Putri yang Diduga Diculik Terlacak di Jakut dan Malaysia,Fakta,Liputan6 Nasional (2026-07-21)
Hak dan Kewajiban Ojol Bakal Diatur di Undang-undang Tersendiri,Fakta,Liputan6 Nasional (2026-07-21)
Atlet Golf Putri Sempat Berteriak saat Diculik Dua Pria Berbadan Besar,Fakta,Liputan6 Nasional (2026-07-21)
KPK Tangkap 1 Orang Lagi Terkait OTT Bupati Lombok Barat,Fakta,Liputan6 Nasional (2026-07-21)
KPK Periksa 8 Orang usai OTT Bupati Lombok Barat,Fakta,Liputan6 Nasional (2026-07-21)
Laporan terhadap Hotman Paris atas Dugaan Penghinaan Diproses,Fakta,Liputan6 Nasional (2026-07-21)
"Kasus Pria Tewas di Hotel Kuningan, Polisi Ungkap Hasil Uji Senjata Api",Fakta,Liputan6 Nasional (2026-07-21)
Keluh Kesah Petugas Sensus: Ditolak Kaum Elite hingga Disebut 'Antek Prabowo',Fakta,Liputan6 Nasional (2026-07-21)
"Tepergok Curi Motor di Setiabudi, 2 Pria Babak Belur Diamuk Massa",Fakta,Liputan6 Nasional (2026-07-21)
Pemprov DKI Tutup Zona Aktif Pembuangan Bantargebang,Fakta,Liputan6 Nasional (2026-07-21)
Kronologi Penjambret yang Gagal Kabur di Lokasi CFD,Fakta,Liputan6 Nasional (2026-07-21)
Menkum Ungkap Alasan Biaya Lepas Status WNI Naik Jadi Rp 5 Juta,Fakta,Liputan6 Nasional (2026-07-21)
Jakarta hingga Palembang Berpotensi Diguyur Hujan,Fakta,Liputan6 Nasional (2026-07-21)
"KPK Wanti-Wanti Potensi Korupsi Pengadaan Kipas Angin Kopdes Rp 1,8 T",Fakta,Liputan6 Nasional (2026-07-21)
"Komnas HAM Rilis Penilaian, BKKBN Pimpin Peringkat",Fakta,Liputan6 Nasional (2026-07-21)
"Kapal Induk Pertama RI Tiba September 2026, Intip Kecanggihannya",Fakta,Liputan6 Nasional (2026-07-21)
"Ada Demo di Jakpus Hari Ini, Polisi Kerahkan 1.095 Personel",Fakta,Liputan6 Nasional (2026-07-21)
Jabodetabek Berpotensi Diguyur Hujan Ringan Sore Hari,Fakta,Liputan6 Nasional (2026-07-21)
Atlet Golf Putri Diduga Diculik Saat Rayakan Ultah Keluarga,Fakta,Liputan6 Nasional (2026-07-21)
Pengacara Tewas di Apartemen Jaksel Sempat Dipolisikan Hotman Paris,Fakta,Liputan6 Nasional (2026-07-21)
Hotman Paris Dilaporkan ke Polisi Buntut Hina Profesi Wartawan,Fakta,Liputan6 Nasional (2026-07-20)
Jokowi Sebut 9 Teman Kuliah UGM juga Siap Bersaksi,Fakta,Liputan6 Nasional (2026-07-20)
Bupati Lombok Barat Lalu Ahmad Zaini Bungkam saat Tiba di KPK,Fakta,Liputan6 Nasional (2026-07-20)
"Mendagri Prihatin Kepala Daerah Kena OTT Lagi, Ingatkan Mawas Diri",Fakta,Liputan6 Nasional (2026-07-20)
Polisi Buka Suara soal Isu Distribusi Tramadol untuk Massa Demo,Fakta,Liputan6 Nasional (2026-07-20)
Pemprov Kaltim Tanam 2.200 Mangrove untuk Pulihkan Pesisir,Fakta,Liputan6 Nasional (2026-07-20)
Kemensos Kirim Tenda hingga Selimut Buat Korban Banjir Tapanuli Tengah,Fakta,Liputan6 Nasional (2026-07-20)
KPK Persilakan Menteri Dody Klarifikasi soal Polemik Kunker ke AS,Fakta,Liputan6 Nasional (2026-07-20)
"Menteri PU Jawab Kritik soal Gaya Bicara: Saya Jawa Timur, Agak Slengekan",Fakta,Liputan6 Nasional (2026-07-20)
Respons Menteri Dody soal Dosen UGM Didoxing Usai Kritik Kementerian PU,Fakta,Liputan6 Nasional (2026-07-20)
"Kronologi Warga Palestina Ditangkap Polri, Langsung Deportasi ke Siprus",Fakta,Liputan6 Nasional (2026-07-20)
"Suasana Usai Kebakaran Restoran Steak Menteng, Gelap dan Lalin Tersendat",Fakta,Liputan6 Nasional (2026-07-20)
Kronologi Kebakaran Restoran Steak di Menteng,Fakta,Liputan6 Nasional (2026-07-20)
"Di Rapat DPR, Menkes Curhat Anggaran Diblokir Rp 12,3 Triliun",Fakta,Liputan6 Nasional (2026-07-20)
KPK Tangkap Bupati Lombok Barat di Rumah Dinas,Fakta,Liputan6 Nasional (2026-07-20)
"Komitmen Lestarikan Bukit Menumbing, Jaga Alam dan Keberlanjutan",Fakta,Liputan6 Nasional (2026-07-20)
Prabowo Ingin Kartu Identitas Tunggal Segera Diterapkan,Fakta,Liputan6 Nasional (2026-07-20)
Polri: Warga Palestina yang Ditangkap Bukan Aktivis,Fakta,Liputan6 Nasional (2026-07-20)
"Modus 2 Tersangka Korupsi Pembiayaan Batu Bara PLN, Kini Dibui",Fakta,Liputan6 Nasional (2026-07-20)
Infografis 10 Orang Terkaya Indonesia Versi Forbes 2026,Fakta,Liputan6 Nasional (2026-07-20)
"OTT Bupati Lombok Barat Terkait Proyek, Ini Penjelasan KPK",Fakta,Liputan6 Nasional (2026-07-20)
"KPK Amankan 19 Orang dalam OTT Lombok Barat, 7 Dibawa ke Jakarta",Fakta,Liputan6 Nasional (2026-07-20)
"Polri Usut Dugaan Korupsi Pengadaan Lahan, Eks Wakapolri Oegroseno Dipanggil",Fakta,Liputan6 Nasional (2026-07-20)
115 Napi Risiko Tinggi dari Jatim dan Sulsel Dipindahkan ke Nusakambangan,Fakta,Liputan6 Nasional (2026-07-20)
Prabowo Sedih Ada Patgulipat di Program MBG,Fakta,Liputan6 Nasional (2026-07-20)
"Tak Perlu ke Puskesmas, Program Homecare Jember Hadirkan Dokter hingga Telemedicine ke Rum...",Fakta,Liputan6 Nasional (2026-07-20)
Respons Polda Metro Jaya Usai Praperadilan Roy Suryo Kandas,Fakta,Liputan6 Nasional (2026-07-20)
Kapal Induk Pertama Indonesia Tiba 20 September 2026,Fakta,Liputan6 Nasional (2026-07-20)
Prabowo Akui Gaji Guru hingga Lapangan Kerja Masih Kurang,Fakta,Liputan6 Nasional (2026-07-20)
"Prabowo Ungkap Tujuan Danantara DSI, Singgung Pihak Nyinyir",Fakta,Liputan6 Nasional (2026-07-20)
Prabowo ke Para Menterinya: Tak Ada Kekuasaan yang Abadi,Fakta,Liputan6 Nasional (2026-07-20)
Prabowo Singgung Orang Pintar Kritik MBG: Tanpa Pangan Peradaban Punah,Fakta,Liputan6 Nasional (2026-07-20)
Pemkab Bandung Dorong Warga Pilah Sampah Sejak dari Rumah,Fakta,Liputan6 Nasional (2026-07-20)
"Efek Banyuwangi Ethno Carnival 2026, Lebih dari 12 Ribu Penumpang Kereta Datang ke Banyuwa...",Fakta,Liputan6 Nasional (2026-07-20)
Kemendagri Minta Pemda Percepat Pendataan Penerima Bedah Rumah,Fakta,Liputan6 Nasional (2026-07-20)
Prabowo: Saya Diserang karena Memberi Makan Bergizi untuk Anak Indonesia,Fakta,Liputan6 Nasional (2026-07-20)
"Prabowo Banggakan Selesaikan 108 Masalah: Kita Tidak Boleh Sombong, Ojo Dumeh",Fakta,Liputan6 Nasional (2026-07-20)
Kemenag Luncurkan Kanal Aduan Kekerasan di Lingkungan Pendidikan,Fakta,Liputan6 Nasional (2026-07-20)
"KNMP Banyuwangi Jadi Contoh Delegasi ASEAN, Hilirisasi Perikanan Berbasis Wisata Gerakkan ...",Fakta,Liputan6 Nasional (2026-07-20)
KPK OTT Bupati Lombok Barat Lalu Ahmad Zaini,Fakta,Liputan6 Nasional (2026-07-20)
Gerindra Minta Hotman Tak Bawa Nama Prabowo di Kasus Eks Jampidsus Febrie,Fakta,Liputan6 Nasional (2026-07-20)
"Puluhan Wisatawan Mancanegara Ikut Tampil di Banyuwangi Ethno Carnival 2026, Ruang Interak...",Fakta,Liputan6 Nasional (2026-07-20)
Hakim Tolak Praperadilan Kedua Roy Suryo,Fakta,Liputan6 Nasional (2026-07-20)
"Kasus Suap Bupati Rejang Lebong Meluas, KPK Buka Penyidikan Baru",Fakta,Liputan6 Nasional (2026-07-20)
"Harmonisasi RUU Kehutanan Disepakati, Ini Poin yang Diubah",Fakta,Liputan6 Nasional (2026-07-20)
"Pramono Buka Sejumlah Program untuk Anak Jakarta, Apa Dampaknya?",Fakta,Liputan6 Nasional (2026-07-20)
Roy Suryo Tiup Lilin Ulang Tahun Jelang Putusan Praperadilan,Fakta,Liputan6 Nasional (2026-07-20)
"BEC 2026 Tampil Spektakuler, Perpaduan Sejarah Perang Bayu dan Fashion Modern Memikat Ribu...",Fakta,Liputan6 Nasional (2026-07-20)
Pramono Ungkap Konsep Baru Pembangunan RPTRA di Jakarta,Fakta,Liputan6 Nasional (2026-07-20)
Driver Ojek Ditembak saat Halangi Pelarian Maling Motor,Fakta,Liputan6 Nasional (2026-07-20)
"Kecelakaan Beruntun di MT Haryono Pancoran, 4 Orang Terluka",Fakta,Liputan6 Nasional (2026-07-20)
"Sekarkijang Creative Fest 2026 Jadi Ajang UMKM Naik Kelas, Bupati Ipuk Dorong Tembus Pasar...",Fakta,Liputan6 Nasional (2026-07-20)
Mensesneg Tegaskan Presiden Tak Campuri Kasus Febrie,Fakta,Liputan6 Nasional (2026-07-20)
Hotman Paris Minta Maaf dan Klarifikasi Usai Dianggap Rendahkan Wartawan,Fakta,Liputan6 Nasional (2026-07-20)
Istana Buka Suara soal Keppres Jampidsus Baru Kuntadi,Fakta,Liputan6 Nasional (2026-07-20)
Pengacara Tewas usai Lompat dari Apartemen di Jaksel,Fakta,Liputan6 Nasional (2026-07-20)
"Ngantuk Usai Nobar Piala Dunia, Pemotor Kecelakaan di Flyover Ciputat",Fakta,Liputan6 Nasional (2026-07-20)
Mendagri Nonton Final Piala Dunia Barsama Warga Menteng,Fakta,Liputan6 Nasional (2026-07-20)
"Banyuwangi Ethno Carnival 2026 Buktikan Budaya Lokal Bisa Mendunia, Ribuan Penonton Padati...",Fakta,Liputan6 Nasional (2026-07-20)
Nasib Gugatan Praperadilan Roy Suryo Diputuskan Siang Ini,Fakta,Liputan6 Nasional (2026-07-20)
"Dua Demo Digelar di Jakarta, Hindari Jalan Potensi Macet",Fakta,Liputan6 Nasional (2026-07-20)
"Kepala BKN Titip Pesan untuk ASN, Isinya Menyentuh",Fakta,Liputan6 Nasional (2026-07-20)
Polisi Bongkar Pemasok Bahan Baku Karisoprodol di Cakung,Fakta,Liputan6 Nasional (2026-07-20)
"Tawuran Maut di Koja, Tiga Remaja jadi Tersangka",Fakta,Liputan6 Nasional (2026-07-20)
"Lewat Daulat Sampah, Kulon Progo ‘Hidupkan Lagi’ Trubus Soedarsono",Fakta,Liputan6 Nasional (2026-07-20)
"Ada Dua Demo di Jakarta Hari Ini, Cek Lokasi dan Jadwalnya",Fakta,Liputan6 Nasional (2026-07-20)
"Poster Ikonik ‘Hidup Ataoe Mati’ Trubus Soedarsono, Seniman di Pusaran Perlawanan",Fakta,Liputan6 Nasional (2026-07-20)
"BMKG Prediksi Hujan di Banyak Kota, Cek Daftarnya",Fakta,Liputan6 Nasional (2026-07-20)
"Trubus Soedarsono, Seniman Tanpa Batu Nisan",Fakta,Liputan6 Nasional (2026-07-20)
Forum Pemred Minta Hotman Paris Hormati Profesi Wartawan,Fakta,Liputan6 Nasional (2026-07-19)
Peserta Esport Kapolri Cup 2026 Didaulat Jadi Duta Kamtibmas Digital Polri,Fakta,Liputan6 Nasional (2026-07-19)
"BEC 2026 Berlangsung Spektakuler, Padukan Nilai Historis Budaya hingga Fashion Global",Fakta,Liputan6 Nasional (2026-07-19)
Jalur Pasokan Bahan Baku Laboratorium Narkoba Semarang Terungkap,Fakta,Liputan6 Nasional (2026-07-19)
"Catat, Ini Imbauan Polda Metro untuk Warga Nobar Final Piala Dunia 2026",Fakta,Liputan6 Nasional (2026-07-19)
Pelarian Jambret Berakhir di Tengah Kemacetan Jaksel,Fakta,Liputan6 Nasional (2026-07-19)
Kolaborasi Kemensos dan Bank Mandiri Perkuat Pemberdayaan UMKM Desa Karanganyar,Fakta,Liputan6 Nasional (2026-07-19)
Fakta Video Viral RX King Melaju di Tol Jagorawi,Fakta,Liputan6 Nasional (2026-07-19)
Menkomdigi: PP Tunas Bantu Orang Tua Lindungi Anak di Ranah Digital,Fakta,Liputan6 Nasional (2026-07-19)
Yusril Buka Suara soal Eks Jampidsus Febrie Belum Ditahan,Fakta,Liputan6 Nasional (2026-07-19)
Pemprov DKI Siap Terapkan Sistem Baru Kelola Sampah Bantargebang,Fakta,Liputan6 Nasional (2026-07-19)
Pigai soal Bentrok Adonara: Solusi Budaya Lebih Efektif daripada Pemolisian,Fakta,Liputan6 Nasional (2026-07-19)
Nasib Kasus Amplop Raja Juli Usai Laporan Gratifikasi Ditolak KPK,Fakta,Liputan6 Nasional (2026-07-19)
Viral Dua WNI Diduga Disekap dan Disiksa di Myanmar,Fakta,Liputan6 Nasional (2026-07-19)
"Viral Bocah jadi Korban Challenge Cabai-Freezer, Pria Depok Ditangkap",Fakta,Liputan6 Nasional (2026-07-19)
BRIN Ungkap Potensi Malapari untuk Energi Terbarukan,Fakta,Liputan6 Nasional (2026-07-19)
Pelaku Penganiayaan dan Penyekapan Wanita di Bekasi Ditangkap,Fakta,Liputan6 Nasional (2026-07-19)
"Ditinggal Kerja, Motor Teknisi WiFi Raib Digondol Maling",Fakta,Liputan6 Nasional (2026-07-19)
Ketika Don Ritto Pasang Badan soal Emas 74 kg dan Uang di Rumah Febrie,Fakta,Liputan6 Nasional (2026-07-19)
Begal Bersenjata Gancu Bacok Pemotor di Koja,Fakta,Liputan6 Nasional (2026-07-19)
Jakarta Bidik Jadi Kota Sport Tourism,Fakta,Liputan6 Nasional (2026-07-19)
KPK Tak Gentar Digugat Tersangka Kasus Kuota Haji,Fakta,Liputan6 Nasional (2026-07-19)
"Banjir Terjang Agam, Ratusan Warga Terdampak",Fakta,Liputan6 Nasional (2026-07-19)
Mentan Ajak Mahasiswa USU Jaga Swasembada Pangan Berkelanjutan,Fakta,Liputan6 Nasional (2026-07-19)
"Mulai Senin, Pedagang Tak Lagi Bebas Keluar Masuk 6 Pelabuhan Ini",Fakta,Liputan6 Nasional (2026-07-19)
"Gangguan Sinyal Terkuak, Pencuri Modul BTS Diringkus",Fakta,Liputan6 Nasional (2026-07-19)
MenPAN-RB Tulis Surat Terbuka untuk Seluruh ASN,Fakta,Liputan6 Nasional (2026-07-19)
Deretan Hari Penting Internasional yang Diperingati Setiap 19 Juli,Fakta,Liputan6 Nasional (2026-07-19)
"BMKG Prediksi Hujan Lebat Disertai Petir, Cek Daftar Kotanya",Fakta,Liputan6 Nasional (2026-07-19)
"Ganjil Genap Jakarta Tak Berlaku Akhir Pekan, Minggu 19 Juli 2026",Fakta,Liputan6 Nasional (2026-07-19)
Usulan KPK untuk Tekan Korupsi saat Pemilu,Fakta,Liputan6 Nasional (2026-07-18)
Momen Evakuasi Puing Pesawat yang Dibakar KKB di Balinggama,Fakta,Liputan6 Nasional (2026-07-18)
Bahlil Beberkan Penyebab Gangguan Distribusi BBM di Sumut,Fakta,Liputan6 Nasional (2026-07-18)
BRIN Dorong Teknologi Pirolisis Jadi Solusi Olah Sampah Plastik,Fakta,Liputan6 Nasional (2026-07-18)
Kondisi Tol JORR Usai Tabrakan Beruntun Enam Kendaraan,Fakta,Liputan6 Nasional (2026-07-18)
Satu Tewas dalam Tabrakan Beruntun di Tol JORR,Fakta,Liputan6 Nasional (2026-07-18)
Detik-detik Tabrakan Beruntun Enam Kendaraan di Tol JORR,Fakta,Liputan6 Nasional (2026-07-18)
"Kekeringan Landa Kabupaten Bekasi, Ribuan KK Terdampak",Fakta,Liputan6 Nasional (2026-07-18)
"Kasus MAN 3 Padang, Psikolog: Bullying Bukan Kenakalan Biasa",Fakta,Liputan6 Nasional (2026-07-18)
"Kelurahan Susukan Bagikan 63 Tong Biopori Jumbo, Pilah Sampah dari Sumber",Fakta,Liputan6 Nasional (2026-07-18)
Anggota DPR Ingatkan Risiko Kecemburuan jika Siswa Kaya Tak Lagi Dapat MBG,Fakta,Liputan6 Nasional (2026-07-18)
"Pembangunan PSEL Palembang Dipercepat, Dukung Infrastruktur Hijau",Fakta,Liputan6 Nasional (2026-07-18)
Ramai-Ramai Kembali ke Perpustakaan,Fakta,Liputan6 Nasional (2026-07-18)
"Konser Akbar Monas, Polisi Siapkan Rekayasa Lalu Lintas",Fakta,Liputan6 Nasional (2026-07-18)
"Konser Akbar di Monas Malam Ini, Catat Kantong Parkirnya",Fakta,Liputan6 Nasional (2026-07-18)
Pramono Siapkan Zebra Cross Gantikan Sementara JPO Tendean,Fakta,Liputan6 Nasional (2026-07-18)
Penguatan Anggaran Perpusnas Penting Demi Pembangunan Literasi,Fakta,Liputan6 Nasional (2026-07-18)
Identitas 3 Anggota KKB yang Tewas Usai Baku Tembak dengan Aparat,Fakta,Liputan6 Nasional (2026-07-18)
"Hindari Macet Konser Monas, Penumpang 13 KA Gambir Bisa Naik dari Jatinegara",Fakta,Liputan6 Nasional (2026-07-18)
Sopir Truk Penyebab Kecelakaan Maut di Sibolangit Diamankan,Fakta,Liputan6 Nasional (2026-07-18)
Jakarta Selatan Siapkan Empat Tong Sampah di Tiap RT,Fakta,Liputan6 Nasional (2026-07-18)
Top 3 News: Hotman Paris Resmi Jadi Kuasa Hukum Febrie Adriansyah,Fakta,Liputan6 Nasional (2026-07-18)
Kronologi Penemuan Pria Tewas dengan Luka Tembak di Hotel Kuningan,Fakta,Liputan6 Nasional (2026-07-18)
Prabowo Minta Urusan TNI Polri di Sawah Tak Diperdebatkan,Fakta,Liputan6 Nasional (2026-07-18)
18 Juli Ada Hari Apa Saja? Ini Daftar Peringatan Internasional,Fakta,Liputan6 Nasional (2026-07-18)
"Ganjil Genap Jakarta Sabtu 18 Juli 2026 Ditiadakan, Simak Aturannya",Fakta,Liputan6 Nasional (2026-07-18)
Pria Ditemukan Tewas dengan Luka Tembak di Balkon Hotel Jaksel,Fakta,Liputan6 Nasional (2026-07-18)
BGN Raih WTP Anggaran 2025 Jadi Sorotan,Fakta,Liputan6 Nasional (2026-07-18)
Prakiraan Cuaca Sabtu 18 Juli 2026: Mayoritas Jakarta Cerah Berawan Seharian,Fakta,Liputan6 Nasional (2026-07-18)
"Prabowo: TNI dan Polri Anak Kandung Rakyat, Harus Selalu Bersama Rakyat",Fakta,Liputan6 Nasional (2026-07-18)
Warga Binaan di Babel Ubah Limbah Batu Bara jadi Pupuk Kompos Ramah Lingkungan,Fakta,Liputan6 Nasional (2026-07-17)
"Ekonom Sebut Ekonomi Indonesia Masih Tumbuh, Tapi Waspada Risiko Fiskal",Fakta,Liputan6 Nasional (2026-07-17)
Gas Bumi Dorong Industri di Semarang Lebih Ramah Lingkungan,Fakta,Liputan6 Nasional (2026-07-17)
Hotman Beberkan 5 Alasan Eks Jampidsus Febrie Tak Layak Jadi Tersangka,Fakta,Liputan6 Nasional (2026-07-17)
"Eks Jampidsus Febrie Diperiksa 10 Jam, Ini yang Ditanyakan Penyidik",Fakta,Liputan6 Nasional (2026-07-17)
KPAI Ungkap Kondisi Dua Santri Korban Kebakaran di Lombok Tengah,Fakta,Liputan6 Nasional (2026-07-17)
Hotman Paris Ungkap Alasan jadi Pengacara Eks Jampidsus Febrie Adriansyah,Fakta,Liputan6 Nasional (2026-07-17)
Canda Prabowo soal Polisi Tak Mau di Bawah Kemhan,Fakta,Liputan6 Nasional (2026-07-17)
Kaesang ke Kader PSI: Masa Gajah Kalah Sama yang Lain?,Fakta,Liputan6 Nasional (2026-07-17)
Formas Ajak Publik Uji Ketahanan Ekonomi Indonesia,Fakta,Liputan6 Nasional (2026-07-17)
Prabowo Kirim Peringatan Keras kepada Pejabat yang Curi Uang Rakyat,Fakta,Liputan6 Nasional (2026-07-17)
Prabowo Sindir Pihak Mengeluh Beras Mahal: Suruh Tanam Padi Sendiri,Fakta,Liputan6 Nasional (2026-07-17)
DPR Minta BGN Bereskan Persoalan Dapur MBG sebelum Libatkan Kantin,Fakta,Liputan6 Nasional (2026-07-17)
Prabowo: Banyak Menteri Ambruk Masuk RS Karena Kerja Keras,Fakta,Liputan6 Nasional (2026-07-17)
Menteri LH: Pengelolaan Sampah Jombang Layak jadi Percontohan,Fakta,Liputan6 Nasional (2026-07-17)
"Komplotan Pencuri Mobil Ini Selalu Lolos, Ternyata Pakai Alat Canggih",Fakta,Liputan6 Nasional (2026-07-17)
Kubu Don Ritto Buka Suara Soal Aliran Dana Kasus Asabri,Fakta,Liputan6 Nasional (2026-07-17)
Menteri PPPA dan Kepala BPS Apresiasi PNM Dorong Perempuan Kembangkan Ekonomi Sirkular,Fakta,Liputan6 Nasional (2026-07-17)
Tanya Prabowo ke TNI dan Polri: Rela Anggaran Dikurangi?,Fakta,Liputan6 Nasional (2026-07-17)
Prabowo: Indonesia Segera Punya Motor Listrik Nasional,Fakta,Liputan6 Nasional (2026-07-17)
Prabowo: Ketahanan Pangan Bukan Hanya Urusan Kementan,Fakta,Liputan6 Nasional (2026-07-17)
Don Ritto Ditahan Kejagung,Fakta,Liputan6 Nasional (2026-07-17)
Korban Tewas Kecelakaan Beruntun di Sibolangit Bertambah jadi 4 Orang,Fakta,Liputan6 Nasional (2026-07-17)
Gus Ipul Ajak Orangtua Siswa Sekolah Rakyat Tinggalkan Ketergantungan Bansos,Fakta,Liputan6 Nasional (2026-07-17)
Intip Spesifikasi Kipas Angin Koperasi Merah Putih yang Jadi Polemik,Fakta,Liputan6 Nasional (2026-07-17)
"Infografis Spanyol vs Argentina, Final Bersejarah Piala Dunia 2026",Fakta,Liputan6 Nasional (2026-07-17)
Momen Prabowo Berbincang dengan Petani Tebu Sebelum Panen Raya Malang,Fakta,Liputan6 Nasional (2026-07-17)
Penjelasan BGN soal Motor Listrik Belum Dicatat Sebagai Aset Negara,Fakta,Liputan6 Nasional (2026-07-17)
Kejagung Siap Disupervisi KPK dalam Kasus Eks Jampidsus Febrie,Fakta,Liputan6 Nasional (2026-07-17)
Prabowo Pimpin Panen Raya TNI Serentak di 43 Lokasi,Fakta,Liputan6 Nasional (2026-07-17)
Pemilik 74 Kilogram Emas di Rumah Febrie Adriansyah Masih Misteri,Fakta,Liputan6 Nasional (2026-07-17)
"BGN Sebut Tunggakan ke Mitra MBG Tembus Rp 1,6 Triliun",Fakta,Liputan6 Nasional (2026-07-17)
Kejagung Periksa Eks Jampidsus Febrie Adriansyah Sebagai Tersangka,Fakta,Liputan6 Nasional (2026-07-17)
Polisi Ungkap Peredaran Oli Ilegal di Tajur Halang Bogor,Fakta,Liputan6 Nasional (2026-07-17)
PT OD Dukung Langkah Wamensesneg Soal Pengelolaan Aset Negara di Kemayoran,Fakta,Liputan6 Nasional (2026-07-17)
Kejagung Pastikan Eks Jampidsus Febrie Baru Tersangka di Satu Kasus Korupsi,Fakta,Liputan6 Nasional (2026-07-17)
Emas 74 Kg dan Uang Sitaan Kasus Febrie Adriansyah Asli,Fakta,Liputan6 Nasional (2026-07-17)
KPK Usut Aliran Uang Korupsi Batu Bara ke Keluarga Mantan Bupati Kukar,Fakta,Liputan6 Nasional (2026-07-17)
Laporan Gratifikasi Raja Juli Soal Amplop Bupati Kuansing Ditolak KPK,Fakta,Liputan6 Nasional (2026-07-17)
"Don Ritto Diserahkan ke Kejagung, Dikawal Brimob Bersenjata",Fakta,Liputan6 Nasional (2026-07-17)
"Ledakan Gudang Amunisi Madiun, DPR Minta TNI AD Bentuk Tim Investigasi",Fakta,Liputan6 Nasional (2026-07-17)
Prabowo Pimpin Panen Raya Serentak dari Malang,Fakta,Liputan6 Nasional (2026-07-17)
"Mendagri Anggap Gaji Kepala Daerah Tak Sebanding Ongkos Politik, Ini Rinciannya",Fakta,Liputan6 Nasional (2026-07-17)
"Kasus Perdagangan Manusia Terus Berulang, Menteri P2MI Ungkap Celahnya",Fakta,Liputan6 Nasional (2026-07-17)
Hotman Paris Resmi Jadi Kuasa Hukum Febrie Adriansyah,Fakta,Liputan6 Nasional (2026-07-17)
"Jalan Kebon Sirih Dibongkar, Proyek Dikerjakan Bertahap",Fakta,Liputan6 Nasional (2026-07-17)
"Diperiksa ke-3 Kali, Sudirman Said Blak-blakan Kasus Korupsi Petral",Fakta,Liputan6 Nasional (2026-07-17)
Polri Jawab Usulan Pigai soal Sertifikasi HAM untuk Kenaikan Pangkat,Fakta,Liputan6 Nasional (2026-07-17)
"Halte Kebon Sirih Arah Kota Ditutup Sementara, Ini Alternatifnya",Fakta,Liputan6 Nasional (2026-07-17)
Don Ritto Dilimpahkan ke Kejagung Siang Ini,Fakta,Liputan6 Nasional (2026-07-17)
"Jember Fashion Carnaval 2026 Usung Tema ""HEAL"", Hadirkan Konsep Drama Teatrikal Baru",Fakta,Liputan6 Nasional (2026-07-17)
Sudirman Said Kembali Diperiksa Kejagung,Fakta,Liputan6 Nasional (2026-07-17)
Hotman Paris Beri Sinyal Dampingi Febrie Adriansyah,Fakta,Liputan6 Nasional (2026-07-17)
Tiga Pemda Bawa Kabar Terbaru ke Wamensos soal Sekolah Rakyat,Fakta,Liputan6 Nasional (2026-07-17)
Hidup Pelik Anak Sayuti Melik,Fakta,Liputan6 Nasional (2026-07-17)
"Ada Perbaikan Jalan, Lalu Lintas Kebon Sirih ke Tugu Tani Padat",Fakta,Liputan6 Nasional (2026-07-17)
Dalih Beli Susu Anak Berujung Penjara,Fakta,Liputan6 Nasional (2026-07-17)
"PAM Bakal Mati 6 Hari, Warga Cengkareng Tampung Air di Ember dan Galon",Fakta,Liputan6 Nasional (2026-07-17)
"Ada Demo Gabungan BEM di Monas, Ribuan Personel Disiagakan",Fakta,Liputan6 Nasional (2026-07-17)
Polemik Penangkapan Admin Akun Parodi TheKerupuk,Fakta,Liputan6 Nasional (2026-07-17)
Pilu Balita Bekasi Hilang Nyawa di Tangan Ibu Tiri,Fakta,Liputan6 Nasional (2026-07-17)
Di Balik Safe House Para Tersangka Korupsi,Fakta,Liputan6 Nasional (2026-07-17)
"Nyaris DO, Alumni Kampus di Malang Ini Kini Wakil PM Timor Leste",Fakta,Liputan6 Nasional (2026-07-17)
Membedah Penyebab Banyak Kepala Daerah Tertangkap KPK,Fakta,Liputan6 Nasional (2026-07-17)
DKI Jakarta dan Jabar Jadi Daerah dengan Aduan Kekerasan Perempuan Terbanyak,Fakta,Liputan6 Nasional (2026-07-17)
Di Balik Pujian 'Hij is de Man' Bung Karno untuk Natsir,Fakta,Liputan6 Nasional (2026-07-17)
Rumah Kepala BPKAD Sukoharjo Digeledah KPK,Fakta,Liputan6 Nasional (2026-07-17)
"Viral Penjual Minuman Alkohol Jumbo, Satpol PP Bertindak",Fakta,Liputan6 Nasional (2026-07-16)
KPK Dalami Motif Pemberian Amplop ke Raja Juli,Fakta,Liputan6 Nasional (2026-07-16)
TPA Cipayung Depok Kebakaran,Fakta,Liputan6 Nasional (2026-07-16)
"Pasokan Air PAM Jaya Terganggu Enam Hari, Cek Wilayahnya",Fakta,Liputan6 Nasional (2026-07-16)
Banyuwangi Entaskan Ribuan Anak Rentan Putus Sekolah Lewat Berbagai Bantuan Pendidikan,Fakta,Liputan6 Nasional (2026-07-16)
"Fakta Baru Penghuni Kos Tewas Terbakar, Barang Berharga Hilang",Fakta,Liputan6 Nasional (2026-07-16)
"Banyuwangi Ethno Carnival 2026 Bawa Harapan Baru, Pedagang Bidik Lonjakan Penjualan",Fakta,Liputan6 Nasional (2026-07-16)
Stok BBM Sumut Dipastikan Aman,Fakta,Liputan6 Nasional (2026-07-16)
"Sekolah Rakyat Banyuwangi Punya Gedung Baru, Siswa Bersiap Pindah dalam Waktu Dekat",Fakta,Liputan6 Nasional (2026-07-16)
BGN Kaji Pelibatan Kantin Sekolah untuk Program MBG,Fakta,Liputan6 Nasional (2026-07-16)
"Banyuwangi Jadi Tuan Rumah ASEAN-ID Blue, Dihadiri Delegasi Negara ASEAN, Pasifik, dan Sel...",Fakta,Liputan6 Nasional (2026-07-16)
Prabowo Minta Blok Masela Tak Sekadar Untungkan Investor,Fakta,Liputan6 Nasional (2026-07-16)
"Rangkaian BEC 2026 Dimulai, Banyuwangi Siapkan Beragam Event Seru hingga Agustus",Fakta,Liputan6 Nasional (2026-07-16)
Kondisi Korban Ledakan di Gudang Amunisi Madiun,Fakta,Liputan6 Nasional (2026-07-16)
Anggota BPK Bobby Rizaldi Diperiksa 9 Jam terkait Kasus Bupati Muara Enim,Fakta,Liputan6 Nasional (2026-07-16)
Curhat Warga Depok Diteror Tetangga: Dilempar Telur hingga Diancam Santet,Fakta,Liputan6 Nasional (2026-07-16)
"Bayar Rp 3 Ribu ke Jukir Liar, Puluhan Motor Malah Diangkut Dishub",Fakta,Liputan6 Nasional (2026-07-16)
"Ledakan di Puspalad, TNI Jamin Perawatan Amunisi Sesuai Prosedur",Fakta,Liputan6 Nasional (2026-07-16)
Mendagri Tito Ungkap Strategi Pencegahan Korupsi di Daerah,Fakta,Liputan6 Nasional (2026-07-16)
Strategi Mendagri Cegah Korupsi di Daerah,Fakta,Liputan6 Nasional (2026-07-16)
TNI: Ledakan di Puspalad Madiun Terjadi Saat Prajurit Periksa Amunisi,Fakta,Liputan6 Nasional (2026-07-16)
"Ledakan di Gudang Amunisi Puspalad Madiun, 1 TNI Gugur",Fakta,Liputan6 Nasional (2026-07-16)
Sidang Banding Nadiem Makarim Digelar 5 Agustus,Fakta,Liputan6 Nasional (2026-07-16)
"Bajak Siaran Nex Parabola, Pemilik Pesona TV Divonis 1 T",Fakta,Liputan6 Nasional (2026-07-16)
Momen Ceria Ratusan Siswa Disabilitas Diajak Keliling Istana,Fakta,Liputan6 Nasional (2026-07-16)
"Maling Pecah Kaca Mobil di Bekasi, Gasak Uang Rp 9 Juta dan iPhone 15",Fakta,Liputan6 Nasional (2026-07-16)
Kondisi Terkini Anak Sayuti Melik Usai Viral Sakit di Gang Sempit,Fakta,Liputan6 Nasional (2026-07-16)
"Bahlil Goda Nusron Wahid Pakai Kacamata Hitam: Inggris Kalah, Dia Sedih",Fakta,Liputan6 Nasional (2026-07-16)
"Wamendagri Bima Minta Gubernur Perkuat Koordinasi, Integritas dan Kepemimpinan Daerah",Fakta,Liputan6 Nasional (2026-07-16)
Tim Khusus LPSK Turun Tangan Kawal Santri Dibakar,Fakta,Liputan6 Nasional (2026-07-16)
Proyek Warisan Tujuh Gubernur Kini Dikebut Pramono,Fakta,Liputan6 Nasional (2026-07-16)
"Prabowo: Indonesia Dibilang Bangsa Malas dan Hobi Tidur, Padahal Pekerja Keras",Fakta,Liputan6 Nasional (2026-07-16)
"Anggota DPR Sentil Menteri PU: Fokus Kerja, Jangan Bikin Heboh",Fakta,Liputan6 Nasional (2026-07-16)
Cara Dishub Jakarta Cegah Truk Tabrak JPO,Fakta,Liputan6 Nasional (2026-07-16)
Masjid Raya Jakarta Islamic Centre Bakal Direnovasi,Fakta,Liputan6 Nasional (2026-07-16)
"KPK Geledah Safe House Bupati Sukoharjo, Dua Koper Dibawa Keluar",Fakta,Liputan6 Nasional (2026-07-16)
"KM Nurul Salsa Terbalik di Selayar, 1 Orang Tewas dan 24 Hilang",Fakta,Liputan6 Nasional (2026-07-16)
Golkar juga Nonaktifkan Kader Terkait Intimidasi Dokter Icha,Fakta,Liputan6 Nasional (2026-07-16)
Alasan Peneror Bom 10 Sekolah di Depok Divonis Enam Bulan,Fakta,Liputan6 Nasional (2026-07-16)
Benarkah Harga Barang di Koperasi Merah Putih Murah?,Fakta,Liputan6 Nasional (2026-07-16)
Kemendagri Ungkap Masalah Utama Dana Otsus Papua,Fakta,Liputan6 Nasional (2026-07-16)
"Batal ke Maluku, Prabowo Bilang Punya 'Utang' ke Warga Tanimbar",Fakta,Liputan6 Nasional (2026-07-16)
Mendagri Ungkap Akar Korupsi Kepala Daerah: Ongkos Politik Terlalu Mahal,Fakta,Liputan6 Nasional (2026-07-16)
Mendagri soal Banyak Kepala Daerah Kena OTT: Kita Tak Bisa Awasi 24 Jam,Fakta,Liputan6 Nasional (2026-07-16)
Pelajar Perakit Bom MAN 3 Padang Mengaku Dibully Sejak Kelas 2,Fakta,Liputan6 Nasional (2026-07-16)
"Dokter Tifa Yakin Eksepsinya Diterima, JPU Minta Hakim Tolak",Fakta,Liputan6 Nasional (2026-07-16)
Pelajar MAN 3 Padang Belajar Merakit Bom dari YouTube dan Instagram,Fakta,Liputan6 Nasional (2026-07-16)
Fakta Baru Siswa Ledakan Bom Rakitan di MAN 3 Padang,Fakta,Liputan6 Nasional (2026-07-16)
Kasus Bom Rakitan di Padang Jadi Alarm Bahaya Perundungan,Fakta,Liputan6 Nasional (2026-07-16)
Titiek Soeharto Heran Permenhut Terbit saat Menteri Umrah,Fakta,Liputan6 Nasional (2026-07-16)
Wamendagri Wiyagus Ajak Kepala Daerah Bangun Kemitraan Strategis,Fakta,Liputan6 Nasional (2026-07-16)
Kasus Bupati Muara Enim Berujung 5 ASN BPK Diperiksa,Fakta,Liputan6 Nasional (2026-07-16)
"WN Singapura Cekik Kekasih hingga Tewas di Bali, Mayat Korban Ditutup Boneka",Fakta,Liputan6 Nasional (2026-07-16)
Terungkap Motif Wanita di Bekasi Dianiaya Pacar,Fakta,Liputan6 Nasional (2026-07-16)
Pelaku Dugaan Penyekapan dan Penganiayaan Wanita di Bekasi Buron,Fakta,Liputan6 Nasional (2026-07-16)
"Tragis, Wanita di Bekasi Babak Belur Dianiaya Pacar",Fakta,Liputan6 Nasional (2026-07-16)
"Sibuk Kerja, Ayah di Bekasi Tak Tahu Anaknya Dianiaya Ibu Tiri",Fakta,Liputan6 Nasional (2026-07-16)
Konsorsium Indonesia-China Garap Proyek Pengolahan Sampah Jadi Listrik,Fakta,Liputan6 Nasional (2026-07-16)
Alasan Autopsi Balita Korban Penganiayaan Ibu Tiri Tertunda,Fakta,Liputan6 Nasional (2026-07-16)
"Ditabrak Molen, Ini Cerita Viaduk Matraman yang Termasuk Cagar Budaya",Fakta,Liputan6 Nasional (2026-07-16)
Wamendagri Bima Arya Tekankan Pentingnya Ruang Berbagi dan Mencari Inspirasi bagi Kepala D...,Fakta,Liputan6 Nasional (2026-07-16)
Pesan Dishub Usai Truk Molen Nyangkut di Viaduk Matraman,Fakta,Liputan6 Nasional (2026-07-16)
Cerita Kecurigaan Petugas Rutan Salemba saat Pengunjung Bawa Tisu Berisi Narkoba,Fakta,Liputan6 Nasional (2026-07-16)
Istana Buka Suara soal Prajurit TNI Jadi Sopir Truk BBM,Fakta,Liputan6 Nasional (2026-07-16)
Don Ritto Bakal Diserahkan ke Kejagung,Fakta,Liputan6 Nasional (2026-07-16)
Balita Dianiaya Ibu Tiri di Bekasi Tak Tertolong,Fakta,Liputan6 Nasional (2026-07-16)
Anggota BPK Bobby Rizaldi Penuhi Panggilan KPK,Fakta,Liputan6 Nasional (2026-07-16)
"Truk Molen Sempat Nyangkut di Jembatan Matraman, Begini Penampakannya",Fakta,Liputan6 Nasional (2026-07-16)
"Kasus Bupati Sukoharjo, KPK Geledah 9 Lokasi",Fakta,Liputan6 Nasional (2026-07-16)
Prabowo Minta Evaluasi Total MBG,Fakta,Liputan6 Nasional (2026-07-16)
Wamenag Minta Ledakan di MAN 3 Padang Tak Dikaitkan dengan Radikalisme,Fakta,Liputan6 Nasional (2026-07-16)
"Besok, Don Ritto hingga Tumpukan Emas Diserahkan ke Kejagung",Fakta,Liputan6 Nasional (2026-07-16)
Target Pramono Bereskan Sampah Rusun Waduk Pluit,Fakta,Liputan6 Nasional (2026-07-16)
Permasalahan Sampah dari Hulu ke Hilir Diharap Selesai Akhir 2027,Fakta,Liputan6 Nasional (2026-07-16)
Pramono Pastikan JPO Tendean yang Roboh Dibangun Kembali,Fakta,Liputan6 Nasional (2026-07-16)
Mengintip Keuntungan Tiga Koperasi Merah Putih di Jakarta,Fakta,Liputan6 Nasional (2026-07-16)
Darurat Antrean Panjang di SPBU Medan,Fakta,Liputan6 Nasional (2026-07-16)
Jalan Berliku Koperasi Kelurahan di Tengah Rimba Minimarket Ibu Kota,Fakta,Liputan6 Nasional (2026-07-16)
Perkembangan Terkini Nasib Eks Jampidsus Febrie,Fakta,Liputan6 Nasional (2026-07-16)
"Kejagung Bentuk Tim 9 Penyidik Kasus Febrie, Ini Kata KPK",Fakta,Liputan6 Nasional (2026-07-16)
Mensos Pastikan Seluruh Rekomendasi BPK Ditindaklanjuti,Fakta,Liputan6 Nasional (2026-07-16)
KPK Periksa Anggota BPK Bobby Rizaldi Pekan Ini,Fakta,Liputan6 Nasional (2026-07-16)
Kemendagri Permudah Masyarakat Miliki Rumah,Fakta,Liputan6 Nasional (2026-07-15)
Viral Dugaan Tewasnya Penghuni Kos yang Terbakar di Kemayoran,Fakta,Liputan6 Nasional (2026-07-15)
"Kebakaran Lapak Kayu di Bekasi, Api Berkobar Sulit Dijinakkan",Fakta,Liputan6 Nasional (2026-07-15)
Pemerintah Targetkan Benahi MBG dalam Sebulan,Fakta,Liputan6 Nasional (2026-07-15)
Gus Ipul Sebut Setiap Siswa Sekolah Rakyat Berharga,Fakta,Liputan6 Nasional (2026-07-15)
Kopdes Disiapkan Jadi Penyalur Bantuan dan Pembeli Gabah,Fakta,Liputan6 Nasional (2026-07-15)
"Isu Keponakan Jadi Komisaris PT PP, Menteri PU Adakan Sayembara",Fakta,Liputan6 Nasional (2026-07-15)
Menteri PU Bantah Mutasi Pegawai Karena Surat Perjalanan Luar Negeri Bocor,Fakta,Liputan6 Nasional (2026-07-15)
Gus Ipul Buka MPLS Perdana Sekolah Rakyat di Sragen,Fakta,Liputan6 Nasional (2026-07-15)
Seragam Anak Jadi Pemicu Ancaman Bom SDN Srengseng Sawah,Fakta,Liputan6 Nasional (2026-07-15)
"Kejagung Ralat Pernyataan, Status Eks Jampidsus Febrie Tetap Tersangka",Fakta,Liputan6 Nasional (2026-07-15)
TNI-Polri Wajib Lulus Sertifikasi HAM untuk Naik Jabatan,Fakta,Liputan6 Nasional (2026-07-15)
Infografis 10 Provinsi dengan Koperasi Merah Putih Terbanyak,Fakta,Liputan6 Nasional (2026-07-15)
KPK Ungkap Alasan Geledah Rumah Anggota BPK Bobby Rizaldi Selama 2 Hari,Fakta,Liputan6 Nasional (2026-07-15)
Prabowo Resmikan Groundbreaking Proyek Blok Masela Besok,Fakta,Liputan6 Nasional (2026-07-15)
Pramono Targetkan Gunungan Sampah di Rusun Waduk Pluit Bersih dalam 10 Hari,Fakta,Liputan6 Nasional (2026-07-15)
Motif Teror Bom SD Srengseng Sawah 15: Tersinggung Ucapan Guru,Fakta,Liputan6 Nasional (2026-07-15)
"Kejagung Ungkap Kasus Samin Tan Bikin Negara Rugi Rp 17,7 T",Fakta,Liputan6 Nasional (2026-07-15)
Pramono Ancam Coret Penerima Bansos yang Curi Fasilitas Publik,Fakta,Liputan6 Nasional (2026-07-15)
"Pramono Lantik 239 Pejabat, Titip Tiga Pesan Ini",Fakta,Liputan6 Nasional (2026-07-15)
"Viral Kepergok Curi Minyak Goreng, Perempuan Nyebur ke Kali",Fakta,Liputan6 Nasional (2026-07-15)
China Ingin Perluas Dialog dengan Partai Politik di Indonesia,Fakta,Liputan6 Nasional (2026-07-15)
Masa Tunggu Haji Dipangkas Jadi 26 Tahun,Fakta,Liputan6 Nasional (2026-07-15)
"Tim Khusus Kasus Febrie Diisi Eks Penyidik KPK, Ini Kata Kejagung",Fakta,Liputan6 Nasional (2026-07-15)
"Partai Komunis China Genap Berusia 105 Tahun, Prabowo hingga Megawati Kirim Surat Ucapan",Fakta,Liputan6 Nasional (2026-07-15)
"Pemerintah Mulai Siapkan Haji 2027, Ini Fokus Pembenahannya",Fakta,Liputan6 Nasional (2026-07-15)
"Kejagung Terbitkan Sprindik Baru, Status Eks Jampidsus Febrie Tertulis Saksi",Fakta,Liputan6 Nasional (2026-07-15)
"Xenia Hantam 4 Motor di Pondok Gede, Dua Orang Luka Berat",Fakta,Liputan6 Nasional (2026-07-15)
"Duduk Perkara Pungli Satpol PP di Rumah Belajar Cilincing, Berujung Diperiksa",Fakta,Liputan6 Nasional (2026-07-15)
Daftar 9 Jaksa yang Tangani Kasus Febrie Adriansyah,Fakta,Liputan6 Nasional (2026-07-15)
Zulhas: Koperasi Desa Merah Putih Bukan Supermarket,Fakta,Liputan6 Nasional (2026-07-15)
Peneror Bom di SD Jaksel Terlilit Pinjol hingga Bank Keliling,Fakta,Liputan6 Nasional (2026-07-15)
Setoran ke Kas Negara Naik 15 Kali Lipat Usai JCC Dikelola Pemerintah,Fakta,Liputan6 Nasional (2026-07-15)
"3 Sprindik Terbit, Kejagung Tancap Gas Usut Kasus Febrie",Fakta,Liputan6 Nasional (2026-07-15)
"Prabowo Kumpulkan Menteri di Istana, Ini Agenda yang Dibahas",Fakta,Liputan6 Nasional (2026-07-15)
Mensos Buka Suara soal Putra Sayuti Melik Hidup Prihatin di Gang Sempit,Fakta,Liputan6 Nasional (2026-07-15)
Kasus MAN 3 Padang Bawa Pigai Mengingat Pengalaman Bullying,Fakta,Liputan6 Nasional (2026-07-15)
Menlu Kenang Peran Sheikh Hamad untuk Persahabatan Indonesia-Qatar,Fakta,Liputan6 Nasional (2026-07-15)
Istana Respons Usulan Kasus Febrie Adriansyah Dilimpahkan ke KPK,Fakta,Liputan6 Nasional (2026-07-15)
DJKI Persiapkan Forum Jurnalis ASEAN Bersama Dewan Pers,Fakta,Liputan6 Nasional (2026-07-15)
Wamendagri Ribka Tinjau Infrastruktur Strategis di Papua: Harus Bermanfaat buat Rakyat,Fakta,Liputan6 Nasional (2026-07-15)
Penjelasan Mendikdasmen Soal Aturan Pembatasan Gawai di Sekolah,Fakta,Liputan6 Nasional (2026-07-15)
Mendagri Siapkan Insentif bagi Daerah yang Dukung Program Perumahan Rakyat,Fakta,Liputan6 Nasional (2026-07-15)
Kondisi Terkini Bekas JPO Tendean Ditabrak Truk,Fakta,Liputan6 Nasional (2026-07-15)
"Harta Kekayaan Kuntadi, Calon Jampidsus Baru Pengganti Febrie",Fakta,Liputan6 Nasional (2026-07-15)
"Rekam Jejak Kuntadi, Calon Jampidsus Pengganti Febrie Adriansyah",Fakta,Liputan6 Nasional (2026-07-15)
"JPO Tendean Dirobohkan, Belum Dipastikan Dibangun Lagi",Fakta,Liputan6 Nasional (2026-07-15)
"Jokowi Lanjutkan Safari Politik ke NTT, Siapkan Kejutan",Fakta,Liputan6 Nasional (2026-07-15)
"Prabowo Datangi Kedubes Qatar, Sampaikan Belasungkawa untuk Sheikh Hamad",Fakta,Liputan6 Nasional (2026-07-15)
"Mobil Tabrak Kaca Gedung di SCBD, Pengunjung Sempat Heboh",Fakta,Liputan6 Nasional (2026-07-15)
"Jelang Muktamar NU, Gus Yahya Ungkap Agenda Besar yang Akan Dibahas",Fakta,Liputan6 Nasional (2026-07-15)
Nasib Hotel Sultan Setelah Dieksekusi,Fakta,Liputan6 Nasional (2026-07-15)
"Bom Rakitan di MAN 3 Padang, Sahroni: Jangan Dianggap Sepele",Fakta,Liputan6 Nasional (2026-07-15)
"Prabowo Panggil Jaksa Agung, Tanya Kasus Eks Jampidsus Febrie",Fakta,Liputan6 Nasional (2026-07-15)
Polisi Angkut Barang Bukti Kasus Febrie Adriansyah ke Kejagung,Fakta,Liputan6 Nasional (2026-07-15)
Istana Bocorkan Sosok Jampidsus Pengganti Febrie Adriansyah,Fakta,Liputan6 Nasional (2026-07-15)
Insiden Hotel Sultan Berujung Wamensesneg Berkursi Roda,Fakta,Liputan6 Nasional (2026-07-15)
Kejagung Pastikan Usut Kasus MBG Meski Febrie Jadi Tersangka Korupsi,Fakta,Liputan6 Nasional (2026-07-15)
Peran Menhut Dinilai Sentral Dalam Perdagangan Karbon Kehutanan,Fakta,Liputan6 Nasional (2026-07-15)
"Update Santri Korban Pembakaran di Lombok Tengah, LPSK Turun Tangan",Fakta,Liputan6 Nasional (2026-07-15)
UI Bareng BRIN Kembangkan Model Pengelolaan Sampah Zero Waste di Kampus,Fakta,Liputan6 Nasional (2026-07-15)
Kondisi Terkini Balita di Bekasi Dianiaya Ibu Tiri,Fakta,Liputan6 Nasional (2026-07-15)
"Balita di Bekasi Dianiaya Ibu Tiri, Korban Dirawat di RSUD Koja",Fakta,Liputan6 Nasional (2026-07-15)
Kepala KSP Ungkap Hal yang Tak Disukai Prabowo,Fakta,Liputan6 Nasional (2026-07-15)
"Ledakan di MAN 3 Padang, Pelaku Belajar Rakit Bom 4 Bulan Terakhir",Fakta,Liputan6 Nasional (2026-07-15)
ASN Jakarta Bandel Bawa Kendaraan Pribadi Diderek,Fakta,Liputan6 Nasional (2026-07-15)
Pangkoarmada RI dan Para Pejabat Ramaikan Ekshibisi Bulutangkis TNI AL,Fakta,Liputan6 Nasional (2026-07-15)
"Pelarian 2 Residivis Curanmor Berakhir, Akui Beraksi di 20 Lokasi",Fakta,Liputan6 Nasional (2026-07-15)
Menteri LH Serukan Tobat Ekologis dan Gerakan Tanam Dua Miliar Pohon,Fakta,Liputan6 Nasional (2026-07-15)
Warga Berpenghasilan Rendah Jakarta Diminta Tak Dibebani Pajak Baru,Fakta,Liputan6 Nasional (2026-07-15)
KPK Dalami Peran Anggota BPK Robby Rizaldi di Kasus Bupati Muara Enim,Fakta,Liputan6 Nasional (2026-07-15)
Kronologi Ojol Dibunuh saat Pergoki Pencuri Ambil Kunci Motor,Fakta,Liputan6 Nasional (2026-07-15)
DPRD Minta Pemprov DKI Siapkan Regulasi Baru Pajak Parkir dan Hiburan,Fakta,Liputan6 Nasional (2026-07-15)
"Tinggal Nestapa di Gang Sempit, Anak Sayuti Melik Kenang Main Gundu Bareng Megawati",Fakta,Liputan6 Nasional (2026-07-15)
Fakta Baru RD Berubah Niat Bunuh Diri Jadi Habisi Nyawa Ojol,Fakta,Liputan6 Nasional (2026-07-15)
Momen Asosiasi Mitra BGN Ancam Segel Dapur MBG di DPR,Fakta,Liputan6 Nasional (2026-07-15)
"Lewat FESyar KTI 2026, Bank Indonesia Perkuat Ekosistem Ekonomi Syariah dari Kawasan Timur",Fakta,Liputan6 Nasional (2026-07-15)
Ketika Warga Turun Tangan Bantu Negara Perbaiki Jalan,Fakta,Liputan6 Nasional (2026-07-15)
"Ada 2 Demo Mahasiswa di Jakpus Hari Ini, Ratusan Personel Siaga",Fakta,Liputan6 Nasional (2026-07-15)
Kesamaan Ledakan Bom Rakitan di MAN 3 Padang dan SMA 72 Jakarta,Fakta,Liputan6 Nasional (2026-07-15)
"Jejak Anak Pengetik Proklamasi Sayuti Melik, Tinggal Nestapa di Kontrakan Gang Sempit",Fakta,Liputan6 Nasional (2026-07-15)
"Prabowo Minta PHK Dicegah, Danantara Disiapkan Suntik Modal ke Swasta",Fakta,Liputan6 Nasional (2026-07-15)
"Info Cuaca Jabodetabek Hari Ini, Cek Perkiraan BMKG",Fakta,Liputan6 Nasional (2026-07-15)
Hidup Febrie Adriansyah Setelah 3 Hari Jadi Tersangka,Fakta,Liputan6 Nasional (2026-07-15)
"9 Kecamatan di Jakarta Masuk Zona Rawan Longsor, Cek Daftarnya",Fakta,Liputan6 Nasional (2026-07-15)
Celengan Receh dan Rental PlayStation di Balik Integritas Jaksa Lopa,Fakta,Liputan6 Nasional (2026-07-15)
"NasDem Gelar Kongres Pemuda, Bidik Pemilih Milenial dan Gen Z",Fakta,Liputan6 Nasional (2026-07-14)
Menteri LH Jumhur Dorong Daerah Kelola Lingkungan demi Ekonomi Berkelanjutan,Fakta,Liputan6 Nasional (2026-07-14)
"Gempa M 6,2 Guncang Kepulauan Sangihe Sulut",Fakta,Liputan6 Nasional (2026-07-14)
Strategi Komdigi Persempit Celah Judi Online dan Kejahatan Digital,Fakta,Liputan6 Nasional (2026-07-14)
Komdigi Blokir Lebih dari 3 Juta Konten Judi Online,Fakta,Liputan6 Nasional (2026-07-14)
Transportasi Ramah Lingkungan jadi Bagian Budaya Kerja Berkelanjutan,Fakta,Liputan6 Nasional (2026-07-14)
Wisata Edukasi Taman Lebah untuk Jaga Kelestarian Ekosistem,Fakta,Liputan6 Nasional (2026-07-14)
"KPK Geledah Rumah Anggota BPK Bobby Rizaldi, Ini Bocoran Kasusnya",Fakta,Liputan6 Nasional (2026-07-14)
Infografis Barang Bukti Fantastis Kasus Eks Jampidsus Febrie,Fakta,Liputan6 Nasional (2026-07-14)
Jaksa Agung Tanggapi Kabar Kuntadi jadi Jampidsus Gantikan Febrie,Fakta,Liputan6 Nasional (2026-07-14)
"Pengakuan Pembunuh Driver Ojol, Ada Tekanan Biaya Nikah",Fakta,Liputan6 Nasional (2026-07-14)
"Ledakan Bom Rakitan MAN 3 Padang, Pelaku Korban Bullying dan Incar Teman Sekelas",Fakta,Liputan6 Nasional (2026-07-14)
"Mahasiswa UGM Datangi KPK, Bawa Tuntutan soal Kasus Febrie",Fakta,Liputan6 Nasional (2026-07-14)
"Luhut Temui Prabowo di Hambalang, Ini yang Dibahas",Fakta,Liputan6 Nasional (2026-07-14)
Transjakarta Rekayasa Rute Koridor 13 Imbas JPO Tendean Ditabrak,Fakta,Liputan6 Nasional (2026-07-14)
"Densus: Pelajar MAN 3 Padang Bawa Beberapa Bom Rakitan, 1 Meledak",Fakta,Liputan6 Nasional (2026-07-14)
KLH Wajibkan Produsen Bertanggung Jawab Kelola Limbah Plastik,Fakta,Liputan6 Nasional (2026-07-14)
Pramono Janji Siapkan Tempat Kumpul Lansia,Fakta,Liputan6 Nasional (2026-07-14)
"Pengakuan Pelajar Perakit Bom MAN 3 Padang, Tiru Aksi di SMA Jakarta",Fakta,Liputan6 Nasional (2026-07-14)
Wamentrans Soroti Masalah Lahan di Kawasan Transmigrasi Kikim,Fakta,Liputan6 Nasional (2026-07-14)
Ledakan di MAN 3 Padang: Terungkap Cara Pelajar buat Bom Rakitan,Fakta,Liputan6 Nasional (2026-07-14)
Penampakan Barang Bukti Ledakan Bom Rakitan di MAN 3 Padang,Fakta,Liputan6 Nasional (2026-07-14)
"Penyidik Polri Sambangi Kejagung, Ada Proses Penting Terkait Kasus Febrie Adriansyah",Fakta,Liputan6 Nasional (2026-07-14)
Reaksi Prabowo Dengar Wacana Biaya Haji Naik jadi Rp 107 Juta,Fakta,Liputan6 Nasional (2026-07-14)
"ART Kuras ATM Majikan Rp 450 Juta, Dibelikan Mobil hingga Perhiasan",Fakta,Liputan6 Nasional (2026-07-14)
Pelaku Ledakan di MAN 3 Padang Terinspirasi Peristiwa Bom SMA 72 Jakarta,Fakta,Liputan6 Nasional (2026-07-14)
Kenapa Febrie Adriansyah hanya Dicekal 20 Hari? Ini Penjelasan Menteri Imipas,Fakta,Liputan6 Nasional (2026-07-14)
"Di Atas Jalur KRL, Segini Tinggi Jalur LRT Manggarai",Fakta,Liputan6 Nasional (2026-07-14)
Don Ritto Blak-blakan Sumber Uang dan Aset yang Disita Polisi,Fakta,Liputan6 Nasional (2026-07-14)
"Evakuasi JPO Tendean, Macet Mengular di Sejumlah Jalan",Fakta,Liputan6 Nasional (2026-07-14)
"Gus Ipul Tegaskan MPLS Bukan Ajang Perpeloncoan, Sekolah Wajib Ciptakan Lingkungan Aman",Fakta,Liputan6 Nasional (2026-07-14)
Cek Rekayasa Lalu Lintas di Jaksel Imbas JPO Tendean Dibongkar,Fakta,Liputan6 Nasional (2026-07-14)
Kisah Jaksa Lopa Tolak Beli Mobil Jusuf Kalla dengan ‘Harga Teman’,Fakta,Liputan6 Nasional (2026-07-14)
Cara Kemenag Cegah Penyebaran Budaya LGBTQ di Sekolah,Fakta,Liputan6 Nasional (2026-07-14)
Ketua KPK Akui Sudah Bicara dengan Jaksa Agung soal Febrie Adriansyah,Fakta,Liputan6 Nasional (2026-07-14)
"Asyik Pesta di Vila, Pelaku Curanmor Berkedok Ojol Ditangkap",Fakta,Liputan6 Nasional (2026-07-14)
Bantal Hitam Dalam Genggaman Yaqut,Fakta,Liputan6 Nasional (2026-07-14)
"Momen Kapolri - Jaksa Agung Kembali Duduk 1 Meja, Kini Didampingi Ketua KPK",Fakta,Liputan6 Nasional (2026-07-14)
"Bom Rakitan Meledak di MAN 3 Padang, Diduga Dirakit Siswa",Fakta,Liputan6 Nasional (2026-07-14)
"434 Kepala Desa Ikut Program Masuk Kampus, Ini Tujuan Mendagri",Fakta,Liputan6 Nasional (2026-07-14)
Pembunuh Driver Ojol Diringkus Tengah Malam,Fakta,Liputan6 Nasional (2026-07-14)
"LPSK Tolak Justice Collaborator Sony Sonjaya, Ini Alasannya",Fakta,Liputan6 Nasional (2026-07-14)
FBI dan Secret Service AS Cek Dolar Sitaan Kasus Eks Jampidsus Febrie,Fakta,Liputan6 Nasional (2026-07-14)
"Hari Pertama Sekolah, BGN Tinjau Pelaksanaan MBG di Jakarta Pusat",Fakta,Liputan6 Nasional (2026-07-14)
"90 Unit Apartemen Benny Tjokro Dilelang, Nilai Limit Rp 219 M",Fakta,Liputan6 Nasional (2026-07-14)
Wacana 2 Rute Baru LRT Jakarta,Fakta,Liputan6 Nasional (2026-07-14)
Peneror Bom SD Srengseng Jaksel Jadi Tersangka,Fakta,Liputan6 Nasional (2026-07-14)
"Disamarkan di Minuman Instan, 3,3 Kg Narkoba Gagal Masuk Bandara Soetta",Fakta,Liputan6 Nasional (2026-07-14)
"LRT Jakarta Bakal Tembus Dukuh Atas, Mulai Dibangun 2027",Fakta,Liputan6 Nasional (2026-07-14)
Pramono Geram JPO Tendean Rusak Ditabrak Truk: Keteledoran Sopir,Fakta,Liputan6 Nasional (2026-07-14)
Nasib Penyidikan Kasus Korupsi MBG usai Pendataan SPPG Disetop,Fakta,Liputan6 Nasional (2026-07-14)
Eks Menag Yaqut Siap Buka-bukaan di Persidangan,Fakta,Liputan6 Nasional (2026-07-14)
Apa Kabar RUU Perampasan Aset? Ini Penjelasan DPR,Fakta,Liputan6 Nasional (2026-07-14)
"Sosok AKBP Ade Harri, Kapolres Kotabaru Peraih Dua Pin Emas Kapolri",Fakta,Liputan6 Nasional (2026-07-14)
Harapan Pramono ke Prabowo Jika LRT Velodrome-Manggarai Rampung,Fakta,Liputan6 Nasional (2026-07-14)
Sopir Truk Penabrak JPO Tendean Diamankan Polisi,Fakta,Liputan6 Nasional (2026-07-14)
"Rekam Jejak Don Ritto, Tersangka Korupsi dan TPPU Bareng Febrie Adriansyah",Fakta,Liputan6 Nasional (2026-07-14)
Kemensos Bawa Anak Sayuti Melik ke Tempat Baru,Fakta,Liputan6 Nasional (2026-07-14)
Pengakuan Sopir Truk Usai Tabrak JPO Tendean,Fakta,Liputan6 Nasional (2026-07-14)
"JPO Tendean Bakal Dibongkar, Arus ke Blok M Ditutup Sementara",Fakta,Liputan6 Nasional (2026-07-14)
"Krisis Murid, SD di Boyolali Cuma Terima Satu Siswa Baru",Fakta,Liputan6 Nasional (2026-07-14)
Dugaan Penyebab Sopir Truk Tabrak JPO Tendean,Fakta,Liputan6 Nasional (2026-07-14)
JPO Tendean Bakal Dibongkar Usai Hancur Ditabrak Truk,Fakta,Liputan6 Nasional (2026-07-14)
Pengakuan Sopir Truk Angkut Alat Berat Tersangkut JPO Tendean,Fakta,Liputan6 Nasional (2026-07-14)
Eks Menag Yaqut Jelang Pelimpahan Berkas: Semoga Kebenaran Terungkap,Fakta,Liputan6 Nasional (2026-07-14)
Ancaman Sanksi Tegas Satpol PP Terlibat Pungli di Jakut,Fakta,Liputan6 Nasional (2026-07-14)
Kronologi Truk Angkut Alat Berat Tabrak JPO Tendean,Fakta,Liputan6 Nasional (2026-07-14)
Titik Kemacetan Imbas Truk Angkut Alat Berat Tabrak JPO Tendean,Fakta,Liputan6 Nasional (2026-07-14)
"Sekolah Rakyat Gandeng ESQ Petakan Potensi Siswa, 100 Ribu Talent DNA Disiapkan Gratis",Fakta,Liputan6 Nasional (2026-07-14)
"Tiga Pemimpin Dunia Kunjungi RI Dalam Sepekan, Qodari: Bukti Indonesia Makin Dipercaya Dun...",Fakta,Liputan6 Nasional (2026-07-14)
"Update JPO Tendean Rusak Parah, Truk Angkut Crane Masih Nyangkut",Fakta,Liputan6 Nasional (2026-07-14)
Alasan Truk Tabrak JPO Tendean Belum Bisa Dievakuasi Pagi Ini,Fakta,Liputan6 Nasional (2026-07-14)
Polisi Dalami Pengakuan Sopir Truk Penabrak JPO Kapten Tendean,Fakta,Liputan6 Nasional (2026-07-14)
Simak Jalur Alternatif Imbas Truk Alat Berat Tabrak JPO Tendean,Fakta,Liputan6 Nasional (2026-07-14)
"Saat Emosi Ambil Alih Kemudi, Pelajaran Kasus Mini Cooper dan Angkot Bekasi",Fakta,Liputan6 Nasional (2026-07-14)
"Kejagung Tangani Eks Jampidsus Febrie, Belajar dari Kasus Jaksa Pinangki",Fakta,Liputan6 Nasional (2026-07-14)
Teror Bom di Hari Pertama Masuk Sekolah,Fakta,Liputan6 Nasional (2026-07-14)
Cerita Salam Komando Kapolri-Panglima TNI-Jaksa Agung di Cilangkap dan Kebayoran,Fakta,Liputan6 Nasional (2026-07-14)
"Kasus Febrie di Tangan Kejagung, KPK Supervisi",Fakta,Liputan6 Nasional (2026-07-14)
Dasar Hukum KPK Bisa Supervisi Kasus Febrie Adriansyah,Fakta,Liputan6 Nasional (2026-07-14)
Kejagung Hentikan Pengumpulan Data Program MBG,Fakta,Liputan6 Nasional (2026-07-13)
Di Balik Keputusan Febrie Adriansyah Mundur dari Jampidsus,Fakta,Liputan6 Nasional (2026-07-13)
Menko Yusril soal Kasus Febrie Ditangani Kejagung: Ujian Integritas Penegak Hukum,Fakta,Liputan6 Nasional (2026-07-13)
Densus 88 Dalami Ancaman Bom SDN Srengseng Sawah,Fakta,Liputan6 Nasional (2026-07-13)
Fakta Baru Ancaman Bom SDN Srengseng Sawah,Fakta,Liputan6 Nasional (2026-07-13)
Seskab Teddy Tekankan Kepemimpinan Berintegritas ke Taruna Akmil,Fakta,Liputan6 Nasional (2026-07-13)
Pria di Tangerang Cetak Uang Palsu dari Kontrakan,Fakta,Liputan6 Nasional (2026-07-13)
Cerita Orang Tua Murid saat SD di Jaksel Diteror Bom,Fakta,Liputan6 Nasional (2026-07-13)
Pengamanan TNI di Rumah Febrie Adriansyah Dihentikan,Fakta,Liputan6 Nasional (2026-07-13)
"Kejagung Bentuk Tim Khusus Usut Kasus Febrie, Gandeng KPK buat Supervisi",Fakta,Liputan6 Nasional (2026-07-13)
Kejagung Tangani Kasus Korupsi dan TPPU eks Jampidsus Febrie Adriansyah,Fakta,Liputan6 Nasional (2026-07-13)
Momen Akrab Kapolri dan Jaksa Agung Sampai Sapa Kakak Asuh,Fakta,Liputan6 Nasional (2026-07-13)
Terduga Pengirim Ancaman Bom Ditangkap Tak Jauh dari Sekolah,Fakta,Liputan6 Nasional (2026-07-13)
Pengakuan Pelaku Kirim Pesan Ancaman Bom ke SDN Srengseng Sawah,Fakta,Liputan6 Nasional (2026-07-13)
Pemda Diminta Aktif Perbarui DTSEN,Fakta,Liputan6 Nasional (2026-07-13)
DPR Dorong Perbaikan Tata Kelola Pengadaan Batubara PLN,Fakta,Liputan6 Nasional (2026-07-13)
Keluarga Korban Santri Dibakar Sebut Polisi Sodorkan Surat Agar Kasus Ditutup,Fakta,Liputan6 Nasional (2026-07-13)
Kejagung Tegaskan Febrie Adriansyah Masih di Tanah Air,Fakta,Liputan6 Nasional (2026-07-13)
"4 Jam Penyisiran, SD Srengseng Sawah Jaksel Dipastikan Aman Usai Ancaman Bom",Fakta,Liputan6 Nasional (2026-07-13)
Kejagung Ungkap Keberadaan Eks Jampidsus Febri Adriansyah,Fakta,Liputan6 Nasional (2026-07-13)
"Dari Penjaringan ke Semarang, Peredaran Karisoprodol Terkuak",Fakta,Liputan6 Nasional (2026-07-13)
Jaksa Agung dan Kapolri Kompak: Kami Tak Bisa Dipisahkan,Fakta,Liputan6 Nasional (2026-07-13)
Jaksa Agung di Depan Kapolri: Jangan Anggap Kami Rival,Fakta,Liputan6 Nasional (2026-07-13)
Polisi Gandeng FBI Uji Dolar Sitaan Kasus Korupsi Febrie Adriansyah,Fakta,Liputan6 Nasional (2026-07-13)
Di Balik Pertemuan Kapolri dan Panglima di Mabes TNI,Fakta,Liputan6 Nasional (2026-07-13)
Menko Yusril Bicara Kasus Eks Jampidsus Febrie: Ini Ujian Berat Buat Kita,Fakta,Liputan6 Nasional (2026-07-13)
Keaslian Emas 74 Kg di Rumah Febrie Adriansyah Mulai Diuji,Fakta,Liputan6 Nasional (2026-07-13)
"Santri Tewas Dibakar, Tangis Ortu Pecah di Gedung DPR",Fakta,Liputan6 Nasional (2026-07-13)
Polisi Tangkap Pengirim Ancaman Bom ke SDN Srengseng Sawah,Fakta,Liputan6 Nasional (2026-07-13)
Sopir Angkot Ngamuk Rusak Mobil di Bekasi Jadi Tersangka,Fakta,Liputan6 Nasional (2026-07-13)
Isi Surat Kepala SPPG yang Tewas Gantung Diri di Parkiran Mal Bandung,Fakta,Liputan6 Nasional (2026-07-13)
Jubir Sebut Febrie Tersangka Tak Nodai Kinerja Satgas PKH,Fakta,Liputan6 Nasional (2026-07-13)
Reaksi Menteri PPPA Hadapi Kasus Remaja di Sampang Diperkosa 27 Orang,Fakta,Liputan6 Nasional (2026-07-13)
"Viral Dentuman Meteor di Langit Pulau Jawa, Begini Penjelasan Pakar BRIN",Fakta,Liputan6 Nasional (2026-07-13)
BKN Matangkan Persiapan Seleksi CPNS 2026,Fakta,Liputan6 Nasional (2026-07-13)
Alasan Prabowo Belum Tunjuk Jampidsus Pengganti Febrie Adriansyah,Fakta,Liputan6 Nasional (2026-07-13)
Kondisi Terkini SDN Srengseng Sawah Usai Ancaman Bom,Fakta,Liputan6 Nasional (2026-07-13)
"Hadapi Praperadilan Roy Suryo, Polda Metro Sudah Kantongi Bukti Kuat",Fakta,Liputan6 Nasional (2026-07-13)
Dua Proyek Sekolah Rakyat Tuntas 100 Persen,Fakta,Liputan6 Nasional (2026-07-13)
Polisi Kantongi Identitas Peneror Bom SD Srengseng Jaksel,Fakta,Liputan6 Nasional (2026-07-13)
KORPRI Serahkan 5 Ambulans ke Mendagri untuk Bencana Sumatra,Fakta,Liputan6 Nasional (2026-07-13)
Pengirim Ancaman Bom SD di Jaksel Diburu,Fakta,Liputan6 Nasional (2026-07-13)
Isi Pesan Ancaman Bom di SD Srengseng Jaksel,Fakta,Liputan6 Nasional (2026-07-13)
Stop Kontak Diduga Jadi Pemicu Kebakaran Maut Pulogadung,Fakta,Liputan6 Nasional (2026-07-13)
"Praperadilan Kedua Bergulir, Roy Suryo Bantah Ambil Data Elektronik Ilegal",Fakta,Liputan6 Nasional (2026-07-13)
Kronologi Ancaman Bom di SD Srengseng Jaksel,Fakta,Liputan6 Nasional (2026-07-13)
Sidang Praperadilan Eks Wakil Kepala BGN Lodewyk Pusung Ditunda,Fakta,Liputan6 Nasional (2026-07-13)
BMW Hijau Tanpa Pelat Nomor Bikin Heboh di JLNT Antasari,Fakta,Liputan6 Nasional (2026-07-13)
Ancaman Bom di Hari Pertama Masuk SD Srengseng Sawah,Fakta,Liputan6 Nasional (2026-07-13)
Ketika Megawati Kenalkan Anak Angkatnya Dubes Timor Leste,Fakta,Liputan6 Nasional (2026-07-13)
Road Show Esports Kapolri Cup 2026 di Polda Kepri Tempat Lahirnya Atlet Esports Berprestas...,Fakta,Liputan6 Nasional (2026-07-13)
Hashim Klarifikasi Dikaitkan dengan Agen CIA Palsu,Fakta,Liputan6 Nasional (2026-07-13)
Cuaca Jadi Tantangan Evakuasi 26 Penumpang Kapal di Pulau Lancang,Fakta,Liputan6 Nasional (2026-07-13)
"Hari Pertama Masuk Sekolah, Lalu Lintas Jakarta Padat",Fakta,Liputan6 Nasional (2026-07-13)
"Lokasi Demo di Jakarta Hari Ini, Ratusan Polisi Siaga",Fakta,Liputan6 Nasional (2026-07-13)
Pemerintah Targetkan Masalah Gunungan Sampah Beres 2028,Fakta,Liputan6 Nasional (2026-07-13)
Prabowo Ajak Rakyat Bersatu: Jangan Ikut-ikut Budaya Caci Maki,Fakta,Liputan6 Nasional (2026-07-13)
Eks Jampidsus Febrie Adriansyah Dicekal ke Luar Negeri,Fakta,Liputan6 Nasional (2026-07-12)
Kronologi Kebakaran Hebat di Pulogadung Tewaskan 3 Orang,Fakta,Liputan6 Nasional (2026-07-12)
"Jakarta Fair Dikunjungi 6,1 Juta Orang, Transaksi Tembus Rp 8,2 Triliun",Fakta,Liputan6 Nasional (2026-07-12)
Detik-detik Motor Terbakar usai Hindari Mobil Rem Mendadak,Fakta,Liputan6 Nasional (2026-07-12)
Prabowo Cerita Gagasan Pembentukan Koperasi Merah Putih,Fakta,Liputan6 Nasional (2026-07-12)
"Momen Kompak 5 Pimpinan Lembaga, Kapolri dan Jaksa Agung Salam Komando",Fakta,Liputan6 Nasional (2026-07-12)
Prabowo: Tentara-Polisi Butuh Gaji Baik Supaya Tak Memeras Rakyat,Fakta,Liputan6 Nasional (2026-07-12)
PKK Bantu Program Pemerintah Menjangkau Tingkat Keluarga,Fakta,Liputan6 Nasional (2026-07-12)
Prabowo Ungkap Ciri Pemimpin Pengkhianat,Fakta,Liputan6 Nasional (2026-07-12)
Pertanian Aceh Berangsur Pulih Usai Bencana Hidrometeorologi,Fakta,Liputan6 Nasional (2026-07-12)
Polri Klarifikasi Klaim Foto Tan Kian Diamankan,Fakta,Liputan6 Nasional (2026-07-12)
Alasan Polri Limpahkan Tiga Kasus Korupsi ke Kejagung,Fakta,Liputan6 Nasional (2026-07-12)
Mendagri Ajak Daerah Perkuat UMKM Lewat Kerajinan Lokal,Fakta,Liputan6 Nasional (2026-07-12)
Kemenhut: Kredit Karbon Perkuat Upaya Jaga Hutan Berkelanjutan,Fakta,Liputan6 Nasional (2026-07-12)
"RUU Perampasan Aset Tetap Prioritas, DPR Beberkan Prosesnya",Fakta,Liputan6 Nasional (2026-07-12)
"6,3 Juta Kader PKK Jadi Kekuatan Menuju Indonesia Emas 2045",Fakta,Liputan6 Nasional (2026-07-12)
Viral Video Wanita Bekasi Diduga Disekap dan Dianiaya Pacar,Fakta,Liputan6 Nasional (2026-07-12)
Sopir Angkot Diduga Rusak Mobil Pengendara Buntut Diadang Saat Serobot Macet,Fakta,Liputan6 Nasional (2026-07-12)
"PKB Gelar Nobar, Cak Imin Jagokan Argentina Masuk Final Piala Dunia",Fakta,Liputan6 Nasional (2026-07-12)
"Lewat ATENSI Kemensos, Penyandang Disabilitas Psikososial Hasilkan Karya",Fakta,Liputan6 Nasional (2026-07-12)
Respons KPK soal Peluang Ambil Alih Kasus Eks Jampidsus Febrie Adriansyah,Fakta,Liputan6 Nasional (2026-07-12)
Kemensos Dampingi Anak Sukabumi yang Kecanduan Hirup BBM,Fakta,Liputan6 Nasional (2026-07-12)
Peran 9 Tersangka Penyerangan yang Tewaskan 3 Polisi di Katingan,Fakta,Liputan6 Nasional (2026-07-12)
"Kepergok Curi Kabel Rp 143 Juta, Pelaku Terjebak di Power House",Fakta,Liputan6 Nasional (2026-07-12)
Tak Semua Laporan Gratifikasi Berakhir Disita KPK,Fakta,Liputan6 Nasional (2026-07-12)
Kemendagri Minta Gerakan Indonesia ASRI Dimulai dari RT dan Desa,Fakta,Liputan6 Nasional (2026-07-12)
Respons KPK Kasus Eks Jampidsus Febrie Masuk Kejagung,Fakta,Liputan6 Nasional (2026-07-12)
Teror Pria Bermotor Tusuk Acak Pejalan Kaki di Tangerang,Fakta,Liputan6 Nasional (2026-07-12)
"Bahlil Minta Golkar Solid Hadapi 2029, Hindari Politik Kepiting",Fakta,Liputan6 Nasional (2026-07-12)
Jalur untuk 7 Rute Transjakarta Koridor 13 Direkayasa Pagi Ini,Fakta,Liputan6 Nasional (2026-07-12)
Barang Bukti Fantastis Kasus Korupsi Eks Jampidsus Febrie dan Bupati Sukoharjo,Fakta,Liputan6 Nasional (2026-07-12)
"Wihaji: Golkar Kapal Besar, MKGR Salah Satu Sekocinya",Fakta,Liputan6 Nasional (2026-07-12)
"Bahlil ke Kader Golkar: Jangan Jadi ABS, Berani Koreksi Pemerintah",Fakta,Liputan6 Nasional (2026-07-12)
Bahlil Jagokan Wihaji Pimpin MKGR: Saya Kenal Sejak Sama-Sama Susah,Fakta,Liputan6 Nasional (2026-07-12)
"26 Negara Hadiri KAA 2026, Ada Agenda Khusus untuk Palestina",Fakta,Liputan6 Nasional (2026-07-11)
"Bupati Sukoharjo Punya Safe House untuk Sembunyikan Aset Rp 21,2 M",Fakta,Liputan6 Nasional (2026-07-11)
"DPR Awasi Tiap Penggeledahan Kasus Febrie, Khawatir Emas Diganti Cokelat",Fakta,Liputan6 Nasional (2026-07-11)
Terungkap Dugaan Asal Usul Valas Miliaran Bupati Sukoharjo,Fakta,Liputan6 Nasional (2026-07-11)
PKB Bongkar Dugaan Pemerasan Eks Jampidsus Febrie,Fakta,Liputan6 Nasional (2026-07-11)
KPK Akui Pernah Diundang Polri Bahas 3 Kasus Korupsi Eks Jampidsus Febrie,Fakta,Liputan6 Nasional (2026-07-11)
Pesan Pertama Jaksa Agung ke Plt Jampidsus Pengganti Febrie Adriansyah,Fakta,Liputan6 Nasional (2026-07-11)
Golkar Desak Polri Bongkar Seluruh Aset Terkait Kasus Febrie Adriansyah,Fakta,Liputan6 Nasional (2026-07-11)
DPR Usul Bentuk Tim Independen Usut Korupsi Eks Jampidsus Febrie Adriansyah,Fakta,Liputan6 Nasional (2026-07-11)
"Kondisi Terkini Rumah Eks Jampidsus Usai Jadi Tersangka, Tak Lagi Dijaga TNI",Fakta,Liputan6 Nasional (2026-07-11)
"Usai Jadi Tersangka, Jejak Eks Jampidsus Febrie Adriansyah Belum Diketahui",Fakta,Liputan6 Nasional (2026-07-11)
Dua Fraksi DPR Desak Hukuman Mati bagi Tersangka Kasus Eks Jampidsus,Fakta,Liputan6 Nasional (2026-07-11)
Kemendagri Ajak Daerah Perkuat Inovasi Wujudkan Smart Governance Berkelanjutan,Fakta,Liputan6 Nasional (2026-07-11)
DPR Bentuk Panja Awasi Kasus Korupsi dan TPPU Febrie Adriansyah,Fakta,Liputan6 Nasional (2026-07-11)
"Selain Febrie Adriansyah, Tersangka Don Ritto Ditahan di Polda Metro Jaya",Fakta,Liputan6 Nasional (2026-07-11)
Polri Serahkan Tiga Kasus Korupsi Eks Jampidsus Febrie ke Kejagung,Fakta,Liputan6 Nasional (2026-07-11)
Mantan Jampidsus Febrie Adriansyah Tersangka Korupsi dan TPPU Tiga Kasus Kakap,Fakta,Liputan6 Nasional (2026-07-11)
"Jampidsus Bocorkan Dua Tersangka Penggeledahan Polri, Salah Satunya Inisial F",Fakta,Liputan6 Nasional (2026-07-11)
Mantan Jampidsus Febrie Adriansyah Resmi Tersangka Korupsi,Fakta,Liputan6 Nasional (2026-07-11)
"Intip Harta Kekayaan Rudi Margono, Plt Jampidsus Pengganti Febri Adriansyah",Fakta,Liputan6 Nasional (2026-07-11)
KPK: Bupati Sukoharjo Peras Anak Buah untuk Renovasi Rumah dan Beli Mobil,Fakta,Liputan6 Nasional (2026-07-11)
"Rekam Jejak Rudi Margono, Plt Jampidsus Pengganti Febrie Adriansyah",Fakta,Liputan6 Nasional (2026-07-11)
"OTT Bupati Sukoharjo, KPK Sita Uang dan Emas Rp21,2 Miliar",Fakta,Liputan6 Nasional (2026-07-11)
Target PSEL Bali Layani 1.500 Ton Sampah per Hari,Fakta,Liputan6 Nasional (2026-07-11)
"Febrie Mundur, Rudi Margono Ditunjuk Jadi Plt Jampidsus",Fakta,Liputan6 Nasional (2026-07-11)
Gus Ipul: Sekolah Rakyat Bangkitkan Kepercayaan Diri Anak-Anak,Fakta,Liputan6 Nasional (2026-07-11)
Kekayaan Bupati Sukoharjo Tersangka Pemerasan Anak Buah,Fakta,Liputan6 Nasional (2026-07-11)
Rincian Uang Diterima Bupati Sukoharjo dari Peras Anak Buah,Fakta,Liputan6 Nasional (2026-07-11)
Kode Bupati Sukoharjo Peras Anak Buah: Samakan dengan Bapak,Fakta,Liputan6 Nasional (2026-07-11)
"KPK Soroti Jateng, 4 Kepala Daerah Terjaring OTT Sejak 2025",Fakta,Liputan6 Nasional (2026-07-11)
"Detik-Detik OTT Bupati Sukoharjo, Brankas hingga Valas Rp 21,2 Miliar Disita",Fakta,Liputan6 Nasional (2026-07-11)
KPK Tetapkan Bupati Sukoharjo Tersangka Pemerasan,Fakta,Liputan6 Nasional (2026-07-11)
Top 3 News: Jampidsus Buka Suara Penggeledahan Polisi Terkait 3 Kasus Korupsi Besar,Fakta,Liputan6 Nasional (2026-07-11)
"DPR Bentuk Tim Pengawas, Kawal Tiga Kasus Korupsi Usai Jampidsus Mundur",Fakta,Liputan6 Nasional (2026-07-11)
Pilah Sampah di Kepulauan Seribu Capai 59 Persen,Fakta,Liputan6 Nasional (2026-07-11)
"Diskon BPHTB 50% untuk Rumah Pertama di Jakarta, Simak Syaratnya",Fakta,Liputan6 Nasional (2026-07-11)
"Profil Febrie Adriansyah, Jampidsus yang Mundur Usai Rumahnya Digeledah Polri",Fakta,Liputan6 Nasional (2026-07-11)
Cuaca DKI Jakarta Hari Ini Didominasi Cerah Berawan,Fakta,Liputan6 Nasional (2026-07-11)
"Berompi Oranye, Bupati Sukoharjo Etik Suryani Ditahan KPK",Fakta,Liputan6 Nasional (2026-07-11)
Febrie Adriansyah Mundur dari Jampidsus,Fakta,Liputan6 Nasional (2026-07-11)
Prabowo: Hukum Bukan Untuk Orang Kuat dan Kaya Saja,Fakta,Liputan6 Nasional (2026-07-11)
Daftar Barang Bukti Disita Polisi dari 12 Lokasi Penggeledahan,Fakta,Liputan6 Nasional (2026-07-10)
Menko Zulhas: Ekosistem Pasar Karbon Indonesia Mulai Berjalan Lintas Sektor,Fakta,Liputan6 Nasional (2026-07-10)
"Polisi Tak Tampilkan Foto Hasil Geledah Rumah Sentul, Ini Alasannya",Fakta,Liputan6 Nasional (2026-07-10)
Polisi Segera Umumkan Tersangka soal Temuan 74 Kg Emas dan Rp 476 Miliar,Fakta,Liputan6 Nasional (2026-07-10)
Sosok Rachmat Gobel di Mata Jusuf Kalla,Fakta,Liputan6 Nasional (2026-07-10)
Menteri LH Jumhur Hidayat Ajak NTB Benahi Persoalan Lingkungan,Fakta,Liputan6 Nasional (2026-07-10)
KPK Duga Rumah Jampidsus di Sentul Atas Nama Orang Lain,Fakta,Liputan6 Nasional (2026-07-10)
Wali Kota Bandung Farhan Jatuh Pingsan di Balai Kota,Fakta,Liputan6 Nasional (2026-07-10)
"Prabowo: Ada Negara Iri dengan Kita, Ingin Indonesia Pecah",Fakta,Liputan6 Nasional (2026-07-10)
Keranda Khas Gorontalo Antar Rachmat Gobel ke Pusara TMP Kalibata,Fakta,Liputan6 Nasional (2026-07-10)
"Cegah Kebakaran Berulang, Embung Disiapkan di Sekitar TPA Jatiwaringin",Fakta,Liputan6 Nasional (2026-07-10)
"Kasus Suap Pejabat Bea Cukai, Bos Blueray Cargo Divonis 2 Tahun",Fakta,Liputan6 Nasional (2026-07-10)
"Proyek Normalisasi Ciliwung, Pramono Siapkan Posko Anticalo Tanah",Fakta,Liputan6 Nasional (2026-07-10)
Pramono Tawarkan Rusun untuk Warga Terdampak Pembebasan Lahan Ciliwung,Fakta,Liputan6 Nasional (2026-07-10)
Wamendagri Dorong Pemerintah Kota Jadi Pelopor Inovasi Pangan,Fakta,Liputan6 Nasional (2026-07-10)
Brimob Bersenjata Jaga Ketat Polda Metro Jelang Jumpa Pers Kasus Korupsi,Fakta,Liputan6 Nasional (2026-07-10)
Rachmat Gobel Dimakamkan Secara Militer di TMP Kalibata,Fakta,Liputan6 Nasional (2026-07-10)
Fadli Zon Dorong Seni Ukir Jepara Mendunia Lewat Buku TATAH,Fakta,Liputan6 Nasional (2026-07-10)
Remaja 15 Tahun di Sampang Diperkosa 27 Orang,Fakta,Liputan6 Nasional (2026-07-10)
Prabowo Ingatkan Aparat dan Pejabat: Rakyat Tak Ingin Korupsi Dibiarkan,Fakta,Liputan6 Nasional (2026-07-10)
Prabowo Minta Rakyat Laporkan Korupsi MBG Lewat TikTok: Aku Selesaikan,Fakta,Liputan6 Nasional (2026-07-10)
Mendagri Minta Kepala Daerah Prioritaskan Penanganan Kusta,Fakta,Liputan6 Nasional (2026-07-10)
KPK Punya Waktu 30 Hari Tentukan Nasib Amplop Menhut dari Bupati Kuansing,Fakta,Liputan6 Nasional (2026-07-10)
Pertemuan Megawati dan Xanana Gusmao Tinggalkan Pesan Penting,Fakta,Liputan6 Nasional (2026-07-10)
Prabowo: Kita Sadar Banyak yang Nyusup ke MBG Untuk Jadi Maling,Fakta,Liputan6 Nasional (2026-07-10)
Prabowo Minta TNI-Polisi dan Jaksa Introspeksi: Bintangmu dari Rakyat,Fakta,Liputan6 Nasional (2026-07-10)
Pramono Anung Kenang Rachmat Gobel sebagai Perekat Dunia Politik,Fakta,Liputan6 Nasional (2026-07-10)
"Prabowo: Saya Tidak Rela Rakyat Miskin, Anak-Anak Lapar",Fakta,Liputan6 Nasional (2026-07-10)
"Usai Dirawat di RS Polri, Yaqut Kembali ke Rutan KPK",Fakta,Liputan6 Nasional (2026-07-10)
"Harlah ke-28, PKB Canangkan Gerakan Tanam 1 Juta Pohon",Fakta,Liputan6 Nasional (2026-07-10)
"Bang Jago Perusak Spion Mobil di Sunter Diciduk, Motifnya Terungkap",Fakta,Liputan6 Nasional (2026-07-10)
"Prabowo Singgung Kekalahan Pilpres, Ngaku Masih Berutang ke Warga NTB",Fakta,Liputan6 Nasional (2026-07-10)
"Pramono Kebut Pembebasan Lahan Normalisasi Ciliwung, Target Selesai Akhir Tahun",Fakta,Liputan6 Nasional (2026-07-10)
"OTT Sukoharjo, KPK Tangkap 18 Orang dari Tiga Lokasi",Fakta,Liputan6 Nasional (2026-07-10)
Jampidsus Respons Penggeledahan Polri: Penanganan Perkara Tetap Jalan,Fakta,Liputan6 Nasional (2026-07-10)
"Batal Dimakamkan di Gorontalo, Rachmat Gobel Dikebumikan di TMP Kalibata",Fakta,Liputan6 Nasional (2026-07-10)
KPK Sita Emas dan Valas Miliaran Rupiah dalam OTT Bupati Sukoharjo,Fakta,Liputan6 Nasional (2026-07-10)
Jampidsus: Saya Diperintah Prioritaskan Kasus Korupsi BGN,Fakta,Liputan6 Nasional (2026-07-10)
Jampidsus Klarifikasi Terlibat Bisnis Kafe de'CLAN,Fakta,Liputan6 Nasional (2026-07-10)
Jampidsus Akui Rumahnya di Sentul Digeledah Polisi,Fakta,Liputan6 Nasional (2026-07-10)
Febrie Andriansyah Bantah Isu Mundur dari Jampidsus,Fakta,Liputan6 Nasional (2026-07-10)
Jampidsus Bingung Dikaitkan dengan Blackout Sumatra,Fakta,Liputan6 Nasional (2026-07-10)
Jampidsus Buka Suara Penggeledahan Polisi Terkait 3 Kasus Korupsi Besar,Fakta,Liputan6 Nasional (2026-07-10)
Sekjen NasDem: Rachmat Gobel Meninggal Mendadak,Fakta,Liputan6 Nasional (2026-07-10)
"Pakai Masker, Bupati Sukoharjo Bungkam saat Tiba di KPK",Fakta,Liputan6 Nasional (2026-07-10)
Perintah Prabowo ke Aparat: Segera Berbenah Sebelum Dibersihkan,Fakta,Liputan6 Nasional (2026-07-10)
"Polisi Geledah Sejumlah Lokasi Terkait Korupsi Besar, Istana Buka Suara",Fakta,Liputan6 Nasional (2026-07-10)
Kebakaran TPA Jatiwaringin Akhirnya Padam,Fakta,Liputan6 Nasional (2026-07-10)
NasDem DKI Percepat Penyelesaian Masalah Warga Lewat Rumah Advokasi,Fakta,Liputan6 Nasional (2026-07-10)
Rachmat Gobel Akan Dimakamkan di Gorontalo,Fakta,Liputan6 Nasional (2026-07-10)
Peradi Profesional Tegaskan Komitmen Kembalikan Marwah Advokat,Fakta,Liputan6 Nasional (2026-07-10)
"Cara Ajukan Pembetulan Data PBB-P2 Secara Online, Simak Syarat dan Tahapannya",Fakta,Liputan6 Nasional (2026-07-10)
Teknologi dan SDM Jadi Kunci Penguatan Operasi SAR,Fakta,Liputan6 Nasional (2026-07-10)
Dasco: Rachmat Gobel Sosok yang Mengabdikan Hidup untuk Bangsa-Negara,Fakta,Liputan6 Nasional (2026-07-10)
Seskab Teddy Ungkap Isi Pertemuan Prabowo dengan 3 Mantan PM Thailand,Fakta,Liputan6 Nasional (2026-07-10)
OTT KPK Bupati Sukoharjo Etik Suryani Terkait Pemerasan,Fakta,Liputan6 Nasional (2026-07-10)
"OTT KPK di Sukoharjo, Bupati Etik Suryani Ikut Terjaring",Fakta,Liputan6 Nasional (2026-07-10)
"Geledah Titik ke-13, Ini yang Ditemukan Kortastipidkor",Fakta,Liputan6 Nasional (2026-07-10)
"Cerita di Balik Penggeledahan: Brankas, Emas dan Koper Berisi Uang",Fakta,Liputan6 Nasional (2026-07-10)
"Jejak Rachmat Gobel, 'Ti Bulilango Hunggia' dari Gorontalo",Fakta,Liputan6 Nasional (2026-07-10)
"Malam Panjang Penggeledahan Polisi Usut Korupsi: 12 Lokasi, 74 Kg Emas, Rp 476 M",Fakta,Liputan6 Nasional (2026-07-10)
Rachmat Gobel Meninggal Dunia,Fakta,Liputan6 Nasional (2026-07-10)
"Kortastipidkor Kembali Geledah Tengah Malam, Kali Ini Ruko di Cipete",Fakta,Liputan6 Nasional (2026-07-10)
Kementerian Lingkungan Hidup Pulihkan Ekosistem Mangrove di NTB,Fakta,Liputan6 Nasional (2026-07-09)
Prabowo Ungkap Penemuan Cadangan Besar Emas di Papua,Fakta,Liputan6 Nasional (2026-07-09)
KPK Dalami Alasan Bupati Kuansing Tukar Uang dari Petani Jadi Dolar Singapura,Fakta,Liputan6 Nasional (2026-07-09)
Menko AHY Dorong Penggunaan Material Ramah Lingkungan di Infrastruktur Nasional,Fakta,Liputan6 Nasional (2026-07-09)
"Pelajar Tewas Tawuran di Pancoran Jaksel, Empat Pelaku Ditangkap",Fakta,Liputan6 Nasional (2026-07-09)
Kejagung Jelaskan Surat Edaran Rahasia di Tengah Penggeledahan Polisi,Fakta,Liputan6 Nasional (2026-07-09)
2 Orang Jadi Tersangka Terbakarnya 4 Santri di NTB,Fakta,Liputan6 Nasional (2026-07-09)
KPK: Eks Sekjen MPR Nikahkan Anak Pakai Uang Gratifikasi,Fakta,Liputan6 Nasional (2026-07-09)
Langkah Pemprov NTB Bangun Ekosistem Perdagangan Karbon Berkelanjutan,Fakta,Liputan6 Nasional (2026-07-09)
Mendagri Dukung Integrasi Data Lewat RUU Satu Data Indonesia,Fakta,Liputan6 Nasional (2026-07-09)
"Modus Tiga Terdakwa Korupsi BPJS Ketenagakerjaan, Rugikan Negara Rp 24,55 M",Fakta,Liputan6 Nasional (2026-07-09)
Pimpinan DPR: Tuntaskan Guru Honorer sebelum Buka Rekrutmen Baru,Fakta,Liputan6 Nasional (2026-07-09)
Guru Besar Hukum: Pasal TPPU di Kasus Nadiem Harus Berbasis Alat Bukti,Fakta,Liputan6 Nasional (2026-07-09)
"Uang Assalamualaikum, Kode Fee Proyek Eks Sekjen MPR",Fakta,Liputan6 Nasional (2026-07-09)
Sinergi Anak Muda dan Kebijakan Iklim untuk Keberlanjutan,Fakta,Liputan6 Nasional (2026-07-09)
Kejagung Buka Suara soal Penggeledahan oleh Kepolisian,Fakta,Liputan6 Nasional (2026-07-09)
"Kasus Penyekapan Karyawan, Pemprov DKI Beri Peringatan Perusahaan",Fakta,Liputan6 Nasional (2026-07-09)
"Kurangi Sampah Organik, Menko Pangan Kenalkan Teknologi Lahsamor Buatan BRIN",Fakta,Liputan6 Nasional (2026-07-09)
Prabowo Berduka 3 Polisi Gugur Saat Operasi Narkoba di Katingan,Fakta,Liputan6 Nasional (2026-07-09)
Muhaimin Pastikan Perlindungan BPJS Ketenagakerjaan Optimal usai Tinjau Korban Kecelakaan ...,Fakta,Liputan6 Nasional (2026-07-09)
Pengakuan Warga Saat Polisi Geledah Rumah Mewah di Sentul,Fakta,Liputan6 Nasional (2026-07-09)
Prabowo Sentil Penuding Pemerintah Bohong soal Swasembada Pangan,Fakta,Liputan6 Nasional (2026-07-09)
Prabowo: Orang Kaya Pakai Mobil Mewah Harus Beli BBM Mahal,Fakta,Liputan6 Nasional (2026-07-09)
"Kaca Kantor BGN Tiba-Tiba Pecah, Pengelola Buka Suara",Fakta,Liputan6 Nasional (2026-07-09)
"Penampakan Rumah Sentul yang Digeledah, Ditemukan 74 Kg Emas dan Rp 476 M",Fakta,Liputan6 Nasional (2026-07-09)
"375 Pohon Instan Ditanam di Jakarta Pusat, Jaga Ruang Terbuka Hijau",Fakta,Liputan6 Nasional (2026-07-09)
Sekjen Kemendagri Minta Pemda Rangkul Penyuluh Pertanian,Fakta,Liputan6 Nasional (2026-07-09)
Wamendagri Ribka Dorong Pemda Perkuat Pendidikan,Fakta,Liputan6 Nasional (2026-07-09)
"Pakai Rompi Oranye, Eks Sekjen MPR Resmi Ditahan KPK",Fakta,Liputan6 Nasional (2026-07-09)
Siasat 4 Tersangka Sebelum Sekap Karyawan Padel,Fakta,Liputan6 Nasional (2026-07-09)
"Kelakar Bahlil di Depan Prabowo: 3 Gubernur Datang, Koalisi Aman",Fakta,Liputan6 Nasional (2026-07-09)
Prabowo Ingin Indonesia Lolos Piala Dunia: Boy Thohir Kasih Tahu Adikmu,Fakta,Liputan6 Nasional (2026-07-09)
Prabowo: TNI Kita Terus Cari dan Mengebor Air di Tempat Susah,Fakta,Liputan6 Nasional (2026-07-09)
"Kaca Kantor BGN Tiba-Tiba Pecah, Tim Inafis Cek Lokasi",Fakta,Liputan6 Nasional (2026-07-09)
Pemuda Katolik: Tidak Boleh Ada yang Kebal Hukum,Fakta,Liputan6 Nasional (2026-07-09)
"Tewas di Gorong-Gorong Jaktim, Tiga Pekerja Sedang Bersihkan Sumur Bor",Fakta,Liputan6 Nasional (2026-07-09)
Jakarta Pusat Pangkas dan Tebang 5.674 Pohon hingga Juli,Fakta,Liputan6 Nasional (2026-07-09)
Brimob Bersenjata Siaga di Polda Metro Jaya,Fakta,Liputan6 Nasional (2026-07-09)
RS Leona Kefamenanu Akhirnya Buka Suara Kasus Dokter Icha,Fakta,Liputan6 Nasional (2026-07-09)
Sekolah Rakyat Perkuat Akses Pendidikan Anak Rentan di Jakarta,Fakta,Liputan6 Nasional (2026-07-09)
Kronologi Tiga Pekerja Proyek Tewas di Gorong-Gorong Cipayung,Fakta,Liputan6 Nasional (2026-07-09)
Kronologi Maung TNI Tabrak Pembatas Jalan dan Plang Tol Dalam Kota,Fakta,Liputan6 Nasional (2026-07-09)
Pimpinan DPR: Polri dan Kejaksaan Punya Mekanisme Penegakan Hukum,Fakta,Liputan6 Nasional (2026-07-09)
"Maung Tabrak Tiang Rambu di Tol Dalam Kota, Dua Korban Luka",Fakta,Liputan6 Nasional (2026-07-09)
"Viral Foto Keluarga Jampidsus di Rumah Sentul, Begini Tanggapan Polisi",Fakta,Liputan6 Nasional (2026-07-09)
Tiga Pekerja Proyek Tewas Diduga Keracunan Gas di Gorong-Gorong Cipayung,Fakta,Liputan6 Nasional (2026-07-09)
Eksepsi Dokter Tifa: Dakwaan Jaksa Salah Objek dan Subjek,Fakta,Liputan6 Nasional (2026-07-09)
Otak di Balik Penyekapan Pegawai Padel,Fakta,Liputan6 Nasional (2026-07-09)
Pramono Pertimbangkan Tambah 6 Golongan Naik Transjakarta Gratis,Fakta,Liputan6 Nasional (2026-07-09)
"DTKJ Usul Tambah 6 Golongan Naik Transjakarta Gratis, Ini Daftarnya",Fakta,Liputan6 Nasional (2026-07-09)
Emas Batangan 74 Kg Diangkut Kendaraan Taktis dan Dikawal Brimob,Fakta,Liputan6 Nasional (2026-07-09)
Update Kebakaran TPA Jatiwaringin: Titik Api Kian Berkurang,Fakta,Liputan6 Nasional (2026-07-09)
Mantan Sekretaris Jenderal MPR Kembali Diperiksa KPK,Fakta,Liputan6 Nasional (2026-07-09)
Pimpinan DPR Minta Kemendagri Turun Tangan Atasi PPPK Dirumahkan,Fakta,Liputan6 Nasional (2026-07-09)
Kubu Dokter Tifa Minta Hakim Tolak Dakwaan Jaksa,Fakta,Liputan6 Nasional (2026-07-09)
Cerita Ahli Kunci Bongkar Brankas Lapis Baja Simpan 74 Kg Emas di Rumah Sentul,Fakta,Liputan6 Nasional (2026-07-09)
"Ada Kecelakaan Mobil TNI di Depan DPR, Lalin Sempat Macet",Fakta,Liputan6 Nasional (2026-07-09)
"KPK Sita Rp 167 Juta, Diduga dari Amplop yang Dikembalikan Menhut",Fakta,Liputan6 Nasional (2026-07-09)
KKP Kucurkan Rp 9 Miliar untuk Budidaya Rumput Laut Karimunjawa,Fakta,Liputan6 Nasional (2026-07-09)
Di Balik Pintu 'Area Khusus Staf' Kafe de'CLAN: Brankas di Dalam Brankas,Fakta,Liputan6 Nasional (2026-07-09)
Mabes TNI Bantah Ada Prajurit Datangi Polda Metro Jaya,Fakta,Liputan6 Nasional (2026-07-09)
KPK Periksa 9 Orang Terkait Alih Fungsi Hutan Lindung Kuansing,Fakta,Liputan6 Nasional (2026-07-09)
Habiburokhman Duga Penggeledahan Kafe di Jaksel Terkait Korupsi Batu Bara,Fakta,Liputan6 Nasional (2026-07-09)
Infrastruktur Berkualitas Jadi Kunci Kesejahteraan Masyarakat,Fakta,Liputan6 Nasional (2026-07-09)
"Perubahan Desil Penerima KIP Kuliah, Gus Ipul: Masih Bisa Dimutakhirkan",Fakta,Liputan6 Nasional (2026-07-09)
Mabes TNI Buka Suara soal Pengamanan Ketat Rumah Jampidsus,Fakta,Liputan6 Nasional (2026-07-09)
"Job Fair Jaksel Dikunjungi 1.700 Orang, Pendaftaran Online Masih Dibuka",Fakta,Liputan6 Nasional (2026-07-09)
"LRT Velodrome-Manggarai 100% Tersambung, Layani Penumpang Mulai Agustus",Fakta,Liputan6 Nasional (2026-07-09)
Target Pemerintah Hentikan Buang Sampah Lewat Praktik Open Dumping pada 2028,Fakta,Liputan6 Nasional (2026-07-09)
"Sidang Dokter Tifa Kembali Digelar, Ini Agendanya",Fakta,Liputan6 Nasional (2026-07-09)
"Mahasiswa Gugat UU MD3, Minta Masa Jabatan Anggota DPR Dibatasi",Fakta,Liputan6 Nasional (2026-07-09)
"Ada Tiga Demo di Jakarta Hari Ini, Hindari Titik Potensi Macet",Fakta,Liputan6 Nasional (2026-07-09)
Cinta dari Cijantung: Cerita Ayah Temani Putranya Cari Kerja,Fakta,Liputan6 Nasional (2026-07-09)
Penampakan 74 Kg Emas dan Valas Senilai Rp 476 Miliar yang Disita Polri,Fakta,Liputan6 Nasional (2026-07-09)
Cerita Kelam 8 Anak dari Bilik Tenda Biru Cibitung,Fakta,Liputan6 Nasional (2026-07-09)
Menembus Sunyi: Perjuangan Faisal Mencari Kesetaraan Karier di Jakarta,Fakta,Liputan6 Nasional (2026-07-09)
Gus Ipul Apresiasi Hasil Survei Kepala Sekolah Rakyat: Naikkan Level,Fakta,Liputan6 Nasional (2026-07-09)
Fakta-Fakta Supercar McLaren Rp 9 Miliar Terbelah Saat Kecelakaan di Sukoharjo,Fakta,Liputan6 Nasional (2026-07-09)
12 Lokasi yang Digeledah Polri Terkait 3 Kasus Korupsi,Fakta,Liputan6 Nasional (2026-07-09)
Menhut Bangun Sistem Merit untuk Cetak SDM Kehutanan Berkualitas,Fakta,Liputan6 Nasional (2026-07-09)
"Peradi Profesional Gandeng 112 Kampus, Perkuat Ekosistem Pendidikan Hukum",Fakta,Liputan6 Nasional (2026-07-09)
"Polri Geledah Rumah di Sentul, Sita 74 Kg Emas dan Ratusan Miliar",Fakta,Liputan6 Nasional (2026-07-09)
"Inovasi Kandang Bebek, Ubah Sampah Organik jadi Pakan Ternak di Kepulauan Seribu",Fakta,Liputan6 Nasional (2026-07-08)
Brankas Kafe De'Clan Berisi Rp 60 Miliar,Fakta,Liputan6 Nasional (2026-07-08)
"Prabowo Bertemu Thaksin Shinawatra, Seskab Teddy: Bahas Dinamika Global",Fakta,Liputan6 Nasional (2026-07-08)
Rumah Jampidsus Febrie Ardiansyah Dijaga Puluhan TNI,Fakta,Liputan6 Nasional (2026-07-08)
Pembunuh Satu Keluarga di Indramayu Divonis Mati,Fakta,Liputan6 Nasional (2026-07-08)
PM Narendra Modi Puji Prabowo: Prajurit Paham Susun Perencanaan,Fakta,Liputan6 Nasional (2026-07-08)
"Komisi X DPR Rampungkan Draf RUU Sisdiknas, Ini Perubahan Besarnya",Fakta,Liputan6 Nasional (2026-07-08)
Penampakan Brankas Kafe De'Clan yang Dibongkar Kortastipidkor,Fakta,Liputan6 Nasional (2026-07-08)
"KRL Rute Jakarta Kota-Bogor Gangguan, Penumpang Gerah Tertahan 40 Menit",Fakta,Liputan6 Nasional (2026-07-08)
Tri Tito Karnavian Tegaskan Generasi Muda Harus Siap Hadapi Persaingan Manusia dan Teknolo...,Fakta,Liputan6 Nasional (2026-07-08)
Momen PM Narendra Modi Ibadah di Prambanan,Fakta,Liputan6 Nasional (2026-07-08)
"Polisi Geledah Kafe de'CLAN di Jaksel, Ditemukan Brankas Berisi Valas",Fakta,Liputan6 Nasional (2026-07-08)
Infografis Cara Pencairan JMO Lewat HP,Fakta,Liputan6 Nasional (2026-07-08)
Tri Tito Karnavian Dukung Tenun Tana Toraja Jadi Penggerak Ekonomi Kreatif,Fakta,Liputan6 Nasional (2026-07-08)
"Usut Kasus Korupsi, Polisi Geledah 8 Lokasi di Jakarta",Fakta,Liputan6 Nasional (2026-07-08)
"Wujudkan Rumah Impian, YPP Serahkan Rumah Sejahtera Terpadu untuk Warga Magelang",Fakta,Liputan6 Nasional (2026-07-08)
7 Orang Jadi Tersangka Penembakan Pilot AMA di Yahukimo,Fakta,Liputan6 Nasional (2026-07-08)
Tri Tito Ajak Masyarakat Tana Toraja Cegah HIV dan TBC,Fakta,Liputan6 Nasional (2026-07-08)
Nadiem Makarim Juga Akan Laporkan Hakim ke Bawas MA,Fakta,Liputan6 Nasional (2026-07-08)
Polisi Tetapkan 13 Tersangka Kasus Eksploitasi Anak,Fakta,Liputan6 Nasional (2026-07-08)
Polisi Tangkap Koordinator Eksploitasi Seksual di Jakbar,Fakta,Liputan6 Nasional (2026-07-08)
"Kisah Asep di Job Fair, Tersandung Batas Usia tapi Pantang Menyerah",Fakta,Liputan6 Nasional (2026-07-08)
Penampakan Land Cruiser Bupati Kuansing di Gudang KPK,Fakta,Liputan6 Nasional (2026-07-08)
Modus Eksploitasi Anak di Tenda Biru Cibitung,Fakta,Liputan6 Nasional (2026-07-08)
Terungkap Dugaan Eksploitasi Anak di Tenda Biru Cibitung,Fakta,Liputan6 Nasional (2026-07-08)
Janji PM India Kembali Lagi ke Prambanan,Fakta,Liputan6 Nasional (2026-07-08)
Kemendagri Turunkan Tim Periksa Pelantikan Pejabat Kota Bima,Fakta,Liputan6 Nasional (2026-07-08)
"8 Anak Dieksploitasi di Kafe Bekasi, Pelaku Diduga Raup Rp 1,7 M",Fakta,Liputan6 Nasional (2026-07-08)
Momen Ramos Horta dan Xanana Sambut Langsung Kedatangan Megawati,Fakta,Liputan6 Nasional (2026-07-08)
Cerita Narji 'Hijrah' dari PKS ke PSI,Fakta,Liputan6 Nasional (2026-07-08)
Tantangan Nadiem ke Hakim Usai Banding Vonis 10 Tahun,Fakta,Liputan6 Nasional (2026-07-08)
Wamendagri Dorong Penataan Ruang untuk Dongkrak Potensi Kepri,Fakta,Liputan6 Nasional (2026-07-08)
"Kisah Galuh, Penyandang Disabilitas yang Tak Lelah Cari Kerja",Fakta,Liputan6 Nasional (2026-07-08)
Ini Peran Tiga Tersangka Kasus Korupsi Tambang PT PMM,Fakta,Liputan6 Nasional (2026-07-08)
Ketua DPRD dan Sejumlah Pejabat Kuansing Diperiksa,Fakta,Liputan6 Nasional (2026-07-08)
Peluk Erat Prabowo dan PM India,Fakta,Liputan6 Nasional (2026-07-08)
"CCTV Jakarta Takeover Diluncurkan, Pengendara Bandel Ditegur Lewat Speaker",Fakta,Liputan6 Nasional (2026-07-08)
DPR Ungkap Alasan Biaya Haji Tak Bisa Disubsidi APBN,Fakta,Liputan6 Nasional (2026-07-08)
Kejagung Ungkap Dua Kali Pengiriman Logam Tanah Jarang Lolos Ekspor,Fakta,Liputan6 Nasional (2026-07-08)
Klarifikasi YouTuber Andra ST Usai Kecelakaan McLaren: Saya Tidak Mabuk,Fakta,Liputan6 Nasional (2026-07-08)
"Kasus Korupsi Tambang PT PMM, Tiga Jadi Tersangka",Fakta,Liputan6 Nasional (2026-07-08)
Prabowo: Prambanan Warisan Budaya Kebanggaan Dunia,Fakta,Liputan6 Nasional (2026-07-08)
Alasan Pramono Belum Putuskan Tarif TransJakarta,Fakta,Liputan6 Nasional (2026-07-08)
Asal Usul Dolar Singapura dari Bupati Kuansing untuk Menhut,Fakta,Liputan6 Nasional (2026-07-08)
Terungkap Penyebab Kecelakaan McLaren YouTuber di Sukoharjo,Fakta,Liputan6 Nasional (2026-07-08)
"20 Kasus Narkoba Terbongkar, 35 Ribu Jiwa Terselamatkan",Fakta,Liputan6 Nasional (2026-07-08)
Mardani PKS soal Narji Gabung PSI: Saya Bersaksi Dia Orang Baik,Fakta,Liputan6 Nasional (2026-07-08)
"Job Fair Jaksel, 3 Perusahaan Ini Buka Lowongan untuk Disabilitas",Fakta,Liputan6 Nasional (2026-07-08)
"Hari ke-9 Kebakaran TPA Jatiwaringin, Api Belum Padam",Fakta,Liputan6 Nasional (2026-07-08)
Biaya Haji 2027 Diusulkan Naik Jadi Rp 107 Juta,Fakta,Liputan6 Nasional (2026-07-08)
37 Perusahaan Buka Ribuan Lowongan di Job Fair,Fakta,Liputan6 Nasional (2026-07-08)
"Tiba di Prambanan, Prabowo dan PM Modi Disambut Tarian Rama Shinta",Fakta,Liputan6 Nasional (2026-07-08)
Pramono Peringatkan Pencuri Besi JPO: KJP hingga Bansos Bisa Dicabut,Fakta,Liputan6 Nasional (2026-07-08)
"Tarif Transjakarta Dievaluasi, 15 Golongan Ini Tetap Bisa Naik Gratis",Fakta,Liputan6 Nasional (2026-07-08)
KPK Duga Eks Sekjen MPR Minta Fee 10 Persen dari Proyek Pengadaan,Fakta,Liputan6 Nasional (2026-07-08)
Momen Prabowo Ajak PM Modi Lihat Keindahan Prambanan dari Udara,Fakta,Liputan6 Nasional (2026-07-08)
"Shelter Ojol Jadi Favorit, Intip Fasilitas Lengkapnya",Fakta,Liputan6 Nasional (2026-07-08)
Prabowo Cerita Jejak Sejarah Indonesia-India di Depan PM Modi,Fakta,Liputan6 Nasional (2026-07-08)
KPK Ingatkan Yaqut: Kasus Kouta Haji Segera Disidang,Fakta,Liputan6 Nasional (2026-07-08)
"Prabowo: India Penduduknya 1,4 Miliar, Transisi Pemerintahan Damai",Fakta,Liputan6 Nasional (2026-07-08)
KPK Sesalkan Langkah Raja Juli soal Amplop Bupati Kuansing,Fakta,Liputan6 Nasional (2026-07-08)
"Prabowo Dampingi PM Modi ke Prambanan, Ini Agendanya",Fakta,Liputan6 Nasional (2026-07-08)
Polri Tegaskan Penanganan Konflik Papua Berlandaskan HAM,Fakta,Liputan6 Nasional (2026-07-08)
Pagar Taman Flyover Kampung Melayu Raib Digondol 'Rayap Besi',Fakta,Liputan6 Nasional (2026-07-08)
Prabowo dan PM India Kunjungi Candi Prambanan Hari Ini,Fakta,Liputan6 Nasional (2026-07-08)
Ini Penyebab Jalan Cinta Pulo Gadung Ambles,Fakta,Liputan6 Nasional (2026-07-08)
Wamen HAM: Ada 122 Ribu Pengungsi di Papua,Fakta,Liputan6 Nasional (2026-07-08)
Wamen HAM Kawal Penanganan Kasus Penembakan Ibu Hamil di Papua,Fakta,Liputan6 Nasional (2026-07-08)
Akal-akalan Bupati Kuansing Sembunyikan Mobil Mewah Hasil Palak Anak Buah,Fakta,Liputan6 Nasional (2026-07-08)
"Di Depan Komunitas India, Prabowo: Saya Pengagum Narendra Modi",Fakta,Liputan6 Nasional (2026-07-08)
"Praperadilan Dikabulkan Sebagian, Babak Baru untuk Roy Suryo",Fakta,Liputan6 Nasional (2026-07-08)
Koperasi Desa di Daerah Terpencil yang Tuai Sorotan,Fakta,Liputan6 Nasional (2026-07-08)
"Ganjil Genap Jakarta Berlaku Hari Ini, Cek Aturan dan Jam Operasional",Fakta,Liputan6 Nasional (2026-07-08)
"Gempa M 5,5 Guncang Selat Sunda, Tidak Berpotensi Tsunami",Fakta,Liputan6 Nasional (2026-07-08)
"Cuaca Jabodetabek Hari Ini, Cerah Berawan Seharian",Fakta,Liputan6 Nasional (2026-07-08)
Perdagangan Karbon Kehutanan Dukung Target Penurunan Emisi Nasional,Fakta,Liputan6 Nasional (2026-07-08)
"Soroti Pembakaran Pesawat AMA, TNI Ajak Warga Dukung Keamanan Papua",Fakta,Liputan6 Nasional (2026-07-08)
"Muktamar ke-35 Digelar di Jombang, Ini Instruksi PBNU",Fakta,Liputan6 Nasional (2026-07-08)
"KPK Geledah DPRD Kuansing, Dalami Dugaan Perantara Suap Bupati",Fakta,Liputan6 Nasional (2026-07-07)
Mugiyanto: Papua Tak Bisa Diselesaikan oleh Satu Pihak,Fakta,Liputan6 Nasional (2026-07-07)
Amplop untuk Menhut Diduga Berisi Dolar Singapura,Fakta,Liputan6 Nasional (2026-07-07)
"Megawati Keluarkan Seruan untuk Kader, Tegaskan Posisi Politik PDIP",Fakta,Liputan6 Nasional (2026-07-07)
"Disita Kejagung, Ini Hasil Uji Kadar Timah 104 Ton Milik Tamron",Fakta,Liputan6 Nasional (2026-07-07)
Kortastipidkor Polri Buru Semua Pihak Terlibat Korupsi Batu Bara,Fakta,Liputan6 Nasional (2026-07-07)
Momen PM Modi Belajar Main Angklung Bersama Prabowo,Fakta,Liputan6 Nasional (2026-07-07)
Kronologi Karyawan Tewas Terjepit Lift Roxy Mas Cideng,Fakta,Liputan6 Nasional (2026-07-07)
Prabowo: India Punya Visi Sama untuk Masa Depan,Fakta,Liputan6 Nasional (2026-07-07)
Enam Langkah Pemerintah Perkuat Tata Kelola Sawit,Fakta,Liputan6 Nasional (2026-07-07)
Pemerintah Tetapkan 13 Juli Hari Kepercayaan terhadap Tuhan yang Maha Esa,Fakta,Liputan6 Nasional (2026-07-07)
PM Modi Usai Terima Bintang Adipurna: Ini Milik Rakyat India,Fakta,Liputan6 Nasional (2026-07-07)
Bule Prancis Jadi Sasaran Jambret di Kota Tua,Fakta,Liputan6 Nasional (2026-07-07)
Kowani Perkuat Diplomasi Perempuan Bersama Arab Saudi,Fakta,Liputan6 Nasional (2026-07-07)
Profil dan Perjalanan Politik Komedian Narji: Dari PKS Berlabuh ke PSI,Fakta,Liputan6 Nasional (2026-07-07)
Puan Bicara Penguatan Tata Kelola Publik Hadapi Ancaman Siber,Fakta,Liputan6 Nasional (2026-07-07)
"Narji Resmi Gabung PSI, Kejutan Berikutnya Disiapkan",Fakta,Liputan6 Nasional (2026-07-07)
"Peradi Bersatu Akan Surati MA, Minta Roy Suryo Ditahan saat Sidang",Fakta,Liputan6 Nasional (2026-07-07)
"Khamenei Dimakamkan, Megawati Kenang Sosok Patriotik",Fakta,Liputan6 Nasional (2026-07-07)
"Bapenda DKI Jakarta Apresiasi Wajib Pajak PKB Teladan, Hadiahkan Motor Listrik hingga Loga...",Fakta,Liputan6 Nasional (2026-07-07)
"Ramai Parodi Kopdes di Daerah Terpencil, Menkop Bereaksi",Fakta,Liputan6 Nasional (2026-07-07)
Kejati DKI Tetapkan Tersangka Baru Korupsi Proyek Fiktif Kementerian PU,Fakta,Liputan6 Nasional (2026-07-07)
Muzani Buka Suara soal Penugasan ke Pemakaman Ali Khamenei,Fakta,Liputan6 Nasional (2026-07-07)
"Gugatan Pegawai Kementerian HAM Dikabulkan, Pigai Siap Banding",Fakta,Liputan6 Nasional (2026-07-07)
"Delapan Titik Api di TPA Jatiwaringin Padam, 334 Warga Terkena ISPA",Fakta,Liputan6 Nasional (2026-07-07)
Kronologi Bocah di Bekasi Terkena Peluru Nyasar,Fakta,Liputan6 Nasional (2026-07-07)
Prabowo Ungkap Rencana Kampus India Dibuka di Indonesia,Fakta,Liputan6 Nasional (2026-07-07)
Jejak Land Cruiser Rp 2 Miliar Bupati Kuansing di Gudang Penitipan,Fakta,Liputan6 Nasional (2026-07-07)
"Modernisasi Pabrik Gula Berujung Korupsi, Negara Rugi Rp 645 Miliar",Fakta,Liputan6 Nasional (2026-07-07)
KPK Minta Jakarta Jadi Zona Antikorupsi,Fakta,Liputan6 Nasional (2026-07-07)
Badan Gizi Nasional Buka Suara soal Kajian KPK yang Mengendap,Fakta,Liputan6 Nasional (2026-07-07)
Polisi Tetapkan Dua Tersangka Korupsi Pabrik Gula Assembagoes,Fakta,Liputan6 Nasional (2026-07-07)
"ASN DKI Dapat Peringatan dari KPK, Intip Penyebabnya",Fakta,Liputan6 Nasional (2026-07-07)
Infografis Panggung Terakhir Cristiano Ronaldo di Piala Dunia,Fakta,Liputan6 Nasional (2026-07-07)
Prabowo dan PM Modi Serukan Dialog untuk Akhiri Konflik Timteng,Fakta,Liputan6 Nasional (2026-07-07)
Polda Metro Tegaskan Putusan PN Jaksel Tak Hentikan Kasus Roy Suryo,Fakta,Liputan6 Nasional (2026-07-07)
Ini Pertimbangan Hakim Kabulkan Sebagian Praperadilan Roy Suryo,Fakta,Liputan6 Nasional (2026-07-07)
"Pramono Janji Bangun Kantor Muslimat NU, Tapi Ada Syaratnya",Fakta,Liputan6 Nasional (2026-07-07)
19 Adegan Bongkar Cara Pelaku Habisi Pelajar Depan SMAN 3 Yogyakarta,Fakta,Liputan6 Nasional (2026-07-07)
Akhir Petualangan Pencuri Motor Berjimat Tali Pocong di Depok,Fakta,Liputan6 Nasional (2026-07-07)
Pramono Ungkap RW Kumuh Turun Jadi 211,Fakta,Liputan6 Nasional (2026-07-07)
Pesan Menohok Roy Suryo Usai Putusan Praperadilan Dikabulkan Sebagian,Fakta,Liputan6 Nasional (2026-07-07)
Anak Perempuan Terkena Peluru Nyasar di Bekasi,Fakta,Liputan6 Nasional (2026-07-07)
Praperadilan Roy Suryo Dikabulkan Sebagian,Fakta,Liputan6 Nasional (2026-07-07)
"Pembekalan Kepala Sekolah Rakyat di Kulon Progo, Mensos Gus Ipul Tekankan Empati dan Integ...",Fakta,Liputan6 Nasional (2026-07-07)
Prabowo Beri Penghargaan Tertinggi ke PM India,Fakta,Liputan6 Nasional (2026-07-07)
DPR Kaji Usulan Nama Jawa Barat Diganti Provinsi Sunda,Fakta,Liputan6 Nasional (2026-07-07)
Menengok Fasilitas Perpustakaan Nyi Ageng Serang,Fakta,Liputan6 Nasional (2026-07-07)
"Shelter Ojol di Jakarta Bakal Diperbanyak, Cek Lokasinya",Fakta,Liputan6 Nasional (2026-07-07)
Kemenhut Perluas Perdagangan Karbon Dukung Ekonomi Hijau,Fakta,Liputan6 Nasional (2026-07-07)
Politisi PDIP Soroti Kabar Ketua MPR Diutus Hadiri Pemakaman Khamenei,Fakta,Liputan6 Nasional (2026-07-07)
Seskab Teddy Ungkap Isi Pertemuan Prabowo dan Tony Blair,Fakta,Liputan6 Nasional (2026-07-07)
Nanik S Deyang Bicara Agenda BGN Sambangi KPK,Fakta,Liputan6 Nasional (2026-07-07)
"Motor Curian Nyaris Lolos ke Jambi, Modus Baru Pelaku Terungkap",Fakta,Liputan6 Nasional (2026-07-07)
"Shelter Ojol Sudirman-Thamrin Resmi Beroperasi, Gratis 24 Jam",Fakta,Liputan6 Nasional (2026-07-07)
Ketua MPR: Saya dan Menlu Diutus Presiden Hadiri Pemakaman Khamenei,Fakta,Liputan6 Nasional (2026-07-07)
Pramono Instruksikan Segera Tuntaskan Jalan Ambles di Pulo Gadung,Fakta,Liputan6 Nasional (2026-07-07)
"Dampak Kebakaran TPA Jatiwaringin, 95 Warga Terjangkit ISPA",Fakta,Liputan6 Nasional (2026-07-07)
Mendiktisaintek Minta Kampus Lebih Aktif Jawab Persoalan Bangsa,Fakta,Liputan6 Nasional (2026-07-07)
Prabowo Sambut Kunjungan Kenegaraan PM India di Istana Merdeka,Fakta,Liputan6 Nasional (2026-07-07)
Pramono Janji Segera Umumkan Tarif Baru Transjakarta,Fakta,Liputan6 Nasional (2026-07-07)
Pemkot Bandung Bangun 220 Titik Pengolahan Sampah Berbasis Kewilayahan,Fakta,Liputan6 Nasional (2026-07-07)
Temuan Kompolnas di Lokasi Bentrok Polisi vs Bandar Narkoba,Fakta,Liputan6 Nasional (2026-07-07)
"Jangan Tinggalkan Anak di Dalam Mobil saat Cuaca Panas, Ini Alasannya",Fakta,Liputan6 Nasional (2026-07-07)
KPK Kembali Periksa Istri Perwira Polisi di Kasus CSR BI dan OJK,Fakta,Liputan6 Nasional (2026-07-07)
"Di Balik Jalan Ambles, Warga Pulo Gadung Menyimpan Cemas",Fakta,Liputan6 Nasional (2026-07-07)
Jalan Ambles Pulo Gadung Diduga Disebabkan Alat Berat,Fakta,Liputan6 Nasional (2026-07-07)
"Ada 2 Demo di Jakarta Hari Ini, Pengendara Diimbau Hindari Lokasi Berikut",Fakta,Liputan6 Nasional (2026-07-07)
Waswas Melintas di Jalan Cinta Pulo Gadung,Fakta,Liputan6 Nasional (2026-07-07)
"Anugerah Adinata Syariah 2026, Mendagri Dorong Pemda Kembangkan Potensi Ekonomi Syariah",Fakta,Liputan6 Nasional (2026-07-07)
Cerita Tragis Ibu Hamil Tewas Diterjang Peluru Tak Bertuan di Papua,Fakta,Liputan6 Nasional (2026-07-07)
Momen Pesawat PM Modi Dikawal 5 Jet Tempur TNI AU,Fakta,Liputan6 Nasional (2026-07-07)
Teka Teki Amplop dari Bupati Kuansing di Meja Menhut,Fakta,Liputan6 Nasional (2026-07-07)
KY Tindak Lanjuti Laporan Kubu Nadiem Makarim terhadap 4 Hakim Tipikor,Fakta,Liputan6 Nasional (2026-07-07)
Franka Tak Lelah Berjuang untuk Nadiem Makarim,Fakta,Liputan6 Nasional (2026-07-07)
3 Polisi Gugur dalam Operasi Narkoba Katingan Naik Pangkat Luar Biasa,Fakta,Liputan6 Nasional (2026-07-07)
"Komplotan Ganjal ATM di Penjaringan Ditangkap, Otak Pelaku Diburu",Fakta,Liputan6 Nasional (2026-07-07)
Lingkaran Setan Jalan Ambles Pulo Gadung,Fakta,Liputan6 Nasional (2026-07-07)
"Praperadilan Asrul Azis Ditolak, Begini Respons KPK",Fakta,Liputan6 Nasional (2026-07-06)
Pemerintah Diminta Terus Kawal Isu Ketenagakerjaan,Fakta,Liputan6 Nasional (2026-07-06)
4 Bulan Jalan Ambles di Pulo Gadung Tak Kunjung Diperbaiki,Fakta,Liputan6 Nasional (2026-07-06)
"Pemakaman Ali Khamenei, RI Kirim Menlu dan Ketua MPR",Fakta,Liputan6 Nasional (2026-07-06)
Prabowo Bertemu PM Singapura: Sengketa Harus Diselesaikan Lewat Diplomasi,Fakta,Liputan6 Nasional (2026-07-06)
Rentetan Sanksi Pelaku Pemukulan Pemotor di Jagakarsa,Fakta,Liputan6 Nasional (2026-07-06)
Kondisi Terkini Mantan Menag Yaqut,Fakta,Liputan6 Nasional (2026-07-06)
Polri Usut Dugaan Korupsi Batu Bara yang Picu Blackout,Fakta,Liputan6 Nasional (2026-07-06)
"Dukung Program Perumahan, Kemendagri Koordinasikan Usulan Sasaran BSPS dari Daerah",Fakta,Liputan6 Nasional (2026-07-06)
Sugiono Buka Suara Kenapa Hanya Dubes Hadiri Pemakaman Ali Khamenei,Fakta,Liputan6 Nasional (2026-07-06)
Prabowo dan PM Singapura Berbisik Sebelum Berpisah,Fakta,Liputan6 Nasional (2026-07-06)
Penjelasan TNI Insiden Ibu Hamil Tertembak saat Kontak Senjata di Papua,Fakta,Liputan6 Nasional (2026-07-06)
"Insiden Ibu Hamil Tertembak dalam Kontak Senjata di Papua, Begini Kronologi Versi TNI",Fakta,Liputan6 Nasional (2026-07-06)
Momen Prabowo Sambut Kedatangan PM India Narendra Modi,Fakta,Liputan6 Nasional (2026-07-06)
Prabowo Tegaskan Selat Malaka Terbuka untuk Semua Negara,Fakta,Liputan6 Nasional (2026-07-06)
"Dasco Safari ke Partai Nonparlemen Pekan Depan, Bahas RUU Pemilu",Fakta,Liputan6 Nasional (2026-07-06)
"DPR Bahas Dampak Tambang di Mimika, Komisi IV Diusulkan Turun ke Lapangan",Fakta,Liputan6 Nasional (2026-07-06)
Infografis Pramono Anung Bereskan Proyek Mangkrak,Fakta,Liputan6 Nasional (2026-07-06)
Pengakuan Pengendara Ninja Aniaya Pemotor di Jagakarsa,Fakta,Liputan6 Nasional (2026-07-06)
Kronologi Penemuan Mahasiswi Telkom Nadira Az-Zahra,Fakta,Liputan6 Nasional (2026-07-06)
Kemendagri Minta Daerah Jaga Harga Pangan,Fakta,Liputan6 Nasional (2026-07-06)
Menhut Bakal Serahkan Dokumen ke KPK,Fakta,Liputan6 Nasional (2026-07-06)
"Lokasi Muktamar ke-35 NU Masih Dikaji, Ini Daftar Pertimbangannya",Fakta,Liputan6 Nasional (2026-07-06)
Mahasiswi Telkom Nadira Az-Zahra Ditemukan dalam Kondisi Linglung,Fakta,Liputan6 Nasional (2026-07-06)
Pelaku Pemukulan Pemotor di Jagakarsa Positif Sabu,Fakta,Liputan6 Nasional (2026-07-06)
"KPK Geledah Sejumlah Titik di Kuansing, Lokasi Masih Dirahasiakan",Fakta,Liputan6 Nasional (2026-07-06)
"Sumur Minyak Aceh Timur Masih Terbakar, BPBD Ungkap Kondisi Terkini",Fakta,Liputan6 Nasional (2026-07-06)
Franka Makarim Usai Laporkan 4 Hakim ke KY: Kami Terus Cari Keadilan,Fakta,Liputan6 Nasional (2026-07-06)
Cerita Karyawan Padel Disekap di Gudang dan Lift Barang 3 Hari,Fakta,Liputan6 Nasional (2026-07-06)
Politisi PKS Sebut Ada Bekingan di Balik Parkir Liar Jakarta,Fakta,Liputan6 Nasional (2026-07-06)
"Tiga Penyerang Polisi Sudah Ditangkap, Perburuan Belum Berakhir",Fakta,Liputan6 Nasional (2026-07-06)
Banggar DPR Rem Usulan Tambahan Penghasilan Kepala Daerah,Fakta,Liputan6 Nasional (2026-07-06)
Penjelasan Dasco soal Ucapan Selamat Ultah untuk Nadiem,Fakta,Liputan6 Nasional (2026-07-06)
Rumah Pengacara Diteror Drone Bawa Benda Menyerupai Granat,Fakta,Liputan6 Nasional (2026-07-06)
"Tarif TransJakarta Diusulkan Naik, DPRD Soroti Satu Hal Ini",Fakta,Liputan6 Nasional (2026-07-06)
4 Hakim Sidangkan Kasus Nadiem Makarim Dilaporkan ke KY,Fakta,Liputan6 Nasional (2026-07-06)
120 Rumah di Tamansari Belum Punya Septic Tank,Fakta,Liputan6 Nasional (2026-07-06)
"Resmikan Fasilitas Pertahanan, Panglima TNI Naikan Pangkat 23 Prajurit",Fakta,Liputan6 Nasional (2026-07-06)
"DPR Dalami Persoalan Kuansing, Raja Juli Bakal Dipanggil",Fakta,Liputan6 Nasional (2026-07-06)
Pengendara Ninja Pukul Pemotor di Jagakarsa jadi Tersangka,Fakta,Liputan6 Nasional (2026-07-06)
Kondisi Terkini Kebakaran TPA Jatiwaringin: Masih Ada Titik Api,Fakta,Liputan6 Nasional (2026-07-06)
Kota Samarinda Lampaui Target Sediakan Ruang Terbuka Hijau,Fakta,Liputan6 Nasional (2026-07-06)
Metro Sepekan: Proyek-Proyek Mangkrak Tuntas di Tangan Pramono,Fakta,Liputan6 Nasional (2026-07-06)
"Top 3 News: Sempat Viral, Pelaku Pemukulan Pemotor di Jagakarsa Ditangkap",Fakta,Liputan6 Nasional (2026-07-06)
KPK Mulai Verifikasi Laporan Penolakan Gratifikasi Raja Juli,Fakta,Liputan6 Nasional (2026-07-06)
"Museum ITB Resmi Dibuka, Sajikan Jejak 106 Tahun Pendidikan Teknik",Fakta,Liputan6 Nasional (2026-07-06)
"Titik Demo di Jakarta Hari Ini, Ratusan Polisi Siaga",Fakta,Liputan6 Nasional (2026-07-06)
KPK Duga Ajudan Pangdam Tuanku Tambusai Terima Uang dari Abdul Wahid,Fakta,Liputan6 Nasional (2026-07-06)
Terungkap Pemicu Pengendara Ninja Aniaya Pemotor di Jagakarsa,Fakta,Liputan6 Nasional (2026-07-06)
Fakta-fakta Gugurnya 3 Anggota Polri saat Operasi Narkoba,Fakta,Liputan6 Nasional (2026-07-06)
Cuaca Jabodetabek Hari Ini: Mayoritas Cerah Berawan,Fakta,Liputan6 Nasional (2026-07-06)
Detik-detik Kebakaran Hanguskan Lima Rumah di Palmerah,Fakta,Liputan6 Nasional (2026-07-06)
"Magis Nobar Keliling, Melipat Kemewahan Jakarta di Atas Tikar",Fakta,Liputan6 Nasional (2026-07-06)
"Sempat Viral, Pelaku Pemukulan Pemotor di Jagakarsa Ditangkap",Fakta,Liputan6 Nasional (2026-07-05)
"KA Bandara Tertemper Motor, KRL Bekasi/Cikarang Sempat Terlambat",Fakta,Liputan6 Nasional (2026-07-05)
"Kebakaran Rumah di Palmerah Jakarta Barat, 20 Unit Damkar Dikerahkan",Fakta,Liputan6 Nasional (2026-07-05)
Cerita Lengkap Ibu Robohkan Rumdin Pejabat Bea Cukai Pakai Ekskavator,Fakta,Liputan6 Nasional (2026-07-05)
Mentan Pastikan Semua Lahan Cetak Sawah Tetap Milik Petani,Fakta,Liputan6 Nasional (2026-07-05)
Wamenkomdigi: 3 dari 5 Anak Palsukan Usia untuk Akses Medsos,Fakta,Liputan6 Nasional (2026-07-05)
Polisi Berlakukan One Way Puncak Arah Jakarta,Fakta,Liputan6 Nasional (2026-07-05)
"Viral Pemotor Dipukul Saat Berkendara, Polisi Kantongi Identitas Pelaku",Fakta,Liputan6 Nasional (2026-07-05)
Empat Hari Penuh Duka bagi Polri,Fakta,Liputan6 Nasional (2026-07-05)
PPNK Lemhannas Dorong Kolaborasi Energi dan Ekonomi demi Ketahanan Nasional,Fakta,Liputan6 Nasional (2026-07-05)
Partisipasi Pilah Sampah Rumah Tangga Warga Jakarta Pusat Terus Meningkat,Fakta,Liputan6 Nasional (2026-07-05)
Modus Edar Narkoba Lewat Instagram Dibongkar,Fakta,Liputan6 Nasional (2026-07-05)
Di Balik Dugaan Teror Molotov Rumah Advokat,Fakta,Liputan6 Nasional (2026-07-05)
Roy Suryo Ajukan Praperadilan Lagi,Fakta,Liputan6 Nasional (2026-07-05)
Bripda Nopandri Ditemukan Tewas Mengenaskan di Sungai Katingan,Fakta,Liputan6 Nasional (2026-07-05)
Penanaman Mangrove di Brebes Perkuat Perlindungan Pesisir,Fakta,Liputan6 Nasional (2026-07-05)
Advokat Sulardi Duga Teror Bom Molotov Terkait Sengketa Lahan,Fakta,Liputan6 Nasional (2026-07-05)
"Isu PHK Tokopedia dan TikTok, Said Iqbal Akan Investigasi",Fakta,Liputan6 Nasional (2026-07-05)
"Menguji Kecanggihan Drone Sawah, Pangkas Bertani Seharian Jadi 8 Menit",Fakta,Liputan6 Nasional (2026-07-05)
Teror Diduga Bom Molotov Sasar Rumah Advokat,Fakta,Liputan6 Nasional (2026-07-05)
Terungkap Penyebab Polisi Tewas di Tol Joglo,Fakta,Liputan6 Nasional (2026-07-05)
Aipda Endang Gugur saat Bantu Truk Mogok di Tol Joglo,Fakta,Liputan6 Nasional (2026-07-05)
"BMKG Ungkap Perkiraan Cuaca DKI Jakarta Hari Ini, Begini Kondisinya",Fakta,Liputan6 Nasional (2026-07-05)
Dugaan Penyebab Tabrakan Beruntun di Perlintasan Kebon Pedes,Fakta,Liputan6 Nasional (2026-07-05)
Kenaikan Gaji Kepala Daerah Bisa Cegah Korupsi? Ini Jawaban KPK,Fakta,Liputan6 Nasional (2026-07-05)
Aipda Endang Tewas Saat Bantu Truk Mogok di Tol JORR,Fakta,Liputan6 Nasional (2026-07-04)
Satgas PRR Dorong Percepatan Realisasi ABT 2026 untuk Pemulihan Sumatra,Fakta,Liputan6 Nasional (2026-07-04)
Kapolri Lantik Kakorlantas dan 6 Kapolda Baru,Fakta,Liputan6 Nasional (2026-07-04)
Wamendagri Minta Kepala Daerah Tak Lagi Bergantung APBD,Fakta,Liputan6 Nasional (2026-07-04)
Pramono Ungkap Angka Fantastis di Balik Perayaan HUT Jakarta,Fakta,Liputan6 Nasional (2026-07-04)
Jakarta Salip Washington DC dan Abu Dhabi sebagai Kota Global,Fakta,Liputan6 Nasional (2026-07-04)
30 Pasukan Manggala Agni Dikerahkan Tangani Kebakaran TPA Jatiwaringin,Fakta,Liputan6 Nasional (2026-07-04)
Mentan Curhat Diserang Buzzer Soal Program Cetak Sawah Papua,Fakta,Liputan6 Nasional (2026-07-04)
"KPK Soroti Regenerasi Korupsi di Langkat, Dua Kali Bupati Ditangkap",Fakta,Liputan6 Nasional (2026-07-04)
DPR Dorong Perubahan UU Pilkada Usai Marak OTT Kepala Daerah,Fakta,Liputan6 Nasional (2026-07-04)
Drone Thermal Dikerahkan Bantu Deteksi Api di TPA Jatiwaringin,Fakta,Liputan6 Nasional (2026-07-04)
BI Bidik Transaksi Jakarta Kreatif Festival Tembus Rp 40 M,Fakta,Liputan6 Nasional (2026-07-04)
TKP Pilot Nicholas Goselin Ditembak KKB Tak Ada Pos Keamanan,Fakta,Liputan6 Nasional (2026-07-04)
Jakarta Kuasai Transaksi QRIS di Indonesia,Fakta,Liputan6 Nasional (2026-07-04)
Pramono Ungkap Desain Jembatan Gembok Cinta di Rasuna Said,Fakta,Liputan6 Nasional (2026-07-04)
"Usai Pembakaran Pesawat AMA, Politisi PDIP Serukan Perdamaian Papua",Fakta,Liputan6 Nasional (2026-07-04)
"Dikepung Asap TPA Jatiwaringin, Warga Cek Kesehatan Dapat Obat dan Masker",Fakta,Liputan6 Nasional (2026-07-04)
Pramono Kaji Usulan Pemkot Depok Tambah Rute Transjakarta,Fakta,Liputan6 Nasional (2026-07-04)
"Tewas Ditembak KKB, Pilot Nicholas Goselin Tiga Tahun Gabung PT AMA",Fakta,Liputan6 Nasional (2026-07-04)
Korupsi di Langkat dan Jejak Kasus Dua Saudara,Fakta,Liputan6 Nasional (2026-07-04)
"Pengungsi dari 3 Negara Bikin Kemah di Jaksel, Ini Reaksi Pramono",Fakta,Liputan6 Nasional (2026-07-04)
Petani di Kaltim Kembangkan Kopi Berkelanjutan di Kawasan Hutan Lindung,Fakta,Liputan6 Nasional (2026-07-04)
"Penjelasan Metode Inject, Cara Baru Jinakkan Api TPA Jatiwaringin",Fakta,Liputan6 Nasional (2026-07-04)
KPK: Uang Amplop Bupati Kuansing untuk Menhut Sisa Hasil Usaha KUD,Fakta,Liputan6 Nasional (2026-07-04)
"67 Tahun Misi Kemanusiaan di Papua, Insiden Tragis Menimpa Maskapai AMA",Fakta,Liputan6 Nasional (2026-07-04)
KPK Sebut Menhut Seharusnya Laporkan Amplop Bupati Kuansing,Fakta,Liputan6 Nasional (2026-07-04)
Penguatan Program Pengelolaan Sampah Pesisir Berbasis Komunitas di Gresik,Fakta,Liputan6 Nasional (2026-07-04)
Penembak Mati Pilot AS di Yahukimo KKB Pimpinan Mbalingga,Fakta,Liputan6 Nasional (2026-07-04)
Hasil Visum Pilot AS Ditembak KKB: Pipi Diterjang Peluru,Fakta,Liputan6 Nasional (2026-07-04)
"Bogor Jadi Daerah dengan Pemain Judol Terbanyak, Ini Reaksi Bupati",Fakta,Liputan6 Nasional (2026-07-04)
Kronologi Bupati Langkat Kena OTT hingga Jadi Tersangka Korupsi,Fakta,Liputan6 Nasional (2026-07-04)
AHY Beri Tiga Instruksi ke Kader Demokrat di Bimteknas,Fakta,Liputan6 Nasional (2026-07-04)
"Gus Ipul Tekankan Persiapan Matang MPLS Sekolah Rakyat, Sebut Fase Awal Sangat Krusial",Fakta,Liputan6 Nasional (2026-07-04)
"Timses Bupati Langkat Raup 85 Proyek Rp 10,2 M, Diminta Setor Fee",Fakta,Liputan6 Nasional (2026-07-04)
Stasiun JIS Jadi Magnet Baru Warga saat Akhir Pekan,Fakta,Liputan6 Nasional (2026-07-04)
"OTT Langkat dan Kuansing Diduga Bocor, Ini Respons KPK",Fakta,Liputan6 Nasional (2026-07-04)
"Bupati Langkat Diduga Terima Gratifikasi Rp 3,5 Miliar",Fakta,Liputan6 Nasional (2026-07-04)
"OTT Bupati Langkat, KPK Amankan 55 Keping Logam Platinum",Fakta,Liputan6 Nasional (2026-07-04)
Pengadaan Seragam SD Juga Jadi Ceruk Korupsi Bupati Langkat,Fakta,Liputan6 Nasional (2026-07-04)
Duduk Perkara Korupsi Bupati Langkat Syah Afandin,Fakta,Liputan6 Nasional (2026-07-03)
"OTT Bupati Langkat, Ada Uang Rp 100 Juta di Bawah Jok Mobil",Fakta,Liputan6 Nasional (2026-07-03)
Kondisi Terkini 3 Korban Penyekapan di Jakarta Pusat,Fakta,Liputan6 Nasional (2026-07-03)
Pramono Pastikan Siswa Sekolah Rakyat Tetap Terima KJP,Fakta,Liputan6 Nasional (2026-07-03)
Wamendagri Ribka Kecam Insiden Pembakaran Pesawat AMA,Fakta,Liputan6 Nasional (2026-07-03)
KPK Dalami Pengakuan Menhut soal Amplop dari Bupati Kuansing,Fakta,Liputan6 Nasional (2026-07-03)
"Satu Tak Cukup, Mensos Ingin Jakarta Punya 5 Sekolah Rakyat",Fakta,Liputan6 Nasional (2026-07-03)
Wamendagri Ribka Haluk Desak Penanganan Serius Penemuan Jenazah di Intan Jaya,Fakta,Liputan6 Nasional (2026-07-03)
"Tak Lagi Belajar di Sekolah Rusak, Murid SMP Ini Makin Semangat",Fakta,Liputan6 Nasional (2026-07-03)
Dewan Transportasi Jakarta Usulkan Mikrotrans Tak Lagi Gratis,Fakta,Liputan6 Nasional (2026-07-03)
Politisi PDIP Kecam Aksi KKB Bakar Pesawat AMA,Fakta,Liputan6 Nasional (2026-07-03)
"Festival Lingkungan Digelar di Balai Kota, Ajak Warga Jaga Lingkungan Jakarta",Fakta,Liputan6 Nasional (2026-07-03)
Inovasi Kampus Jadi Andalan Pemulihan Pascabencana,Fakta,Liputan6 Nasional (2026-07-03)
Komisi V DPR: Infrastruktur Jadi Kunci Pengembangan Desa Wisata,Fakta,Liputan6 Nasional (2026-07-03)
Survei KedaiKOPI: 66% Orangtua Dukung SPMB,Fakta,Liputan6 Nasional (2026-07-03)
"Koper Berisi Rp 1,5 M Terendam Banjir, Begini Nasib Uangnya",Fakta,Liputan6 Nasional (2026-07-03)
Muncul Usulan Tarif Langganan Transjakarta Rp 200 Ribu per Bulan,Fakta,Liputan6 Nasional (2026-07-03)
"Pramono Kukuhkan Dewan Transportasi 2026-2029, Eks Sekjen Kemenhub Jabat Ketua",Fakta,Liputan6 Nasional (2026-07-03)
Bantuan Rumah Korban Bencana Sumatera Diusulkan Naik,Fakta,Liputan6 Nasional (2026-07-03)
Tarif Transjakarta Diusulkan Jadi Rp 5.000,Fakta,Liputan6 Nasional (2026-07-03)
Wamendagri Ingatkan Kepala Daerah Jaga Integritas Hadapi Tantangan,Fakta,Liputan6 Nasional (2026-07-03)
"Cegah Gelombang PHK, Pemerintah Diminta Telisik Akar Masalahnya",Fakta,Liputan6 Nasional (2026-07-03)
"Bupati Langkat Tiba di Gedung KPK, Langsung Jalani Pemeriksaan",Fakta,Liputan6 Nasional (2026-07-03)
TASPEN Ingatkan Pensiunan Waspada Modus Penipuan Digital yang Kian Beragam,Fakta,Liputan6 Nasional (2026-07-03)
Jenazah Pilot AS Ditembak KKB Diserahkan ke Keluarga,Fakta,Liputan6 Nasional (2026-07-03)
"Bukan Satwa Biasa, Ini Alasan Tapir Harus Dilindungi",Fakta,Liputan6 Nasional (2026-07-03)
"Pesawat AMA Dibakar KKB, DPR Minta Negara Bertindak Serius",Fakta,Liputan6 Nasional (2026-07-03)
Kemenhut Satukan Program Rehabilitasi Hutan Lewat Gerakan Indonesia Asri,Fakta,Liputan6 Nasional (2026-07-03)
"Jakarta Punya Sistem Peringatan Dini Polusi, Intip Cara Kerjanya",Fakta,Liputan6 Nasional (2026-07-03)
2 Kali Berturut-turut Bupati Langkat Ditangkap KPK,Fakta,Liputan6 Nasional (2026-07-03)
Menhut Kembalikan Amplop Putih Bupati Kuansing 17 Hari Sebelum OTT,Fakta,Liputan6 Nasional (2026-07-03)
Wamendagri: Karnaval Budaya Nusantara Tunjukkan Semangat Kolaborasi Kota,Fakta,Liputan6 Nasional (2026-07-03)
Gerakan Penanganan Sampah Jakarta Pecahkan Rekor MURI,Fakta,Liputan6 Nasional (2026-07-03)
"Menhut Akui Bertemu Bupati Kuansing, Diberi Amplop Putih",Fakta,Liputan6 Nasional (2026-07-03)
TASPEN Perkuat Transformasi Digital Lewat Integrasi Data Pernikahan dengan Kemenag,Fakta,Liputan6 Nasional (2026-07-03)
"OTT KPK, Bupati Langkat Langsung Dibawa ke Jakarta",Fakta,Liputan6 Nasional (2026-07-03)
"Kasus Bupati Kuansing, Menhut Siap Kooperatif dengan KPK",Fakta,Liputan6 Nasional (2026-07-03)
"Ditangkap KPK, Bupati Langkat Syah Afandin Dicopot dari Kursi Ketua DPW PAN",Fakta,Liputan6 Nasional (2026-07-03)
"Ditangkap KPK, Ini Kasus yang Menjerat Bupati Langkat Syah Afandin",Fakta,Liputan6 Nasional (2026-07-03)
Kekayaan Bupati Langkat Syah Afandin Ditangkap KPK,Fakta,Liputan6 Nasional (2026-07-03)
"Dalang Pembakaran Pesawat AMA Terungkap, Kini Diburu TNI",Fakta,Liputan6 Nasional (2026-07-03)
Kelakar Pramono Kena Semprot Istri Gara-gara Aturannya Sendiri,Fakta,Liputan6 Nasional (2026-07-03)
MRT Jelaskan Penyebab Rangkaian Kerap Rem Mendadak di Jalur Senayan-ASEAN,Fakta,Liputan6 Nasional (2026-07-03)
"Gempa M 6,2 Guncang Pulau Doi Maluku Utara",Fakta,Liputan6 Nasional (2026-07-03)
TNI Kejar KKB Penembak Pilot AS di Papua,Fakta,Liputan6 Nasional (2026-07-03)
"Selain Bakar Pesawat, KKB juga Tembak Pilot Pesawat AMA",Fakta,Liputan6 Nasional (2026-07-03)
Identitas 7 Penumpang Pesawat yang Dibakar KKB,Fakta,Liputan6 Nasional (2026-07-03)
"Pantauan Udara Kebakaran TPA Jatiwaringin, Api Masih Membara",Fakta,Liputan6 Nasional (2026-07-03)
Bupati Langkat jadi Sorotan Usai Ikut Diamankan KPK,Fakta,Liputan6 Nasional (2026-07-03)
"Bayar Pajak Kendaraan di PRJ 2026, Lebih Praktis dan Bebas Denda",Fakta,Liputan6 Nasional (2026-07-03)
"OTT KPK di Sumut, Bupati Langkat Ditangkap",Fakta,Liputan6 Nasional (2026-07-03)
Proyek-Proyek Mangkrak Tuntas di Tangan Pramono,Fakta,Liputan6 Nasional (2026-07-03)
TNI Polri di Pusaran Korupsi MBG,Fakta,Liputan6 Nasional (2026-07-03)
Wanita M Jadi Bulan-Bulanan Penganiayaan Terduga Polisi hingga Dicekoki Sabu,Fakta,Liputan6 Nasional (2026-07-03)
21 Adegan Bongkar Cara Sadis Taufik Hidayat Siksa Yuvita,Fakta,Liputan6 Nasional (2026-07-03)
Napas Tersengal di Bawah Kepungan Asap TPA Jatiwaringin,Fakta,Liputan6 Nasional (2026-07-03)
"OTT KPK di Sumut, Penyidik Bawa Koper Misterius ke Satreskrim Polrestabes Medan",Fakta,Liputan6 Nasional (2026-07-03)
KPK Lakukan OTT di Sumatera Utara,Fakta,Liputan6 Nasional (2026-07-02)
Anak Buah Bongkar Momen Eks Ketua Ombudsman Marah-Marah saat Koreksi LHP,Fakta,Liputan6 Nasional (2026-07-02)
"BNN Bongkar Penyelundupan 3,37 Ton Kuncup Ganja, Dikendalikan Warga Malaysia",Fakta,Liputan6 Nasional (2026-07-02)
Pelarian Jambret di Cengkareng Berakhir Babak Belur,Fakta,Liputan6 Nasional (2026-07-02)
Wamendagri Ribka Haluk Ingatkan Pemda Prioritaskan Pendidikan,Fakta,Liputan6 Nasional (2026-07-02)
KRL di Stasiun Jurangmangu Kembali Normal Pascainsiden Pria Diduga Bunuh Diri,Fakta,Liputan6 Nasional (2026-07-02)
KPK Panggil 2 Anggota DPRD Riau dan Ajudan Pangdam,Fakta,Liputan6 Nasional (2026-07-02)
KPK Kembali Tahan 1 Tersangka Kasus Suap Bupati Muara Enim,Fakta,Liputan6 Nasional (2026-07-02)
Sistem Keuangan Desa Raih Penghargaan PBB,Fakta,Liputan6 Nasional (2026-07-02)
"Warga Tertabrak Kereta, Perjalanan KRL Rangkasbitung – Tanah Abang Terganggu",Fakta,Liputan6 Nasional (2026-07-02)
"Polisi Tewas Saat Operasi Narkoba di Kalteng, 2 Personel Hilang",Fakta,Liputan6 Nasional (2026-07-02)
"Selly PDIP Kritik Lagu Bupati Purwakarta: Tidak Lucu, Lecehkan Perempuan",Fakta,Liputan6 Nasional (2026-07-02)
"Hakim Langsung Keluar Usai Baca Vonis Nadiem, Yusril Minta KY dan Bawas MA Turun Tangan",Fakta,Liputan6 Nasional (2026-07-02)
Senggolan Motor di Jalan Berujung Baku Pukul,Fakta,Liputan6 Nasional (2026-07-02)
Motif KKB Bakar Pesawat Pembawa Kemanusiaan di Yahukimo,Fakta,Liputan6 Nasional (2026-07-02)
Daftar Terbaru 7 Tersangka Kasus Korupsi MBG,Fakta,Liputan6 Nasional (2026-07-02)
"Pesawat Dibakar KKB, Penumpang Bawa Misi Agama dan Kemanusiaan",Fakta,Liputan6 Nasional (2026-07-02)
PLN Bongkar Dugaan Pencurian Listrik di Ruko Tambun,Fakta,Liputan6 Nasional (2026-07-02)
"Hakim Minta Usut Dugaan TPPU Nadiem, Ini Respons Kejagung",Fakta,Liputan6 Nasional (2026-07-02)
Kronologi Pesawat Dipiloti WN Amerika Serikat Diduga Dibakar KKB,Fakta,Liputan6 Nasional (2026-07-02)
Tri Tito Karnavian Harap Kerajinan Indonesia Mendunia,Fakta,Liputan6 Nasional (2026-07-02)
Jenderal Polisi Aktif Tersangka Korupsi MBG Menjabat Sekretaris Deputi BGN,Fakta,Liputan6 Nasional (2026-07-02)
Pimpinan MPR: Ketahanan Energi Jadi Mandat Konstitusi,Fakta,Liputan6 Nasional (2026-07-02)
Kejagung soal Dissenting Opinion Vonis Nadiem: 4 Hakim Menyatakan Terbukti,Fakta,Liputan6 Nasional (2026-07-02)
Pimpinan DPR Dorong Penguatan Inovasi Teknologi di Sektor Keuangan,Fakta,Liputan6 Nasional (2026-07-02)
Olly Dondokambey Ungkap Alasan Indonesia Tak Kenal Oposisi,Fakta,Liputan6 Nasional (2026-07-02)
"Pramono Lanjutkan Penataan Kali Grogol, Kemanggisan Ditarget Bebas Banjir",Fakta,Liputan6 Nasional (2026-07-02)
Advokat Jadi Penyeimbang Mencapai Kepastian Hukum,Fakta,Liputan6 Nasional (2026-07-02)
"Pramono Ubah Aturan Galian di Jakarta, Singgung Kondisi TB Simatupang",Fakta,Liputan6 Nasional (2026-07-02)
"Bukan Luas Sawah, Cak Imin Ungkap Kunci Ketahanan Pangan Indonesia",Fakta,Liputan6 Nasional (2026-07-02)
Mendagri Dorong Skema Baru Percepat Pembangunan Huntap,Fakta,Liputan6 Nasional (2026-07-02)
DPR Dorong Aturan Besaran Komisi Aplikator Ojol Dipatenkan,Fakta,Liputan6 Nasional (2026-07-02)
Polri Buka Suara Usai Jenderal Polisi Aktif Jadi Tersangka Kasus MBG,Fakta,Liputan6 Nasional (2026-07-02)
"11 Rusun Baru Disiapkan, Pramono Bidik Pengantin Baru",Fakta,Liputan6 Nasional (2026-07-02)
Terungkap Peran Kolonel TNI Aktif Diduga Terlibat Kasus MBG,Fakta,Liputan6 Nasional (2026-07-02)
Kolonel TNI Aktif Diduga Terlibat Pengadaan Motor di Kasus MBG,Fakta,Liputan6 Nasional (2026-07-02)
"Jakarta Bakal Punya 11 Rusun Baru, Ini Wilayahnya",Fakta,Liputan6 Nasional (2026-07-02)
Pendapatan Ojol Turun Setelah Komisi Aplikator Dipangkas,Fakta,Liputan6 Nasional (2026-07-02)
Jenderal Polisi Aktif di BGN Jadi Tersangka Korupsi MBG,Fakta,Liputan6 Nasional (2026-07-02)
"Menolak Tersangka, Lodewyk Pusung Ajukan Praperadilan",Fakta,Liputan6 Nasional (2026-07-02)
Puan Buka Suara soal PDIP Disebut Abu-Abu,Fakta,Liputan6 Nasional (2026-07-02)
Pramono Ungkap Proyek Mangkrak 7 Gubernur yang Kini Jadi Prioritas,Fakta,Liputan6 Nasional (2026-07-02)
Kejagung Banding Vonis 10 Tahun Penjara Nadiem Makarim,Fakta,Liputan6 Nasional (2026-07-02)
Wamensos Ungkap Kesiapan Sekolah Rakyat Kulon Progo,Fakta,Liputan6 Nasional (2026-07-02)
Perlintasan Sebidang KA di Latumenten Ditutup Permanen Akhir Tahun,Fakta,Liputan6 Nasional (2026-07-02)
Jaksa: Jokowi Merasa Direndahkan Dokter Tifa,Fakta,Liputan6 Nasional (2026-07-02)
Komplotan Curanmor Residivis Bersenjata Api Rakitan Diringkus di Pondok Indah,Fakta,Liputan6 Nasional (2026-07-02)
Respons Puan Atas Putusan MK Kepala Daerah Tetap Dipilih Rakyat,Fakta,Liputan6 Nasional (2026-07-02)
DPR Usul Cara Redam Konflik Laut China Selatan dari Meja Perundingan,Fakta,Liputan6 Nasional (2026-07-02)
Kemensos Perkuat Pemberdayaan Ekonomi Tunanetra,Fakta,Liputan6 Nasional (2026-07-02)
Fakta di Balik Video Calon Manajer Kopdes Merayap di Got dan Angkat Senjata,Fakta,Liputan6 Nasional (2026-07-02)
Gerindra Buka Suara soal Polemik Lagu 'Lalaki Langit',Fakta,Liputan6 Nasional (2026-07-02)
Dasar Dokter Tifa Didakwa Fitnah dan Pencemaran Nama Baik,Fakta,Liputan6 Nasional (2026-07-02)
3 Kepala Daerah Jual Beli Jabatan Setahun Terakhir,Fakta,Liputan6 Nasional (2026-07-02)
Roy Suryo Singgung Daftar Nama Dalam Dakwaan Dokter Tifa,Fakta,Liputan6 Nasional (2026-07-02)
"Usai Viral, Tumpukan 54 Ton Sampah Dibersihkan",Fakta,Liputan6 Nasional (2026-07-02)
Pemerintah Buka Peluang Insentif Karbon bagi Pelabuhan Hijau,Fakta,Liputan6 Nasional (2026-07-02)
Hakim Tegur Pengunjung Merekam Saat Dakwaan Dokter Tifa Dibacakan,Fakta,Liputan6 Nasional (2026-07-02)
Tampang Taufik Hidayat Saat Rekonstruksi Penyekapan Kekasihnya,Fakta,Liputan6 Nasional (2026-07-02)
Dokter Tifa di Depan Hakim: Saya Akan Melakukan Perlawanan,Fakta,Liputan6 Nasional (2026-07-02)
"Usai Latumenten, Pramono Rencanakan Flyover di Tiga Lokasi",Fakta,Liputan6 Nasional (2026-07-02)
"Bukan Hotel, Presiden Belarus Pilih Menginap di Istana Negara",Fakta,Liputan6 Nasional (2026-07-02)
"Konservasi Lingkungan Kota Depok Masif, Ruang Hijau Terus Bertambah",Fakta,Liputan6 Nasional (2026-07-02)
"Tak Lagi Ala Militer, Intip Konsep Baru Pembekalan Peserta SPPI",Fakta,Liputan6 Nasional (2026-07-02)
"FIKOM Universitas Prof. Dr. Moestopo Gelar The Colors of Communication 2026, Bekali Mahasi...",Fakta,Liputan6 Nasional (2026-07-02)
"Sidang Dokter Tifa, Pengunjung Tak Bisa Masuk Nobar Depan Pengadilan",Fakta,Liputan6 Nasional (2026-07-02)
"Buruh Buat Koalisi, Kawal RUU Ketenagakerjaan yang Adil",Fakta,Liputan6 Nasional (2026-07-02)
KPK Ungkap Alasan Ikut Tangkap Istri Kedua Bupati Kuansing,Fakta,Liputan6 Nasional (2026-07-02)
"Kemhan Hapus Latsarmil SPPI, Diganti Pembekalan Manajerial",Fakta,Liputan6 Nasional (2026-07-02)
Transisi Energi Dinilai Solusi Jangka Panjang Atasi Polusi,Fakta,Liputan6 Nasional (2026-07-02)
"Harus Bersiap, Sederet Ancaman Serius El Nino",Fakta,Liputan6 Nasional (2026-07-02)
Ibu Hamil Terpapar Asap Kebakaran TPA Jatiwaringin,Fakta,Liputan6 Nasional (2026-07-02)
Trauma Korban Penyekapan di Jakpus: Ganti Uang atau Tangan Patah,Fakta,Liputan6 Nasional (2026-07-02)
Jakarta Alami Penurunan Kualitas Udara Kamis Pagi,Fakta,Liputan6 Nasional (2026-07-02)
Cuaca Jakarta Hari Ini Didominasi Berawan Tebal,Fakta,Liputan6 Nasional (2026-07-02)
"Ironi Bupati Kuansing, Terseret Korupsi Saat Warga Dihantui Jalan Rusak",Fakta,Liputan6 Nasional (2026-07-02)
KPK Dalami Pertemuan Bupati Kuansing dengan Menteri Kehutanan,Fakta,Liputan6 Nasional (2026-07-02)
Perjalanan Panjang Kasus Ijazah Palsu Bikin dr Tifa Jadi Pesakitan,Fakta,Liputan6 Nasional (2026-07-02)
Kepastian Regulasi Jadi Tantangan Utama Proyek Energi Sampah Nasional,Fakta,Liputan6 Nasional (2026-07-02)
"Sandiaga Dorong UMKM Naik Kelas, Pendampingan Intensif Jadi Kunci",Fakta,Liputan6 Nasional (2026-07-02)
"Surati BGN, PDIP Minta Data Kader Terlibat Program MBG",Fakta,Liputan6 Nasional (2026-07-01)
Cerita Hilangnya Bupati dan Sekda Kuansing saat OTT KPK,Fakta,Liputan6 Nasional (2026-07-01)
Viral Pemotor Wanita Nyasar Masuk Tol Jakarta-Cikampek,Fakta,Liputan6 Nasional (2026-07-01)
"Pangdam Jaya Sambangi Polda Metro, Ikut Rayakan Hari Bhayangkara",Fakta,Liputan6 Nasional (2026-07-01)
"Benda Diduga Mortir Ditemukan di TMII, Gegana Turun Tangan",Fakta,Liputan6 Nasional (2026-07-01)
Penjelasan Ahli soal MBG Masuk Anggaran Pendidikan,Fakta,Liputan6 Nasional (2026-07-01)
"Hari Bhayangkara ke-80, FH Untag Semarang Beri Potongan Biaya Kuliah Anggota Polri",Fakta,Liputan6 Nasional (2026-07-01)
"Alarm El Nino: Kemenhut Minta Rehabilitasi 12,3 Juta Hektare Lahan Kritis",Fakta,Liputan6 Nasional (2026-07-01)
Alasan KPK Amankan Istri Kedua Bupati Kuansing,Fakta,Liputan6 Nasional (2026-07-01)
"Selain Suap, Bupati Kuansing Diduga Terlibat Kasus Pelepasan Hutan",Fakta,Liputan6 Nasional (2026-07-01)
"Rusa TMP Kalibata Kabur, Berkeliaran di Jalanan",Fakta,Liputan6 Nasional (2026-07-01)
BNPB Kerahkan Dua Water Bombing ke TPA Jatiwaringin,Fakta,Liputan6 Nasional (2026-07-01)
"Usai Disekap, Tiga Karyawan Percetakan di Jakpus Dilaporkan Balik",Fakta,Liputan6 Nasional (2026-07-01)
"Pramono Targetkan Laba Bank DKI Naik 3 Kali Lipat: Kalau Enggak Bisa, Kebangetan",Fakta,Liputan6 Nasional (2026-07-01)
Momen Akrab Prabowo dan Jokowi di HUT Bhayangkara ke-80,Fakta,Liputan6 Nasional (2026-07-01)
UNJ Dorong Solusi Pengelolaan Sampah Nasional,Fakta,Liputan6 Nasional (2026-07-01)
Indonesia Perkuat Rehabilitasi Mangrove Berbasis Ekologi,Fakta,Liputan6 Nasional (2026-07-01)
PN Jaktim Jelaskan Aturan Live Sidang Dokter Tifa,Fakta,Liputan6 Nasional (2026-07-01)
"Separuh Jalan Kuansing Rusak, Bupati Malah Terima Suap Mobil Mewah",Fakta,Liputan6 Nasional (2026-07-01)
Pemkot Jakarta Selatan Libatkan Dasawisma Perkuat Gerakan Pilah Sampah,Fakta,Liputan6 Nasional (2026-07-01)
"BEM UI Demo di Mabes Polri, Bawa Karangan Bunga",Fakta,Liputan6 Nasional (2026-07-01)
"Karier Moncer Bupati Kuansing Tersangka Suap, Berawal dari Aktivis LSM",Fakta,Liputan6 Nasional (2026-07-01)
Sejarah dan Fakta TPA Jatiwaringin,Fakta,Liputan6 Nasional (2026-07-01)
Naik Kelas Kasus Suap Bupati Kuansing,Fakta,Liputan6 Nasional (2026-07-01)
Hadiah Mobil Mewah Jadi Syarat Lolos Sekda Kuansing,Fakta,Liputan6 Nasional (2026-07-01)
"Terungkap, Ini Penyebab Kematian 5 Calon Manajer Kopdes",Fakta,Liputan6 Nasional (2026-07-01)
Kemhan Pangkas Pelatihan Bela Negara Calon Manajer Kopdes Jadi Dua Minggu,Fakta,Liputan6 Nasional (2026-07-01)
Duduk Perkara Korupsi Bupati Kuansing Suhardiman Amby,Fakta,Liputan6 Nasional (2026-07-01)
"Kesepakatan Tercapai, Ribuan Huntap di Aceh Tamiang Siap Dibangun",Fakta,Liputan6 Nasional (2026-07-01)
Modus Bupati Kuansing Hilangkan Jejak Korupsi,Fakta,Liputan6 Nasional (2026-07-01)
"Suhardiman Amby, Bupati Kuansing Kedua jadi Tersangka Korupsi",Fakta,Liputan6 Nasional (2026-07-01)
"KKP Luncurkan Ocean Calculator, Hitung Nilai Ekonomi Laut",Fakta,Liputan6 Nasional (2026-07-01)
KPK Tetapkan Bupati dan Sekda Kuansing Tersangka Jual Beli Jabatan,Fakta,Liputan6 Nasional (2026-07-01)
UPN Veteran Jakarta Genjot Akreditasi Internasional dan Mobilitas Akademik Global,Fakta,Liputan6 Nasional (2026-07-01)
"Korupsi di Riau 7 Kali Sejak 2007, Terbaru Bupati Kuansing",Fakta,Liputan6 Nasional (2026-07-01)
"Progres 90 Persen, SMA Unggul Garuda di Sultra Segera Beroperasi",Fakta,Liputan6 Nasional (2026-07-01)
Akademisi Indonesia Bawa Semangat Berkelanjutan ke Forum Dunia,Fakta,Liputan6 Nasional (2026-07-01)
KPK Ungkap Alasan Bos Maktour Kembali Mangkir Pemeriksaan,Fakta,Liputan6 Nasional (2026-07-01)
"Ditahan KPK, Bupati Kuansing Minta Doa dan Dukungan",Fakta,Liputan6 Nasional (2026-07-01)
"Sidang Perdana Dokter Tifa Digelar Besok, Bisa Ditonton Live",Fakta,Liputan6 Nasional (2026-07-01)
Kemenhut Fokus Pulihkan 250 Daerah Aliran Sungai Kritis,Fakta,Liputan6 Nasional (2026-07-01)
"Balita Terjeblos Lubang 30 Cm, Proyek Wajib Audit Keselamatan",Fakta,Liputan6 Nasional (2026-07-01)
Mendagri Hadiri Upacara Peringatan HUT ke-80 Polri,Fakta,Liputan6 Nasional (2026-07-01)
Komdigi dan Universitas Brawijaya Kembangkan AI untuk Dukung Pembelajaran di Sekolah Rakya...,Fakta,Liputan6 Nasional (2026-07-01)
Momen Prabowo Lihat Teknologi Buatan Lokal di Pameran Bhayangkara,Fakta,Liputan6 Nasional (2026-07-01)
Kemendagri Minta 174 Daerah Kejar Data Bantuan Perbaikan Rumah,Fakta,Liputan6 Nasional (2026-07-01)
Tunjangan Profesi Ubah Nasib Guru yang Dulu Digaji Tak Layak,Fakta,Liputan6 Nasional (2026-07-01)
"Penutupan TPS Liar, Cakung Barat Wujudkan Lingkungan Berkelanjutan",Fakta,Liputan6 Nasional (2026-07-01)
Ini Tarif Transjakarta Tanpa Subsidi Pemprov DKI,Fakta,Liputan6 Nasional (2026-07-01)
Wamenhan Bicara Pentingnya Latihan Militer buat Calon Manajer Kopdes,Fakta,Liputan6 Nasional (2026-07-01)
"Kemenhut Targetkan Pemulihan 12,3 Juta Hektare Lahan Kritis",Fakta,Liputan6 Nasional (2026-07-01)
"Punya 1.415 Dapur MBG, Kapolri Ungkap Rahasia Zero Accident",Fakta,Liputan6 Nasional (2026-07-01)
WNA jadi Korban Copet di Rasuna Said,Fakta,Liputan6 Nasional (2026-07-01)
Puan: Polri Harus Buktikan Komitmen Melayani Masyarakat,Fakta,Liputan6 Nasional (2026-07-01)
Kepolisian Harus Jaga Kepercayaan Publik,Fakta,Liputan6 Nasional (2026-07-01)
"Kapolri Pamer Prestasi, Ada Pengungkapan Kasus Rp 10,4 T",Fakta,Liputan6 Nasional (2026-07-01)
Hakim MK Adies Kadir Digugat ke PTUN,Fakta,Liputan6 Nasional (2026-07-01)
Kapolri Soroti Tantangan Lingkungan Global di HUT Bhayangkara,Fakta,Liputan6 Nasional (2026-07-01)
Pembahasan Kenaikan Tarif Transjabodetabek Berjalan Alot,Fakta,Liputan6 Nasional (2026-07-01)
Momen Haru Kloter Terakhir Jemaah Haji Indonesia Pulang ke Tanah Air,Fakta,Liputan6 Nasional (2026-07-01)
Ikhtiar Dharma Pongrekun Pupus di MK,Fakta,Liputan6 Nasional (2026-07-01)
6 Pesan Prabowo untuk Polisi di HUT Polri,Fakta,Liputan6 Nasional (2026-07-01)
Prabowo Puji Polri Bantu Ketahanan Pangan dan MBG,Fakta,Liputan6 Nasional (2026-07-01)
Menhut Raja Juli Perketat Tata Kelola dan Perizinan Hutan,Fakta,Liputan6 Nasional (2026-07-01)
HUT Polri ke-80: 10 Polda Terima Penghargaan Bergengsi,Fakta,Liputan6 Nasional (2026-07-01)
Prabowo: Jangan Biarkan Demokrasi Dibajak,Fakta,Liputan6 Nasional (2026-07-01)
"Taufiq Effendi, Menpan RB Era SBY Peraih Jenderal Kehormatan Polri",Fakta,Liputan6 Nasional (2026-07-01)
Prabowo Minta Polri Bela dan Rasakan Penderitaan Rakyat,Fakta,Liputan6 Nasional (2026-07-01)
"Pesan Prabowo ke Polisi: Jangan Susahkan Rakyat, Gaji Kita dari Mereka",Fakta,Liputan6 Nasional (2026-07-01)
Prabowo Ingatkan Polri Jangan Sombong,Fakta,Liputan6 Nasional (2026-07-01)
Prabowo: Hukum Tidak Boleh Jadi Alat Balas Dendam Politik,Fakta,Liputan6 Nasional (2026-07-01)
"16 Influencer Hanania Travel Diperiksa Polisi, Uang Saku Rp 110 Juta Dikembalikan",Fakta,Liputan6 Nasional (2026-07-01)
Komisi III DPR: Kedekatan dengan Rakyat Jadi Modal Utama Polri,Fakta,Liputan6 Nasional (2026-07-01)
Kapolri Anugerahi Prabowo Medali Kehormatan Loka Praja Samrakshana,Fakta,Liputan6 Nasional (2026-07-01)
"Profil Taufiequrachman Ruki, Penerima Pangkat Kehormatan Polri",Fakta,Liputan6 Nasional (2026-07-01)
"Sidarto Danusubroto, Eks Anggota Wantimpres Dapat Penghargaan Komjen Kehormatan",Fakta,Liputan6 Nasional (2026-07-01)
"3 Purnawirawan Polri Dapat Pangkat Kehormatan, Ada Eks Ajudan Soekarno",Fakta,Liputan6 Nasional (2026-07-01)
PMN 2026 untuk Difabel Jawab Kebutuhan Dunia Kerja,Fakta,Liputan6 Nasional (2026-07-01)
Top 3 News: Hakim Bebaskan Nadiem dari Dakwaan Primer Korupsi Chromebook,Fakta,Liputan6 Nasional (2026-07-01)
Prabowo Pimpin Upacara HUT ke-80 Bhayangkara di Cikeas,Fakta,Liputan6 Nasional (2026-07-01)
Korupsi Jual Beli Jabatan yang Tak Pernah Berhenti,Fakta,Liputan6 Nasional (2026-07-01)
Jokowi hingga JK Hadiri Upacara HUT ke-80 Polri,Fakta,Liputan6 Nasional (2026-07-01)
Ini Biang Kerok Kebakaran TPA Jatiwaringin,Fakta,Liputan6 Nasional (2026-07-01)
Hari Apa Setiap 1 Juli? Yuk Cari Tahu,Fakta,Liputan6 Nasional (2026-07-01)
"Sampah Menggunung, Butuh Helikopter Atasi Kebakaran TPA Jatiwaringin",Fakta,Liputan6 Nasional (2026-07-01)
Jokowi Akan Hadiri Upacara HUT ke-80 Polri di Cikeas,Fakta,Liputan6 Nasional (2026-07-01)
Balita Tewas di Lahan Proyek: Kisah Pilu dari Lubang Gelap,Fakta,Liputan6 Nasional (2026-07-01)
Ganjil Genap Jakarta Hari Ini: Cek Ruas Jalan yang Berlaku,Fakta,Liputan6 Nasional (2026-07-01)
Cuaca Jabodetabek Hari Ini: Mayoritas Cerah hingga Berawan,Fakta,Liputan6 Nasional (2026-07-01)
"Mengenal Bhayangkara, Pasukan Elite Majapahit di Nama Kepolisian RI",Fakta,Liputan6 Nasional (2026-07-01)
Bukan Akhir Bagi Nadiem Makarim,Fakta,Liputan6 Nasional (2026-07-01)
KPK Sebut Ketum Pemuda Pancasila Diduga Kuasai Aset-aset Hasil Korupsi,Fakta,Liputan6 Nasional (2026-07-01)
'The Last Dance' Nadiem Makarim: Vonis Hukum dan Pembelaan,Fakta,Liputan6 Nasional (2026-07-01)
Dito Ariotedjo Buka Suara Usai Diperiksa KPK,Fakta,Liputan6 Nasional (2026-07-01)
Pemanfaatan Hutan Berkelanjutan di Kaltim Hasilkan Nilai Ekonomi,Fakta,Liputan6 Nasional (2026-07-01)
Jakarta Barat Tanam 448 Pohon pada Semester I 2026,Fakta,Liputan6 Nasional (2026-07-01)
Wamenag: Kerukunan Umat Jadi Kekuatan Hadapi Ancaman Bangsa,Fakta,Liputan6 Nasional (2026-07-01)
Apresiasi Evaluasi Program untuk Tata Kelola Lebih Baik,Fakta,Liputan6 Nasional (2026-06-30)
Kemendikdasmen Dorong Kolaborasi Pendidikan Lebih Terukur,Fakta,Liputan6 Nasional (2026-06-30)
"Kebakaran TPA Jatiwaringin Meluas, 15 Warga Diungsikan",Fakta,Liputan6 Nasional (2026-06-30)
Polisi Simpan 362 Drum Sianida di Gudang Kosambi Tangerang,Fakta,Liputan6 Nasional (2026-06-30)
Bupati dan Sekda Kuansing Serahkan Diri ke KPK,Fakta,Liputan6 Nasional (2026-06-30)
Kebijakan Berbasis Data Dinilai Jadi Kunci Layanan Publik,Fakta,Liputan6 Nasional (2026-06-30)
"Gempa Hari Ini: Magnitudo 3,5 Getarkan Halmahera Timur",Fakta,Liputan6 Nasional (2026-06-30)
"KLH Apresiasi Kota Tangerang, Olah Sampah Jadi Bahan Bakar Alternatif",Fakta,Liputan6 Nasional (2026-06-30)
"Pramono Siapkan Obligasi Daerah Rp 3,5 Triliun",Fakta,Liputan6 Nasional (2026-06-30)
"DPR Soroti Pelatihan Manajer Kopdes, Tak Bisa Disamakan dengan Militer",Fakta,Liputan6 Nasional (2026-06-30)
"Alasan Hakim Tolak Permintaan Jaksa Bebankan Rp 4,8 Triliun ke Nadiem",Fakta,Liputan6 Nasional (2026-06-30)
"Kebakaran TPA Jatiwaringin, BPBD Tangerang Harapkan Bantuan BNPB",Fakta,Liputan6 Nasional (2026-06-30)
Bima Arya Ingin Trail Run Bisa Dongkrak Ekonomi Daerah,Fakta,Liputan6 Nasional (2026-06-30)
Indonesia dan Prancis Perkuat Strategi Pengembangan Kakao Berkelanjutan,Fakta,Liputan6 Nasional (2026-06-30)
Pramono Minta Senayan City dan Plaza Senayan Terhubung Terowongan Bawah Tanah,Fakta,Liputan6 Nasional (2026-06-30)
"Asal Usul Proyek Pemprov DKI di Tebet, Lokasi Balita Tewas",Fakta,Liputan6 Nasional (2026-06-30)
Bupati dan Sekda Kuansing Menghilang saat OTT KPK,Fakta,Liputan6 Nasional (2026-06-30)
Laboratorium Sekolah Garuda Kaltim Hasilkan Inovasi Ramah Lingkungan,Fakta,Liputan6 Nasional (2026-06-30)
"Rio Akbar Juara Banyuwangi BMX Supercross 2026, Indonesia Sapu Gelar Elite Putra dan Putri",Fakta,Liputan6 Nasional (2026-06-30)
OTT KPK di Kuansing Diduga Terkait Jual Beli Jabatan,Fakta,Liputan6 Nasional (2026-06-30)
"MUI Godok RUU Pidana LGBT, Apa Kata Mensos?",Fakta,Liputan6 Nasional (2026-06-30)
Kepercayaan Jadi Kunci Dampingi Perempuan Prasejahtera,Fakta,Liputan6 Nasional (2026-06-30)
Perkuat Konservasi Orangutan Lewat Beasiswa Mahasiswa di Kalimantan,Fakta,Liputan6 Nasional (2026-06-30)
Perluasan Kuota Magang Nasional Harus Tepat Sasaran,Fakta,Liputan6 Nasional (2026-06-30)
KPK Amankan 10 Orang dalam OTT di Kuantan Singingi,Fakta,Liputan6 Nasional (2026-06-30)
"KPK OTT di Kuansing, Ruangan Bupati Suhardiman Amby Disegel",Fakta,Liputan6 Nasional (2026-06-30)
"Tradisi Kebo-keboan Alasmalang Banyuwangi Tetap Lestari, jadi Wujud Syukur hingga Daya Tar...",Fakta,Liputan6 Nasional (2026-06-30)
"Menag Usul Insentif Guru Madrasah Honorer Rp 1,5 Juta",Fakta,Liputan6 Nasional (2026-06-30)
"Kebakaran TPA Jatiwaringin Tangerang Meluas, 3 Kecamatan Diminta Waspada",Fakta,Liputan6 Nasional (2026-06-30)
Alasan PDIP Belum Sanksi Veronika Lake Terkait Kematian Dokter Icha,Fakta,Liputan6 Nasional (2026-06-30)
Pria Diduga ODGJ Diamankan Dinsos Jakarta Barat di Stasiun Duri,Fakta,Liputan6 Nasional (2026-06-30)
"Remaja Nangis di Voice Note Ngaku Diculik, Ujungnya Minta Rp 5 Juta",Fakta,Liputan6 Nasional (2026-06-30)
Jambret Spesialis Anak Kecil Pegang HP Dibekuk,Fakta,Liputan6 Nasional (2026-06-30)
"Hakim Sebut Kerugian Negara Korupsi Chromebook Rp 1,56 T",Fakta,Liputan6 Nasional (2026-06-30)
Hakim Andi Ungkap Alasan Nadiem Layak Dibebaskan,Fakta,Liputan6 Nasional (2026-06-30)
Thailand dan Indonesia Berbagi Gelar di Hari Pertama Banyuwangi BMX Supercross 2026,Fakta,Liputan6 Nasional (2026-06-30)
"Presiden Belarus ke Istana, Agenda Apa yang Dibahas Prabowo?",Fakta,Liputan6 Nasional (2026-06-30)
Papua Selatan Lirik Potensi Enegi Terbarukan Berbasis Sampah Organik,Fakta,Liputan6 Nasional (2026-06-30)
Gus Ipul Dukung Sutan Takdir Alisjahbana Jadi Pahlawan Nasional,Fakta,Liputan6 Nasional (2026-06-30)
Jaksa: Vonis Nadiem Makarim Bukan Soal Menang Kalah,Fakta,Liputan6 Nasional (2026-06-30)
Hal Memberatkan dan Meringankan Vonis Nadiem Makarim,Fakta,Liputan6 Nasional (2026-06-30)
"Wujudkan GovTech, Pemerintah Perluas Piloting Digitalisasi Bansos",Fakta,Liputan6 Nasional (2026-06-30)
Wamendari Dorong Kolaborasi Desa dan Kampus,Fakta,Liputan6 Nasional (2026-06-30)
"Rekam Jejak Andi Saputra, Hakim yang Berani Beda Suara di Sidang Nadiem",Fakta,Liputan6 Nasional (2026-06-30)
"Banyuwangi BMX Supercross 2026 Resmi Bergulir, ICF Apresiasi Konsistensi Gelar Kejuaraan I...",Fakta,Liputan6 Nasional (2026-06-30)
Kabar Terbaru Yaqut Setelah Sepekan Dibantarkan ke RS,Fakta,Liputan6 Nasional (2026-06-30)
LRT Velodrome-Manggarai Bakal Diperpanjang Sampai Dukuh Atas,Fakta,Liputan6 Nasional (2026-06-30)
Bakal Ada Jembatan di Rasuna Said untuk Pasang Gembok Cinta,Fakta,Liputan6 Nasional (2026-06-30)
Seruan Perlawanan Nadiem Makarim usai Divonis 10 Tahun,Fakta,Liputan6 Nasional (2026-06-30)
"Nadiem Makarim: Terima Kasih Para Ojol, Salam Satu Aspal",Fakta,Liputan6 Nasional (2026-06-30)
Cerita di Balik Tato Wajah dan Love Taufik Hidayat di Tubuh Korban Penyekapan,Fakta,Liputan6 Nasional (2026-06-30)
"Momen Tegang Usai Vonis Nadiem, Pengacara Protes Hakim",Fakta,Liputan6 Nasional (2026-06-30)
Nadiem Makarim: Saya Divonis Tidak Masuk Akal,Fakta,Liputan6 Nasional (2026-06-30)
Hakim Tolak Dalih Nadiem Jadikan Pandemi untuk Pengadaan Chromebook,Fakta,Liputan6 Nasional (2026-06-30)
Nadiem Makarim Berdiri Tegak Usai Hakim Putuskan Vonis,Fakta,Liputan6 Nasional (2026-06-30)
"Polemik Panjang Selesai, RS Sumber Waras Dibangun Bertaraf Internasional",Fakta,Liputan6 Nasional (2026-06-30)
"Bantah Kriminalisasi Anak Bangsa, Jaksa Disoraki Pendukung Nadiem",Fakta,Liputan6 Nasional (2026-06-30)
Hakim Perintahkan Nadiem Makarim Ganti Rugi Rp 1 Miliar,Fakta,Liputan6 Nasional (2026-06-30)
Nadiem Makarim Divonis 10 Tahun Kasus Korupsi Chromebook,Fakta,Liputan6 Nasional (2026-06-30)
Perjalanan Kasus Nadiem hingga Divonis 10 Tahun,Fakta,Liputan6 Nasional (2026-06-30)
Dissenting Opinion di Sidang Nadiem: Pembuktian White Collar Crime Tak Kuat,Fakta,Liputan6 Nasional (2026-06-30)
Hakim Andi Beri Dissenting Opinion: Nadiem Harus Dibebaskan dari Dakwaan,Fakta,Liputan6 Nasional (2026-06-30)
"Razia Jukir Liar di Jakut, Berujung ke Panti Sosial",Fakta,Liputan6 Nasional (2026-06-30)
Hakim Sebut Nadiem Punya Niat Menguntungkan Korporasi Lewat Chromebook,Fakta,Liputan6 Nasional (2026-06-30)
Hakim Bebaskan Nadiem dari Dakwaan Primer Korupsi Chromebook,Fakta,Liputan6 Nasional (2026-06-30)
"Puan Pimpin Rapat Paripurna, DPR Setujui Naturalisasi Luke Vickery dan Mitchell Baker",Fakta,Liputan6 Nasional (2026-06-30)
OJK Tegaskan Komitmen Perkuat Keuangan Berkelanjutan dan Bursa Karbon di Forum Internasion...,Fakta,Liputan6 Nasional (2026-06-30)
KAI Tutup 31 Perlintasan Liar di Jakarta hingga Sukabumi,Fakta,Liputan6 Nasional (2026-06-30)
Balita Tewas di Lubang Proyek Tebet: Janji ke Ancol yang Tak Terwujud,Fakta,Liputan6 Nasional (2026-06-30)
Hakim Sebut Nadiem Ganti Pejabat yang Menolak Chromebook,Fakta,Liputan6 Nasional (2026-06-30)
"Hakim Sebut Nadiem Penuhi Mens Rea Korupsi, Ini Pertimbangannya",Fakta,Liputan6 Nasional (2026-06-30)
"Balita Tewas Gara-Gara Lubang Proyek, Kontraktor Diperiksa Polisi",Fakta,Liputan6 Nasional (2026-06-30)
Pesan Puan untuk Jokowi Setelah Injak Kepala Kerbau,Fakta,Liputan6 Nasional (2026-06-30)
Balita Tewas di Lubang Proyek: 7 Jam Evakuasi dan Teriakan Terakhir Korban,Fakta,Liputan6 Nasional (2026-06-30)
OC Kaligis hingga Delpedro Marhaen Hadiri Sidang Vonis Nadiem,Fakta,Liputan6 Nasional (2026-06-30)
Permintaan Pengacara Nadiem Sebelum Hakim Bacakan Putusan Perkara 1.146 Halaman,Fakta,Liputan6 Nasional (2026-06-30)
Mawar Kuning dan Air Mata Nadiem di Sidang Vonis,Fakta,Liputan6 Nasional (2026-06-30)
Strategi BMKG Antisipasi Kekeringan di Jawa,Fakta,Liputan6 Nasional (2026-06-30)
Penampilan Baru Dito Ariotedjo Saat Penuhi Panggilan KPK,Fakta,Liputan6 Nasional (2026-06-30)
Nadiem Cerita Sempat Masuk Rumah Sakit Lagi Sebelum Sidang Vonis,Fakta,Liputan6 Nasional (2026-06-30)
"Tunggu Putusan Sidang Vonis, Ibu Nadiem Memperkuat Hati dan Pikiran",Fakta,Liputan6 Nasional (2026-06-30)
Momen Romantis Nadiem Makarim Peluk dan Cium Istri Sebelum Sidang Vonis,Fakta,Liputan6 Nasional (2026-06-30)
"Jelang Sidang Vonis, Nadiem: Saya Tidak Sendirian",Fakta,Liputan6 Nasional (2026-06-30)
Pesan Gibran untuk Generasi Muda Dalam Memperkuat Persatuan,Fakta,Liputan6 Nasional (2026-06-30)
"Ada Perbaikan Jalan, Tol Jakarta-Cikampek Contraflow 5 Km",Fakta,Liputan6 Nasional (2026-06-30)
Poin Kerja Sama Lingkungan Indonesia dengan Singapura,Fakta,Liputan6 Nasional (2026-06-30)
"Susul Roy Suryo, Tiga Tersangka Lain Segera Diseret ke Kejaksaan",Fakta,Liputan6 Nasional (2026-06-30)
Aset Hanania Group Disita untuk Bayar Ganti Rugi Jemaah,Fakta,Liputan6 Nasional (2026-06-30)
Gibran Ajak Santri Berwirausaha Hadapi Bonus Demografi,Fakta,Liputan6 Nasional (2026-06-30)
"Warung Kopi di Bekasi Jual Obat Keras Ilegal, 1 Orang Ditangkap",Fakta,Liputan6 Nasional (2026-06-30)
Nadiem Makarim Hadapi Sidang Vonis Hari Ini,Fakta,Liputan6 Nasional (2026-06-30)
"Nyawa Terus Melayang, Truk Rem Blong Tak Pernah Benar-Benar Teratasi",Fakta,Liputan6 Nasional (2026-06-30)
Tanggal 30 Juni Memperingati Hari Apa? Berikut Daftarnya,Fakta,Liputan6 Nasional (2026-06-30)
"Polisi Nonton Bola Saat Warga Lapor KDRT, Polres Jakbar Klarifikasi",Fakta,Liputan6 Nasional (2026-06-30)
Saat Karyawan Dirantai: Mengapa Praktik Ini Tak Bisa Lagi Ditoleransi,Fakta,Liputan6 Nasional (2026-06-30)
Cuaca Jakarta Hari Ini: Dua Wilayah Berpotensi Hujan Ringan,Fakta,Liputan6 Nasional (2026-06-30)
"MK Tolak Gugatan, Usia Minimal Calon Kades Tetap 25 Tahun",Fakta,Liputan6 Nasional (2026-06-30)
Cerita Dokter Icha: Pengingat agar Jabatan Tak Jadi Alat Intimidasi,Fakta,Liputan6 Nasional (2026-06-30)
"KKMP Jakarta Mulai Daftarkan Merek Kolektif, Baru 3 Koperasi Terdaftar",Fakta,Liputan6 Nasional (2026-06-30)
Gudang di Cakung Kebakaran,Fakta,Liputan6 Nasional (2026-06-30)
MK Tegaskan Pilkada Tetap Dipilih Langsung oleh Rakyat,Fakta,Liputan6 Nasional (2026-06-30)
AHY: Ojek Online Penggerak Ekonomi,Fakta,Liputan6 Nasional (2026-06-30)
"MK Ubah Aturan Pencairan Dana Pensiun Sukarela, Ini Perubahannya",Fakta,Liputan6 Nasional (2026-06-29)
Polisi Antisipasi Membludaknya Simpatisan di Sidang Putusan Nadiem,Fakta,Liputan6 Nasional (2026-06-29)
Mobil Puteri Indonesia Pariwisata 2022 Jadi Sasaran Teror Lempar Batu,Fakta,Liputan6 Nasional (2026-06-29)
"DPR Rampungkan Uji Kelayakan Calon Anggota KIP, 7 Nama Diumumkan Besok",Fakta,Liputan6 Nasional (2026-06-29)
Wamendagri Bima Arya Minta Daerah Kolaborasi Perkuat Ketahanan Pangan Perkotaan,Fakta,Liputan6 Nasional (2026-06-29)
Prabowo Siapkan Amnesti Napi pada HUT Ke-81 RI,Fakta,Liputan6 Nasional (2026-06-29)
"Rapat dengan DPR, Liga Mahasiswa Suarakan Wajib Belajar 17 Tahun",Fakta,Liputan6 Nasional (2026-06-29)
"Kementrans Ubah Arah Transmigrasi, Tak Lagi Sekadar Pindah Penduduk",Fakta,Liputan6 Nasional (2026-06-29)
500 Warga Cikeas Terima Paket Sembako dari Polri,Fakta,Liputan6 Nasional (2026-06-29)
"Latihan Militer Manajer Kopdes Disetop, Ini Gantinya",Fakta,Liputan6 Nasional (2026-06-29)
"RUU HAM Perkuat Komnas HAM, Beri Kewenangan Penyidikan",Fakta,Liputan6 Nasional (2026-06-29)
Wasekjen Gerindra: Dugaan BEM UBK Jangan Digeneralisasi ke Seluruh Mahasiswa,Fakta,Liputan6 Nasional (2026-06-29)
Mendagri Apresiasi Komisi II Dukung Penguatan Wilayah Perbatasan,Fakta,Liputan6 Nasional (2026-06-29)
Latihan Militer Manajer Kopdes Resmi Disetop Buntut 5 Peserta Meninggal,Fakta,Liputan6 Nasional (2026-06-29)
TB Hasanuddin Sebut Biaya Latihan Militer Manajer Kopdes Rp 30 Juta per Orang,Fakta,Liputan6 Nasional (2026-06-29)
Akal-akalan Bos Percetakan Cari Untung dari Penyekapan Pegawai,Fakta,Liputan6 Nasional (2026-06-29)
Awkarin Penuhi Panggilan Polisi Terkait Kasus Hanania Travel,Fakta,Liputan6 Nasional (2026-06-29)
Wamendagri Wiyagus Tekankan Peran DPRD Perkuat Tata Kelola SDA dan Kemandirian Fiskal Daer...,Fakta,Liputan6 Nasional (2026-06-29)
"Balita Tewas di Proyek, Pramono Anung Buka Suara",Fakta,Liputan6 Nasional (2026-06-29)
Kasus Penyekapan Karyawan: Sudah Bayar Rp 55 Juta Tetap Tak Dibebaskan,Fakta,Liputan6 Nasional (2026-06-29)
Ombudsman Minta Pelatihan Militer Manajer Kopdes Dihentikan Sementara,Fakta,Liputan6 Nasional (2026-06-29)
"Bos Percetakan Dalang Penyekapan Pegawai, Ini Perintahnya ke Tersangka",Fakta,Liputan6 Nasional (2026-06-29)
Peran 7 Tersangka Penyekapan 3 Karyawan Percetakan di Jakpus,Fakta,Liputan6 Nasional (2026-06-29)
PDIP Respons Jokowi Injak Kepala Kerbau Saat Terima Gelar Adat Lampung,Fakta,Liputan6 Nasional (2026-06-29)
7 Orang jadi Tersangka Penyekapan Karyawan di Jakpus,Fakta,Liputan6 Nasional (2026-06-29)
"Program Pemberdayaan Perempuan Jangkau 23,3 Juta Orang",Fakta,Liputan6 Nasional (2026-06-29)
5.000 Pelaku UMKM di Banten Terima Sertifikat Halal,Fakta,Liputan6 Nasional (2026-06-29)
PDIP Ancam Sanksi Kader jika Terbukti Intimidasi Dokter Icha,Fakta,Liputan6 Nasional (2026-06-29)
Sikap Sekjen Golkar soal Kadernya Diduga Intimidasi Dokter Icha,Fakta,Liputan6 Nasional (2026-06-29)
Mendagri Buka Suara soal Isu 2 Desa Lepas ke Malaysia,Fakta,Liputan6 Nasional (2026-06-29)
Mendagri Minta Kepala Daerah Bersiap Hadapi El Nino,Fakta,Liputan6 Nasional (2026-06-29)
"Resmi Dirilis, Ini Link Download Logo HUT ke-81 RI Format HD",Fakta,Liputan6 Nasional (2026-06-29)
"Banjir Rob Mengintai Jakarta, Ini Wilayah yang Berisiko",Fakta,Liputan6 Nasional (2026-06-29)
Istana Umumkan Logo Resmi HUT ke-81 RI Karya Desainer Padang,Fakta,Liputan6 Nasional (2026-06-29)
PSI Ungkap Efek Safari Politik Jokowi di Lampung,Fakta,Liputan6 Nasional (2026-06-29)
"Update Ibu di Koja Dilempar Molotov, 2 Pelaku Ditangkap",Fakta,Liputan6 Nasional (2026-06-29)
"Pengunjung Ragunan Capai 135.500, Pramono Anung Sebut Pecahkan Rekor",Fakta,Liputan6 Nasional (2026-06-29)
"Balita Tewas di Lubang Proyek Tebet, Polisi Usut Unsur Kelalaian",Fakta,Liputan6 Nasional (2026-06-29)
Momen Gus Ipul Bacakan Puisi di Peringatan Harganas,Fakta,Liputan6 Nasional (2026-06-29)
"RUU Keamanan Siber Dibahas, DPR Minta Draf Dirahasiakan",Fakta,Liputan6 Nasional (2026-06-29)
Roy Suryo Minta Hakim Nyatakan Penangkapannya Tak Sah,Fakta,Liputan6 Nasional (2026-06-29)
Pramono Anung Beberkan Kunci Bereskan 2 Proyek Mangkrak Puluhan Tahun,Fakta,Liputan6 Nasional (2026-06-29)
"Terima Dokumen Darwin, Mendagri Ungkap Sejarah Rahasia Kota Atambua",Fakta,Liputan6 Nasional (2026-06-29)
"Kecelakaan Maut di Jalan Cut Mutia Bekasi, Truk Diduga Rem Blong",Fakta,Liputan6 Nasional (2026-06-29)
"Kronologi Truk Tabrak Belasan Motor di Bekasi, Sempat Terobos Lampu Merah",Fakta,Liputan6 Nasional (2026-06-29)
Pramono Ungkap Syarat Khusus LPDP Jakarta,Fakta,Liputan6 Nasional (2026-06-29)
"Cerita Roy Suryo Reuni Bareng SBY, JK dan Kabinet Indonesia Bersatu",Fakta,Liputan6 Nasional (2026-06-29)
"Nadiem Hadapi Vonis Besok, Pengacara: Bukti Bersalah Sudah Habis",Fakta,Liputan6 Nasional (2026-06-29)
Satu Orang Tewas dalam Tabrakan Beruntun Truk dan 5 Motor di Bekasi,Fakta,Liputan6 Nasional (2026-06-29)
Komnas HAM Minta Latihan Militer Calon Manajer Kopdes Disetop,Fakta,Liputan6 Nasional (2026-06-29)
"Sewa Helikopter ke Cianjur, Anggota KPU Disidang DKPP Hari Ini",Fakta,Liputan6 Nasional (2026-06-29)
Pemprov DKI Siap Anggarkan Rp 100 Miliar untuk LPDP Jakarta,Fakta,Liputan6 Nasional (2026-06-29)
"Viral Balap Liar di Jalan Layang Antasari, Polisi Buru Pelaku",Fakta,Liputan6 Nasional (2026-06-29)
"Banyak Keluhan SPMB, Pramono Ungkap Akar Masalahnya",Fakta,Liputan6 Nasional (2026-06-29)
"Bukan Hanya Gawai, Ini Pemicu Indonesia Jadi 'Fatherless Country'",Fakta,Liputan6 Nasional (2026-06-29)
"Bus Mogok Depan Halte Cawang Cikoko, Lalu Lintas Macet",Fakta,Liputan6 Nasional (2026-06-29)
Akhir Hadiah Sayembara Rp 250 Juta Dedi Mulyadi,Fakta,Liputan6 Nasional (2026-06-29)
Makam Tanpa Nama dan Jembatan NU-Muhammadiyah di Karangkajen,Fakta,Liputan6 Nasional (2026-06-29)
"MK Putuskan 29 Gugatan Hari Ini, Ada UU Pilkada",Fakta,Liputan6 Nasional (2026-06-29)
Cerita Makam Istimewa Para Wira dan Ulama di Tengah Kampung Jogja,Fakta,Liputan6 Nasional (2026-06-29)
Komnas Perempuan Minta Maaf soal Penyekapan di Bandung,Fakta,Liputan6 Nasional (2026-06-29)
Ketua MK Ungkap Peran Penting Kampus bagi Konstitusi,Fakta,Liputan6 Nasional (2026-06-29)
Babi Hutan dan Monyet Teror Ladang Petani Badui,Fakta,Liputan6 Nasional (2026-06-28)
Menag Minta Anak Muda Tak Asal Cari Pasangan,Fakta,Liputan6 Nasional (2026-06-28)
Polisi Tetapkan 4 Tersangka Demo Ricuh di Gedung Grahadi,Fakta,Liputan6 Nasional (2026-06-28)
Menko Yusril: Politik Hari ini Butuh Pemikiran Natsir,Fakta,Liputan6 Nasional (2026-06-28)
"Hari Terakhir Gratis, Pengunjung Ancol Tembus 78 Ribu",Fakta,Liputan6 Nasional (2026-06-28)
Dua Granat Nanas Bekas Perang Dunia II Dimusnahkan di Jayapura,Fakta,Liputan6 Nasional (2026-06-28)
Rano Karno Ungkap Nasib Baru TPST Bantargebang,Fakta,Liputan6 Nasional (2026-06-28)
KAI Bongkar 95 Bangunan di Jalur Pasar Senen,Fakta,Liputan6 Nasional (2026-06-28)
Lubang 30 Cm Renggut Nyawa Balita di Tebet,Fakta,Liputan6 Nasional (2026-06-28)
"Cegah Tawuran Lewat Penjaringan Boxing, Tanding Tinju di Rusun",Fakta,Liputan6 Nasional (2026-06-28)
Evakuasi Dramatis Bocah Terjebak di Lubang Proyek Tebet,Fakta,Liputan6 Nasional (2026-06-28)
Cerita Jokowi soal Warga Lampung yang Rutin Datang ke Rumah,Fakta,Liputan6 Nasional (2026-06-28)
Sepak Terjang 3 WN China di Praktik Kawin Pesanan,Fakta,Liputan6 Nasional (2026-06-28)
Cara Jaringan Thailand Selundupkan 325 Kg Sabu ke Aceh,Fakta,Liputan6 Nasional (2026-06-28)
Istana Jelaskan Alasan Prabowo Ajak Akademisi Kerja Sama Selesaikan Masalah Bangsa,Fakta,Liputan6 Nasional (2026-06-28)
"Menuju 2029, AMPI Incar Suara Generasi Muda untuk Golkar",Fakta,Liputan6 Nasional (2026-06-28)
Prabowo Tambah Anggaran Riset Nasional Jadi Rp 4 Triliun,Fakta,Liputan6 Nasional (2026-06-28)
"Jelang 500 Tahun, Jakarta Didorong Percepat Transformasi Kota",Fakta,Liputan6 Nasional (2026-06-28)
"Jokowi di Depan Kiai dan Santri: Saya Masih Seperti Dulu, Orang Desa",Fakta,Liputan6 Nasional (2026-06-28)
Serikat Mahasiswa Muslim Dorong Kepolisian Pertahankan Kepercayaan Publik,Fakta,Liputan6 Nasional (2026-06-28)
Kapolri Dorong Masyarakat Sampaikan Kritik demi Perbaikan Polri,Fakta,Liputan6 Nasional (2026-06-28)
Terungkap Aksi Penyelundupan 325 Kg Sabu dari Thailand,Fakta,Liputan6 Nasional (2026-06-28)
Prabowo Setuju Sebagian Keuntungan BUMN untuk Dana Riset dan Inovasi,Fakta,Liputan6 Nasional (2026-06-28)
Prabowo Janji Tambah Beasiswa Doktor untuk Dosen,Fakta,Liputan6 Nasional (2026-06-28)
"Prabowo: Jangankan Profesor, Usul Anak Desa Juga Saya Tindaklanjuti",Fakta,Liputan6 Nasional (2026-06-28)
Dekranas Sebut Pewarna Alami Tingkatkan Nilai Jual Tenun TTU,Fakta,Liputan6 Nasional (2026-06-28)
"Prabowo: Kampus Harus Jadi Ruang Adu Gagasan, Bukan Pertentangan",Fakta,Liputan6 Nasional (2026-06-28)
"Tarif Gabungan MRT-LRT-Transjakarta Rp 10 Ribu, Begini Mekanismenya",Fakta,Liputan6 Nasional (2026-06-28)
"3 Pemuda Disekap di Jakpus, Pelaku Diduga Minta Tebusan",Fakta,Liputan6 Nasional (2026-06-28)
"5 Manajer Kopdes Merah Putih Meninggal, Latihan Militer Harus Dihentikan",Fakta,Liputan6 Nasional (2026-06-28)
"Razia Parkir Liar di Senopati, Mobil Diderek hingga Dicabut Pentil",Fakta,Liputan6 Nasional (2026-06-28)
Kisah Pilu di Balik Meninggalnya Dokter Icha,Fakta,Liputan6 Nasional (2026-06-28)
Gerindra: Prabowo Tertibkan Pengusaha Akali Pajak,Fakta,Liputan6 Nasional (2026-06-28)
"Gerindra Sebut MBG Serap 1,3 Juta Pekerja",Fakta,Liputan6 Nasional (2026-06-28)
"Cuaca Hari Ini: Jakarta Cerah Berawan, Suhu Capai 33 Derajat",Fakta,Liputan6 Nasional (2026-06-28)
"Bengkel di Gunung Sindur Kebakaran, Damkar Berjibaku Padamkan Api",Fakta,Liputan6 Nasional (2026-06-27)
"Perayaan HUT Jakarta Usai, Jalan MH Thamrin Kembali Dibuka",Fakta,Liputan6 Nasional (2026-06-27)
Pramono Ungkap Sejumlah Prioritas Menuju 500 Tahun Jakarta,Fakta,Liputan6 Nasional (2026-06-27)
Jokowi Singgung Arti Baju PSI yang Dipakainya,Fakta,Liputan6 Nasional (2026-06-27)
Pramono Anung Minta Partai Politik Dahulukan Kepentingan Warga,Fakta,Liputan6 Nasional (2026-06-27)
"HUT Jakarta, Pramono Janji Bikin Bahagia dan Nyaman Warga",Fakta,Liputan6 Nasional (2026-06-27)
Momen Pramono-Rano Diiringi Tanjidor Hadiri Puncak HUT Jakarta,Fakta,Liputan6 Nasional (2026-06-27)
Dinas Lingkungan Hidup Belitung Timur Tanam Ratusan Pohon Cegah Abrasi,Fakta,Liputan6 Nasional (2026-06-27)
Zulhas Respons Pelesetan PAN 'Partai Artis Nasional',Fakta,Liputan6 Nasional (2026-06-27)
"Mendagri Buka Festival Fulan Fehan 2026, Hadirkan Tarian Persahabatan Dua Negara",Fakta,Liputan6 Nasional (2026-06-27)
Pemprov Jawa Tengah Percepat Transformasi Industri Hijau,Fakta,Liputan6 Nasional (2026-06-27)
Situasi Terkini Bundaran HI Jelang Malam Puncak HUT Jakarta,Fakta,Liputan6 Nasional (2026-06-27)
Jusuf Kalla Beberkan Tiga Kunci Memakmurkan Masjid,Fakta,Liputan6 Nasional (2026-06-27)
"UIN Bandung vs UGM Bertarung di Genera-Z Berbakti 2026, Kekuatan Ide dan Rencana Implement...",Fakta,Liputan6 Nasional (2026-06-27)
Budaya Berbahasa Dinilai jadi Fondasi Peradaban Digital,Fakta,Liputan6 Nasional (2026-06-27)
Mendagri Tito Dorong Mahasiswa Unhan NTT Perluas Pilihan Karier,Fakta,Liputan6 Nasional (2026-06-27)
Mahasiswa Diajak Ikut Kompetisi Desain Bertema Pendidikan,Fakta,Liputan6 Nasional (2026-06-27)
PDIP Sebut Latihan Militer Calon Manajer Kopdes Tak Relevan,Fakta,Liputan6 Nasional (2026-06-27)
Penanaman 1.000 Mangrove untuk Cegah Abrasi di Pesisir Semarang,Fakta,Liputan6 Nasional (2026-06-27)
Survei Puspoll: 6 Program Pemerintah yang Dianggap Penting Rakyat,Fakta,Liputan6 Nasional (2026-06-27)
"5 Calon Manajer Kopdes Meninggal, Kemhan Lakukan Tracing dan Isolasi Massal",Fakta,Liputan6 Nasional (2026-06-27)
Kemhan: 32 Peserta Calon Manajer Kopdes Hamil Dipulangkan dari Pelatihan,Fakta,Liputan6 Nasional (2026-06-27)
Pemilahan Sampah dari Sumber Jadi Bagian Budaya Keberlanjutan,Fakta,Liputan6 Nasional (2026-06-27)
Uya Kuya Resmi Jabat Ketua PAN Jakarta,Fakta,Liputan6 Nasional (2026-06-27)
"BMKG: Gempa Magnitudo 5,6 Guncang Pacitan",Fakta,Liputan6 Nasional (2026-06-27)
Besaran Santunan untuk Keluarga 5 Calon Manajer Kopdes yang Meninggal,Fakta,Liputan6 Nasional (2026-06-27)
Polisi Sita Sabu Lebih dari Satu Kilogram di Pasar Baru,Fakta,Liputan6 Nasional (2026-06-27)
Sinergi BPJS Kesehatan dan Kejaksaan Agung Perkuat Keberlangsungan Program JKN,Fakta,Liputan6 Nasional (2026-06-27)
Program Nikah Massal Bantu Pasangan Dapat Legalitas Pernikahan,Fakta,Liputan6 Nasional (2026-06-27)
"Survei: Tingkat Kepuasan Masyarakat terhadap Kinerja Prabowo Capai 64,8 Persen",Fakta,Liputan6 Nasional (2026-06-27)
Detik-Detik Nola Dya Sari Calon Manajer Kopdes Meninggal Saat Ikut Latsarmil,Fakta,Liputan6 Nasional (2026-06-27)
"Kasus Penyekapan Jadi Alarm, Menkomdigi Keluarkan 3 Imbauan soal Keamanan Digital",Fakta,Liputan6 Nasional (2026-06-27)
Menteri LH: Diplomasi Lingkungan untuk Kelestarian Alam Indonesia,Fakta,Liputan6 Nasional (2026-06-27)
Uya Kuya Ditunjuk jadi Ketua PAN DKI Jakarta Gantikan Eko Patrio,Fakta,Liputan6 Nasional (2026-06-27)
DLH Tangerang Uji Dampak Lingkungan TPS Ilegal,Fakta,Liputan6 Nasional (2026-06-27)
Kemhan: Calon Manajer Kopdes Meninggal Bertambah jadi Lima Orang,Fakta,Liputan6 Nasional (2026-06-27)
Polisi Ajak Warga Cegah Tawuran Remaja Lewat Jaga Jakarta On The Spot,Fakta,Liputan6 Nasional (2026-06-27)
KSP Dudung: 59 Jaringan Narkotika Diungkap dalam Setahun,Fakta,Liputan6 Nasional (2026-06-27)
Top 3 News: Prabowo Sebut Libatkan Profesor di Setiap Bidang Pemerintahan,Fakta,Liputan6 Nasional (2026-06-27)
Mensesneg Luruskan Ucapan Prabowo soal Pemimpin Terpilih,Fakta,Liputan6 Nasional (2026-06-27)
Jokowi Terima Gelar Adat Baginda Pemuka Bangsa di Lampung,Fakta,Liputan6 Nasional (2026-06-27)
Hari Apa Setiap 27 Juni? Simak Daftar Peringatan,Fakta,Liputan6 Nasional (2026-06-27)
Bisnis Narkoba dengan Aset Miliaran Rupiah Terbongkar,Fakta,Liputan6 Nasional (2026-06-27)
Daftar Lokasi Markas Judi Online Jaringan Internasional di Jakarta,Fakta,Liputan6 Nasional (2026-06-27)
"Ganjil Genap Jakarta Ditiadakan Hari Ini, Pengendara Bebas Melintas",Fakta,Liputan6 Nasional (2026-06-27)
"Sudirman-Thamrin Ditutup, Ini Jalur Alternatif Saat HUT Jakarta",Fakta,Liputan6 Nasional (2026-06-27)
Duka dari Latihan Militer Peserta SPPI,Fakta,Liputan6 Nasional (2026-06-27)
Apartemen hingga Gudang Pakan Ternak Jadi Tempat Produksi Narkoba,Fakta,Liputan6 Nasional (2026-06-27)
"Dua Tahun Buron, Pembunuh Personel TNI di Papua Ditangkap",Fakta,Liputan6 Nasional (2026-06-27)
Polda Metro Bongkar Ribuan Kasus Narkoba Januari–Juni 2026,Fakta,Liputan6 Nasional (2026-06-27)
Jokowi Prediksi Nasib PSI di Pemilu 2029: Saya Berani Pastikan Lolos,Fakta,Liputan6 Nasional (2026-06-27)
"4 Peserta SPPI Meninggal, Kemhan Siapkan Evaluasi Besar-besaran",Fakta,Liputan6 Nasional (2026-06-27)
Detik-detik Pohon Tumbang Timpa Mobil di Kelapa Gading,Fakta,Liputan6 Nasional (2026-06-26)
Curahan Hati Keluarga Jelang Vonis Nadiem Makarim,Fakta,Liputan6 Nasional (2026-06-26)
"Hadir di Atambua, Mendagri Minta Tenun NTT Jangan Sampai Diklaim Asing",Fakta,Liputan6 Nasional (2026-06-26)
"Hadiri Rakorda di Lampung, Jokowi: Saya Hadir Untuk PSI",Fakta,Liputan6 Nasional (2026-06-26)
Pimpinan DPR: Keterwakilan Perempuan Prasyarat Penting Demokrasi,Fakta,Liputan6 Nasional (2026-06-26)
LPSK Beri Pelindungan Darurat Korban Penyekapan di Bandung,Fakta,Liputan6 Nasional (2026-06-26)
15 Perusahaan Diduga Sponsori WNA di Kasus Judol Hayam Wuruk,Fakta,Liputan6 Nasional (2026-06-26)
Prabowo: Saya Libatkan Profesor di Setiap Bidang Pemerintahan,Fakta,Liputan6 Nasional (2026-06-26)
Ketua TP PKK Ajak Pelajar Siapkan Diri Menjadi Generasi Emas 2045,Fakta,Liputan6 Nasional (2026-06-26)
Prabowo: Kemajuan Bangsa Selalu Berasal dari Pemikir-Pemikir Terbaik,Fakta,Liputan6 Nasional (2026-06-26)
Pria di Tangerang Pakai Baju Wanita Demi Bawa Kabur Mobil Tetangga,Fakta,Liputan6 Nasional (2026-06-26)
"Selain 287 WNA, Empat WNI Jadi Tersangka Kasus Judol Hayam Wuruk",Fakta,Liputan6 Nasional (2026-06-26)
"Komisi IX DPR Setujui 4 Langkah Efisiensi MBG, Anggaran Bisa Hemat Rp 40 Triliun",Fakta,Liputan6 Nasional (2026-06-26)
"Delegasi 16 Negara Kunjungi Banyuwangi, Pelajari Inovasi Pertanian dan Perkebunan Berkelan...",Fakta,Liputan6 Nasional (2026-06-26)
"Lima Perusahaan Jadi Tersangka Kasus Pencucian Uang Judol, Ini Perannya",Fakta,Liputan6 Nasional (2026-06-26)
Qodari: Pemerintah Siapkan Mekanisme Khusus MBG di Daerah 3T,Fakta,Liputan6 Nasional (2026-06-26)
Prabowo: Kenapa Indonesia Sudah 81 Tahun Tak Bisa Bikin Mobil Sendiri?,Fakta,Liputan6 Nasional (2026-06-26)
"Atasi Kemacetan Pelabuhan Ketapang, Bupati Ipuk Ajukan Pelebaran Jalan dan Optimalisasi De...",Fakta,Liputan6 Nasional (2026-06-26)
Daftar 4 Nama Peserta SPPI Meninggal saat Latihan Militer,Fakta,Liputan6 Nasional (2026-06-26)
"Prabowo: 4 Kali Saya Kalah Pilpres, Tapi Tak Ganggu Pemimpin yang Dapat Mandat",Fakta,Liputan6 Nasional (2026-06-26)
Survei: Citra Positif Polri Naik Dibanding Tahun Lalu,Fakta,Liputan6 Nasional (2026-06-26)
Sahroni Apresiasi Kepercayaan Publik ke Polri Meningkat,Fakta,Liputan6 Nasional (2026-06-26)
"Modus Aplikasi HOT51, Cuci Uang Judi Lewat Rekening Cangkang",Fakta,Liputan6 Nasional (2026-06-26)
"Daftar Barang Bukti Kasus Judol Hayam Wuruk, Ada Uang Rp 8,7 M",Fakta,Liputan6 Nasional (2026-06-26)
Bupati Ipuk Fiestiandani Apresiasi Komitmen LDII dalam Mencetak Pemuda Berkarakter,Fakta,Liputan6 Nasional (2026-06-26)
Markas Judi Online Hayam Wuruk Contek Pola Jaringan Kamboja dan Myanmar,Fakta,Liputan6 Nasional (2026-06-26)
"Pemkot Bekasi Studi ke China, Tiru Olah Sampah jadi Listrik",Fakta,Liputan6 Nasional (2026-06-26)
PN Jaktim Larang Live Streaming Sidang Dokter Tifa,Fakta,Liputan6 Nasional (2026-06-26)
"Usia Harapan Hidup Warga Banyuwangi Naik, Bupati Ipuk Terus Perkuat Program Lansia",Fakta,Liputan6 Nasional (2026-06-26)
Dudung Terima Keluhan soal Penutupan Dapur MBG Saat Libur Sekolah,Fakta,Liputan6 Nasional (2026-06-26)
KSP Dudung soal Calon Manajer Kopdes Dilatih Militer: Penting untuk Jiwa Korsa,Fakta,Liputan6 Nasional (2026-06-26)
Program Beasiswa Bantu Anak Keluarga Prasejahtera Lanjutkan Sekolah,Fakta,Liputan6 Nasional (2026-06-26)
Markas Judi Online Hayam Wuruk Beroperasi 2 Bulan Sebelum Digerebek,Fakta,Liputan6 Nasional (2026-06-26)
"Komitmen Menjaga Hutan Adat, Jaga Kelestarian",Fakta,Liputan6 Nasional (2026-06-26)
KSP Dudung Dukung Prabowo soal Ada Sosok yang Biayai Demo,Fakta,Liputan6 Nasional (2026-06-26)
Bareskrim Tetapkan 287 WNA Tersangka Kasus Judi Online Hayam Wuruk,Fakta,Liputan6 Nasional (2026-06-26)
Polisi Pamer Barang Bukti Judi Berkedok Arena Bermain,Fakta,Liputan6 Nasional (2026-06-26)
"Polisi Bongkar 3 Klaster Kejahatan Besar, Libatkan WNA hingga Korporasi",Fakta,Liputan6 Nasional (2026-06-26)
"Jokowi Dukung Prabowo-Gibran 2 Periode, Ini Jawaban Gerindra",Fakta,Liputan6 Nasional (2026-06-26)
"3 Peserta Wafat, KSP Dudung: Latihan Militer SPPI Tidak Keras",Fakta,Liputan6 Nasional (2026-06-26)
PPATK Ungkap 5 Kecamatan dengan Pemain Judol Terbanyak di Indonesia,Fakta,Liputan6 Nasional (2026-06-26)
Babak Baru Kasus Korupsi Importasi Seret Eks Pejabat Bea Cukai,Fakta,Liputan6 Nasional (2026-06-26)
Penandaan APBD 2027: Langkah Strategis Kemendagri Perkuat Ketahanan Pangan Nasional,Fakta,Liputan6 Nasional (2026-06-26)
Jumhur Hidayat Ungkap Posisi Indonesia Dalam Mitigasi Perubahan Iklim,Fakta,Liputan6 Nasional (2026-06-26)
Beleid Baru Jadi Solusi Atasi Kabel Semrawut di Jakarta,Fakta,Liputan6 Nasional (2026-06-26)
Harapan Pramono Hidup saat STY Datang Latih Persija,Fakta,Liputan6 Nasional (2026-06-26)
"Cerita Pramono Anung Soal Persija, Bad Mood, dan STY",Fakta,Liputan6 Nasional (2026-06-26)
"3 Peserta SPPI Meninggal, DPR Sebut Urus Koperasi Pekerjaan Otak Bukan Fisik",Fakta,Liputan6 Nasional (2026-06-26)
Istana Akan Evaluasi Pelatihan Buntut 3 Peserta SPPI Meninggal saat Latsarmil,Fakta,Liputan6 Nasional (2026-06-26)
"Antusiasme Tinggi, 42 Ribu Lebih Warga Ikut Tentukan Logo HUT ke-81 RI",Fakta,Liputan6 Nasional (2026-06-26)
Menyingkap Misteri Gempa Kembar Venezuela yang Mematikan,Fakta,Liputan6 Nasional (2026-06-26)
"Pramono Tegaskan Razia Parkir Liar Berlaku untuk Semua, Termasuk Mobil Mewah",Fakta,Liputan6 Nasional (2026-06-26)
"Kawendra Soroti Minimnya Kontribusi OTT Global, Dorong Regulasi Digital yang Lebih Tegas",Fakta,Liputan6 Nasional (2026-06-26)
Gerindra Tak Permasalahkan Safari Politik Jokowi,Fakta,Liputan6 Nasional (2026-06-26)
Anggota DPR Beberkan 3 Strategi Cegah Bullying Dokter Muda,Fakta,Liputan6 Nasional (2026-06-26)
Penanaman 300 Pohon Mangrove di Kawasan Ekowisata Wonorejo,Fakta,Liputan6 Nasional (2026-06-26)
Jokowi Awali Safari Politik di Lampung dengan Salat Jumat,Fakta,Liputan6 Nasional (2026-06-26)
"Tuntutan 3 Terdakwa Kasus Korupsi Bea Cukai Disorot, KPK Buka Suara",Fakta,Liputan6 Nasional (2026-06-26)
Razman Arif Nasution Dijebloskan ke Lapas Cipinang,Fakta,Liputan6 Nasional (2026-06-26)
Jadwal Sidang Perdana Dokter Tifa soal Fitnah Ijazah Palsu Jokowi,Fakta,Liputan6 Nasional (2026-06-26)
"Korban Taufik Hidayat Tak Di-cover BPJS, Dudung Telepon Pejabat Ini",Fakta,Liputan6 Nasional (2026-06-26)
Pramono Tegaskan Tak Ada Aturan Baru Ganjil Genap Jakarta,Fakta,Liputan6 Nasional (2026-06-26)
Kabar Yaqut Cholil Qoumas Setelah 2 Hari Dibantarkan di RS,Fakta,Liputan6 Nasional (2026-06-26)
"Jokowi Mulai Safari Politik 3 Hari di Lampung, Didampingi Kaesang",Fakta,Liputan6 Nasional (2026-06-26)
Mangkoenagoro X di Summer Davos: Warisan Budaya adalah Infrastruktur Ekonomi,Fakta,Liputan6 Nasional (2026-06-26)
Polri Bentuk Polresta Baru di IKN,Fakta,Liputan6 Nasional (2026-06-26)
Menhut: Indonesia Dorong Pembiayaan Konservasi Berbasis Alam,Fakta,Liputan6 Nasional (2026-06-26)
Menteri PPPA Turun Tangan Kawal Kasus Anak di Batam Dianiaya Orang Tua,Fakta,Liputan6 Nasional (2026-06-26)
Mutasi Polri: Kapolda Aceh hingga Papua Barat Daya Diganti,Fakta,Liputan6 Nasional (2026-06-26)
"Safari Politik Jokowi Dimulai, Ini Daerah Pertama yang Dikunjungi",Fakta,Liputan6 Nasional (2026-06-26)
"Top 3 News: Tersangka Korupsi Kementerian PU Bertambah, Mantan Pejabat Ditahan",Fakta,Liputan6 Nasional (2026-06-26)
"Koper WN Thailand Bikin Curiga Petugas, Isinya Tumpukan Dolar AS",Fakta,Liputan6 Nasional (2026-06-26)
Penjelasan Polisi soal Kabar Ganjil Genap di 28 Gerbang Tol,Fakta,Liputan6 Nasional (2026-06-26)
"Prabowo Minta Mobil Nasional Dipercepat, Ada Tugas Khusus untuk Kampus",Fakta,Liputan6 Nasional (2026-06-26)
Usulan DPR untuk Refocusing Penerima MBG,Fakta,Liputan6 Nasional (2026-06-26)
Menhut: Indonesia Siap Masuki Fase Baru Pasar Karbon,Fakta,Liputan6 Nasional (2026-06-26)
Gus Ipul Ajak SP2MI Ikut Berperan di Program Sekolah Rakyat,Fakta,Liputan6 Nasional (2026-06-26)
26 Juni Hari Apa? Ini Sejumlah Peringatan yang Dirayakan di Dunia,Fakta,Liputan6 Nasional (2026-06-26)
"Imigrasi Bali Palak 'Uang Klik' hingga Rp 2,5 Juta buat Urus Izin Tinggal WNA",Fakta,Liputan6 Nasional (2026-06-26)
"Ganjil Genap Jakarta Berlaku Hari Ini, Cek Jam Operasional",Fakta,Liputan6 Nasional (2026-06-26)
Cuaca Hari Ini: Jakarta Diprediksi Cerah hingga Berawan Seharian,Fakta,Liputan6 Nasional (2026-06-26)
"Usut Aset Kasus Kemenaker, KPK Periksa Tiga Notaris",Fakta,Liputan6 Nasional (2026-06-26)
"Bukan Lagi Soal Gadget, Wamenkomdigi Beberkan Arah Baru Literasi Digital",Fakta,Liputan6 Nasional (2026-06-26)
Pesan Dudung Usai Temui Korban Penyekapan Kekasih di Bandung,Fakta,Liputan6 Nasional (2026-06-26)
Fakta di Balik Risiko Nikah Tak Tercatat,Fakta,Liputan6 Nasional (2026-06-25)
"Puncak HUT Jakarta di Bundaran HI, Cek 21 Daftar Lokasi Parkirnya",Fakta,Liputan6 Nasional (2026-06-25)
Indonesia dan Inggris Perkuat Kerja Sama Konservasi Alam,Fakta,Liputan6 Nasional (2026-06-25)
Jalan Sudirman-Thamrin Ditutup saat Malam Puncak HUT Jakarta,Fakta,Liputan6 Nasional (2026-06-25)
Peserta Latsarmil SPPI Terlambat Apel? Pelatih TNI Berikan Hukuman Ini,Fakta,Liputan6 Nasional (2026-06-25)
Menkomdigi: Platform Kini Diawasi Ketat,Fakta,Liputan6 Nasional (2026-06-25)
Analis Ungkap Faktor di Balik Meningkatnya Popularitas Seskab,Fakta,Liputan6 Nasional (2026-06-25)
"3 Orang Meninggal, Begini Prosedur Penanganan Peserta SPPI Saat Sakit",Fakta,Liputan6 Nasional (2026-06-25)
"Prabowo Bertemu Kapolri di Istana, Ini yang Dibahas",Fakta,Liputan6 Nasional (2026-06-25)
"Gurita Korupsi Silmy Karim, KPK Bidik Kantor Imigrasi Bali",Fakta,Liputan6 Nasional (2026-06-25)
Heboh Pemain Golf Aniaya Caddy di Tangerang,Fakta,Liputan6 Nasional (2026-06-25)
Masa Tahanan Eks Kepala BGN Dadan dan Dua Wakilnya Diperpanjang 40 Hari,Fakta,Liputan6 Nasional (2026-06-25)
Kronologi Halte Tebet Eco Park Rusak Dihantam Truk,Fakta,Liputan6 Nasional (2026-06-25)
Sekjen Partai Buruh Ferri Nuzarli Mundur,Fakta,Liputan6 Nasional (2026-06-25)
"Prabowo Dukung Kreativitas SDN Tegalega, Kirim Satu Set Drumben",Fakta,Liputan6 Nasional (2026-06-25)
Polres Bandara Soetta Ungkap Vape Ganja Berbayar Kripto di Bali,Fakta,Liputan6 Nasional (2026-06-25)
Beda DPR dan Menkes soal AI Bantu Analisis Penyakit,Fakta,Liputan6 Nasional (2026-06-25)
"Eks Ketua Ombudsman Hery Susanto Bantah Terima Suap Rp 4,85 Miliar",Fakta,Liputan6 Nasional (2026-06-25)
"Depan Hakim, Eks Ketua Ombudsman Mengaku Idap Sakit Parah",Fakta,Liputan6 Nasional (2026-06-25)
"Puncak HUT Jakarta Digelar di Bundaran HI, Ini Rangkaian Acara",Fakta,Liputan6 Nasional (2026-06-25)
Menkum Supratman Sampaikan Capaian Posbankum di Legal Forum Rusia,Fakta,Liputan6 Nasional (2026-06-25)
CCTV Rekam Aksi Pengamen Bakar Pagar Rumah Warga di Bekasi,Fakta,Liputan6 Nasional (2026-06-25)
"Menkes Ungkap Dokter Senior Kuasai Banyak Izin Praktik, Junior Tersisih",Fakta,Liputan6 Nasional (2026-06-25)
"3 Peserta SPPI Meninggal, Ini Rutinitas Latihan Dasar Kemiliteran",Fakta,Liputan6 Nasional (2026-06-25)
Seskab Teddy Sambut 300 Santri di Istana Kepresidenan,Fakta,Liputan6 Nasional (2026-06-25)
"Truk Hantam Halte TransJakarta Tebet Eco Park, Sopir Kabur",Fakta,Liputan6 Nasional (2026-06-25)
Radea Respati: Relokasi PKL dan UMKM di Kota Bandung Harus Jamin Keberlangsungan Usaha,Fakta,Liputan6 Nasional (2026-06-25)
Mahasiswa Doktor UNJ Gelar Pengabdian Masyarakat Internasional di Malaysia,Fakta,Liputan6 Nasional (2026-06-25)
Eks Ketua Ombudsman Pakai Nama John Lennon saat Transaksi Suap,Fakta,Liputan6 Nasional (2026-06-25)
Akal Bulus Enam Polisi Gadungan Peras Warga Rp 80 Juta,Fakta,Liputan6 Nasional (2026-06-25)
"Parkir Semrawut di Cawang, Ini Penjelasan Dishub DKI",Fakta,Liputan6 Nasional (2026-06-25)
Menkes: Perundungan jadi Keluhan Utama Dokter,Fakta,Liputan6 Nasional (2026-06-25)
Istana: Logo HUT Ke-81 RI Bisa Dipilih Publik Jadi Wujud Demokrasi,Fakta,Liputan6 Nasional (2026-06-25)
Akal-akalan Penyelundupan Narkoba ke Lapas Lewat Oseng Cumi,Fakta,Liputan6 Nasional (2026-06-25)
"Modus Kunci Jatuh, Pria Ini Curi dan Jual Motor di Facebook",Fakta,Liputan6 Nasional (2026-06-25)
Blok M Direkomendasikan jadi Kawasan Rendah Emisi,Fakta,Liputan6 Nasional (2026-06-25)
Bandar Narkoba Ko Erwin Segera Disidang,Fakta,Liputan6 Nasional (2026-06-25)
"Fakta di Balik Dakwaan Rp 4,8 Miliar Eks Ketua Ombudsman Hery Susanto",Fakta,Liputan6 Nasional (2026-06-25)
"Viral Pemotor Dicegat Mata Elang di Jaktim, Polisi Turun Tangan",Fakta,Liputan6 Nasional (2026-06-25)
Staf Ahli TP PKK Yane Ardian Dukung Kelor NTT Jadi Komoditas Unggulan,Fakta,Liputan6 Nasional (2026-06-25)
"Sekolah Rakyat, Saat Negara Memeluk The Invisible People",Fakta,Liputan6 Nasional (2026-06-25)
"Menkes Ungkap Gap Gaji Dokter, Ada Miliaran hingga Setara Tukang Parkir",Fakta,Liputan6 Nasional (2026-06-25)
"Melihat 5 Desain Logo HUT ke-81 RI, Publik Bisa Ikut Pilih",Fakta,Liputan6 Nasional (2026-06-25)
Terbongkar Peran Pegawai Bea Cukai di Kasus Impor HP Bekas,Fakta,Liputan6 Nasional (2026-06-25)
"Kasus Impor HP Bekas, Pegawai Bea Cukai Diduga Terima Setoran",Fakta,Liputan6 Nasional (2026-06-25)
Bandara Soekarno-Hatta jadi Zona Merah Peredaran Narkoba,Fakta,Liputan6 Nasional (2026-06-25)
"Halte Tebet Eco Park Ditabrak Truk, Layanan Tetap Normal",Fakta,Liputan6 Nasional (2026-06-25)
Truk Boks Terguling di Daan Mogot Jakbar,Fakta,Liputan6 Nasional (2026-06-25)
"Pramono Akan Panggil Operator Ojol, Bahas Parkiran Khusus",Fakta,Liputan6 Nasional (2026-06-25)
Terungkap Peredaran Narkoba Berkedok Beras India di Jakarta,Fakta,Liputan6 Nasional (2026-06-25)
"Tersangka Korupsi Kementerian PU Bertambah, Mantan Pejabat Ditahan",Fakta,Liputan6 Nasional (2026-06-25)
"BMKG: Gempa Magnitudo 6,8 Jepang Tak Picu Tsunami di Indonesia",Fakta,Liputan6 Nasional (2026-06-25)
"Pemutihan Pajak Kendaraan Jakarta hingga Agustus, Ini Pesan Pramono",Fakta,Liputan6 Nasional (2026-06-25)
"Sidang Perdana dr Tifa Digelar 2 Juli, Roy Suryo Tunggu Praperadilan",Fakta,Liputan6 Nasional (2026-06-25)
"Pramono Siapkan 11 Rusun Baru, Bisa Dibeli atau Disewa",Fakta,Liputan6 Nasional (2026-06-25)
"Top 3 News: Kronologi Truk Terguling di Tomang, Besi 30 Ton Berjatuhan",Fakta,Liputan6 Nasional (2026-06-25)
Seskab Teddy Beberkan Progres Pembangunan 2.500 Jembatan,Fakta,Liputan6 Nasional (2026-06-25)
1.000 Taruna Akmil akan Latih Siswa Sekolah Rakyat,Fakta,Liputan6 Nasional (2026-06-25)
25 Juni Hari Apa? Ini Momen yang Diperingati di Dunia,Fakta,Liputan6 Nasional (2026-06-25)
"Ganjil Genap Jakarta Berlaku, Kendaraan Wajib Sesuaikan Pelat Nomor",Fakta,Liputan6 Nasional (2026-06-25)
Sofi dan Harapan yang Tumbuh di Sekolah Rakyat,Fakta,Liputan6 Nasional (2026-06-25)
Cuaca Hari Ini: Hujan Lokal Berpotensi Muncul Sore Hingga Malam di Jabodetabek,Fakta,Liputan6 Nasional (2026-06-25)
KPK Dalami Siapa Penggagas Skema Kuota Haji 50:50,Fakta,Liputan6 Nasional (2026-06-25)
"Ketua BEM FH UBK Nonaktif Minta Maaf, Singgung Isu Penerimaan Uang",Fakta,Liputan6 Nasional (2026-06-25)
"Peserta SPPI Meninggal Bertambah Jadi 3 Orang, Kemhan Buka Suara",Fakta,Liputan6 Nasional (2026-06-24)
Kejagung Ungkap Mesin Baru Pengembalian Uang Negara,Fakta,Liputan6 Nasional (2026-06-24)
"KPK Lelang Rampasan Kasus Taspen dan Kemnaker, Apa Saja Isinya?",Fakta,Liputan6 Nasional (2026-06-24)
Petani Papua Terbang ke Gorontalo Demi Bertemu Prabowo dan Belajar Teknologi Pertanian,Fakta,Liputan6 Nasional (2026-06-24)
"Selain Rp 153 Miliar, KPK Sita Apartemen hingga Emas Eks Dirut Taspen",Fakta,Liputan6 Nasional (2026-06-24)
KPK Bantar Penahanan Eks Menag Yaqut Cholil Qoumas,Fakta,Liputan6 Nasional (2026-06-24)
"Hotel Sultan Belum Diputuskan Akan Dirobohkan, Kemensetneg Fokus Pindahkan Aset",Fakta,Liputan6 Nasional (2026-06-24)
"Kantor Bea Cukai Juanda Digeledah, Ini Kasusnya",Fakta,Liputan6 Nasional (2026-06-24)
"Wamendagri Minta ASN Berdampak, Jangan Cuma Kejar Output",Fakta,Liputan6 Nasional (2026-06-24)
Reaksi Prabowo Saat Warga Gorontalo Bersorak Sambut Sherly Tjoanda,Fakta,Liputan6 Nasional (2026-06-24)
"Kisah Risky, Bocah Penjual Ikan yang Kini Bersekolah di Sekolah Rakyat",Fakta,Liputan6 Nasional (2026-06-24)
"Prabowo: B50 Meluncur Juli 2026, Kita Tak Akan Impor Solar Lagi",Fakta,Liputan6 Nasional (2026-06-24)
Prabowo Ungkap Kunci Indonesia Jadi Kekuatan Pangan Dunia,Fakta,Liputan6 Nasional (2026-06-24)
Peserta Munas NU Ini Sebut Rais Aam Tak Menolak Lirboyo Tuan Rumah Muktamar,Fakta,Liputan6 Nasional (2026-06-24)
Infografis MBG Disetop Saat Libur Sekolah Hemat Anggaran Rp 3 Triliun,Fakta,Liputan6 Nasional (2026-06-24)
Fakta di Balik Video Viral Emak-emak Dituduh Copet di Bus,Fakta,Liputan6 Nasional (2026-06-24)
"KPK Ungkap Rampasan Korupsi K3, Puluhan Tas Bermerek hingga Mobil Mewah",Fakta,Liputan6 Nasional (2026-06-24)
Celetukan Ini Buat Karyawan Outlet Makanan Ditusuk Pakai Gunting Kuku,Fakta,Liputan6 Nasional (2026-06-24)
Eks Wamenaker Noel Dijebloskan ke Lapas Sukamiskin,Fakta,Liputan6 Nasional (2026-06-24)
Motif ART Curi Barang Pribadi Angel Lelga Bikin Geleng Kepala,Fakta,Liputan6 Nasional (2026-06-24)
Dukungan untuk MBG Menggema saat Prabowo Pidato di Gorontalo,Fakta,Liputan6 Nasional (2026-06-24)
"Program Magang Nasional Dibuka Kembali, Simak Cara Daftar dan Persyaratan",Fakta,Liputan6 Nasional (2026-06-24)
Wamendiktisaintek Ajak Kampus Ikut Kelola Sampah,Fakta,Liputan6 Nasional (2026-06-24)
Momen Prabowo Terima Lencana Emas dari Petani dan Nelayan Indonesia,Fakta,Liputan6 Nasional (2026-06-24)
"4 SMA Unggul Garuda Baru Siap Beroperasi, 307 Siswa Lolos Seleksi",Fakta,Liputan6 Nasional (2026-06-24)
Rektorat Copot Ketua BEM UBK Usai Akui Terima Duit Bayaran Demo,Fakta,Liputan6 Nasional (2026-06-24)
BRIN: Subak Bali jadi Contoh Global Pertanian Berkelanjutan,Fakta,Liputan6 Nasional (2026-06-24)
Momen Ini Bikin Taufik Hidayat Tak Lagi Lari dari Kejaran Polisi,Fakta,Liputan6 Nasional (2026-06-24)
Wamendagri Bima Arya Ungkap Tiga Fondasi Utama Calon Pemimpin Daerah,Fakta,Liputan6 Nasional (2026-06-24)
KPK Ungkap Sederet Celah Korupsi BPJS Ketenagakerjaan,Fakta,Liputan6 Nasional (2026-06-24)
"Kejagung Selamatkan Uang Negara Rp 131,5 Triliun",Fakta,Liputan6 Nasional (2026-06-24)
"Indonesia-Rusia Teken Kerja Sama Hukum, Perkuat Mutual Legal Assistance",Fakta,Liputan6 Nasional (2026-06-24)
Pramono Evaluasi Jakim 2026 Usai Ada Peserta Meninggal,Fakta,Liputan6 Nasional (2026-06-24)
DPR Usul Gaji Guru Minimal Rp 5 Juta,Fakta,Liputan6 Nasional (2026-06-24)
Pramono Ancam Tindak Tegas Warga Buang Sampah ke Sungai,Fakta,Liputan6 Nasional (2026-06-24)
Cerita Prabowo Pernah Protes Impor Beras saat Jadi Ketum HKTI,Fakta,Liputan6 Nasional (2026-06-24)
"Jaksa Agung Wacanakan Pidum dan Pidsus Digabung, Jadi JAM Operasi",Fakta,Liputan6 Nasional (2026-06-24)
"Prabowo Tahu Siapa yang Danai Demo, Singgung Dibayar Rp 200 Ribu",Fakta,Liputan6 Nasional (2026-06-24)
Jaksa Agung Beberkan Evaluasi KUHP dan KUHAP Baru usai 6 Bulan Berlaku,Fakta,Liputan6 Nasional (2026-06-24)
LPSK Kaji Permohonan Justice Collaborator Sony Sonjaya,Fakta,Liputan6 Nasional (2026-06-24)
"Viral Perwira Polisi Dipapah Usai Demo DPR, Ini Penyebabnya",Fakta,Liputan6 Nasional (2026-06-24)
Pramono Soroti Sengketa Aset Jakarta dan Pentingnya Sertifikasi,Fakta,Liputan6 Nasional (2026-06-24)
Sopir Truk Terguling di Flyover Tomang Ternyata Tak Punya SIM,Fakta,Liputan6 Nasional (2026-06-24)
"Kado HUT, Pemprov DKI Kantongi 499 Sertifikat Tanah dari Kementerian ATR/BPN",Fakta,Liputan6 Nasional (2026-06-24)
"Kronologi Truk Terguling di Tomang, Besi 30 Ton Berjatuhan dari Flyover",Fakta,Liputan6 Nasional (2026-06-24)
Saat Prabowo Sebut Nama Kapolri dan Panglima TNI Bikin Susah Dicopot,Fakta,Liputan6 Nasional (2026-06-24)
Kapolri Salurkan 6.000 Bansos Saat Bakti Kesehatan Hari Bhayangkara,Fakta,Liputan6 Nasional (2026-06-24)
"Momen Warga Gorontalo Sebut Nama Seskab Teddy, Bikin Kaget Prabowo",Fakta,Liputan6 Nasional (2026-06-24)
"Truk Terguling di Tomang, Besi 30 Ton Berserakan Tutup Akses Tol Kebon Jeruk",Fakta,Liputan6 Nasional (2026-06-24)
Sony Sonjaya Siap Bongkar Bukti 41 Nama Minta Jatah SPPG ke LPSK,Fakta,Liputan6 Nasional (2026-06-24)
Roy Suryo Ajukan Praperadilan ke PN Jaksel,Fakta,Liputan6 Nasional (2026-06-24)
"Kebakaran Dua Warung dan Rumah di Duren Sawit, Kerugian Capai Rp 200 Juta",Fakta,Liputan6 Nasional (2026-06-24)
Prabowo Hadiri Puncak PENAS Petani dan Nelayan di Gorontalo,Fakta,Liputan6 Nasional (2026-06-24)
Prabowo Sebut Sistem Ekonomi Keliru: Orang Miskin Bertambah,Fakta,Liputan6 Nasional (2026-06-24)
Top 3 News: GoTo dan Grab Umumkan Potongan Ojol 8 Persen Mulai 1 Juli 2026 di DPR,Fakta,Liputan6 Nasional (2026-06-24)
"Prabowo ke Gorontalo, Hadiri Puncak PENAS Petani dan Nelayan XVII",Fakta,Liputan6 Nasional (2026-06-24)
24 Juni Diperingati sebagai Hari Apa? Yuk Cari Tahu,Fakta,Liputan6 Nasional (2026-06-24)
Prabowo Tutup Tambang Ilegal: Mereka Anggap Seolah-olah Enggak Ada Negara,Fakta,Liputan6 Nasional (2026-06-24)
"Ganjil Genap Jakarta Berlaku Rabu 24 Juni 2026, Ini Ketentuannya",Fakta,Liputan6 Nasional (2026-06-24)
"Cuaca Hari Ini Rabu 24 Juni 2026, BMKG: Jakarta Pagi Cerah, Siang Hujan",Fakta,Liputan6 Nasional (2026-06-24)
Kemhan Ungkap Penyebab Peserta SPPI Meninggal saat Latihan Dasar Militer,Fakta,Liputan6 Nasional (2026-06-24)
Prabowo Shock Kekayaan Negara Hilang: Anggap Ini Kelalaian Bersama,Fakta,Liputan6 Nasional (2026-06-24)
Prabowo: Rupiah Lemah karena Kekayaan RI Mengalir ke Luar Negeri,Fakta,Liputan6 Nasional (2026-06-24)
