Teks Berita,Label,Sumber
"Deretan Hoaks Catut KPK, Simak Daftarnya",Hoax,Liputan6 Cek Fakta
Cek Fakta: Tidak Benar Video Ini Bangkai KM Virgo,Hoax,Liputan6 Cek Fakta
"Deretan Hoaks terkait Papua Beredar di Media Sosial, Simak Faktanya",Hoax,Liputan6 Cek Fakta
"Kumpulan Hoaks Catut Nama Presiden: dari SBY, Jokowi hingga Prabowo",Hoax,Liputan6 Cek Fakta
"Ragam Hoaks Kepala Daerah Umumkan Bantuan, dari Gubernur Papua hingga Jawa Barat",Hoax,Liputan6 Cek Fakta
"Arab Saudi Jadi Sasaran Hoaks, Pemberian Gelar hingga Dana Hibah Palsu",Hoax,Liputan6 Cek Fakta
Cek Fakta: Hoaks Video Gubernur Papua Mathius D Fakhiri Sampaikan Bantuan Pemerintah,Hoax,Liputan6 Cek Fakta
Cek Fakta: Hoaks Artikel Presiden Prabowo Minta KPK Periksa Jokowi,Hoax,Liputan6 Cek Fakta
Cek Fakta: Hoaks Artikel Nusron Wahid Sebut Jokowi Terima Uang Suap 700 Miliar,Hoax,Liputan6 Cek Fakta
"Awas Tautan Pendaftaran CPNS Kementerian Ini Cuma Hoaks, Simak Daftarnya",Hoax,Liputan6 Cek Fakta
"Marak Hoaks Undian Berhadiah Bank BRI, Simak Agar Terhindar dari Penipuan",Hoax,Liputan6 Cek Fakta
"Hoaks Menerpa Menkeu Suahasil Nazara Beredar di Medsos, Simak Daftarnya",Hoax,Liputan6 Cek Fakta
"Hoaks Undian Berhadiah Catut Bank BNI, Awas Jangan Tertipu",Hoax,Liputan6 Cek Fakta
Waspada Informasi Palsu: Kenali Ciri-Ciri Artikel Hoaks Agar Tak Terjebak,Hoax,Liputan6 Cek Fakta
"Panduan Cek Desil Bansos, Hindari Jebakan Penipuan Online",Hoax,Liputan6 Cek Fakta
Cek Fakta: Hoaks Video Menkeu Suahasil Umumkan Program Dana Hibah,Hoax,Liputan6 Cek Fakta
"Kumpulan Hoaks Seputar Tilang, Simak Faktanya",Hoax,Liputan6 Cek Fakta
"Ragam Hoaks Undian Berhadiah Catut Bank Mandiri, Simak Daftarnya",Hoax,Liputan6 Cek Fakta
"Deretan Hoaks Pendamping Lokal Desa Beredar di Medsos, Cek Agar Tak Tertipu",Hoax,Liputan6 Cek Fakta
"Hoaks Kesehatan Makin Masif, Kemenkes Lakukan Langkah Ini",Hoax,Liputan6 Cek Fakta
"Ragam Hoaks Seputar Razia STNK, Simak Daftarnya",Hoax,Liputan6 Cek Fakta
"Kumpulan Hoaks Bansos Ibu Hamil Beredar di Medsos, Simak Daftar dan Faktanya",Hoax,Liputan6 Cek Fakta
Cek Fakta: Hoaks Link Pendaftaran Pendamping Lokal Desa Kemendes 2026,Hoax,Liputan6 Cek Fakta
Cek Fakta: Tidak Benar Link Ini untuk Pendaftaran PKH Ibu Hamil 2026,Hoax,Liputan6 Cek Fakta
"Menkeu Jadi Sasaran Hoaks, dari Sri Mulyani hingga Suahasil",Hoax,Liputan6 Cek Fakta
"Deretan Hoaks Menyasar Ustaz Abdul Somad, Simak Faktanya",Hoax,Liputan6 Cek Fakta
"Deretan Hoaks Undian Berhadiah dari Bank BUMN, Simak Daftar dan Faktanya",Hoax,Liputan6 Cek Fakta
"Waspada Artikel Palsu Beredar di Medsos, Simak Daftarnya",Hoax,Liputan6 Cek Fakta
"Kumpulan Video Hoaks Bantuan Dana Hibah Arab Saudi di Medsos, Simak Faktanya",Hoax,Liputan6 Cek Fakta
Cek Fakta: Hoaks Artikel Menkeu Suahasil Terlibat Korupsi 500 Triliun,Hoax,Liputan6 Cek Fakta
"Hoaks Kerap Menerpa Pertamina, Awas Jangan Sampai Tertipu",Hoax,Liputan6 Cek Fakta
"Klaim Bangunan Terbakar Akibat Aksi Massa Ternyata Hoaks, Simak Faktanya",Hoax,Liputan6 Cek Fakta
"Deretan Hoaks Pendaftaran Petani Milenial di Media Sosial, Cek Faktanya",Hoax,Liputan6 Cek Fakta
Cek Fakta: Hoaks Video Ustaz Abdul Somad Bicara Bantuan Dana Hibah Arab Saudi,Hoax,Liputan6 Cek Fakta
Cek Fakta: Hoaks Link Pendaftaran Undian Berhadiah Bank BRI,Hoax,Liputan6 Cek Fakta
"Deretan Hoaks Terbaru Seputar MBG, Simak Faktanya",Hoax,Liputan6 Cek Fakta
"Ragam Hoaks Menyasar Menteri ESDM Bahlil Lahadahlia, Simak Daftarnya",Hoax,Liputan6 Cek Fakta
"Hoaks Seputar Beras Beredar di Media Sosial, Simak Daftar dan Faktanya",Hoax,Liputan6 Cek Fakta
Cek Fakta: Hoaks Polri Bakal Razia Pajak Kendaraan ke Rumah Warga Mulai September 2026,Hoax,Liputan6 Cek Fakta
"Deretan Hoaks Seputar Peristiwa di NTB, Urusan Vaksin hingga SPPG Dibakar",Hoax,Liputan6 Cek Fakta
"Kopdes Jadi Sasaran Hoaks, Simak Faktanya",Hoax,Liputan6 Cek Fakta
"Deretan Hoaks Terkait BPJS Kesehatan, Perubahan Aturan hingga Lowongan Kerja Palsu",Hoax,Liputan6 Cek Fakta
"Kumpulan Hoaks Bantuan Pekerja Migran Beredar di Media Sosial, Cek Faktanya",Hoax,Liputan6 Cek Fakta
"Promosi Situs Judol Catut Tokoh Ternama, dari Selebriti hingga Pejabat",Hoax,Liputan6 Cek Fakta
"Hoaks Bantuan Catut Nama Menteri dan Pakai AI Beredar di Medsos, Cek Faktanya",Hoax,Liputan6 Cek Fakta
Cek Fakta: Hoaks Dapur SPPG di NTB Dibakar Massa karena Sebabkan Keracunan,Hoax,Liputan6 Cek Fakta
Cek Fakta: Hoaks Video Menteri P2MI Umumkan Dana Bantuan untuk Pekerja Migran,Hoax,Liputan6 Cek Fakta
Cek Fakta: Hoaks Presiden Prabowo Minta Warung di Desa Ditutup Agar Masyarakat Belanja di ...,Hoax,Liputan6 Cek Fakta
"Deretan Hoaks Catut Hotman Paris, Promosi Situs Judol hingga Pembelian Uang Kuno",Hoax,Liputan6 Cek Fakta
"Ragam Hoaks Seputar KKB, dari Artikel hingga Video",Hoax,Liputan6 Cek Fakta
"Kumpulan Hoaks Terkait ASN, Simak Faktanya",Hoax,Liputan6 Cek Fakta
"Hoaks soal Rupiah Beredar di Medsos, dari Pecahan 80 Ribu hingga Bergambar Prabowo",Hoax,Liputan6 Cek Fakta
"Deretan Hoaks Menerpa Jusuf Kalla di Media Sosial, Simak Faktanya",Hoax,Liputan6 Cek Fakta
"Deretan Hoaks Sasar Natalius Pigai, Simak Daftarnya",Hoax,Liputan6 Cek Fakta
"Jokowi Jadi Sasaran Hoaks Terkait Bencana, Simak Daftarnya",Hoax,Liputan6 Cek Fakta
"Deretan Hoaks terkait Pajak Beredar di Media Sosial, Simak Daftarnya",Hoax,Liputan6 Cek Fakta
Cek Fakta: Hoaks Video Menkeu Purbaya Bagikan Bantuan Dana Hibah,Hoax,Liputan6 Cek Fakta
"Hoaks Seputar KPK Beredar di Media Sosial, Simak Daftar dan Faktanya",Hoax,Liputan6 Cek Fakta
Dewan Pengawas Minta Meta Tak Ganti Pemeriksaan Fakta dengan Catatan Komunitas,Hoax,Liputan6 Cek Fakta
Cek Fakta: Hoaks Natalius Pigai Sebut Penembakan ASN oleh KKB di Wamena Tidak Melanggar HA...,Hoax,Liputan6 Cek Fakta
"Hoaks Seputar Gempa Beredar di Medsos, dari Prediksi hingga Video Peristiwa",Hoax,Liputan6 Cek Fakta
"Ragam Hoaks Menerpa Dedi Mulyadi, dari Beri Bantuan hingga Minta Maaf ke Presiden",Hoax,Liputan6 Cek Fakta
"Hoaks Catut Nama Ustaz Beri Bantuan di Medsos, dari Abdul Somad hingga Adi Hidayat",Hoax,Liputan6 Cek Fakta
"Ragam Hoaks Bagi Uang Ratusan Juta Catut Nama Artis, Awas Jangan Terjebak",Hoax,Liputan6 Cek Fakta
"Kumpulan Hoaks Menyasar Anies Baswedan, Simak Faktanya",Hoax,Liputan6 Cek Fakta
"Deretan Pesan Berantai Hoaks yang Sempat Viral, Simak Daftarnya",Hoax,Liputan6 Cek Fakta
"Kumpulan Hoaks Pendaftaran CPNS 2026 di Media Sosial, Cek Faktanya",Hoax,Liputan6 Cek Fakta
Cek Fakta: Hoaks Video Ustaz Adi Hidayat Umumkan Bantuan Sekolah dan Modal Usaha,Hoax,Liputan6 Cek Fakta
Cek Fakta: Hoaks Tautan Pendaftaran Pencairan BLT Rp 900 Ribu,Hoax,Liputan6 Cek Fakta
Cek Fakta: Hoaks Pendaftaran CPNS Kementerian Imigrasi 6 September-20 Oktober 2026,Hoax,Liputan6 Cek Fakta
IFCN Prihatin Meta Perluas Fitur Catatan Komunitas di Amerika Latin,Hoax,Liputan6 Cek Fakta
"Kumpulan Hoaks Terkait Air Hujan, Simak Faktanya",Hoax,Liputan6 Cek Fakta
Cek Fakta: Klarifikasi Masyarakat Dilarang Tampung Air Hujan Buatan karena Mengandung Baha...,Hoax,Liputan6 Cek Fakta
"Ragam Hoaks Penipuan Menyasar Gubernur Malut Sherly Tjoanda, Simak Deretannya",Hoax,Liputan6 Cek Fakta
"Hoaks Menerpa Lesti Kejora, dari Adakan Giveaway hingga Dilantik Jadi Bupati",Hoax,Liputan6 Cek Fakta
"Kedai Donat Jadi Sasaran Pesan Berantai Hoaks, Simak Faktanya",Hoax,Liputan6 Cek Fakta
"Ragam Hoaks Menyasar Artis di Media Sosial, dari Raffi Ahmad hingga Soimah",Hoax,Liputan6 Cek Fakta
Cek Fakta: Hoaks Lesti Kejora Mengadakan Giveaway di Facebook,Hoax,Liputan6 Cek Fakta
"Deretan Hoaks Sasar Wapres Gibran, Simak Faktanya",Hoax,Liputan6 Cek Fakta
"Pesan Berantai Hoaks Isi Kuesioner Catut Merek Terkenal, Simak Daftarnya",Hoax,Liputan6 Cek Fakta
"Kumpulan Hoaks Soimah Bagikan Dana Bantuan hingga Rp 100 Juta, Simak Daftarnya",Hoax,Liputan6 Cek Fakta
Cek Fakta: Hoaks Pesan Berantai JCO Bagikan Donat dengan Isi Kuesioner,Hoax,Liputan6 Cek Fakta
"Mantan Presiden Jokowi Masih Jadi Sasaran Hoaks, Simak Daftarnya",Hoax,Liputan6 Cek Fakta
Cek Fakta: Tidak Benar Soimah Bagikan Dana Bantuan Rp 100 Juta dengan Menebak Kata,Hoax,Liputan6 Cek Fakta
"Hoaks Bantuan Dana DAP Australia untuk Umat Kristen Beredar di Medsos, Cek Faktanya",Hoax,Liputan6 Cek Fakta
"Ragam Hoaks Teranyar Sasar Cristiano Ronaldo, Simak Daftarnya",Hoax,Liputan6 Cek Fakta
Cek Fakta: Tidak Benar Link Pendaftaran Bansos PKH 2026,Hoax,Liputan6 Cek Fakta
Cek Fakta: Hoaks Link Pendaftaran Lowongan Kerja Petani Milenial 2026,Hoax,Liputan6 Cek Fakta
Cek Fakta: Hoaks Ketum PGI Sampaikan Bantuan Dana DAP Australia untuk Kristen-Katolik,Hoax,Liputan6 Cek Fakta
"Minimalisir Penyebaran Hoaks, Masyarakat Diminta Kritis Terima Informasi",Hoax,Liputan6 Cek Fakta
"Deretan Foto Hoaks Tokoh Publik Sedang Baca Buku, dari Politisi hingga Ronaldo",Hoax,Liputan6 Cek Fakta
"Simak, Kumpulan Foto Hoaks Terbaru yang Sempat Viral di Medsos",Hoax,Liputan6 Cek Fakta
"Ragam Hoaks Terkait Kopdes yang Catut Nama Menteri, Simak Faktanya",Hoax,Liputan6 Cek Fakta
"Deretan Foto Hoaks Jokowi Sedang Membaca Buku, Simak Faktanya",Hoax,Liputan6 Cek Fakta
"Menteri Kabinet Merah Putih Jadi Sasaran Hoaks, dari Yusril hingga Purbaya",Hoax,Liputan6 Cek Fakta
"Cek Fakta: Hoaks, Dedi Mulyadi Kasih Bantuan Rp 20 Juta dengan Daftar di Facebook",Hoax,Liputan6 Cek Fakta
"Ragam Hoaks Bantuan Dana yang Catut Nama Gubernur, Ada Dedi Mulyadi hingga Sherly Tjoanda",Hoax,Liputan6 Cek Fakta
Komdigi: Waspada Iklan Lowongan Kerja Luar Negeri Fiktif,Hoax,Liputan6 Cek Fakta
Cek Fakta: Hoaks Video Gubernur Malut Sherly Tjoanda Beri Hadiah Rp 50 Juta di Facebook,Hoax,Liputan6 Cek Fakta
Cek Fakta: Hoaks Foto Jokowi Baca Buku Islam Ala Prabowo,Hoax,Liputan6 Cek Fakta
"Deretan Hoaks yang Menyasar Polisi, Simak Faktanya",Hoax,Liputan6 Cek Fakta
"Kumpulan Hoaks Sasar Yusril Ihza Mahendra, Simak Faktanya",Hoax,Liputan6 Cek Fakta
"Ragam Hoaks Terkait Gunung Meletus, Simak Faktanya",Hoax,Liputan6 Cek Fakta
"Deretan Peristiwa Hoaks di NTT, Kemunculan Kepiting Raksasa hingga Kedatangan Ronaldo",Hoax,Liputan6 Cek Fakta
"Kumpulan Hoaks Penipuan Catut Nama Wapres Gibran, Simak Faktanya",Hoax,Liputan6 Cek Fakta
"Erupsi Gunung Anak Krakatau Disertai Hoaks, Simak Daftarnya",Hoax,Liputan6 Cek Fakta
Cek Fakta: Klarifikasi Menteri Yusril Sebut Jangan Salahkan Ormas dalam Kericuhan 27 Agust...,Hoax,Liputan6 Cek Fakta
Cek Fakta: Tidak Benar Link Pendaftaran Program Bantuan Pangan 2026,Hoax,Liputan6 Cek Fakta
"Deretan Hoaks Menerpa Kemenhub Beredar di Medsos, Cek Faktanya",Hoax,Liputan6 Cek Fakta
"Marak Hoaks Saat Bencana, Simak Tips Agar Tak Terjebak",Hoax,Liputan6 Cek Fakta
"Hoaks Undian Berhadiah dari Bank Beredar di Media Sosial, Waspadai Penipuan",Hoax,Liputan6 Cek Fakta
"Deretan Hoaks Sasar Said Aqil, Simak Faktanya",Hoax,Liputan6 Cek Fakta
Desil Kemensos: Panduan Lengkap Cek Status dan Pembaruan Data Bansos,Hoax,Liputan6 Cek Fakta
"Ragam Hoaks Catut Nama Purbaya, dari Bantuan Dana Hibah hingga Kuis Tebak Nama",Hoax,Liputan6 Cek Fakta
Cek Fakta: Tidak Benar Link Pendaftaran Undian Berhadiah Bank BNI 2026,Hoax,Liputan6 Cek Fakta
Cek Fakta: Hoaks Video Purbaya Umumkan Cara Mendapatkan Bantuan Dana Hibah,Hoax,Liputan6 Cek Fakta
"Waspada Penipuan, Hoaks Bantuan Alat Pertanian Marak Beredar di Medsos",Hoax,Liputan6 Cek Fakta
Cek Fakta: Hoaks Tautan Pendaftaran Bantuan Alat Pertanian 2026,Hoax,Liputan6 Cek Fakta
"Ragam Hoaks Catut Kemenag, dari Pendaftaran PPPK hingga CPNS",Hoax,Liputan6 Cek Fakta
"Deretan Hoaks Terbaru Sasar Jokowi, Simak Daftarnya",Hoax,Liputan6 Cek Fakta
Cek Fakta: Tidak Benar Video Seskab Teddy Sampaikan Nomor Gus Iqdam untuk Daftar Bantuan,Hoax,Liputan6 Cek Fakta
"Hoaks Menerpa Santri Beredar di Medsos, dari Konvoi ke DPR hingga Bakar Pesantren",Hoax,Liputan6 Cek Fakta
Cek Fakta: Tidak Benar Said Aqil Siroj Terpilih Sebagai Rais Aam PBNU 2026-2031,Hoax,Liputan6 Cek Fakta
"Kumpulan Hoaks Seputar BBM, Simak Faktanya",Hoax,Liputan6 Cek Fakta
"Deretan Hoaks Menerpa Ahok di Media Sosial, Simak Faktanya",Hoax,Liputan6 Cek Fakta
"Ragam Hoaks Seputar BBM Pertalite, dari Voucer Gratis hingga Harga Turun",Hoax,Liputan6 Cek Fakta
"Kumpulan Hoaks Mahfud Md Umumkan Dana Bantuan di Media Sosial, Cek Daftarnya",Hoax,Liputan6 Cek Fakta
"Deretan Hoaks Penyaluran Hibah DAP, Jangan Mudah Percaya",Hoax,Liputan6 Cek Fakta
Cek Fakta: Hoaks Mahfud Md Umumkan Dana Bantuan untuk Modal Usaha,Hoax,Liputan6 Cek Fakta
"Kumpulan Hoaks Terkait Perang, Simak Daftarnya",Hoax,Liputan6 Cek Fakta
"Ragam Hoaks MBG Beredar di Media Sosial, dari Kartu ATM hingga Zakat",Hoax,Liputan6 Cek Fakta
Cek Fakta: Hoaks Video Polisi Tetapkan Jokowi Tersangka dan Bakal Dijemput Paksa,Hoax,Liputan6 Cek Fakta
Cek Fakta: Tidak Benar Presiden Prabowo dan Menkeu Purbaya Sepakat Turunkan Harga Pertalit...,Hoax,Liputan6 Cek Fakta
"Deretan Hoaks Catut Nama UI, Simak Daftarnya",Hoax,Liputan6 Cek Fakta
"Hoaks Pemutihan Data Pinjol Beredar di Media Sosial, Simak Faktanya",Hoax,Liputan6 Cek Fakta
"Lawan Hoaks AI, Pemerintah Polandia Luncurkan Program Literasi Media untuk Pelajar",Hoax,Liputan6 Cek Fakta
"Ragam Hoaks Catut Nama Prabowo Beredar di Facebook, Cek Daftar dan Faktanya",Hoax,Liputan6 Cek Fakta
Cek Fakta: Hoaks OJK Terbitkan Pemutihan Data dan Tagihan di Aplikasi Pinjol,Hoax,Liputan6 Cek Fakta
"Anies Baswedan Jadi Sasaran Hoaks, Simak Daftarnya",Hoax,Liputan6 Cek Fakta
Cek Fakta: Hoaks Artikel Jokowi Minta Masyarakat Berlatih Perang Persiapan Menghadapi Pera...,Hoax,Liputan6 Cek Fakta
"Deretan Hoaks Terkait Koruptor, dari Dana Bantuan Usaha hingga RUU Perampasan Aset",Hoax,Liputan6 Cek Fakta
"Hoaks Promo Motor Murah Catut Nama Prabowo hingga Dedi Mulyadi, Cek Faktanya",Hoax,Liputan6 Cek Fakta
Pemerintah Nepal Desak Platform Medsos Segera Turunkan Hoaks Terkait Banjir Bandang,Hoax,Liputan6 Cek Fakta
Cek Fakta: Tidak Benar Tautan Pendaftaran PPPK Kemenag 2026,Hoax,Liputan6 Cek Fakta
"Deretan Hoaks Sasar Yusril Ihza Mahendra, Simak Daftarnya",Hoax,Liputan6 Cek Fakta
"Gus Kikin Jadi Ketua Umum PBNU, Simak Hoaks yang Pernah Menerpa NU",Hoax,Liputan6 Cek Fakta
Cek Fakta: Tidak Benar Video Prabowo Umumkan Program Promo Motor Murah,Hoax,Liputan6 Cek Fakta
"Ragam Hoaks Seputar Hukuman Mati Bagi Koruptor, Simak Daftarnya",Hoax,Liputan6 Cek Fakta
Cek Fakta: Hoaks Yusril Sebut Banyak Pejabat Mati Jika Hukuman Mati Bagi Koruptor Disahkan,Hoax,Liputan6 Cek Fakta
"Kumpulan Hoaks Terkait Dedi Mulyadi, Simak Faktanya",Hoax,Liputan6 Cek Fakta
"Deretan Video Hoaks Purbaya Umumkan Dana Hibah, Simak Daftarnya",Hoax,Liputan6 Cek Fakta
"Kumpulan Hoaks Pendaftaran CPNS Dinas Perhubungan 2026, Cek Faktanya",Hoax,Liputan6 Cek Fakta
Cek Fakta: Hoaks Link Pendaftaran Bantuan Bibit Ayam untuk 5.000 Peserta,Hoax,Liputan6 Cek Fakta
"Ragam Hoaks Pendaftaran CPNS Kejaksaan 2026, Marak Sejak Awal Tahun",Hoax,Liputan6 Cek Fakta
"Demo 27 Agustus 2026 Jadi Sasaran Hoaks, Simak Daftar dan Faktanya",Hoax,Liputan6 Cek Fakta
"Deretan Hoaks Link Pendaftaran BSU, Simak Daftarnya",Hoax,Liputan6 Cek Fakta
"Ragam Hoaks Catut Kementan, Kasih Bantuan untuk Petani hingga Lowongan Kerja Palsu",Hoax,Liputan6 Cek Fakta
Cek Fakta: Hoaks Anies Baswedan Ikut Demo Bareng Mahasiswa UI,Hoax,Liputan6 Cek Fakta
Cek Fakta: Hoaks Video Menko Airlangga dan Menkeu Purbaya Umumkan Dana Hibah,Hoax,Liputan6 Cek Fakta
Cek Fakta: Tidak Benar Link Pendaftaran Undian Berhadiah Bank Mandiri,Hoax,Liputan6 Cek Fakta
"Deretan Hoaks Pendaftaran CPNS 2026, Simak Faktanya Agar Terhindar dari Penipuan",Hoax,Liputan6 Cek Fakta
Cek Fakta: Tidak Benar Video Dedi Mulyadi Minta Maaf ke Presiden karena Mendahului ke NTT,Hoax,Liputan6 Cek Fakta
"Kumpulan Hoaks Pejabat Mundur yang Sempat Viral, dari Anggota DPR hingga Menteri",Hoax,Liputan6 Cek Fakta
"Menag Nasaruddin Umar Kerap Jadi Sasaran Hoaks, Simak Daftarnya",Hoax,Liputan6 Cek Fakta
Cek Fakta: Tidak Benar Link Pendaftaran CPNS Dinas Perhubungan 2026,Hoax,Liputan6 Cek Fakta
Cek Fakta: Tidak Benar Video Jakarta Menjadi Lautan Manusia,Hoax,Liputan6 Cek Fakta
Cek Fakta: Tidak Benar Video Iring-iringan Motor Ini Persiapan Demo 27 Agustus 2026,Hoax,Liputan6 Cek Fakta
Cek Fakta: Klarifikasi Menag Nasaruddin Umar Resmi Mundur 26 Agustus 2026,Hoax,Liputan6 Cek Fakta
"Cek Fakta: Video Ini Konvoi Persib Juara pada 2025, Bukan Demo 27 Agustus 2026",Hoax,Liputan6 Cek Fakta
Cek Fakta: Tidak Benar Video Situasi Malam di Monas Jelang Demo 27 Agustus 2026,Hoax,Liputan6 Cek Fakta
Cek Fakta: Tidak Benar Video Ini Konvoi Bus Santri Tebuireng Menuju Gedung DPR,Hoax,Liputan6 Cek Fakta
"Deretan Hoaks Peristiwa di Pati, Simak Faktanya",Hoax,Liputan6 Cek Fakta
Cek Fakta: Tidak Benar Dalam Video Ini Massa Sudah Berkumpul di Jakarta untuk Demo 27 Agus...,Hoax,Liputan6 Cek Fakta
"Ragam Hoaks Terkait RUU Perampasan Aset, Simak Faktanya",Hoax,Liputan6 Cek Fakta
Cek Fakta: Tidak Benar Link Pendaftaran Sekolah Kedinasan 2026,Hoax,Liputan6 Cek Fakta
Cek Fakta: Klarifikasi Polri soal Deretan Kabupaten Siap ke Jakarta 27 Agustus 2026,Hoax,Liputan6 Cek Fakta
"Ragam Hoaks Terkait Aturan Pajak Baru, dari Pajak Platform Medsos hingga Pajak Penghasilan",Hoax,Liputan6 Cek Fakta
Cek Fakta: Hoaks Link Pendaftaran Bansos Ibu Hamil hingga Disabilitas Berat,Hoax,Liputan6 Cek Fakta
"Jelang Muktamar ke-35, Simak Ragam Hoaks yang Pernah Menerpa NU",Hoax,Liputan6 Cek Fakta
"Deretan Hoaks Menyasar DPR Beredar di Media Sosial, Simak Faktanya",Hoax,Liputan6 Cek Fakta
"Informasi Properti yang Dijual Berharga Fantastis Ternyata Hoaks, Simak Daftarnya",Hoax,Liputan6 Cek Fakta
"Kumpulan Hoaks Sasar Menkeu Purbaya, Simak Daftarnya",Hoax,Liputan6 Cek Fakta
"Deretan Hoaks Terkait Pulau di Indonesia, dari Tempat Pengungsian UNHCR hingga Dijual di M...",Hoax,Liputan6 Cek Fakta
"Kumpulan Hoaks Video Pembagian Bantuan dengan Daftar Via WhatsApp, Cek Daftarnya",Hoax,Liputan6 Cek Fakta
Cek Fakta: Hoaks Pulau Menjangan Kecil Dijual Rp 500 Miliar,Hoax,Liputan6 Cek Fakta
Cek Fakta: Hoaks Video Mendikdasmen Abdul Mu'ti Umumkan Bantuan Via WhatsApp,Hoax,Liputan6 Cek Fakta
"Hoaks Petani Milenial Kembali Beredar di Media Sosial, Cek Daftar dan Faktanya",Hoax,Liputan6 Cek Fakta
"Kumpulan Hoaks BSU 2026 di Media Sosial, Waspada Link Pendaftaran Palsu",Hoax,Liputan6 Cek Fakta
Cek Fakta: Tidak Benar Link Pendaftaran Petani Milenial 2026/2027 Gaji Rp 10 Juta,Hoax,Liputan6 Cek Fakta
"Deretan Hoaks Seputar Upacara Kemerdekaan RI, Simak Daftarnya",Hoax,Liputan6 Cek Fakta
Cek Fakta: Hoaks Link Pendaftaran BSU Cair Agustus 2026,Hoax,Liputan6 Cek Fakta
"Kumpulan Hoaks Pendaftaran Petugas Haji Beredar di Medsos, Cek Faktanya",Hoax,Liputan6 Cek Fakta
"Ragam Hoaks Menerpa PPATK, dari Blokir Rekening hingga Sertifikat Dana Investasi",Hoax,Liputan6 Cek Fakta
"Ragam Foto Hoaks Terbaru yang Viral di Medsos, Simak Daftarnya",Hoax,Liputan6 Cek Fakta
Cek Fakta: Hoaks Presiden Prabowo Instruksikan PPH 21 Dipotong Langsung 35 Persen dari Gaj...,Hoax,Liputan6 Cek Fakta
Cek Fakta: Hoaks Link Pendaftaran Petugas Haji 2026/2027,Hoax,Liputan6 Cek Fakta
Kemenag: Waspadai Hoaks Bantuan Dana untuk Umat Kristiani di Medsos,Hoax,Liputan6 Cek Fakta
"Cek Fakta: Hoaks, Link Bantuan Dana Pensiunan Taspen 2026",Hoax,Liputan6 Cek Fakta
"Ragam Hoaks Terbaru Menyasar Luhut Binsar Pandjaitan, Simak Daftarnya",Hoax,Liputan6 Cek Fakta
"Deretan Hoaks Tautan Pendaftaran Bansos, Simak Agar Tak Terjebak",Hoax,Liputan6 Cek Fakta
"Deretan Hoaks Pakai Modifikasi AI, dari Foto hingga Video",Hoax,Liputan6 Cek Fakta
"Polri Jadi Sasaran Hoaks, Simak Faktanya",Hoax,Liputan6 Cek Fakta
"Simak Cara Mudah Terhindar dari Berita Palsu, Verifikasi Informasi Jadi Kunci",Hoax,Liputan6 Cek Fakta
Cek Fakta: Hoaks Video Romo Koko Salurkan Bantuan Dana Rp 150 Juta untuk Umat Katolik,Hoax,Liputan6 Cek Fakta
Cek Fakta: Hoaks Video Nagita Slavina Bagi Bantuan Rp 50 Juta dengan Susun Kata di Faceboo...,Hoax,Liputan6 Cek Fakta
"Kumpulan Hoaks Terkait ATM, Simak Daftarnya",Hoax,Liputan6 Cek Fakta
Cek Fakta: Hoaks Video Purbaya Bagikan Uang Rp 100 Juta dengan Tebak Nama Kota,Hoax,Liputan6 Cek Fakta
"Program MBG Jadi Sasaran Hoaks, Simak Faktanya",Hoax,Liputan6 Cek Fakta
Cek Fakta: Tidak Benar Foto Tayangan Upacara Penurunan Presiden Prabowo,Hoax,Liputan6 Cek Fakta
"Jadwal Resmi Libur Nasional Maulid Nabi Agustus 2026, Ada Potensi Long Weekend",Hoax,Liputan6 Cek Fakta
"Deretan Hoaks Terkait Sertifikat Tanah, dari Pemutihan hingga Balik Nama",Hoax,Liputan6 Cek Fakta
Cek Fakta: Foto Kartu ATM MBG Ini Buatan AI,Hoax,Liputan6 Cek Fakta
"Marak Hoaks di Masyarakat, Korlantas Polri Sebut Kolaborasi dengan Pers Semakin Vital",Hoax,Liputan6 Cek Fakta
"Kumpulan Hoaks Sasar TNI, Simak Daftarnya",Hoax,Liputan6 Cek Fakta
"Deretan Hoaks Seputar Pendaftaran CPNS 2026, dari Kejaksaan hingga Kementerian Imigrasi",Hoax,Liputan6 Cek Fakta
"Deretan Hoaks Menyasar Mahfud Md, Simak Daftarnya",Hoax,Liputan6 Cek Fakta
"Jadwal Libur Nasional Tersisa di Bulan Agustus 2026, Tanpa Cuti Bersama",Hoax,Liputan6 Cek Fakta
"Cek Fakta: Hoaks, Presiden Prabowo Perintahkan TNI-Polri Tangkap Semua Masyarakat Aceh",Hoax,Liputan6 Cek Fakta
Prestasi Satu Dekade: Cek Fakta Liputan6.com Lulus Perpanjang Sertifikasi IFCN Hingga 2028,Hoax,Liputan6 Cek Fakta
Cek Fakta: Hoaks Informasi Pendaftaran CPNS Kejaksaan 2026,Hoax,Liputan6 Cek Fakta
"Waspada Sejumlah Artikel Palsu Beredar di Medsos, Simak Faktanya",Hoax,Liputan6 Cek Fakta
"Ragam Hoaks Pengisian Kuesioner Berhadiah, Simak Agar Tak Terjebak",Hoax,Liputan6 Cek Fakta
"Deretan Hoaks yang Dikaitkan dengan Aceh, Simak Daftarnya",Hoax,Liputan6 Cek Fakta
"Deretan Hoaks Rencana Penutupan Warung karena Kopdes, Simak Faktanya",Hoax,Liputan6 Cek Fakta
"Cek Fakta: Hoaks, Link Pendaftaran Bantuan Budidaya Ikan Air Tawar Gratis 2026",Hoax,Liputan6 Cek Fakta
"Cara Gampang Cek Desil Kemensos Secara Online, Simak Tahapannya",Hoax,Liputan6 Cek Fakta
Cek Fakta: Hoaks Pemerintah Bakal Kirim Bansos Beras dan Minyak dengan Bilang Hadir di Fac...,Hoax,Liputan6 Cek Fakta
Cek Fakta: Hoaks Artikel Pemerintah Bakal Tetapkan DOM di Aceh 1 September 2026,Hoax,Liputan6 Cek Fakta
Cek Fakta: Hoaks Presiden Prabowo akan Tutup Warung di Desa karena Tak Untungkan Negara,Hoax,Liputan6 Cek Fakta
Strategi Ampuh Hindari Jerat Pesan Berantai Palsu di Medsos,Hoax,Liputan6 Cek Fakta
"Kumpulan Pesan Berantai Hoaks yang Sempat Viral, Simak Daftarnya",Hoax,Liputan6 Cek Fakta
"Deretan Hoaks Terkait Jepang, Simak Faktanya",Hoax,Liputan6 Cek Fakta
Cek Fakta: Hoaks Pesan Berantai Silverqueen Bagi Hadiah Kemerdekaan dengan Isi Kuesioner,Hoax,Liputan6 Cek Fakta
Cek Fakta: Hoaks Link Pendaftaran Balik Nama Sertifikat Tanah Gratis,Hoax,Liputan6 Cek Fakta
"Ragam Hoaks Pendaftaran Lowongan Kerja, dari Ombudsman hingga BPJS Kesehatan",Hoax,Liputan6 Cek Fakta
"Pertamina Jadi Sasaran Hoaks, Lowongan Pekerjaan hingga Voucer BBM Gratis",Hoax,Liputan6 Cek Fakta
"Ragam Hoaks Catut Nama Kemensos, Simak Faktanya",Hoax,Liputan6 Cek Fakta
"Deretan Hoaks Seputar Kopdes, Simak Daftarnya",Hoax,Liputan6 Cek Fakta
"Simak Kumpulan Hoaks Seputar BBM, Pendaftaran Bantuan Palsu hingga Cara Hindari Kecurangan...",Hoax,Liputan6 Cek Fakta
"Ragam Hoaks Terbaru Menyasar Menkeu Purbaya, Simak Daftarnya",Hoax,Liputan6 Cek Fakta
"Kumpulan Hoaks Bantuan Traktor di Media Sosial, Simak Agar Terhindar Penipuan",Hoax,Liputan6 Cek Fakta
"Deretan Hoaks Terkait SPBU, Pengisian Gratis hingga Dibakar Massa",Hoax,Liputan6 Cek Fakta
Cek Fakta: Tidak Benar Link Pendaftaran Bantuan Alat Tanam Padi hingga Traktor,Hoax,Liputan6 Cek Fakta
"Ragam Hoaks Link Pendaftaran Bansos, Awas Jangan Tertipu",Hoax,Liputan6 Cek Fakta
"Hoaks Catut Nama Prabowo Subianto, dari Pembelian Uang Kuno hingga Bantuan Dana",Hoax,Liputan6 Cek Fakta
"Libur Nasional Agustus 2026: Dua Tanggal Penting, 18 Agustus Bukan Cuti Bersama",Hoax,Liputan6 Cek Fakta
Cek Fakta: Tidak Benar Video Cara Hindari Kecurangan Saat Isi BBM di SPBU,Hoax,Liputan6 Cek Fakta
"Ragam Hoaks Terkait MBG, Simak Daftarnya",Hoax,Liputan6 Cek Fakta
"Hoaks Narkoba Beredar di Media Sosial, Simak Daftar dan Faktanya",Hoax,Liputan6 Cek Fakta
"Deretan Hoaks Lowongan Pekerjaan Menyasar Kementerian, Simak Faktanya",Hoax,Liputan6 Cek Fakta
"Hoaks Video AI Bantuan Dana Pensiunan, Catut Nama Purbaya hingga Jusuf Kalla",Hoax,Liputan6 Cek Fakta
"Ragam Hoaks BPJS Kesehatan, dari Lowongan Kerja hingga Perubahan Aturan",Hoax,Liputan6 Cek Fakta
"Oksigen Jadi Bahan Hoaks, dari Tabung hingga Urusan Pajak",Hoax,Liputan6 Cek Fakta
"Ragam Hoaks Catut Nama Jusuf Kalla Beredar di Media Sosial, Simak Daftarnya",Hoax,Liputan6 Cek Fakta
Cek Fakta: Hoaks Tabel Sistem Desil Terbaru dari Kemensos,Hoax,Liputan6 Cek Fakta
Cek Fakta: Tidak Benar Video Jusuf Kalla Dukung Program Bantuan Dana Pensiunan,Hoax,Liputan6 Cek Fakta
"Cek Fakta: Hoaks, Aturan BPJS Berubah Mulai Juli 2026",Hoax,Liputan6 Cek Fakta
"Viral Lagi Isi BBM Harus Nominal Ganjil Agar Tak Dicurangi, Pertamina: Informasi Salah",Hoax,Liputan6 Cek Fakta
"Deretan Hoaks Pernyataan Bahlil Terkait Pajak, Simak Faktanya",Hoax,Liputan6 Cek Fakta
"Deretan Hoaks Magang Nasional 2026 Beredar di Facebook, Simak Daftarnya",Hoax,Liputan6 Cek Fakta
"Cek Fakta: Hoaks, Link Pendaftaran Lowongan Kerja BPJS Kesehatan",Hoax,Liputan6 Cek Fakta
"Jadwal Long Weekend Agustus 2026, Ada 2 Libur Nasional",Hoax,Liputan6 Cek Fakta
"Cristiano Ronaldo Menikah, Simak Ragam Hoaks yang Pernah Menerpanya",Hoax,Liputan6 Cek Fakta
Cek Fakta: Tidak Benar Link Pendaftaran Lowongan Kerja Ombudsman 2026,Hoax,Liputan6 Cek Fakta
"Ragam Hoaks CPNS 2026, dari Link Pendaftaran hingga Video Pengumuman",Hoax,Liputan6 Cek Fakta
"Cek Fakta: Tidak Benar Foto Presiden Prabowo Pinjam Dana dari Korsel dan Jepang 500,5 Tril...",Hoax,Liputan6 Cek Fakta
Cek Fakta: Hoaks Bahlil akan Kenakan Pajak Oksigen bagi Masyarakat,Hoax,Liputan6 Cek Fakta
Cek Fakta: Tidak Benar Link Pendaftaran Program Magang Nasional 2026,Hoax,Liputan6 Cek Fakta
"Simak, Ragam Hoaks Terkait Kebijakan di DKI Jakarta",Hoax,Liputan6 Cek Fakta
"Deretan Hoaks Terbaru Seret Institusi Polri, Simak Faktanya",Hoax,Liputan6 Cek Fakta
Cek Fakta: Hoaks Video Menteri PANRB Umumkan Pendaftaran CPNS 2026 Resmi Dibuka,Hoax,Liputan6 Cek Fakta
"Ragam Hoaks Sasar Gubernur Jabar Dedi Mulyadi, Simak Faktanya",Hoax,Liputan6 Cek Fakta
"Deretan Hoaks Terbaru Sasar Presiden Prabowo, Simak Daftarnya",Hoax,Liputan6 Cek Fakta
"Kumpulan Hoaks Seputar KTP, Simak Faktanya",Hoax,Liputan6 Cek Fakta
"Marak Hoaks Bansos Beredar di Media Sosial, Simak Daftar dan Faktanya",Hoax,Liputan6 Cek Fakta
"Agustus 2026 Tanpa Cuti Bersama, Dua Hari Libur Nasional Siap Menanti",Hoax,Liputan6 Cek Fakta
"Ragam Hoaks Seputar BPOM, Halangi Vaksin Covid-19 hingga Dokumen Bocor",Hoax,Liputan6 Cek Fakta
Cek Fakta: Tidak Benar Link Pendaftaran Bansos Kemerdekaan HUT ke-81 RI,Hoax,Liputan6 Cek Fakta
"Kumpulan Hoaks Seputar Vaksin, Simak Faktanya",Hoax,Liputan6 Cek Fakta
"Deretan Hoaks Sasar Pramono Anung, Simak Daftarnya",Hoax,Liputan6 Cek Fakta
Cek Fakta: Hoaks Prabowo Resmikan Pembelian Uang Kuno oleh Hotman Paris,Hoax,Liputan6 Cek Fakta
"Destry Damayanti Jadi Calon Gubernur BI, Simak Hoaks terkait Bank Indonesia",Hoax,Liputan6 Cek Fakta
"Kumpulan Hoaks Video Bantuan Catut Nama Sri Mulyani, Cek Daftarnya",Hoax,Liputan6 Cek Fakta
"Cek Fakta: Hoaks, Link Pendaftaran Bantuan Pangan 2026",Hoax,Liputan6 Cek Fakta
Cek Fakta: Hoaks Dokumen Rahasia BPOM soal Bahaya Vaksin Polio Bocor,Hoax,Liputan6 Cek Fakta
Cek Fakta: Tidak Benar Pramono Anung Larang Warga KTP Non-DKI Bekerja di Jakarta,Hoax,Liputan6 Cek Fakta
Cek Fakta: Tidak Benar di Video Ini Sri Mulyani Berbagi Dana Bantuan Rp 60 Juta,Hoax,Liputan6 Cek Fakta
"Deretan Hoaks BLT UMKM Beredar di Media Sosial, Simak Faktanya",Hoax,Liputan6 Cek Fakta
"Hoaks Video Bantuan Dana Pensiunan Gunakan AI Marak Beredar, Simak Faktanya",Hoax,Liputan6 Cek Fakta
Cek Fakta: Hoaks Link Pendaftaran Bantuan Subsidi Tahun 2026,Hoax,Liputan6 Cek Fakta
Cek Fakta: Hoaks Link Pendaftaran BLT UMKM 2026 Via Telegram,Hoax,Liputan6 Cek Fakta
"Kumpulan Hoaks Sasar DPR, Simak Faktanya",Hoax,Liputan6 Cek Fakta
"Deretan Hoaks Sasar Menag Nasaruddin Umar, Simak Daftarnya",Hoax,Liputan6 Cek Fakta
"Jadwal Tanggal Merah Agustus 2026, Ini Potensi Libur Panjangnya",Hoax,Liputan6 Cek Fakta
"Deretan Hoaks Catut Nama Gibran Beredar di Media Sosial, Simak Faktanya",Hoax,Liputan6 Cek Fakta
"Kumpulan Hoaks Bantuan Ayam dari Pemerintah Beredar di Medsos, Cek Faktanya",Hoax,Liputan6 Cek Fakta
"Ragam Hoaks Sasar Gubernur Bali I Wayan Koster, Simak Daftarnya",Hoax,Liputan6 Cek Fakta
"Cek Fakta: Hoaks, Video Menkeu Purbaya Minta Koruptor Dihukum Mati",Hoax,Liputan6 Cek Fakta
"Hoaks Seputar Tilang Bikin Bingung Masyarakat, Simak Faktanya",Hoax,Liputan6 Cek Fakta
Cek Fakta: Tidak Benar Link Pendaftaran Bantuan Budidaya Ayam 2026,Hoax,Liputan6 Cek Fakta
"Cek Fakta: Hoaks, Tiket Upacara Bendera 17 Agustus di Istana Dibuat Bisnis",Hoax,Liputan6 Cek Fakta
Cek Fakta: Hoaks Komdigi Bakal Kenakan Pajak Bagi Seluruh Platform Medsos,Hoax,Liputan6 Cek Fakta
Cek Fakta: Tidak Benar Video Presiden Prabowo Emosi Usai Gedung DPR RI Dibakar,Hoax,Liputan6 Cek Fakta
Cek Fakta: Hoaks Video Wapres Gibran Sampaikan Bantuan Dana Pensiunan,Hoax,Liputan6 Cek Fakta
"Ragam Hoaks Catut Nama Luhut, dari Dana Hibah hingga Artikel Ijazah Jokowi",Hoax,Liputan6 Cek Fakta
"Deretan Hoaks Seputar Lowongan Kerja Beredar di Facebook, Simak Daftarnya",Hoax,Liputan6 Cek Fakta
Pemprov Bali: Waspada Video Hoaks AI Catut Putri Koster,Hoax,Liputan6 Cek Fakta
Cek Fakta: Hoaks Video Luhut Sampaikan Program Bantuan Dana Hibah,Hoax,Liputan6 Cek Fakta
"Deretan Hoaks Pendaftaran CPNS 2026 Beredar di Media Sosial, Cek Faktanya",Hoax,Liputan6 Cek Fakta
"Polri Jadi Sasaran Hoaks, dari Pemutihan Pajak hingga Urusan Tilang",Hoax,Liputan6 Cek Fakta
Cek Fakta: Hoaks Menag Sebut Korupsi yang Dilakukan Secara Syariah itu Aman,Hoax,Liputan6 Cek Fakta
"Kumpulan Hoaks Seputar Pajak Terbaru, Simak Faktanya",Hoax,Liputan6 Cek Fakta
"Deretan Hoaks Catut Bahlil Terkait Kebijakan Pajak, Simak Daftarnya",Hoax,Liputan6 Cek Fakta
Cek Fakta: Hoaks Link Pendaftaran CPNS Kementerian Imigrasi pada 20 Juli-28 Agustus 2026,Hoax,Liputan6 Cek Fakta
"Kumpulan Hoaks OJK Hapus Data Pinjol Beredar di Facebook, Cek Daftarnya",Hoax,Liputan6 Cek Fakta
Waspada Akun Telegram Palsu Catut BPJS Kesehatan,Hoax,Liputan6 Cek Fakta
Cek Fakta: Waspada Hoaks Rekrutmen Pegawai BPJS Kesehatan di Medsos,Hoax,Liputan6 Cek Fakta
Cek Fakta: Hoaks OJK Hapus Tagihan dan Data Pinjol Nasabah Telat Bayar,Hoax,Liputan6 Cek Fakta
Cek Fakta: Hoaks Bahlil Ungkap Daftar Barang Kena Pajak Tahun 2027,Hoax,Liputan6 Cek Fakta
"Agustus 2026 Hadirkan Dua Libur Nasional, Simak Potensi Long Weekend",Hoax,Liputan6 Cek Fakta
"Deretan Hoaks Undian Berhadiah dari Bank Beredar di Medsos, Cek Faktanya",Hoax,Liputan6 Cek Fakta
Cek Fakta: Hoaks Polri Berlakukan Lagi Tilang Manual dan Naikkan Denda Tilang 150 Persen,Hoax,Liputan6 Cek Fakta
Cek Fakta: Hoaks Tautan Pendaftaran Pencetakan Kartu Fisik Seabank,Hoax,Liputan6 Cek Fakta
"Deretan Hoaks Bantuan Dana Pensiun Beredar di Facebook, Simak Faktanya",Hoax,Liputan6 Cek Fakta
"Ragam Hoaks Lowongan Kerja Beredar di Medsos, dari Indomaret hingga PLN",Hoax,Liputan6 Cek Fakta
Cek Fakta: Hoaks Link Pendaftaran Undian Berhadiah Sambut HUT RI dari Bank BPD Bali,Hoax,Liputan6 Cek Fakta
"Marak Hoaks, Media Massa Dinilai Penting Jaga Kualitas Informasi",Hoax,Liputan6 Cek Fakta
Cek Fakta: Tidak Benar Link Pendaftaran Lowongan Tenaga Pendamping PAMSIMAS 2026,Hoax,Liputan6 Cek Fakta
"Kopdes Jadi Sasaran Hoaks, Simak Daftarnya",Hoax,Liputan6 Cek Fakta
Cek Fakta: Hoaks Video Polisi dari Medan Dapat Bantuan DAP Australia Rp 1 Miliar,Hoax,Liputan6 Cek Fakta
"Deretan Hoaks Sasar Mendes PDT Yandri Susanto, Simak Faktanya",Hoax,Liputan6 Cek Fakta
"Hoaks Catut Nama Prabowo-Gibran Beredar di Media Sosial, Simak Daftarnya",Hoax,Liputan6 Cek Fakta
"Ragam Hoaks Catut Nama IPB, Simak Daftarnya",Hoax,Liputan6 Cek Fakta
Cek Fakta: Tidak Benar Video Prabowo-Gibran Bagi Bantuan dengan Daftar Via WhatsApp,Hoax,Liputan6 Cek Fakta
"Kumpulan Hoaks terkait HUT RI yang Beredar di Media Sosial, Simak Daftarnya",Hoax,Liputan6 Cek Fakta
"Kumpulan Hoaks Catut Nama Mahfud Md Beredar di Media Sosial, Simak Daftarnya",Hoax,Liputan6 Cek Fakta
Cek Fakta: Hoaks Mendes Minta Warung di Desa Ditutup Agar Masyarakat Belanja di Kopdes,Hoax,Liputan6 Cek Fakta
"Cek Fakta: Video Pernyataan Mahfud Md Ini Disampaikan pada Agustus 2025, Bukan 2026",Hoax,Liputan6 Cek Fakta
"Deretan Hoaks Terkait Ilmuwan, Simak Faktanya",Hoax,Liputan6 Cek Fakta
Cek Fakta: Hoaks Ilmuwan IPB Bikin Model 3D Wajah Nenek Moyang Pertama dari Nusantara,Hoax,Liputan6 Cek Fakta
"Deretan Hoaks Bantuan untuk Petani Catut Kementan, Simak Faktanya",Hoax,Liputan6 Cek Fakta
"Kumpulan Hoaks Bantuan Dana Gereja, Awas Jangan Terkecoh",Hoax,Liputan6 Cek Fakta
"Deretan Hoaks Pendamping Lokal Desa, Cek Faktanya",Hoax,Liputan6 Cek Fakta
"Simak, Tips Terhindar dari Lowongan Kerja Palsu",Hoax,Liputan6 Cek Fakta
Cek Fakta: Tidak Benar Link Pendaftaran Pendamping Lokal Desa 2026 Lewat Telegram,Hoax,Liputan6 Cek Fakta
"Deretan Hoaks Terkait Kasus Dugaan Ijazah Palsu, Simak Faktanya",Hoax,Liputan6 Cek Fakta
Cek Fakta: Hoaks Bantuan Dana Pensiun dari Kemenkeu dan Taspen Rp 130 Juta,Hoax,Liputan6 Cek Fakta
"Kumpulan Hoaks Catut Indomaret Beredar di Medsos, Cek Daftarnya",Hoax,Liputan6 Cek Fakta
"Jadwal Libur Nasional Agustus 2026, Ada Potensi Long Weekend",Hoax,Liputan6 Cek Fakta
Cek Fakta: Tidak Benar Link Pendaftaran Lowongan Kerja Indomaret,Hoax,Liputan6 Cek Fakta
"Ragam Hoaks seputar Haji, dari Pendaftaran Petugas hingga Aturan Jemaah",Hoax,Liputan6 Cek Fakta
Cek Fakta: Hoaks Tautan Pendaftaran Bantuan Alat Perikanan dari Pemerintah,Hoax,Liputan6 Cek Fakta
"Hoaks Terkait Pajak Bikin Resah Masyarakat, Simak Faktanya",Hoax,Liputan6 Cek Fakta
"Ragam Hoaks Sasar Mantan Presiden Jokowi, Simak Faktanya",Hoax,Liputan6 Cek Fakta
Cek Fakta: Hoaks Kemenhaj Buka Pendaftaran Petugas Haji 2027,Hoax,Liputan6 Cek Fakta
"Hoaks soal Guru Kembali Beredar di Media Sosial, Cek Faktanya",Hoax,Liputan6 Cek Fakta
Cek Fakta: Hoaks Luhut Bakal Cabut Status WNI Bagi Rakyat yang Tak Bayar Pajak,Hoax,Liputan6 Cek Fakta
"Deretan Hoaks Sasar Luhut Binsar Pandjaitan, Simak Faktanya",Hoax,Liputan6 Cek Fakta
Cek Fakta: Tidak Benar Link Pendaftaran PPPK Guru Sekolah Rakyat 2026,Hoax,Liputan6 Cek Fakta
"Ragam Hoaks seputar PKH, dari Bansos Balita hingga Pendamping Sosial",Hoax,Liputan6 Cek Fakta
"Marak Disinformasi di Medsos, Masyarakat Dituntut Kritis Terima Informasi",Hoax,Liputan6 Cek Fakta
Cek Fakta: Hoaks Artikel Luhut Minta Masyarakat Solo Tak Usir Jokowi Jika Ijazahnya Palsu,Hoax,Liputan6 Cek Fakta
"Ragam Hoaks Sasar Kementan, Simak Daftarnya",Hoax,Liputan6 Cek Fakta
"Deretan Hoaks Pembagian Bantuan Catut Sri Mulyani, Awas Jangan Tertipu",Hoax,Liputan6 Cek Fakta
Cek Fakta: Tidak Benar Link Pendaftaran Rekrutmen Pendamping PKH 2026,Hoax,Liputan6 Cek Fakta
"Hoaks seputar Bansos Beredar di Medsos, Simak Faktanya",Hoax,Liputan6 Cek Fakta
"Cek Fakta: Hoaks, Link Pendaftaran Bantuan Rp 15 Juta untuk Petani dari Kementan",Hoax,Liputan6 Cek Fakta
Cek Fakta: Hoaks PGI Beri Bantuan Dana DAP Australia Rp 300 Juta,Hoax,Liputan6 Cek Fakta
"Ragam Hoaks Video Bantuan Pensiunan Gunakan AI, Simak Daftarnya",Hoax,Liputan6 Cek Fakta
Cek Fakta: Hoaks Sri Mulyani Berbagi Rezeki Rp 60 Juta di Facebook,Hoax,Liputan6 Cek Fakta
"Kumpulan Hoaks Penipuan Catut Kemenag, dari Pendaftaran PNS hingga Umrah Gratis",Hoax,Liputan6 Cek Fakta
Cek Fakta: Tidak Benar Link Pendaftaran Bansos untuk Balita,Hoax,Liputan6 Cek Fakta
"Deretan Hoaks Seputar Pendaftaran PPPK, Awas Jangan Terjebak",Hoax,Liputan6 Cek Fakta
"Deretan Hoaks seputar Program E-Toll dari Jasa Marga, Cek Daftarnya",Hoax,Liputan6 Cek Fakta
"Ragam Hoaks Seputar Tilang, Simak Faktanya",Hoax,Liputan6 Cek Fakta
"Hoaks Lowongan Kerja Beredar di Media Sosial, Simak Agar Terhindar dari Penipuan",Hoax,Liputan6 Cek Fakta
Cek Fakta: Hoaks Tautan Pendaftaran Program E-Toll Gratis dari Jasa Marga,Hoax,Liputan6 Cek Fakta
Cek Fakta: Hoaks Pendaftaran PPPK Kemenag 2026,Hoax,Liputan6 Cek Fakta
"Hoaks Catut Kementerian Imigrasi Beredar di Media Sosial, Simak Faktanya",Hoax,Liputan6 Cek Fakta
"Kumpulan Hoaks Sasar Zulkifli Hasan, Simak Daftarnya",Hoax,Liputan6 Cek Fakta
Cek Fakta: Hoaks Video Mensesneg Prasetyo Umumkan Bantuan Pensiunan Rp 130 Juta,Hoax,Liputan6 Cek Fakta
"Waspada Hoaks Pendaftaran Umrah Gratis dari Kemenag, Simak Faktanya",Hoax,Liputan6 Cek Fakta
Cek Fakta: Tidak Benar Tautan Pendaftaran Penggerak HAM 2026,Hoax,Liputan6 Cek Fakta
"Kumpulan Hoaks Magang Nasional Beredar di Medsos, Simak Daftarnya",Hoax,Liputan6 Cek Fakta
Cek Fakta: Klarifikasi Polri Bakal Tilang Rp 250 Ribu Pengendara Motor Bersandal Jepit,Hoax,Liputan6 Cek Fakta
Cek Fakta: Tidak Benar Link Pendaftaran Magang Nasional 2026 di Kemenimipas,Hoax,Liputan6 Cek Fakta
Cek Fakta: Hoaks Menko Pangan Zulhas Larang Toko Kelontong Berdiri dengan Radius 2 KM dari...,Hoax,Liputan6 Cek Fakta
"Deretan Hoaks Sasar Institusi Polri, Simak Faktanya",Hoax,Liputan6 Cek Fakta
"Deretan Hoaks Pendaftaran CPNS Beredar di Media Sosial, Simak Daftarnya",Hoax,Liputan6 Cek Fakta
"Ragam Hoaks Catut Bank Indonesia, Simak Daftarnya",Hoax,Liputan6 Cek Fakta
"Kumpulan Hoaks Terkait Televisi, Simak Faktanya",Hoax,Liputan6 Cek Fakta
Cek Fakta: Tidak Benar Tautan Pendaftaran CPNS dan PPPK 2026,Hoax,Liputan6 Cek Fakta
"Deretan Hoaks Seret Nama Menkeu Purbaya, Simak Faktanya",Hoax,Liputan6 Cek Fakta
"Hoaks Lowongan Kerja di PLN Beredar di Medsos, Simak Faktanya",Hoax,Liputan6 Cek Fakta
Cek Fakta: Hoaks Tautan Pendaftaran Umrah Gratis dari Kemenag,Hoax,Liputan6 Cek Fakta
Cek Fakta: Tidak Benar Tautan Pendaftaran Lowongan Kerja PLN 2026,Hoax,Liputan6 Cek Fakta
Cek Fakta: Hoaks Dedi Mulyadi Kasih Hadiah Puluhan Juta dengan Jawab Pertanyaan di Faceboo...,Hoax,Liputan6 Cek Fakta
"Hoaks Menerpa Hotman Paris di Medsos, dari Promosi Judol hingga Bagi Bagi Uang",Hoax,Liputan6 Cek Fakta
Cek Fakta: Klarifikasi Polri Denda Rp 250 Ribu Jika Ban Motor Gundul,Hoax,Liputan6 Cek Fakta
"Ragam Hoaks Terkait PSI, Simak Daftarnya",Hoax,Liputan6 Cek Fakta
"Deretan Hoaks Catut Nama Sri Mulyani Beredar di Media Sosial, Cek Daftarnya",Hoax,Liputan6 Cek Fakta
Cek Fakta: Hoaks Bahlil akan Sita Televisi yang Tidak Bayar Pajak,Hoax,Liputan6 Cek Fakta
"Hoaks terkait OJK Beredar di Media Sosial, Simak Agar Terhindar dari Penipuan",Hoax,Liputan6 Cek Fakta
Cek Fakta: Tidak Benar Video Sri Mulyani Umumkan Program Berbagi Rezeki,Hoax,Liputan6 Cek Fakta
"Kumpulan Hoaks Bantuan Sosial, Awas Jangan Terjebak",Hoax,Liputan6 Cek Fakta
Cek Fakta: Hoaks Tautan Rekrutmen Kementerian PUPR 2026,Hoax,Liputan6 Cek Fakta
"Hari Anak Nasional, Simak Ragam Hoaks yang Beredar di Media Sosial",Hoax,Liputan6 Cek Fakta
Pemda DIY Minta Masyarakat Waspadai Video Penipuan Catut Sri Sultan Hamengku Buwono X,Hoax,Liputan6 Cek Fakta
"Deretan Hoaks Uang Rupiah Baru, Mulai Puluhan Ribu hingga Jutaan",Hoax,Liputan6 Cek Fakta
"Kumpulan Hoaks Seputar HP, Dipantau Pemerintah hingga Bakal Dikenakan Pajak",Hoax,Liputan6 Cek Fakta
"Hoaks Lowongan Kerja Marak Beredar di Media Sosial, Simak Daftarnya",Hoax,Liputan6 Cek Fakta
"Ragam Hoaks Dikaitkan dengan Mahfud Md, Simak Faktanya",Hoax,Liputan6 Cek Fakta
Cek Fakta: Tidak Benar Link Pendaftaran Rekrutmen SKK Migas 2026,Hoax,Liputan6 Cek Fakta
Bawaslu: Hoaks Berbasis AI Tantangan Besar Jelang Pemilu 2029,Hoax,Liputan6 Cek Fakta
"Deretan Hoaks Seputar Gempa yang Beredar di Media Sosial, Cek Faktanya",Hoax,Liputan6 Cek Fakta
"Cek Fakta: Hoaks, Link Pendaftaran Bansos Hari Kemerdekaan ke-81 RI",Hoax,Liputan6 Cek Fakta
"Kumpulan Hoaks Sasar Bahlil Lahadalia, Simak Faktanya",Hoax,Liputan6 Cek Fakta
Cek Fakta: Hoaks Link Pendaftaran Bantuan Bibit Ternak 2026 dari Pemerintah,Hoax,Liputan6 Cek Fakta
Cek Fakta: Hoaks Link Pelaporan Program Pemulihan Korban Penipuan Online,Hoax,Liputan6 Cek Fakta
"Waspada, Hoaks Pendaftaran Haji dan Umrah Gratis Catut Kemenag",Hoax,Liputan6 Cek Fakta
"BGN Kerap Diterpa Hoaks di Media Sosial, Simak Daftarnya",Hoax,Liputan6 Cek Fakta
Cek Fakta: Hoaks Bahlil Peringatkan Pengguna HP akan Dikenakan Pajak Mulai Tahun 2027,Hoax,Liputan6 Cek Fakta
"Kumpulan Hoaks seputar Sekolah Rakyat Beredar di Media Sosial, Simak Faktanya",Hoax,Liputan6 Cek Fakta
"Cek Fakta: Hoaks, Gubernur Sherly Dukung Menkeu Purbaya Soal Bantuan Dana Pensiunan",Hoax,Liputan6 Cek Fakta
"Hoaks Video Bantuan Modal Usaha Gunakan AI Beredar di Medsos, Cek Daftarnya",Hoax,Liputan6 Cek Fakta
"Kumpukan Hoaks Catut Kemenhub, Pendaftaran Mudik Gratis hingga Rencana Pajaki Pejalan Kaki",Hoax,Liputan6 Cek Fakta
Cek Fakta: Tidak Benar Video Mahfud Md Umumkan Bansos untuk Buka Usaha,Hoax,Liputan6 Cek Fakta
"Deretan Hoaks Sasar Kaesang, Simak Faktanya",Hoax,Liputan6 Cek Fakta
"Cek Fakta: Hoaks, Presiden Prabowo Lantik Mahfud MD Menjadi Jaksa Agung",Hoax,Liputan6 Cek Fakta
Cek Fakta: Hoaks Kemenhub Bakal Pungut Pajak Pejalan Kaki,Hoax,Liputan6 Cek Fakta
"Kumpulan Hoaks terkait Ahok yang Beredar di Media Sosial, Cek Faktanya",Hoax,Liputan6 Cek Fakta
"Cek Fakta: Hoaks, BI Terbitkan Uang Baru Rp 5 Juta Bergambar Soekarno",Hoax,Liputan6 Cek Fakta
"Deretan Hoaks Lowongan Kerja di Baznas Beredar di Media Sosial, Simak Faktanya",Hoax,Liputan6 Cek Fakta
"Ragam Artikel Hoaks Tokoh Politik Disanjung Seperti Nabi, Simak Faktanya",Hoax,Liputan6 Cek Fakta
"Ragam Hoaks Terbaru Menkeu Purbaya, dari Pengambilan Bantuan hingga Dana Hibah",Hoax,Liputan6 Cek Fakta
Cek Fakta: Tidak Benar Link Pendaftaran Rekrutmen Calon Amil Baznas 2026,Hoax,Liputan6 Cek Fakta
Cek Fakta: Foto Ahok dan Kaesang Pakai Jaket PSI Ini Buatan AI,Hoax,Liputan6 Cek Fakta
"Deretan Hoaks Seputar Rencana Pajak Baru, Simak Faktanya",Hoax,Liputan6 Cek Fakta
Cek Fakta: Hoaks Video Menkeu Purbaya Umumkan Proses Pengambilan Dana Bantuan 2026,Hoax,Liputan6 Cek Fakta
"Kumpulan Hoaks Terkait Spanyol, Simak Ragamnya",Hoax,Liputan6 Cek Fakta
Cek Fakta: Hoaks Pemerintah Bakal Kenakan Pajak Pemilik Sumur Bor Setara PDAM,Hoax,Liputan6 Cek Fakta
Cek Fakta: Tidak Benar Tautan Pendaftaran BLT UMKM Rp 5 Juta,Hoax,Liputan6 Cek Fakta
"Kumpulan Hoaks Seret Nama Presiden Prabowo Subianto, Simak Faktanya",Hoax,Liputan6 Cek Fakta
Cek Fakta: Tidak Benar Video Prabowo dan Purbaya Umumkan Bantuan Dana Hibah,Hoax,Liputan6 Cek Fakta
"Deretan Hoaks Sasar Natalius Pigai, Simak Faktanya",Hoax,Liputan6 Cek Fakta
"Hoaks Program Bantuan Dana Pensiun Catut Nama Menteri, Simak Daftarnya",Hoax,Liputan6 Cek Fakta
"Indomaret Jadi Sasaran Hoaks, Kirim Makanan ke Tentara Israel hingga Kuesioner Palsu",Hoax,Liputan6 Cek Fakta
Cek Fakta: Hoaks Video Ustaz Abdul Somad Berbagi Rp 50 Juta untuk 10 Orang Beruntung,Hoax,Liputan6 Cek Fakta
"Kumpulan Hoaks Catut Nama Menkeu Purbaya dan Gunakan AI, Simak Daftarnya",Hoax,Liputan6 Cek Fakta
"Deretan Hoaks Magang Nasional Kembali Beredar di Media Sosial, Simak Faktanya",Hoax,Liputan6 Cek Fakta
Cek Fakta: Tidak Benar Link Pendaftaran Bantuan Pupuk Bersubsidi dari Pemerintah,Hoax,Liputan6 Cek Fakta
Cek Fakta: Klarifikasi Klaim Emas Batangan di Rumah Febri Adriansyah Disebut Palsu,Hoax,Liputan6 Cek Fakta
Cek Fakta: Hoaks Link Pendaftaran Magang Nasional 2026 Angkatan 2,Hoax,Liputan6 Cek Fakta
"Kumpulan Hoaks Catut Gubernur Maluku Utara Sherly Tjoanda, Simak Daftarnya",Hoax,Liputan6 Cek Fakta
"Hoaks Bantuan Alat Pertanian dari Kementan Marak Beredar di Medsos, Cek Faktanya",Hoax,Liputan6 Cek Fakta
"Piala Dunia Jadi Sasaran Hoaks, Simak Daftarnya",Hoax,Liputan6 Cek Fakta
Cek Fakta: Hoaks Video Gubernur Malut Sherly Laos Akan Beri Bantuan Uang Tunai,Hoax,Liputan6 Cek Fakta
"Video Macan Terkam Orang di Gunung Papandayan Ternyata Hoaks, Simak Faktanya",Hoax,Liputan6 Cek Fakta
Cek Fakta: Hoaks Video Menkeu Purbaya Sebut Dana Desa Dikorupsi,Hoax,Liputan6 Cek Fakta
Cek Fakta: Tidak Benar Link Pendaftaran Bantuan Alat Pertanian APBN 2026,Hoax,Liputan6 Cek Fakta
Cek Fakta: Hoaks Indonesia akan Menjadi Tuan Rumah Piala Dunia 2030,Hoax,Liputan6 Cek Fakta
Cek Fakta: Hoaks Pigai Sebut Rakyat yang Tidak Bayar Pajak Sebagai Pelanggar HAM,Hoax,Liputan6 Cek Fakta
"Waspada Hoaks Lowongan Kerja Terbaru, Awas Jangan Terjebak",Hoax,Liputan6 Cek Fakta
"Kumpulan Hoaks Kuis Tebak Kata Berhadiah Beredar di Medsos, Cek Daftarnya",Hoax,Liputan6 Cek Fakta
"Ragam Hoaks Terkait Kopdes, Simak Faktanya",Hoax,Liputan6 Cek Fakta
Cek Fakta: Tidak Benar Video Menkeu Purbaya Umumkan Kuis Tebak Nama Kota,Hoax,Liputan6 Cek Fakta
"Deretan Hoaks Undian Berhadiah dari Bank Beredar di Media Sosial, Simak Faktanya",Hoax,Liputan6 Cek Fakta
Cek Fakta: Hoaks Prabowo - Kemensos Hapus Bansos dan Anggaran Dialihkan ke MBG,Hoax,Liputan6 Cek Fakta
Cek Fakta: Tidak Benar Link Pendaftaran Undian Berhadiah Bank BRI 2026,Hoax,Liputan6 Cek Fakta
"Kumpulan Hoaks Sasar Dedi Mulyadi, Promosi Situs Judol hingga Bagikan Uang di Facebook",Hoax,Liputan6 Cek Fakta
Cek Fakta: Hoaks Natalius Pigai Minta Masyarakat Belanja di Kopdes Rp 1 Juta Setiap Bulan,Hoax,Liputan6 Cek Fakta
"Deretan Hoaks Iringi RUU Perampasan Aset, Simak Faktanya",Hoax,Liputan6 Cek Fakta
"Deretan Hoaks Video Gibran Umumkan Dana Bantuan Beredar di Medsos, Cek Faktanya",Hoax,Liputan6 Cek Fakta
"Ragam Hoaks terkait SPBU, dari Dibakar Massa hingga Pengisian BBM Gratis",Hoax,Liputan6 Cek Fakta
Cek Fakta: Hoaks Dedi Mulyadi Bagikan Rp 100 Juta dengan Tebak Nama Provinsi di Facebook,Hoax,Liputan6 Cek Fakta
Cek Fakta: Hoaks Pesan Berantai Indomaret Bagikan Voucer Belanja Lewat Kuesioner,Hoax,Liputan6 Cek Fakta
Cek Fakta: Tidak Benar Video Gibran Umumkan Bantuan Biaya Sekolah hingga Modal Usaha,Hoax,Liputan6 Cek Fakta
Cek Fakta: Hoaks Link Pendaftaran Pendamping Desa Gaji Rp 15 Juta per Bulan,Hoax,Liputan6 Cek Fakta
Cek Fakta: Hoaks DPR Resmi Tolak Pengesahan RUU Perampasan Aset,Hoax,Liputan6 Cek Fakta
Cek Fakta: Hoaks Bahlil Sebut Pemilik TV Harus Bayar Pajak Mulai 2027,Hoax,Liputan6 Cek Fakta
"Kumpulan Video Hoaks Pengumuman Bantuan Dana Pensiunan, Cek Daftarnya",Hoax,Liputan6 Cek Fakta
"Deretan Hoaks CPNS 2026 Beredar di Media Sosial, Simak Faktanya",Hoax,Liputan6 Cek Fakta
Cek Fakta: Hoaks Video Mensesneg Prasetyo Hadi Umumkan Bantuan Dana Pensiunan,Hoax,Liputan6 Cek Fakta
"Kumpulan Video Hoaks Gunung Anak Krakatau Erupsi, Simak Faktanya",Hoax,Liputan6 Cek Fakta
"Deretan Video Hoaks Terbaru, dari Pendaftaran Dana Pensiun hingga SPBU Dibakar Massa",Hoax,Liputan6 Cek Fakta
Cek Fakta: Tidak Benar Link Pendaftaran CPNS Kemenag 2026,Hoax,Liputan6 Cek Fakta
Cek Fakta: Hoaks Artikel Narji Memuji Kehebatan Jokowi Melebihi Nabi Ibrahim,Hoax,Liputan6 Cek Fakta
"Hoaks Pemutihan Pajak Kendaraan Beredar di Medsos, Cek Faktanya Agar Tidak Tertipu",Hoax,Liputan6 Cek Fakta
"Deretan Hoaks Bansos PKH 2026 Beredar di Media Sosial, Simak Faktanya",Hoax,Liputan6 Cek Fakta
Cek Fakta: Hoaks Link Pendaftaran Pemutihan Pajak Kendaraan Gratis 2026,Hoax,Liputan6 Cek Fakta
Cek Fakta: Tidak Benar Link Pendaftaran Bansos PKH Periode Juli - September 2026,Hoax,Liputan6 Cek Fakta
"Deretan Hoaks Seputar BGN, Simak Faktanya",Hoax,Liputan6 Cek Fakta
"Kumpulan Hoaks Terkait SPBU, Pengisian BBM Gratis hingga Dibakar Massa",Hoax,Liputan6 Cek Fakta
Kemenag Imbau Masyarakat Waspadai Hoaks Bantuan Dana Gereja,Hoax,Liputan6 Cek Fakta
"Ragam Hoaks Catut Nama Raffi Ahmad, Simak Faktanya",Hoax,Liputan6 Cek Fakta
"Kumpulan Hoaks Sasar Kemenkeu, Simak Daftarnya",Hoax,Liputan6 Cek Fakta
"Deretan Hoaks Catut BPJS Kesehatan, dari Pemutihan Denda hingga Penggantian Biaya Transpor...",Hoax,Liputan6 Cek Fakta
Cek Fakta: Hoaks Video SPBU Dibakar Massa karena Protes Kebijakan BBM,Hoax,Liputan6 Cek Fakta
Cek Fakta: Hoaks Foto Kemenkeu Serahkan Bantuan Dana Rp 50 Juta per Keluarga dari Sitaan K...,Hoax,Liputan6 Cek Fakta
"Kumpulan Konten Satir yang Pernah Viral, Awas Jangan Tergocek",Hoax,Liputan6 Cek Fakta
"Pesan Berantai Hoaks yang Sempat Viral, Simak Daftarnya",Hoax,Liputan6 Cek Fakta
Cek Fakta: Satir Raffi Ahmad Rekomendasikan Asistennya Jadi Wakil Kepala BGN,Hoax,Liputan6 Cek Fakta
"Deretan Hoaks Terbaru Seputar Bansos, Simak Daftarnya",Hoax,Liputan6 Cek Fakta
Cek Fakta: Hoaks Biaya Transportasi saat Berobat Bisa Diganti BPJS Kesehatan,Hoax,Liputan6 Cek Fakta
"Deretan Hoaks Terkait Cuaca yang Sempat Viral, dari Rekayasa hingga Kondisi Ekstrem",Hoax,Liputan6 Cek Fakta
Cek Fakta: Hoaks Tautan Pendaftaran Pencairan BLT Lewat Handphone,Hoax,Liputan6 Cek Fakta
"Kumpulan Hoaks Seputar Sepeda, Uji Coba Masuk Tol hingga Bakal Kena Pajak",Hoax,Liputan6 Cek Fakta
"Pajak Jadi Bahan Hoaks, Simak Daftarnya",Hoax,Liputan6 Cek Fakta
Cek Fakta: Hoaks Pesan Berantai Indonesia Alami Cuaca Panas Ekstrem Tiap 60 Tahun Sekali,Hoax,Liputan6 Cek Fakta
"Deretan Hoaks Terkait Kemenhub, Simak Faktanya",Hoax,Liputan6 Cek Fakta
"Ragam Hoaks Sasar BGN, Simak Daftarnya",Hoax,Liputan6 Cek Fakta
Cek Fakta: Klarifikasi Pemerintah Bakal Pungut Pajak Sepeda,Hoax,Liputan6 Cek Fakta
Cek Fakta: Hoaks Mbak Lala Asisten Raffi Ahmad Jadi Wakil Kepala BGN,Hoax,Liputan6 Cek Fakta
"Deretan Hoaks Terkait SBY, Simak Faktanya",Hoax,Liputan6 Cek Fakta
"Waspada Hoaks Program Bantuan Dana Pensiun, Simak Daftarnya",Hoax,Liputan6 Cek Fakta
"Viral Video Erupsi Gunung Anak Krakatau, BNPB Pastikan Hoaks",Hoax,Liputan6 Cek Fakta
Cek Fakta: Hoaks Foto-Foto SBY Masuk Rumah Sakit pada Juli 2026,Hoax,Liputan6 Cek Fakta
"Kumpulan Video Hoaks Pembagian Dana Bantuan, Simak Daftarnya",Hoax,Liputan6 Cek Fakta
Cek Fakta: Hoaks Video Sjafrie Sjamsoeddin Membuka Pendaftaran Dana Pensiun 2026,Hoax,Liputan6 Cek Fakta
"Deretan Hoaks Terbaru Seputar Bansos yang Beredar Medsos, Cek Daftarnya",Hoax,Liputan6 Cek Fakta
"Deretan Hoaks Menerpa Sandiaga Uno Beredar di Media Sosial, Simak Faktanya",Hoax,Liputan6 Cek Fakta
"Cek Fakta: Tidak Benar Link untuk Mengecek Bansos PKH dan BPNT Rp 1,5 Juta",Hoax,Liputan6 Cek Fakta
Cek Fakta: Hoaks Video Sandiaga Uno Bagikan Bantuan Langsung Tunai dan Modal Usaha,Hoax,Liputan6 Cek Fakta
"Ragam Hoaks Terkait Kemenag, Simak Daftarnya",Hoax,Liputan6 Cek Fakta
"Waspada Hoaks Penipuan dengan Daftar di Facebook, Simak Ragamnya",Hoax,Liputan6 Cek Fakta
"Kumpulan Hoaks Catut Raffi Ahmad, Bagi Uang di Facebook hingga Promosi Situs Judol",Hoax,Liputan6 Cek Fakta
"Deretan Hoaks Sasar Timnas Argentina, Simak Daftarnya",Hoax,Liputan6 Cek Fakta
"Viral 60 Ribu Calon Mahasiswa Mundur dari PTN, Kemdiktisaintek Klarifikasi",Hoax,Liputan6 Cek Fakta
"Kumpulan Hoaks Sasar Nasaruddin Umar, Urusan Kurban hingga Korupsi",Hoax,Liputan6 Cek Fakta
Cek Fakta: Hoaks Raffi Ahmad Bagikan Uang Bantuan Rp 10 Juta Melalui Facebook,Hoax,Liputan6 Cek Fakta
"Cristiano Ronaldo Jadi Sasaran Hoaks, Simak Daftarnya",Hoax,Liputan6 Cek Fakta
"Hoaks Bantuan Ternak dari Pemerintah, Simak Faktanya Agar Terhindar dari Penipuan",Hoax,Liputan6 Cek Fakta
Cek Fakta: Tidak Benar Link Pendaftaran Tenaga Pendamping Masyarakat P3-TGAI 2026,Hoax,Liputan6 Cek Fakta
"Deretan Hoaks terkait Anies Baswedan Beredar di Media Sosial, Simak Faktanya",Hoax,Liputan6 Cek Fakta
Cek Fakta: Hoaks Link Pendaftaran Bantuan Bibit Ayam dan Ikan dari Pemerintah,Hoax,Liputan6 Cek Fakta
Vietnam Berikan Denda Besar Bagi Penyebar Hoaks di Medsos,Hoax,Liputan6 Cek Fakta
Cek Fakta: Tidak Benar Video Anies Baswedan Sampaikan Dana Bantuan Modal Usaha,Hoax,Liputan6 Cek Fakta
"Deretan Hoaks Catut Nama BEM, Simak Faktanya",Hoax,Liputan6 Cek Fakta
"Hoaks Seputar Prabowo Subianto Beredar di Media Sosial, Simak Faktanya",Hoax,Liputan6 Cek Fakta
Cek Fakta: Tidak Benar Link Pendaftaran untuk Dapatkan Alat Bantu Disabilitas,Hoax,Liputan6 Cek Fakta
Cek Fakta: Hoaks Menag Nasaruddin Umar Sebut Korupsi Aman Asal Sesuai Syariah,Hoax,Liputan6 Cek Fakta
Cek Fakta: Hoaks Artikel Ketua BEM Seluruh Indonesia Menyatakan Menolak PSI dan Jokowi di ...,Hoax,Liputan6 Cek Fakta
Cek Fakta: Hoaks Prabowo Resmikan Perpanjangan SIM 1 Kali Seumur Hidup,Hoax,Liputan6 Cek Fakta
"Deretan Hoaks Undian Berhadiah Catut Bank Jateng, Simak Daftarnya",Hoax,Liputan6 Cek Fakta
"Hoaks BSU 2026 Kembali Beredar di Media Sosial, Simak Faktanya",Hoax,Liputan6 Cek Fakta
"Kumpulan Hoaks Sasar PSI, Simak Faktanya",Hoax,Liputan6 Cek Fakta
"Nadiem Makarim Divonis 10 Tahun Penjara, Simak Hoaks yang Pernah Menerpa",Hoax,Liputan6 Cek Fakta
Cek Fakta: Tidak Benar Klaim Pendaftaran BSU Rp 25 Juta per Penerima,Hoax,Liputan6 Cek Fakta
Cek Fakta: Hoaks Tautan Pendaftaran Undian Berhadiah Bank Jateng,Hoax,Liputan6 Cek Fakta
"Ragam Hoaks yang Menerpa Dedi Mulyadi, dari Sakit hingga Tebus Motor Murah",Hoax,Liputan6 Cek Fakta
Cek Fakta: Hoaks Artikel Jokowi Janjikan 18 Juta Lapangan Kerja Jika PSI Menang Pemilu 202...,Hoax,Liputan6 Cek Fakta
"Ragam Hoaks Catut Nama Wapres Gibran, Simak Daftarnya",Hoax,Liputan6 Cek Fakta
Cek Fakta: Tidak Benar Foto Dedi Mulyadi Sakit pada Juni 2026,Hoax,Liputan6 Cek Fakta
"Deretan Hoaks Dana Bantuan Catut Nama Purbaya Beredar di Medsos, Cek Faktanya",Hoax,Liputan6 Cek Fakta
"Kumpulan Foto Hoaks Terbaru, Simak Agar Tak Terjebak",Hoax,Liputan6 Cek Fakta
Cek Fakta: Hoaks Video Gibran Bagikan Bantuan Dana dengan Komentar di Facebook,Hoax,Liputan6 Cek Fakta
Cek Fakta: Tidak Benar Video Menkeu Purbaya Umumkan Dana Bantuan Pensiunan,Hoax,Liputan6 Cek Fakta
Cek Fakta: Hoaks Foto Jokowi Dapat Kado Ijazah Asli saat Ultah ke-65,Hoax,Liputan6 Cek Fakta
"6 Hoaks yang Beredar Sepekan, dari Lowongan Kerja sampai Kenaikan Harga BBM",Hoax,Liputan6 Cek Fakta
"Hoaks Iringi Kasus Dugaan Ijazah Palsu Jokowi, Simak Faktanya",Hoax,Liputan6 Cek Fakta
"Deretan Hoaks Pembagian Dana Catut Sri Mulyani, Simak Daftarnya",Hoax,Liputan6 Cek Fakta
"Kumpulan Hoaks Sasar Jokowi, Simak Faktanya",Hoax,Liputan6 Cek Fakta
"Lionel Messi Kerap Jadi Sasaran Hoaks, Simak Daftarnya",Hoax,Liputan6 Cek Fakta
"Penipuan Online Mengintai Saat Musim Liburan, Kenali Ragam Modusnya",Hoax,Liputan6 Cek Fakta
"Hoaks Lowongan Kerja via WhatsApp Kian Marak, Kenali Ragamnya",Hoax,Liputan6 Cek Fakta
"Ragam Hoaks yang Mengintai Pensiunan, Awas Jebakan Penipuan Bantuan",Hoax,Liputan6 Cek Fakta
"Deretan Video Hoaks Terkini, Ada Manipulasi AI Catut Tokoh Terkenal",Hoax,Liputan6 Cek Fakta
"Deretan Hoaks Terkait Rusia, Video Korban Perang hingga Pernyataan Presiden",Hoax,Liputan6 Cek Fakta
Cek Fakta: Hoaks Sri Mulyani Bagikan Dana Bansos dengan Tebak Kata di Facebook,Hoax,Liputan6 Cek Fakta
"Kumpulan Hoaks Seputar Ukraina, Simak Faktanya",Hoax,Liputan6 Cek Fakta
"Waspada Link Cek Bansos Palsu Beredar di Media Sosial, Kenali Ragamnya",Hoax,Liputan6 Cek Fakta
Cek Fakta: Tidak Benar Ini Link Pendaftaran Bantuan untuk Pensiunan dari Taspen,Hoax,Liputan6 Cek Fakta
Cek Fakta: Hoaks Pernyataan Pengacara Yakub Hasibuan Menyesal Ditipu Jokowi,Hoax,Liputan6 Cek Fakta
"Hoaks Pertamax Terkini, Isu Seputar Harga Jadi Sasaran",Hoax,Liputan6 Cek Fakta
"Awas Penipuan Paket Tertukar, Kenali Modus dan Cara Menghindarinya",Hoax,Liputan6 Cek Fakta
"Kumpulan Penipuan Lowongan Kerja PLN, Kenali Ragamnya Biar Tak Jadi Korban",Hoax,Liputan6 Cek Fakta
"Cek Fakta: Tidak Benar Link Pendaftaran Bansos PKH 2026 Rp 1,7 Juta per Orang",Hoax,Liputan6 Cek Fakta
Cek Fakta: Tidak Benar Pendaftaran Lowongan Kerja PLN Lewat WhatsApp,Hoax,Liputan6 Cek Fakta
"Presiden Ukraina Volodymyr Zelenskyy Diterpa Hoaks, Simak Daftarnya",Hoax,Liputan6 Cek Fakta
Cek Fakta: Tidak Benar Link Pendaftaran Petugas Pengolahan Data BPS,Hoax,Liputan6 Cek Fakta
"Waspada Modus Penipuan Berkedok Petugas Sensus, Kenali Ciri Resminya",Hoax,Liputan6 Cek Fakta
"Deretan Hoaks Bantuan Insentif Guru Beredar di Media Sosial, Simak Faktanya",Hoax,Liputan6 Cek Fakta
"Daftar Hoaks Terkini Seputar Harga BBM, Isu Naik Turun yang Menyesatkan",Hoax,Liputan6 Cek Fakta
Cek Fakta: Tidak Benar Presiden Ukraina Volodymyr Zelenskyy Tewas dalam Serangan Rusia,Hoax,Liputan6 Cek Fakta
"Marak Hoaks Bantuan Catut Nama Menteri, Mulai Keuangan hingga Pertanian",Hoax,Liputan6 Cek Fakta
"Cek Fakta: Tidak Benar Link Pendaftaran Bantuan Insentif Guru ASN-Honorer Rp 2,1 Juta",Hoax,Liputan6 Cek Fakta
"Hoaks Pendaftaran Program BBM Gratis Beredar, Simak Fakta dari Pertamina",Hoax,Liputan6 Cek Fakta
"Kumpulan Hoaks Bantuan Bibit Ikan Gratis Beredar di Medsos, Simak Faktanya",Hoax,Liputan6 Cek Fakta
"Daftar Hoaks Terkait Ekonomi Indonesia, Ada Narasi yang Menyesatkan",Hoax,Liputan6 Cek Fakta
"Hoaks Lowongan Kerja Seputar Dinas Perhubungan Beredar di Medsos, Cek Faktanya",Hoax,Liputan6 Cek Fakta
Cek Fakta: Tidak Benar Link Pendaftaran Bantuan Bibit Ikan Nila dan Lele Gratis 2026,Hoax,Liputan6 Cek Fakta
Cek Fakta: Hoaks Link Pendaftaran Lowongan Kerja Dinas Perhubungan 2026,Hoax,Liputan6 Cek Fakta
"Ragam Hoaks Dana Bantuan Catut Kepala Daerah, dari Dedi Mulyadi hingga Wayan Koster",Hoax,Liputan6 Cek Fakta
"Jakarta HUT ke-499, Simak Daftar Hoaks yang Pernah Menerpa",Hoax,Liputan6 Cek Fakta
"Modus Penipuan Daring Berkembang, Intip Cara Lindungi Diri dari Kerugian",Hoax,Liputan6 Cek Fakta
"Deretan Hoaks terkait Listrik Beredar di Media Sosial, Simak Faktanya",Hoax,Liputan6 Cek Fakta
"6 Hoaks Sepekan, Manfaatkan Momen Kenaikan Harga Pertamax dan Demo",Hoax,Liputan6 Cek Fakta
Cek Fakta: Hoaks Gubernur Bali Wayan Koster Bagikan Dana Bantuan Lewat Kirim Pesan,Hoax,Liputan6 Cek Fakta
"Deretan Hoaks terkait Banjir Hasil Olahan AI, Simak Biar Tak Terjebak",Hoax,Liputan6 Cek Fakta
Cek Fakta: Hoaks Pemadaman Listrik Total Jawa - Bali Selama 3 Hari,Hoax,Liputan6 Cek Fakta
Cek Fakta: Tidak Benar Bahlil Keluarkan Pernyataan Pertamax Jadi Rp 10.500,Hoax,Liputan6 Cek Fakta
"Ragam Program Bansos Jadi Sasaran Hoaks, Ada Link Palsu yang Mencuri Data Pribadi",Hoax,Liputan6 Cek Fakta
Cek Fakta: Tidak Benar Ini Link Pendaftaran Pencairan BLT Lewat Handphone,Hoax,Liputan6 Cek Fakta
"Awas Link Hoaks Pendaftaran Seleksi Lowongan Kerja, Kenali Ragamnya",Hoax,Liputan6 Cek Fakta
"Deretan Hoaks Peristiwa di Jakarta, Awas Ada yang Menjebak",Hoax,Liputan6 Cek Fakta
"Kumpulan Hoaks Catut Kementan, Simak Faktanya Agar Terhindar dari Penipuan",Hoax,Liputan6 Cek Fakta
Cek Fakta: Hoaks Lowongan Kerja Petugas Sensus Pertanian 2026 dari Kementan,Hoax,Liputan6 Cek Fakta
"Ragam Hoaks Catut Nama Purbaya, dari Bantuan Dana Hibah hingga Giveaway",Hoax,Liputan6 Cek Fakta
"Hoaks Seputar MBG Beredar di Media Sosial, Simak Faktanya",Hoax,Liputan6 Cek Fakta
"Deretan Hoaks Program Magang Beredar di Media Sosial, Simak Faktanya",Hoax,Liputan6 Cek Fakta
Cek Fakta: Tidak Benar Video Menkeu Purbaya Resmikan Program Dana Hibah,Hoax,Liputan6 Cek Fakta
Cek Fakta: Tidak Benar Link Pendaftaran Magang Kemensetneg 2026,Hoax,Liputan6 Cek Fakta
"Deretan Hoaks Seputar Demo, Catut Mahasiswa UI sampai Brimob",Hoax,Liputan6 Cek Fakta
Cek Fakta: Tidak Benar Dalam Video Ini Situasi Demo Mahasiswa UI di Jakarta 12 Juni 2026,Hoax,Liputan6 Cek Fakta
"Deretan Foto Hoaks yang Beredar Media Sosial, Ada Hasil Olahan AI",Hoax,Liputan6 Cek Fakta
"Program Pekerja Kemnaker Jadi Bahan Hoaks, Cek Ragamnya",Hoax,Liputan6 Cek Fakta
"Ragam Hoaks Catut Nama BNPB, dari Lowongan Kerja hingga Donasi Kaus",Hoax,Liputan6 Cek Fakta
"Waspada Hoaks Program Padat Karya DKI Jakarta, Simak Link Pendaftaran Resminya",Hoax,Liputan6 Cek Fakta
"Kumpulan Hoaks Uang Pecahan Baru yang Sempat Viral, Simak Daftarnya",Hoax,Liputan6 Cek Fakta
Cek Fakta: Hoaks Link Pendaftaran Karyawan BNPB 2026,Hoax,Liputan6 Cek Fakta
"Guru Jadi Target Hoaks, Simak Ragamnya",Hoax,Liputan6 Cek Fakta
Cek Fakta: Tidak Benar Link Pendaftaran BSU dari Kemnaker,Hoax,Liputan6 Cek Fakta
Cek Fakta: Hoaks Uang Baru Nominal Rp 1 Juta Bergambar Presiden Prabowo dan Wapres Gibran,Hoax,Liputan6 Cek Fakta
"Deretan Hoaks Sasar Kementerian ESDM, Simak Daftarnya",Hoax,Liputan6 Cek Fakta
"Kumpulan Hoaks CPNS 2026 Beredar di Medsos, Cek Faktanya",Hoax,Liputan6 Cek Fakta
"Hoaks Terkait Kenaikan Harga BBM, Simak Daftarnya",Hoax,Liputan6 Cek Fakta
"Hoaks Lowongan Kerja SKK Migas Semakin Beragam, Simak Daftarnya untuk Hindari Penipuan",Hoax,Liputan6 Cek Fakta
"Waspada Hoaks Gempa Bumi Mencatut BMKG, Intip Cara Agar Tak Terpengaruh",Hoax,Liputan6 Cek Fakta
Cek Fakta: Tidak Benar Ini Link Pendaftaran Insentif Guru Honorer dan ASN Rp 5 Juta,Hoax,Liputan6 Cek Fakta
"Viral Aksi Begal di Pringsewu Ternyata Hoaks, Polisi Ungkap Motifnya",Hoax,Liputan6 Cek Fakta
Cek Fakta: Tidak Benar di Video Ini Mahfud Md Umumkan Bantuan Modal Usaha Rp 100 Juta,Hoax,Liputan6 Cek Fakta
"6 Hoaks Terbaru di Media Sosial, dari Bantuan sampai Lowongan Kerja",Hoax,Liputan6 Cek Fakta
"Deretan Hoaks Pendaftaran Guru Sekolah Rakyat Beredar di Media Sosial, Cek Faktanya",Hoax,Liputan6 Cek Fakta
"Deretan Hoaks Terkait BBM Solar, Simak Daftarnya",Hoax,Liputan6 Cek Fakta
Cek Fakta: Tidak Benar Link Pendaftaran Guru Sekolah Rakyat 2026,Hoax,Liputan6 Cek Fakta
Cek Fakta: Tidak Benar Link Pendaftaran Pembuatan dan Perpanjangan SIM Gratis sampai 30 Ju...,Hoax,Liputan6 Cek Fakta
Cek Fakta: Hoaks Link Pendaftaran CPNS Kementerian PUPR 2026,Hoax,Liputan6 Cek Fakta
Kepala BGN: Narasi Pembagian Keuntungan MBG pada Presiden Prabowo Hoaks,Hoax,Liputan6 Cek Fakta
Cek Fakta: Hoaks Artikel Jubir ESDM Minta Masyarakat Pakai Solar Saat Pertamax Naik Harga,Hoax,Liputan6 Cek Fakta
Daftar Hoaks Kebijakan Energi yang Mencatut Bahlil Lahadalia,Hoax,Liputan6 Cek Fakta
"Waspada Hoaks Pajak Kendaraan Bermotor Beredar di Medsos, Simak Ragamnya",Hoax,Liputan6 Cek Fakta
"Kumpulan Hoaks Serang KPK, Simak Faktanya",Hoax,Liputan6 Cek Fakta
"Ragam Hoaks Catut Mahfud Md, dari Isu Politik hingga Pembagian Bantuan",Hoax,Liputan6 Cek Fakta
"Deretan Hoaks Pemberian Bantuan dengan Daftar Via WhatsApp, Simak Agar Tak Terjebak",Hoax,Liputan6 Cek Fakta
"Ingat 15 Juni 2026 Bukan Cuti Bersama, Simak Jadwal Libur Nasional Bulan Ini",Hoax,Liputan6 Cek Fakta
"Daftar Hoaks Bantuan yang Mencatut Prabowo, Ada Hasil Manipulasi AI",Hoax,Liputan6 Cek Fakta
Cek Fakta: Klarifikasi Foto Tumpukan Dolar Hasil Penggeledahan KPK di Rumah Silmy Karim,Hoax,Liputan6 Cek Fakta
"Cek Fakta: Tidak Benar Ini Link Pendaftaran Bansos Rp 5,4 Juta dari Prabowo",Hoax,Liputan6 Cek Fakta
"Waspada Penipuan Lowongan Kerja BUMN, Kenali Ragamnya",Hoax,Liputan6 Cek Fakta
"Viral Foto Dolar yang Diklaim Hasil Sitaan dari Kasus Silmy Karim, Simak Fakta dari KPK",Hoax,Liputan6 Cek Fakta
"PDIP Jadi Sasaran Hoaks, Simak Faktanya Agar Tak Terjebak",Hoax,Liputan6 Cek Fakta
"Deretan Hoaks yang Mencatut Presiden, dari Prabowo sampai Putin",Hoax,Liputan6 Cek Fakta
"Deretan Hoaks Terkait Kasus Korupsi, Simak Daftarnya",Hoax,Liputan6 Cek Fakta
Cek Fakta: Tidak Benar Ini Link Pendaftaran Bansos Lewat HP,Hoax,Liputan6 Cek Fakta
"Jadwal Libur Nasional Tahun Baru Islam 2026, Tanpa Cuti Bersama",Hoax,Liputan6 Cek Fakta
Cek Fakta: Hoaks Purbaya Bongkar Mega Korupsi Rp 576 Triliun,Hoax,Liputan6 Cek Fakta
"Hoaks Undian Berhadiah Bank Intai Nasabah, Cek Ragamnya untuk Hindari Penipuan",Hoax,Liputan6 Cek Fakta
"Waspada Hoaks Pembagian Bantuan Dana Catut Mahfud Md, Simak Daftarnya",Hoax,Liputan6 Cek Fakta
"Daftar Hoaks Bantuan BBM, Cek Ragam Faktanya",Hoax,Liputan6 Cek Fakta
"Waspada Hoaks Lowongan Kerja Pertamina International Shipping, Kenali Cirinya",Hoax,Liputan6 Cek Fakta
"Hoaks Seputar Koperasi Desa Merah Putih Beredar di Medsos, Simak Faktanya",Hoax,Liputan6 Cek Fakta
"Deretan Hoaks Terkait UMKM, Simak Daftarnya",Hoax,Liputan6 Cek Fakta
Cek Fakta: Hoaks Video Mahfud Md Bagikan Dana Bantuan Indonesia dengan Daftar Via WhatsApp,Hoax,Liputan6 Cek Fakta
Cek Fakta: Tidak Benar Ini Link Pendaftaran Program Bantuan BBM,Hoax,Liputan6 Cek Fakta
Cek Fakta: Tidak Benar Link Pendaftaran Bantuan Traktor Gratis dari Pemerintah,Hoax,Liputan6 Cek Fakta
"Daftar Pembagian Subsidi yang Ternyata Hoaks, Simak Biar Tak Terjebak",Hoax,Liputan6 Cek Fakta
"Kumpulan Hoaks Uang Pecahan Baru yang Beredar, Simak Faktanya",Hoax,Liputan6 Cek Fakta
"Awas Link Palsu Cek Status Penerima PIP, Simak Cara Resminya",Hoax,Liputan6 Cek Fakta
"Waspada, Informasi Hoaks Festival UMKM dan Perlombaan Sambut HUT DKI Jakarta",Hoax,Liputan6 Cek Fakta
Hoaks Jadi Tantangan Besar Perluas Cakupan Imunisasi Anak,Hoax,Liputan6 Cek Fakta
"Piala Dunia Pernah Jadi Sasaran Hoaks di Media Sosial, Simak Daftarnya",Hoax,Liputan6 Cek Fakta
Cek Fakta: Hoaks Link Pendaftaran Pegawai Koperasi Desa Merah Putih Gaji Rp 8 Juta,Hoax,Liputan6 Cek Fakta
Cek Fakta: Tidak Benar Ini Link Portal Resmi Rekrutmen SKK Migas,Hoax,Liputan6 Cek Fakta
Cek Fakta: Hoaks Uang Pecahan Baru Bergambar Presiden Prabowo dan Wapres Gibran,Hoax,Liputan6 Cek Fakta
"Kumpulan Hoaks Pendaftaran Rekrutmen Bersama BUMN, Simak Faktanya",Hoax,Liputan6 Cek Fakta
"Pertamax Jadi Bahan Hoaks, Simak Daftarnya",Hoax,Liputan6 Cek Fakta
"Waspada Hoaks Pembagian Dana Hibah Mengatasnamakan Purbaya, Intip Daftarnya",Hoax,Liputan6 Cek Fakta
"Kepala Daerah Jadi Sasaran Hoaks, Simak Daftarnya",Hoax,Liputan6 Cek Fakta
"Deretan Hoaks Pendaftaran Pendamping Lokal Desa, Simak Faktanya",Hoax,Liputan6 Cek Fakta
Cek Fakta: Tidak Benar Link Pendaftaran Rekrutmen Bersama BUMN 2026,Hoax,Liputan6 Cek Fakta
Cek Fakta: Tidak Benar Video Purbaya Umumkan Pembagian Dana Hibah Rp 250 Juta ke Setiap Ke...,Hoax,Liputan6 Cek Fakta
Cek Fakta: Tidak Benar Link Pendaftaran Pendamping Lokal Desa Bergaji Rp 9 Juta,Hoax,Liputan6 Cek Fakta
"6 Hoaks Beredar di Media Sosial, Catut Tokoh Terkenal hingga Program Bantuan",Hoax,Liputan6 Cek Fakta
"Hoaks Pendaftaran CPNS 2026 Marak Beredar di Media Sosial, Simak Faktanya",Hoax,Liputan6 Cek Fakta
"Hoaks Undian Berhadiah Mengatasnamakan BCA Marak Beredar, Kenali Ragamnya",Hoax,Liputan6 Cek Fakta
"Deretan Hoaks Penghentian Program MBG, Simak Faktanya",Hoax,Liputan6 Cek Fakta
"Kumpulan Hoaks Pemutihan Sertifikat Tanah Gratis Beredar di Medsos, Simak Faktanya",Hoax,Liputan6 Cek Fakta
Cek Fakta: Tidak Benar Link Pendaftaran CPNS 2026,Hoax,Liputan6 Cek Fakta
"Shin Tae Yong Jadi Pelatih Persija Jakarta, Ini Hoaks yang Pernah Menerpa",Hoax,Liputan6 Cek Fakta
Cek Fakta: Hoaks Link Pendaftaran Pemutihan Sertifikat Tanah Gratis 2026,Hoax,Liputan6 Cek Fakta
"Deretan Hoaks Sasar Gubernur, dari DKI Jakarta hingga Malut",Hoax,Liputan6 Cek Fakta
Cek Fakta: Klarifikasi MBG Dihentikan Sementara Hingga Waktu Tak Ditentukan,Hoax,Liputan6 Cek Fakta
Cek Fakta: Hoaks Video Mendikdasmen Abdul Mu'ti Umumkan Program Bantuan Dana Pensiun,Hoax,Liputan6 Cek Fakta
"Kumpulan Artikel Palsu Seputar MBG, Simak Faktanya",Hoax,Liputan6 Cek Fakta
"Ragam Hoaks Sasar Anies Baswedan, Simak Daftarnya",Hoax,Liputan6 Cek Fakta
"Jadwal Libur Tahun Baru Islam Juni 2026, Simak Selengkapnya",Hoax,Liputan6 Cek Fakta
Cek Fakta: Hoaks Artikel Dadan Hindayana Sebut Anies Baswedan Terima Uang Suap MBG 2 Trili...,Hoax,Liputan6 Cek Fakta
Cek Fakta: Tidak Benar Pendaftaran Undian Gebyar BCA 2026,Hoax,Liputan6 Cek Fakta
"Kumpulan Hoaks BLT UMKM Beredar di Media Sosial, Cek Daftarnya",Hoax,Liputan6 Cek Fakta
BKN Imbau Masyarakat Waspadai Poster Hoaks Pembukaan CPNS 2026,Hoax,Liputan6 Cek Fakta
Cek Fakta: Tidak Benar Gubernur Sherly Tjoanda Berbagi Dana Bantuan Rp 20 Juta,Hoax,Liputan6 Cek Fakta
"Awas Jebakan Hoaks Pendaftaran CPNS Kementerian Imigrasi, Simak Daftarnya",Hoax,Liputan6 Cek Fakta
"Kumpulan Artikel Palsu Catut Mantan Presiden Jokowi, Simak Daftarnya",Hoax,Liputan6 Cek Fakta
Cek Fakta: Hoaks Tautan Pendaftaran BLT UMKM 2026 Rp 5 Juta,Hoax,Liputan6 Cek Fakta
Cek Fakta: Hoaks Artikel Eks Wamen Imigrasi Setor Uang Jatah Preman 80 Miliar ke Jokowi,Hoax,Liputan6 Cek Fakta
"Deretan Hoaks Catut Nama Purbaya Beredar di Media Sosial, Simak Faktanya",Hoax,Liputan6 Cek Fakta
Cek Fakta: Hoaks Artikel Jokowi Sebut Ekonomi Rakyat Makmur Jika Dia Presiden Lagi,Hoax,Liputan6 Cek Fakta
Cek Fakta: Tidak Benar Ini Link Pendaftaran CPNS Kementerian Imigrasi untuk Lulusan SMA sa...,Hoax,Liputan6 Cek Fakta
"Deretan Video Hoaks Terkini, Ada Hasil Manipulasi AI",Hoax,Liputan6 Cek Fakta
"Deretan Hoaks Catut Raja Salman, Simak Faktanya",Hoax,Liputan6 Cek Fakta
"Dana Bantuan Pensiunan Jadi Jebakan Hoaks, Kenali Ragamnya",Hoax,Liputan6 Cek Fakta
"Deretan Hoaks Kasus Uang Suap Sasar Mantan Presiden Jokowi, Simak Faktanya",Hoax,Liputan6 Cek Fakta
"Cara Cek PIP Lewat HP, Awas Jebakan Penipuan",Hoax,Liputan6 Cek Fakta
Cek Fakta: Hoaks Artikel Raja Salman Beri Gelar Amirul Kazzab bagi Jokowi,Hoax,Liputan6 Cek Fakta
Cek Fakta: Tidak Benar Link Pendaftaran Tunjangan Kesejahteraan Pensiunan dari Taspen,Hoax,Liputan6 Cek Fakta
Cek Fakta: Hoaks Artikel Dadan Hindayana Sebut Jokowi Terima Uang Suap MBG 2 Triliun,Hoax,Liputan6 Cek Fakta
"Lionel Messi Jadi Bahan Hoaks, Simak Daftarnya",Hoax,Liputan6 Cek Fakta
"Hoaks Pembagian Dana Hibah Marak Beredar, Simak Daftarnya",Hoax,Liputan6 Cek Fakta
"Seleksi PPPK Guru Sekolah Rakyat 2026 Dibuka, Cek Syarat dan Cara Daftarnya",Hoax,Liputan6 Cek Fakta
"Kumpulan Hoaks Catut Nama Ahok Beredar di Media Sosial, Simak Faktanya",Hoax,Liputan6 Cek Fakta
Cek Fakta: Tidak Benar Video Purbaya Umumkan Program Bantuan Dana Pensiun,Hoax,Liputan6 Cek Fakta
"Ragam Hoaks BGN di Media Sosial, dari Foto Menu MBG hingga Lowongan PPPK",Hoax,Liputan6 Cek Fakta
Cek Fakta: Tidak Benar Ahok Bicara Dana Bantuan DAP Australia untuk Umat Kristen,Hoax,Liputan6 Cek Fakta
"6 Hoaks yang Beredar di Media Sosial, dari Lowongan Kerja sampai Bantuan",Hoax,Liputan6 Cek Fakta
"Kumpulan Hoaks Lowongan Kerja Pertamina Grup, Simak Faktanya",Hoax,Liputan6 Cek Fakta
"Hoaks Seputar Bantuan dari Kemnaker Beredar di Media Sosial, Cek Faktanya",Hoax,Liputan6 Cek Fakta
Cek Fakta: Hoaks Link Pendaftaran Lowongan Kerja di Perum Bulog 2026,Hoax,Liputan6 Cek Fakta
"Kumpulan Hoaks yang Menerpa Presiden Prabowo, Simak Faktanya",Hoax,Liputan6 Cek Fakta
"Deretan Hoaks Bantuan Bibit Ayam, Simak Faktanya agar Terhindar dari Penipuan",Hoax,Liputan6 Cek Fakta
Cek Fakta: Hoaks Link Pendaftaran Bantuan Tenaga Kerja Mandiri Pemula 2026 dari Kemnaker,Hoax,Liputan6 Cek Fakta
"Kumpulan Artikel Palsu yang Sempat Viral, Simak Faktanya",Hoax,Liputan6 Cek Fakta
"Deretan Hoaks Sasar Israel, Simak Daftarnya",Hoax,Liputan6 Cek Fakta
Cek Fakta: Hoaks Artikel Presiden Prabowo Izinkan Israel Uji Coba Rudal di Indonesia,Hoax,Liputan6 Cek Fakta
"Ragam Hoaks Seputar Pemadaman Listrik, Simak Faktanya",Hoax,Liputan6 Cek Fakta
Daftar Libur Nasional Juni 2026 Usai Hari Kelahiran Pancasila,Hoax,Liputan6 Cek Fakta
"Kumpulan Hoaks Sasar PLN, Simak Daftarnya",Hoax,Liputan6 Cek Fakta
Cek Fakta: Hoaks Penyebab Mati Listrik Massal di Sumatra karena Serangan Monyet,Hoax,Liputan6 Cek Fakta
"Deretan Hoaks Catut Nama Gubernur Jabar Dedi Mulyadi, Simak Faktanya",Hoax,Liputan6 Cek Fakta
Cek Fakta: Hoaks Program Bantuan Menteri Keuangan,Hoax,Liputan6 Cek Fakta
Cek Fakta: Tidak Benar Video Gubernur Dedi Mulyadi Adakan Kuis Tebak Kata Berhadiah,Hoax,Liputan6 Cek Fakta
Cek Fakta: Tidak Benar Link Pendaftaran Bantuan Bibit Ayam Periode 21 Mei - 30 Juni 2026,Hoax,Liputan6 Cek Fakta
"Kumpulan Hoaks Terkait Pendaftaran CPNS, Simak Biar Tak Tertipu",Hoax,Liputan6 Cek Fakta
Cek Fakta: Tidak Benar Pendaftaran Lowongan Kerja Pertamina International Shipping Lewat W...,Hoax,Liputan6 Cek Fakta
"Hindari Penipuan Pendaftaran PPPK, Simak Cara Resmi Mengikuti Rekrutmen",Hoax,Liputan6 Cek Fakta
"Hoaks Pendaftaran dan Pemutihan Sertifikat Tanah Mengintai, Simak Modusnya",Hoax,Liputan6 Cek Fakta
"Hadapi Pemilu, OpenAI Lakukan Langkah Lawan Disinformasi",Hoax,Liputan6 Cek Fakta
Pemprov DKI Jakarta: Waspada Hoaks Rekrutmen PPSU dan Petugas Damkar,Hoax,Liputan6 Cek Fakta
"Deretan Hoaks Undian Berhadiah Catut Bank Mandiri, Simak Daftarnya",Hoax,Liputan6 Cek Fakta
"Kumpulan Hoaks Bantuan Idul Adha, Ada Video Manipulasi AI Mencatut Pejabat",Hoax,Liputan6 Cek Fakta
Daftar Tanggal Merah Juni 2026: Dua Hari Libur Nasional Siap Menanti,Hoax,Liputan6 Cek Fakta
Cara Cek Bansos Lewat HP yang Mudah dan Cepat,Hoax,Liputan6 Cek Fakta
Cek Fakta: Tidak Benar Ini Link Pendaftaran Lowongan Kerja CPNS untuk 8 Instansi,Hoax,Liputan6 Cek Fakta
"Mantan Menteri Jadi Sasaran Hoaks, Simak Daftarnya",Hoax,Liputan6 Cek Fakta
"Kumpulan Hoaks Bantuan Modal Usaha Catut Tokoh Ternama, Simak Daftarnya",Hoax,Liputan6 Cek Fakta
Cek Fakta: Hoaks Tautan Pendaftaran Festival Berhadiah Bank Mandiri,Hoax,Liputan6 Cek Fakta
"Jadwal Tanggal Merah Juni 2026, Simak Selengkapnya",Hoax,Liputan6 Cek Fakta
"Kumpulan Hoaks Bantuan Modal Usaha Catut Nama Mahfud Md, Simak Faktanya",Hoax,Liputan6 Cek Fakta
Cek Fakta: Tidak Benar Tautan untuk Mengecek Bantuan Ibu Hamil Mei 2026,Hoax,Liputan6 Cek Fakta
"Ragam Hoaks Hewan Kurban di Medsos, dari Daging Lafaz Allah hingga Jagal Tewas",Hoax,Liputan6 Cek Fakta
Cek Fakta: Tidak Benar Mahfud Md Umumkan Bantuan Modal Usaha di Hari Idul Adha,Hoax,Liputan6 Cek Fakta
"Momen Idul Adha Dijadikan Bahan Hoaks, Simak Daftarnya",Hoax,Liputan6 Cek Fakta
"Awas Pendaftaran CPNS Bea Cukai Palsu, Kenali Modusnya untuk Hindari Penipuan",Hoax,Liputan6 Cek Fakta
Cek Fakta: Tidak Benar Video Purbaya Bagi Bantuan Dana Hibah Idul Adha,Hoax,Liputan6 Cek Fakta
"Awas Terjebak Hoaks Pendaftaran Program BBM Gratis, Kenali Ragamnya",Hoax,Liputan6 Cek Fakta
"6 Hoaks yang Beredar Sepekan, dari Aturan Baru sampai Bantuan",Hoax,Liputan6 Cek Fakta
"Waspada Jebakan Hoaks Cek Bansos BPNT, Simak Cara Aman Periksa Status Penerima",Hoax,Liputan6 Cek Fakta
"Viral Pertalite Dilarang Dipakai Mobil di Atas 1.400 Cc per 1 Juni 2026, Simak Ragam Fakta...",Hoax,Liputan6 Cek Fakta
Deretan Hoaks Mencatut Pertamina Dijadikan Bahan Penipuan,Hoax,Liputan6 Cek Fakta
"Kumpulan Hoaks Catut Sandiaga Uno, dari Isu Politik hingga Bantuan Usaha Palsu",Hoax,Liputan6 Cek Fakta
Waspada Pesan Berantai Hoaks: Simak Tips Jitu Agar Tak Terjebak Informasi Palsu,Hoax,Liputan6 Cek Fakta
Kapan Libur Idul Adha Mei 2026? Ini Jadwal Resmi dan Potensi Long Weekendnya,Hoax,Liputan6 Cek Fakta
Cek Fakta: Hoaks Tautan Pendaftaran Bantuan Modal Usaha Sandiaga Uno,Hoax,Liputan6 Cek Fakta
"Daftar Larangan Penggunaan Pertalite yang Ternyata Hoaks, Simak Faktanya",Hoax,Liputan6 Cek Fakta
Cek Fakta: Tidak Benar Tautan Pendaftaran Bantuan Ikan Air Tawar 2026,Hoax,Liputan6 Cek Fakta
Cek Fakta: Tidak Benar Mobil di Atas 1.400 Cc Dilarang Pakai Pertalite Per 1 Juni 2026,Hoax,Liputan6 Cek Fakta
Cek Fakta: Tidak Benar Ini Link Pendaftaran CPNS 2026-2027 untuk Lulusan SMA sampai S1,Hoax,Liputan6 Cek Fakta
"Kumpulan Hoaks Dana Bantuan DAP dari Australia Beredar di Medsos, Cek Faktanya",Hoax,Liputan6 Cek Fakta
"Lowongan Kerja Pertamina Jadi Kedok Penipuan, Ini Cara Aman Mengikuti Rekrutmen Resmi",Hoax,Liputan6 Cek Fakta
Cek Fakta: Hoaks Ketum PGI Umumkan Dana Bantuan DAP Australia untuk Umat Kristen,Hoax,Liputan6 Cek Fakta
Cek Fakta: Hoaks Tautan Pendaftaran Sertifikat Tanah Gratis 2026,Hoax,Liputan6 Cek Fakta
Cek Fakta: Tidak Benar Ini Link Pendaftaran dan Cek Bansos PKH Online 2026,Hoax,Liputan6 Cek Fakta
Cek Fakta: Tidak Benar Pertamina Buka Program Voucer BBM Gratis untuk Masyarakat Umum,Hoax,Liputan6 Cek Fakta
Daftar Kebijakan Denda yang Ternyata Hoaks,Hoax,Liputan6 Cek Fakta
"Daftar Hoaks Pembagian Bantuan Mencatut Tokoh Terkenal, Awas Penipuan Makin Canggih",Hoax,Liputan6 Cek Fakta
"Ragam Hoaks Catut Nama Kemnaker Beredar di Medsos, Simak Daftarnya",Hoax,Liputan6 Cek Fakta
"Kumpulan Hoaks Bantuan Modal Usaha yang Catut Nama Pejabat, Simak Faktanya",Hoax,Liputan6 Cek Fakta
Cek Fakta: Tidak Benar Video Gibran Umumkan Bantuan Modal Usaha,Hoax,Liputan6 Cek Fakta
"Kumpulan Hoaks Terkait Bantuan Arab Saudi, Cek Faktanya",Hoax,Liputan6 Cek Fakta
Cek Fakta: Hoaks Link Pendaftaran Bantuan Padat Karya Reguler 2026,Hoax,Liputan6 Cek Fakta
Cek Fakta: Tidak Benar Aturan Baru Jemaah Haji yang Foto di Masjidil Haram Didenda 10 Ribu...,Hoax,Liputan6 Cek Fakta
"Hoaks Incar Status Janda, Simak Daftarnya Biar Tak Terpengaruh",Hoax,Liputan6 Cek Fakta
"Hoaks KTP Berisi Bansos Marak Beredar, Cek Ragamnya",Hoax,Liputan6 Cek Fakta
"Waspada Hoaks Haji Gratis, Ketahui Ragam Modusnya Biar Tak Jadi Korban",Hoax,Liputan6 Cek Fakta
"Kumpulan Hoaks Pendaftaran Lowongan Kerja Lewat WhatsApp, Cek Faktanya",Hoax,Liputan6 Cek Fakta
"Cek Fakta: Tidak Benar Purbaya Bagikan Bantuan Hibah dari Arab Saudi untuk Janda Rp 1,5 Mi...",Hoax,Liputan6 Cek Fakta
"Ragam Hoaks yang Menerpa Sri Mulyani, Simak Daftarnya",Hoax,Liputan6 Cek Fakta
Cek Fakta: Hoaks Dana Bantuan Khusus Pensiunan,Hoax,Liputan6 Cek Fakta
"Kumpulan Hoaks CPNS 2026, Simak Faktanya Agar Terhindar dari Penipuan",Hoax,Liputan6 Cek Fakta
Cek Fakta: Hoaks Video Sri Mulyani Umumkan Bantuan Dana Hibah,Hoax,Liputan6 Cek Fakta
"Bantuan Langsung Tunai Dijadikan Bahan Hoaks, Simak Cara Mendapatkannya",Hoax,Liputan6 Cek Fakta
"6 Hoaks yang Beredar Sepekan, Program Bantuan Masih Jadi Sasaran",Hoax,Liputan6 Cek Fakta
"Kumpulan Hoaks BLT UMKM Beredar di Media Sosial, Simak Daftarnya",Hoax,Liputan6 Cek Fakta
Cek Fakta: Tidak Benar Video Purbaya Umumkan Giveaway Rp 85 Juta,Hoax,Liputan6 Cek Fakta
Cek Fakta: Tidak Benar Tautan Pendaftaran BLT UMKM Rp 50 Juta,Hoax,Liputan6 Cek Fakta
Cek Fakta: Hoaks Link Pendaftaran CPNS Kementerian Kesehatan 2026,Hoax,Liputan6 Cek Fakta
"Link PIP Palsu Marak Beredar, Simak Cara Resmi Cek Status Penerima Bantuan",Hoax,Liputan6 Cek Fakta
"Jangan Tergiur Video Menkeu Purbaya Bagikan Bantuan Modal Usaha, Simak Alasannya",Hoax,Liputan6 Cek Fakta
Cek Fakta: Tidak Benar Pendaftaran Token Listrik Gratis Periode April-Mei 2026 Lewat Whats...,Hoax,Liputan6 Cek Fakta
"Peminat KIP Kuliah Jadi Sasaran Hoaks, Simak Cara Agar Tak Korban",Hoax,Liputan6 Cek Fakta
"Penipuan Spam Call Makin Marak, Simak Modus dan Dampaknya",Hoax,Liputan6 Cek Fakta
"Daftar Hoaks Mengklaim Bantuan Pertamina, Simak Faktanya",Hoax,Liputan6 Cek Fakta
Waspada! Ini Tips Terhindar Penipuan Undian Berhadiah dari Bank yang Makin Marak,Hoax,Liputan6 Cek Fakta
"Mahfud Md Jadi Sasaran Hoaks, Simak Faktanya",Hoax,Liputan6 Cek Fakta
Daftar Tanggal Merah Tersisa Mei 2026 Usai Hari Buruh dan Kenaikan Yesus Kristus,Hoax,Liputan6 Cek Fakta
"Kumpulan Hoaks Penipuan Catut Nama BRI, Simak Daftarnya",Hoax,Liputan6 Cek Fakta
"Deretan Hoaks Iringi Penyebaran Hantavirus, Simak Faktanya",Hoax,Liputan6 Cek Fakta
"Modus Penipuan Pendaftaran Nikah Via Daring, Kemenag Minta Masyarakat Waspada",Hoax,Liputan6 Cek Fakta
Cek Fakta: Hoaks Pendaftaran KUR Bank BRI Melalui Medsos,Hoax,Liputan6 Cek Fakta
Cara Gunakan Aplikasi Cek Bansos untuk Hindari Penipuan,Hoax,Liputan6 Cek Fakta
"Cek Fakta: Ini Bukan Link Resmi Pendaftaran Bantuan Rp 2,1 Juta untuk Guru Honorer dan ASN",Hoax,Liputan6 Cek Fakta
"Ragam Hoaks Terkait Bahan Bakar, Simak Faktanya",Hoax,Liputan6 Cek Fakta
"Nadiem Makarim Jadi Sasaran Hoaks, Simak Daftarnya",Hoax,Liputan6 Cek Fakta
"Daftar Link Voucer Gratis Jebakan Hoaks, Simak Biar Tak Jadi Korban Penipuan",Hoax,Liputan6 Cek Fakta
"Hoaks Terkini Pendaftaran dan Cek Penerima BPNT, Kenali Daftar Link Palsunya",Hoax,Liputan6 Cek Fakta
"Bank BUMN Dijadikan Bahan Hoaks Pembagian Hadiah, Simak Daftarnya",Hoax,Liputan6 Cek Fakta
Cek Fakta: Tidak Benar Link Bantuan Pertamina Kupon Subsidi E-Voucher BBM Gratis 50 Liter,Hoax,Liputan6 Cek Fakta
"Hoaks Bantuan Incar Umat Beragama, Simak Daftarnya",Hoax,Liputan6 Cek Fakta
Cek Fakta: Hoaks Tautan Pendaftaran Lowongan Kerja PAMSIMAS 2026,Hoax,Liputan6 Cek Fakta
"Pendaftaran Kupon Subsidi BBM Gratis Jadi Jebakan Hoaks, Simak Penjelasan Pertamina",Hoax,Liputan6 Cek Fakta
Cek Fakta: Tidak Benar Ini Link Pendaftaran BPNT dan PKH 2026,Hoax,Liputan6 Cek Fakta
"Hoaks Seputar IKN Pernah Beredar di Media Sosial, Simak Daftarnya",Hoax,Liputan6 Cek Fakta
Cek Fakta: Tidak Benar Mahfud Md Umumkan Bantuan Modal Usaha dari Rampasan Aset Koruptor,Hoax,Liputan6 Cek Fakta
"Hoaks Token Listrik Beredar di Media Sosial, Simak Agar Terhindar dari Penipuan",Hoax,Liputan6 Cek Fakta
"Cara Cek Status Penerima BPNT, Awas Salah Klik Link Palsu",Hoax,Liputan6 Cek Fakta
"Hoaks Terkait Subsidi Marak Beredar, Kenali Ragamnya",Hoax,Liputan6 Cek Fakta
"Daftar Kabar Viral Peringatan Cuaca Ekstrem yang Mencatut BMKG, Intip Faktanya",Hoax,Liputan6 Cek Fakta
Deretan Hoaks Terbaru Seputar Pendaftaran CPNS 2026,Hoax,Liputan6 Cek Fakta
Cek Fakta: Tidak Benar Link Pendaftaran Program Token Listrik Gratis,Hoax,Liputan6 Cek Fakta
"Deretan Hoaks Pembagian Bantuan Dana Catut Nama Soimah, Simak Daftarnya",Hoax,Liputan6 Cek Fakta
Cek Fakta: Hoaks Tautan Pendaftaran CPNS Kemenhub 2026,Hoax,Liputan6 Cek Fakta
"Ragam Hoaks Pembagian Uang Catut Nama Selebriti, dari Inul hingga Raffi Ahmad",Hoax,Liputan6 Cek Fakta
Cek Fakta: Hoaks Soimah Berbagi Bantuan Dana Rp 100 Juta Melalui Facebook,Hoax,Liputan6 Cek Fakta
"Hoaks Seputar KRL Commuter Line Pernah Beredar di Media Sosial, Cek Faktanya",Hoax,Liputan6 Cek Fakta
"Lowongan Kerja di Perusahaan Migas yang Ternyata Hoaks, Simak Daftarnya",Hoax,Liputan6 Cek Fakta
"Jadwal Libur Panjang Mei 2026, Pekan Ini Hadir Lagi",Hoax,Liputan6 Cek Fakta
Cek Fakta: Tidak Benar Link Pendaftaran Rekrutmen Bersama SKK Migas dan Petronas Carigali ...,Hoax,Liputan6 Cek Fakta
"Kumpulan Kabar Viral Pembagian BBM Gratis, Awas Ada yang Hoaks",Hoax,Liputan6 Cek Fakta
"6 Hoaks yang Beredar Dalam Sepekan, Simak Fakta Sebenarnya",Hoax,Liputan6 Cek Fakta
"Bahlil Jadi Sasaran Hoaks, Cek Daftarnya Biar Tak Terkecoh",Hoax,Liputan6 Cek Fakta
Cek Fakta: Tidak Benar Pendaftaran Lowongan Kerja Pendamping Lokal Desa Lewat WhatsApp,Hoax,Liputan6 Cek Fakta
"Rekrutmen Mitra Statistik Jadi Bahan Hoaks, Cek Daftar",Hoax,Liputan6 Cek Fakta
"Cara Daftar Rekrutmen Mitra Statistik BPS 2026, Simak untuk Hindari Penipuan",Hoax,Liputan6 Cek Fakta
Waspada! Ini Cara Terhindar dari Hoaks Bantuan Subsidi Pemerintah Agar Tak Tertipu,Hoax,Liputan6 Cek Fakta
"Kemenag Jadi Sasaran Hoaks, Simak Faktanya Agar Tak Terjebak",Hoax,Liputan6 Cek Fakta
"Deretan Hoaks Pendaftaran Program Subsidi Pemerintah, dari Pupuk hingga BBM",Hoax,Liputan6 Cek Fakta
"Sambut Long Weekend Pekan Depan, Simak Jadwal Lengkapnya",Hoax,Liputan6 Cek Fakta
"Pertalite Jadi Bahan Hoaks, Simak Daftarnya",Hoax,Liputan6 Cek Fakta
"Deretan Hoaks Sasar Mantan Presiden Jokowi, Simak Faktanya",Hoax,Liputan6 Cek Fakta
"Ragam Hoaks BPJS Kesehatan, dari Peralihan Kepesertaan hingga Pemutihan Denda Iuran",Hoax,Liputan6 Cek Fakta
Cek Fakta: Hoaks Link Pendaftaran Pendamping Lokal Desa dari Kemendesa 2026,Hoax,Liputan6 Cek Fakta
SKB 3 Menteri Libur Mei 2026: Simak Jadwal Lengkapnya!,Hoax,Liputan6 Cek Fakta
Cek Fakta: Tidak Benar Link Pendaftaran Kupon Subsidi BBM Pertalite Gratis,Hoax,Liputan6 Cek Fakta
"Hoaks Terkait Meteor Pernah Beredar di Media Sosial, Cek Daftarnya",Hoax,Liputan6 Cek Fakta
"Cek Saldo BPJSTK Aman dari Penipuan, Simak Caranya",Hoax,Liputan6 Cek Fakta
"Kumpulan Hoaks Terkait Peristiwa di Pati, Simak Daftarnya",Hoax,Liputan6 Cek Fakta
"Hoaks Undian Berhadiah dari Bank Beredar di Medsos, Simak Agar Tidak Tertipu",Hoax,Liputan6 Cek Fakta
"Deretan Hoaks Iringi Kasus Dugaan Ijazah Palsu Jokowi, Simak Faktanya",Hoax,Liputan6 Cek Fakta
"Link Pendaftaran Lowongan Kerja BUMN dan Instansi Pemerintah Ini Hoaks, Simak Daftarnya",Hoax,Liputan6 Cek Fakta
Cek Fakta: Tidak Benar Link Pendaftaran Undian Berhadiah Wondr BNI,Hoax,Liputan6 Cek Fakta
Cek Fakta: Tidak Benar Link Pendaftaran Peralihan BPJS Mandiri ke Gratis,Hoax,Liputan6 Cek Fakta
"Hoaks Catut Nama BPS Beredar di Media Sosial, dari Petugas Sensus hingga Gaji Warga Indone...",Hoax,Liputan6 Cek Fakta
"Ragam Hoaks Catut Nama Yusril Ihza Mahendra, Simak Daftarnya",Hoax,Liputan6 Cek Fakta
"Deretan Hoaks Catut Nama Alfamart, Simak Daftarnya",Hoax,Liputan6 Cek Fakta
Cek Fakta: Hoaks Link Pendaftaran CPNS Bea Cukai Periode April - Mei 2026,Hoax,Liputan6 Cek Fakta
14 Mei 2026 Libur Apa? Ini Jadwal Lengkap Hari Libur Nasional dan Cuti Bersama,Hoax,Liputan6 Cek Fakta
Cek Fakta: Hoaks Kemenag Mewajarkan Kasus Pencabulan Santri di Pati,Hoax,Liputan6 Cek Fakta
"Kumpulan Hoaks Bantuan Alat Pertanian, Simak Agar Terhindar dari Penipuan",Hoax,Liputan6 Cek Fakta
"Hoaks Bikin Anak Mudah Terkena Penyakit hingga Kematian, Simak Alasannya",Hoax,Liputan6 Cek Fakta
Cek Fakta: Tidak Benar Link Pendaftaran Petugas Sensus Ekonomi 2026 dari BPS,Hoax,Liputan6 Cek Fakta
"Daftar Lowongan Kerja Perusahaan BUMN yang Ternyata Hoaks, Cek Ragamnya",Hoax,Liputan6 Cek Fakta
"Diserang Hoaks, Menag Tegaskan Tak Ada Toleransi untuk Kekerasan Seksual",Hoax,Liputan6 Cek Fakta
Cek Fakta: Tidak Benar Link Pendaftaran Bantuan Alat Pertanian dan Bibit Perikanan 2026,Hoax,Liputan6 Cek Fakta
Cek Fakta: Tidak Benar Ini Link Pendaftaran Lowongan Kerja Pegawai Tetap PLN,Hoax,Liputan6 Cek Fakta
"Pendaftaran Lowongan Kerja Koperasi Desa Merah Putih Jadi Bahan Hoaks, Simak Daftarnya",Hoax,Liputan6 Cek Fakta
"Hoaks Rekrutmen ASN Makin Beragam, Simak Daftarnya",Hoax,Liputan6 Cek Fakta
Cek Fakta: Tidak Benar Ini Link Rekrutmen Manajer Koperasi Desa Merah Putih,Hoax,Liputan6 Cek Fakta
"Koperasi Desa Kerap Jadi Sasaran Hoaks, Simak Daftarnya",Hoax,Liputan6 Cek Fakta
"Ragam Hoaks Catut Nama Indomaret, Simak Daftarnya",Hoax,Liputan6 Cek Fakta
"Program Kemnaker Dijadikan Bahan Hoaks, Cek Daftarnya",Hoax,Liputan6 Cek Fakta
Cek Fakta: Hoaks Menteri Yusril Sebut Ijazah Jokowi Sudah Sah di Mata Hukum,Hoax,Liputan6 Cek Fakta
"Hoaks Berkedok PKH Makin Beragam, Simak Daftarnya",Hoax,Liputan6 Cek Fakta
"6 Hoaks Sepekan, Simak Ragamnya Biar Tak Jadi Korban",Hoax,Liputan6 Cek Fakta
Cek Fakta: Tidak Benar Link Pendaftaran Undian Berhadiah Bank BSI 2026,Hoax,Liputan6 Cek Fakta
"Deretan Hoaks Terkait Utang Negara, Simak Daftarnya",Hoax,Liputan6 Cek Fakta
"Deretan Hoaks Seputar Prabowo Umumkan Bantuan untuk Masyarakat, Simak Faktanya",Hoax,Liputan6 Cek Fakta
Cek Fakta: Tidak Benar Link Pendaftaran CPNS Kejaksaan 2026,Hoax,Liputan6 Cek Fakta
Cek Fakta: Tidak Benar Video Prabowo Umumkan Bantuan untuk Modal Usaha dan Bayar Utang,Hoax,Liputan6 Cek Fakta
"Cek Fakta: Tidak Benar Link Pendaftaran Bansos PKH Rp 1,7 Juta per Orang",Hoax,Liputan6 Cek Fakta
Cek Fakta: Tidak Benar Pemerintah Menggalang Dana untuk Bantu APBN Lunasi Utang,Hoax,Liputan6 Cek Fakta
"Jadwal Libur Mei 2026 Usai Hari Buruh, Simak Selengkapnya",Hoax,Liputan6 Cek Fakta
Cek Fakta: Klarifikasi Menteri Desa Bakal Tutup Indomaret - Alfamart Demi Koperasi Desa,Hoax,Liputan6 Cek Fakta
"Link Palsu Cek Bansos Kemensos Makin Beragam, Simak Akses Resmi Pendaftaran dan Periksa St...",Hoax,Liputan6 Cek Fakta
"Viral Tarif Listrik Naik Tanpa Pemberitahuan, Simak Faktanya dari PLN",Hoax,Liputan6 Cek Fakta
"Ragam Hoaks Seputar Menkeu Purbaya, dari Dana Hibah hingga Bantuan untuk Lansia",Hoax,Liputan6 Cek Fakta
"Kumpulan Hoaks Seputar Pendaftaran CPNS 2026, Cek Daftarnya",Hoax,Liputan6 Cek Fakta
"Deretan Hoaks Kuis Tebak Kata Berhadiah Ratusan Juta Rupiah, Simak Faktanya",Hoax,Liputan6 Cek Fakta
Cek Fakta: Hoaks Tautan Pendaftaran CPNS Kemenag 2026,Hoax,Liputan6 Cek Fakta
"Kumpulan Hoaks Terkait Kebijakan Menteri Agama, Simak Faktanya",Hoax,Liputan6 Cek Fakta
Cek Fakta: Tidak Benar Menteri Agama Larang Masyarakat Sembelih Hewan Kurban dan Diganti d...,Hoax,Liputan6 Cek Fakta
"Hoaks Berkedok Pendaftaran Bantuan Pemerintah Bisa Curi Data Pribadi, Simak Daftarnya",Hoax,Liputan6 Cek Fakta
"Viral Menteri Agama Larang Masyarakat Sembelih Hewan Kurban Mandiri, Simak Faktanya",Hoax,Liputan6 Cek Fakta
"Bank Daerah Kerap Dicatut Namanya untuk Penipuan, Simak Daftarnya",Hoax,Liputan6 Cek Fakta
Jadwal Tanggal Merah Mei 2026 Usai Hari Buruh: Siap-siap Libur Panjang!,Hoax,Liputan6 Cek Fakta
Waspada! Tips Terhindar dari Undian Berhadiah Palsu Catut Nama Bank Daerah yang Kian Marak,Hoax,Liputan6 Cek Fakta
"Waspada! Hoaks Penipuan Pembagian Bantuan Catut Nama Dedi Mulyadi di Medsos, Simak Daftarn...",Hoax,Liputan6 Cek Fakta
Cek Fakta: Dedi Mulyadi Gelar Kuis Tebak Kata Nama Kota Hadiah Ratusan Juta,Hoax,Liputan6 Cek Fakta
"Deretan Hoaks Seputar Undian Berhadiah Bank Daerah, Simak Faktanya",Hoax,Liputan6 Cek Fakta
"Jelang May Day, Simak Ragam Hoaks Seputar Buruh yang Pernah Beredar di Medsos",Hoax,Liputan6 Cek Fakta
Cek Fakta: Tidak Benar Link Pendaftaran Undian Berhadiah Bank Sulteng,Hoax,Liputan6 Cek Fakta
"Ragam Hoaks Seputar Hibah, Simak Daftarnya Agar Tak Terjebak",Hoax,Liputan6 Cek Fakta
"Deretan Hoaks yang Dikaitkan dengan Pajak, Simak Faktanya",Hoax,Liputan6 Cek Fakta
Tanggal 1 Mei Apakah Libur Nasional? Ini Penjelasan dan Sejarah Hari Buruh Internasional,Hoax,Liputan6 Cek Fakta
"OJK Dicatut Hoaks Hapus Tunggakan Pinjol, Simak Daftarnya",Hoax,Liputan6 Cek Fakta
Cek Fakta: Tidak Benar Video Menkeu Purbaya Umumkan Bantuan Dana Hibah,Hoax,Liputan6 Cek Fakta
"Jelang Hardiknas, Simak Ragam Hoaks Seputar Pendidikan yang Pernah Beredar di Medsos",Hoax,Liputan6 Cek Fakta
Cek Fakta: Tidak Benar OJK Hapus Data Nasabah Gagal Bayar Pinjol Mulai 28 April 2026,Hoax,Liputan6 Cek Fakta
"Deretan Hoaks Seputar Kurban yang Beredar di Media Sosial, Simak Faktanya",Hoax,Liputan6 Cek Fakta
Cek Fakta: Tidak Benar Menag Minta Warga Agar Kurban Dikelola Pemerintah daripada Potong S...,Hoax,Liputan6 Cek Fakta
"Jangan Asal Sebar Informasi Kecelakaan Kereta Bekasi Timur, Simak Alasannya",Hoax,Liputan6 Cek Fakta
"Kumpulan Video Hoaks, Awas Jebakan Penipuan Lewat Tawaran Menggiurkan",Hoax,Liputan6 Cek Fakta
"Kumpulan Hoaks Berbentuk Artikel Palsu Kerap Viral, Simak Faktanya",Hoax,Liputan6 Cek Fakta
"Bank BJB Jadi Bahan Hoaks, Simak Ragamnya untuk Hindari Penipuan",Hoax,Liputan6 Cek Fakta
"Ragam Hoaks Catut Nama Zulkifli Hasan, Simak Daftarnya",Hoax,Liputan6 Cek Fakta
"Deretan Hoaks Sasar Menteri di Kabinet Merah Putih, Siapa Saja?",Hoax,Liputan6 Cek Fakta
Cek Fakta: Tidak Benar Link Pendaftaran PKH Tahap 3 untuk Balita sampai Lansia,Hoax,Liputan6 Cek Fakta
Cek Fakta: Hoaks Menko Pangan Zulkifli Hasan Sebut Tugas Rakyat Hanya Bayar Pajak dan Tida...,Hoax,Liputan6 Cek Fakta
"Hoaks Promo Motor Murah Mencatut Pejabat Jadi Jebakan Penipuan, Simak Daftarnya",Hoax,Liputan6 Cek Fakta
"Kenali Penipuan Berkedok Bantuan Usaha, Simak Ragam Hoaksnya Biar Tak Jadi Korban",Hoax,Liputan6 Cek Fakta
"6 Hoaks Sepekan, Ungkap Fakta di Balik Kabar Palsu",Hoax,Liputan6 Cek Fakta
"Deretan Hoaks Seputar Alat dan Mesin Pertanian dari Kementan, Cek Daftarnya",Hoax,Liputan6 Cek Fakta
Cek Fakta: Tidak Benar Link Pendaftaran BLT UMKM 2026,Hoax,Liputan6 Cek Fakta
"Deretan Hoaks Seputar Zakat, Simak Daftarnya",Hoax,Liputan6 Cek Fakta
Cek Fakta: Tidak Benar Link Pendaftaran Bantuan Alat dan Mesin Pertanian 2026,Hoax,Liputan6 Cek Fakta
Jadwal Tanggal Merah Mei 2026: Siap-Siap Nikmati Libur Panjang!,Hoax,Liputan6 Cek Fakta
"Seleksi Manajer Koperasi Merah Putih Diumumkan, Simak Akses Resmi untuk Hindari Penipuan",Hoax,Liputan6 Cek Fakta
"Kumpulan Hoaks Catut Nama Prabowo Beredar di Media Sosial, Simak Faktanya",Hoax,Liputan6 Cek Fakta
Cek Fakta: Tidak Benar Menag Nasaruddin Umar Sebut Zakat dan Infak Kini Dikelola Pemerinta...,Hoax,Liputan6 Cek Fakta
"Hujan hingga Kemarau Jadi Bahan Hoaks Terkait Cuaca Terkini, Simak Daftar Faktanya",Hoax,Liputan6 Cek Fakta
Waspada! Ini Tips Terhindar dari Modus Pendaftaran Pembagian Bantuan Palsu,Hoax,Liputan6 Cek Fakta
"Deretan Hoaks Seputar Aksi Demo, dari Dalam Negeri hingga Dubai",Hoax,Liputan6 Cek Fakta
Kapan Libur dan Cuti Bersama Mei 2026? Ada Banyak Long Weekend Menanti,Hoax,Liputan6 Cek Fakta
"Kumpulan Hoaks Seputar LPG Bersubsidi, Simak Daftarnya",Hoax,Liputan6 Cek Fakta
Cek Fakta: Tidak Benar Video Prabowo Umumkan Promo Motor Murah Rp 600.000,Hoax,Liputan6 Cek Fakta
"Hoaks Terkini yang Mencatut Kementerian dan Lembaga Negara, Simak Daftarnya",Hoax,Liputan6 Cek Fakta
"Deretan Hoaks Seputar Sri Mulyani Beredar di Media Sosial, Simak Faktanya",Hoax,Liputan6 Cek Fakta
"SKB 3 Menteri Tetapkan Jadwal Libur dan Cuti Bersama Mei 2026, Siap-siap Nikmati Long Week...",Hoax,Liputan6 Cek Fakta
"Pemerintah Ungkap Hoaks Kesehatan Terviral Kedua di Masyarakat, Apa Langkah Pencegahannya?",Hoax,Liputan6 Cek Fakta
Cek Fakta: Tidak Benar Video Sri Mulyani Berbagi Rezeki untuk Masyarakat Sebesar Rp 60 Jut...,Hoax,Liputan6 Cek Fakta
Deretan Hoaks yang Dikaitkan dengan Kemenag: Batasi Takbiran hingga Pendaftaran Dana Hibah...,Hoax,Liputan6 Cek Fakta
Cek Fakta: Hoaks Artikel Demo Mahasiswa di Jakarta Tuntut Presiden dan Wapres Dimakzulkan ...,Hoax,Liputan6 Cek Fakta
"Deretan Hoaks Bantuan Ternak dari Pemerintah, Simak Agar Terhindar dari Penipuan",Hoax,Liputan6 Cek Fakta
"Awas Transportasi Umum Dijadikan Bahan Hoaks, Simak Daftarnya",Hoax,Liputan6 Cek Fakta
"Cara Daftar Kartu Lansia Jakarta, Simak Syarat untuk Mendapatkannya",Hoax,Liputan6 Cek Fakta
"Cek Fakta: Tidak Benar Link Pendaftaran Bantuan Bibit Ayam, Ikan, Kambing, dan Sapi",Hoax,Liputan6 Cek Fakta
"Hoaks Fenomena Bumi, Cek Ragamnya Biar Tak Terpengaruh",Hoax,Liputan6 Cek Fakta
"Deretan Hoaks Seputar BSU 2026, Simak Agar Tidak Jadi Korban Penipuan",Hoax,Liputan6 Cek Fakta
"Purbaya Dicatut Hoaks Pembagian Bantuan, Simak Ragamnya",Hoax,Liputan6 Cek Fakta
"Ragam Hoaks Seputar Rupiah, dari Pecahan 80 Ribu hingga Cara Deteksi Keaslian Uang",Hoax,Liputan6 Cek Fakta
Cek Fakta: Hoaks Link Pendaftaran BSU Kemnaker Periode April - Juni 2026,Hoax,Liputan6 Cek Fakta
"Hoaks Bikin Orang Takut Imunisasi, Begini Cara Kemenkes Memeranginya",Hoax,Liputan6 Cek Fakta
"Viral Kebijakan Kemenag Kas Masjid Dikelola Pemerintah, Simak Faktanya",Hoax,Liputan6 Cek Fakta
"Daftar Bank yang Dicatut Hoaks Pembagian Hadiah, Kenali Faktanya",Hoax,Liputan6 Cek Fakta
"Deretan Hoaks yang Dikaitkan dengan Patung, Simak Daftarnya",Hoax,Liputan6 Cek Fakta
"Kumpulan Hoaks Fenomena Hujan Meteor, Kenali Faktanya",Hoax,Liputan6 Cek Fakta
"Simak! Jadwal Cuti dan Libur Mei 2026, Siap-siap Nikmati Libur Panjang",Hoax,Liputan6 Cek Fakta
Cek Fakta: Hoaks Pemerintah akan Membentuk dan Mengelola Kas Masjid,Hoax,Liputan6 Cek Fakta
"Tautan Pendaftaran Subsidi Tepat Palsu Mengintai, Simak Cara Registrasi Resminya",Hoax,Liputan6 Cek Fakta
Cek Fakta: Hoaks Artikel Netanyahu akan Berikan Hadiah Bagi Tentara yang Rusak Patung Yesu...,Hoax,Liputan6 Cek Fakta
"Kumpulan Hoaks Aksi Kriminal Terkini, Simak Daftarnya",Hoax,Liputan6 Cek Fakta
Cek Fakta: Tidak Benar Anies Baswedan Umumkan Kuis Tebak Kata Berhadiah Rp 100 Juta,Hoax,Liputan6 Cek Fakta
"Kumpulan Hoaks Utang Pemerintah Indonesia, Simak Biar Tak Terpengaruh",Hoax,Liputan6 Cek Fakta
"Ragam Hoaks Sasar Brunei Darussalam, dari Isu Politik hingga Olahraga",Hoax,Liputan6 Cek Fakta
Cek Fakta: Tidak Benar Link Pendaftaran Rekrutmen Petugas Sensus Ekonomi Nasional 2026 dar...,Hoax,Liputan6 Cek Fakta
"Deretan Hoaks Seputar Pemutusan Hubungan Diplomatik Sejumlah Negara, Simak Faktanya",Hoax,Liputan6 Cek Fakta
Cek Fakta: Tidak Benar Link Ini Pendaftaran Bansos Ibu Hamil,Hoax,Liputan6 Cek Fakta
"Deretan Hoaks Catut Nama Polri, Simak Daftarnya",Hoax,Liputan6 Cek Fakta
"Ragam Hoaks Seputar Jaksa Agung, Diminta Jemput Jokowi hingga Pengangkatan Mahfud Md",Hoax,Liputan6 Cek Fakta
Cek Fakta: Tidak Benar Brunei Darussalam Putus Hubungan Diplomatik dengan Israel,Hoax,Liputan6 Cek Fakta
"Koperasi Desa Merah Putih Jadi Bahan Hoaks, Kenali Ragamnya",Hoax,Liputan6 Cek Fakta
"Cara Cek Bansos Lewat Aplikasi Resmi Kemensos, Simak untuk Hindari Penipuan",Hoax,Liputan6 Cek Fakta
"Hoaks Terkait Pajak Beredar di Medsos, Cek Daftarnya untuk Hindari Penipuan",Hoax,Liputan6 Cek Fakta
"Kumpulan 6 Hoaks Sepekan, Awas Ada Jebakan Penipuan Lowongan Kerja",Hoax,Liputan6 Cek Fakta
"Kumpulan Hoaks Seputar Undian Berhadiah Catut Nama Bank Daerah, Cek Faktanya",Hoax,Liputan6 Cek Fakta
"Ancol Jadi Sasaran Hoaks, Simak Daftarnya",Hoax,Liputan6 Cek Fakta
Cek Fakta: Tidak Benar Link Pendaftaran Undian Berhadiah Bank BPD DIY,Hoax,Liputan6 Cek Fakta
"Deretan Hoaks Sertifikat Tanah Gratis Beredar di Media Sosial, Simak Faktanya",Hoax,Liputan6 Cek Fakta
"Kumpulan Hoaks Berbentuk Pesan Berantai, dari Isu Kesehatan hingga Kriminal",Hoax,Liputan6 Cek Fakta
"Jadwal Libur Mei 2026: Ada Banyak Long Weekend Menanti, Siap-siap Rencanakan Liburan!",Hoax,Liputan6 Cek Fakta
Cek Fakta: Hoaks Pesan Berantai dari Polri Terkait Modus Baru Kejahatan Anak Kecil Menangi...,Hoax,Liputan6 Cek Fakta
Cek Fakta: Tidak Benar Link Pendaftaran Pemutihan Sertifikat Tanah Gratis 2026,Hoax,Liputan6 Cek Fakta
"Hoaks Cek Status Bansos PKH BPNT 2026 Beredar, Simak Cara Resmi untuk Hindari Penipuan",Hoax,Liputan6 Cek Fakta
"Daftar Lowongan Kerja Pertamina yang Ternyata Hoaks, Kenali Faktanya",Hoax,Liputan6 Cek Fakta
"Guru Jadi Sasaran Hoaks, Cek Daftarnya untuk Hindari Jebakan Penipuan",Hoax,Liputan6 Cek Fakta
"Viral Kemarau 2026 Terparah Dalam 30 Tahun Terakhir, Simak Fakta dari BMKG",Hoax,Liputan6 Cek Fakta
"KFC Dijadikan Bahan Hoaks, Cek Daftarnya",Hoax,Liputan6 Cek Fakta
"Sektor Pertanian Jadi Sasaran Hoaks, Simak Daftarnya",Hoax,Liputan6 Cek Fakta
"Kumpulan Hoaks Terkait Musim Kemarau, Simak Daftarnya",Hoax,Liputan6 Cek Fakta
"Jadwal Tanggal Merah Mei 2026, Ada Libur Panjang Menanti",Hoax,Liputan6 Cek Fakta
"Korlantas Polri: Pemutihan Pajak Gratis Secara Online Cuma Hoaks, Masyarakat Harus Waspada",Hoax,Liputan6 Cek Fakta
"Ragam Hoaks Mundurnya Pejabat, dari Anggota Dewan hingga Presiden AS",Hoax,Liputan6 Cek Fakta
Cek Fakta: Tidak Benar Link untuk Cek Bansos PKH Tahap 4 Tahun 2026,Hoax,Liputan6 Cek Fakta
"Waspada Hoaks Rekrutmen Pegawai Koperasi Desa Merah Putih, Kenali Modus Penipuannya",Hoax,Liputan6 Cek Fakta
Cek Fakta: Tidak Benar Link Pendaftaran Petani Milenial 2026 dari Kementan,Hoax,Liputan6 Cek Fakta
"Ragam Hoaks Dana Bantuan untuk Umat Muslim dan Non Muslim, dari Australia hingga China",Hoax,Liputan6 Cek Fakta
"BMKG Jadi Sasaran Hoaks yang Bisa Timbulkan Kepanikan, Simak Faktanya",Hoax,Liputan6 Cek Fakta
"Hoaks Berkedok Cek PIP, Simak Cara Resmi untuk Hindari Penipuan",Hoax,Liputan6 Cek Fakta
Kapan Idul Adha 2026 Berdasar SKB 3 Menteri? Simak Penjelasannya,Hoax,Liputan6 Cek Fakta
Cek Fakta: Hoaks Dana Bantuan DAP dari China untuk Umat Hindu di Indonesia,Hoax,Liputan6 Cek Fakta
Cek Fakta: Klarifikasi BMKG Sebut Tahun 2026 Bakal Jadi Musim Kemarau Terparah dalam 30 Ta...,Hoax,Liputan6 Cek Fakta
"Link Pendaftaran CPNS 2026 Hoaks Beredar, Simak Cara Resmi Mendaftarnya",Hoax,Liputan6 Cek Fakta
Cek Fakta: Tidak Benar Link Pendaftaran Bantuan Insentif Guru ASN dan Honorer,Hoax,Liputan6 Cek Fakta
"Kumpulan Hoaks Pendaftaran Petugas Haji yang Beredar di Media Sosial, Cek Daftarnya",Hoax,Liputan6 Cek Fakta
"Deretan Hoaks Seputar Pendaftaran Pegawai Koperasi Desa Merah Putih, Simak Faktanya",Hoax,Liputan6 Cek Fakta
Cek Fakta: Tidak Benar Link Pendaftaran Rekrutmen Pegawai Koperasi Desa Merah Putih 2026,Hoax,Liputan6 Cek Fakta
"Kenali Ragam Hoaks Terkait Pertamina, Awas Ada Jebakan yang Merugikan",Hoax,Liputan6 Cek Fakta
Meta Didesak Filipina untuk Tindak Konten Hoaks dan Provokatif,Hoax,Liputan6 Cek Fakta
"Hoaks Terkait TransJakarta, Simak Daftarnya",Hoax,Liputan6 Cek Fakta
"Kumpulan Hoaks Pendaftaran CPNS 2026 yang Beredar di Medsos, Simak Faktanya",Hoax,Liputan6 Cek Fakta
"Kumpulan Artikel Hoaks yang Sempat Viral di Masyarakat, Simak Daftarnya",Hoax,Liputan6 Cek Fakta
Cek Fakta: Tidak Benar Donald Trump Mengundurkan Diri dari Jabatan Presiden AS pada 1 Apri...,Hoax,Liputan6 Cek Fakta
Cek Fakta: Tidak Benar Ini Link Pendaftaran Lowongan Kerja BUMN di Pertamina,Hoax,Liputan6 Cek Fakta
"Deretan Hoaks Sasar Anies Baswedan, Simak Daftarnya",Hoax,Liputan6 Cek Fakta
"Kumpulan Hoaks Lowongan Kerja Freeport Indonesia, Kenali Ragam Faktanya",Hoax,Liputan6 Cek Fakta
Cek Fakta: Hoaks Artikel Jokowi Serukan untuk Menggulingkan Presiden Prabowo,Hoax,Liputan6 Cek Fakta
Cek Fakta: Hoaks Tautan Pendaftaran CPNS Kemenkeu 2026,Hoax,Liputan6 Cek Fakta
"Kumpulan Hoaks Catut Nama Mahfud Md yang Beredar di Medsos, Simak Daftarnya",Hoax,Liputan6 Cek Fakta
Cek Fakta: Tidak Benar Akun TikTok Pertamina Patra Niaga untuk Pendaftaran Pangkalan LPG B...,Hoax,Liputan6 Cek Fakta
Cek Fakta: Tidak Benar Video Mahfud Md Umumkan Bantuan Modal Usaha Rp 100 Juta,Hoax,Liputan6 Cek Fakta
"Kumpulan Hoaks Bantuan Dana Hibah dari Arab Saudi yang Beredar di Medsos, Cek Faktanya",Hoax,Liputan6 Cek Fakta
Cek Fakta: Tidak Benar Tautan Pendaftaran Petugas Haji 2026,Hoax,Liputan6 Cek Fakta
Cek Fakta: Hoaks Dirjen Bimas Islam Kemenag Umumkan Hibah dari Arab Saudi untuk 500 Orang,Hoax,Liputan6 Cek Fakta
Cek Fakta: Tidak Benar Ini Link Pendaftaran Lowongan Kerja Freeport Indonesia,Hoax,Liputan6 Cek Fakta
"Hindari Penipuan Rekrutmen PKWT BI 2026, Simak Cara Resmi Daftarnya",Hoax,Liputan6 Cek Fakta
"Daftar Hoaks Terkait Penghematan Listrik, Simak Biar Tak Terkecoh",Hoax,Liputan6 Cek Fakta
"Ragam Hoaks Terkait Pesawat Tempur yang Pernah Beredar di Medsos, Simak Faktanya",Hoax,Liputan6 Cek Fakta
"Daftar 6 Hoaks Sepekan, Awas Ada Jebakan yang Merugikan",Hoax,Liputan6 Cek Fakta
"Kumpulan Hoaks Gunakan AI yang Catut Nama Menteri, Simak Faktanya",Hoax,Liputan6 Cek Fakta
"Waspada Hoaks Pembagian Dana Bantuan Catut Nama Ditjen Bimas Kristen, Simak Agar Tak Terje...",Hoax,Liputan6 Cek Fakta
Cek Fakta: Hoaks Menlu Iran Abbas Araghchi Sebut Presiden Prabowo sebagai Pecundang,Hoax,Liputan6 Cek Fakta
"Deretan Hoaks Sasar Donald Trump, dari Video hingga Cuitan Palsu",Hoax,Liputan6 Cek Fakta
Cek Fakta: Tidak Benar Video Mentan Amran Umumkan Bantuan Dana untuk Modal Usaha,Hoax,Liputan6 Cek Fakta
"Lowongan Kerja Pegadaian Jadi Bahan Hoaks, Kenali Modus Penipuannya",Hoax,Liputan6 Cek Fakta
Cek Fakta: Hoaks Artikel Anies Baswedan Serukan untuk Menggulingkan Presiden Prabowo,Hoax,Liputan6 Cek Fakta
Cek Fakta: Tidak Benar Link Pendaftaran Seleksi Calon Anggota BPKN Periode 2027–2030,Hoax,Liputan6 Cek Fakta
Cek Fakta: Tidak Benar Bahlil Sebut PLN Rugi karena Masyarakat Tidak Bisa Hemat Listrik,Hoax,Liputan6 Cek Fakta
"Waspada Penipuan Rekrutmen BI, Kenali Panduan Lengkap Jalur Resmi agar Tak Jadi Korban",Hoax,Liputan6 Cek Fakta
"Badan Gizi Nasional Jadi Sasaran Hoaks, Cek Ragamnya",Hoax,Liputan6 Cek Fakta
"TASPEN Dijadikan Jebakan Penipuan Incar Pensiunan dan ASN, Simak Ragam Modusnya",Hoax,Liputan6 Cek Fakta
Cek Fakta: Tidak Benar Bahlil Dorong PLN Naikkan Harga Token Listrik agar Rakyat Belajar H...,Hoax,Liputan6 Cek Fakta
"Ragam Hoaks Motor Listrik, Cek Faktanya",Hoax,Liputan6 Cek Fakta
"Hoaks Seputar Lowongan Pekerjaan yang Beredar di Medsos, Simak Daftarnya",Hoax,Liputan6 Cek Fakta
"Kumpulan Hoaks yang Menerpa Wapres Gibran Hasil AI, Simak Faktanya",Hoax,Liputan6 Cek Fakta
Cek Fakta: Tidak Benar Link Pendaftaran Rekrutmen Tenaga Pendamping Masyarakat di Kementer...,Hoax,Liputan6 Cek Fakta
"Ragam Hoaks Seputar Dedi Mulyadi, dari Tebus Motor Murah hingga Bagi-Bagi Bantuan",Hoax,Liputan6 Cek Fakta
Cek Fakta: Tidak Benar Video Dedi Mulyadi Sampaikan Tebus Motor Murah Rp 400 Ribu,Hoax,Liputan6 Cek Fakta
Cek Fakta: Tidak Benar Bahlil Wajibkan Rakyat Indonesia Pakai Motor Listrik,Hoax,Liputan6 Cek Fakta
"Kereta Cepat Whoosh Jadi Sasaran Hoaks, Simak Ragamnya",Hoax,Liputan6 Cek Fakta
"Kumpulan Hoaks Seputar Prabowo yang Beredar di Media Sosial, dari Dana Bantuan hingga MBG",Hoax,Liputan6 Cek Fakta
"Deretan Hoaks Bantuan Budidaya Ikan, Simak Agar Terhindar dari Penipuan",Hoax,Liputan6 Cek Fakta
Cek Fakta: Tidak Benar Video Prabowo Umumkan Bantuan Dana untuk Masyarakat yang Membutuhka...,Hoax,Liputan6 Cek Fakta
"Bea Cukai Dijadikan Bahan Hoaks, Cek Daftarnya untuk Hindari Jeratan Penipuan",Hoax,Liputan6 Cek Fakta
"Ragam Modus Penipuan Digital Terbaru, Awas Jebakannya Makin Canggih",Hoax,Liputan6 Cek Fakta
"Awas Jebakan Hoaks Program Bantuan untuk Lansia, Simak Daftarnya",Hoax,Liputan6 Cek Fakta
Cek Fakta: Tidak Benar Link Pendaftaran Bantuan Budidaya Ikan Air Tawar Gratis,Hoax,Liputan6 Cek Fakta
"Hoaks Cek Status Bansos Online Makin Marak, Simak Ragamnya",Hoax,Liputan6 Cek Fakta
"Ragam Hoaks Catut Nama Prabowo - Gibran, dari Token Listrik hingga Pembagian Buku",Hoax,Liputan6 Cek Fakta
"Pemerintah Tetapkan Jadwal Cuti Bersama Mei 2026, Dua Libur Panjang Menanti",Hoax,Liputan6 Cek Fakta
"Hoaks Seputar Lebanon yang Pernah Beredar di Media Sosial, Simak Faktanya",Hoax,Liputan6 Cek Fakta
Cek Fakta: Hoaks Donald Trump Unggah Cuitan Marah ke Indonesia Terkait Konflik dengan Iran,Hoax,Liputan6 Cek Fakta
Cek Fakta: Hoaks Cara Pendaftaran Bantuan Dana dari Ditjen Bimas Kristen,Hoax,Liputan6 Cek Fakta
Cek Fakta: Tidak Benar Link Pendaftaran Bantuan Token Listrik Rp 700 Ribu dari Prabowo-Gib...,Hoax,Liputan6 Cek Fakta
"Menteri Bahlil Lahadalia Kerap jadi Sasaran Hoaks, Simak Faktanya",Hoax,Liputan6 Cek Fakta
Cek Fakta: Tidak Benar Ini Link Pendaftaran Bantuan APBN untuk Sektor Pertanian 2026,Hoax,Liputan6 Cek Fakta
Prabowo Sebut Hoaks Ancaman yang Dapat Merusak Negara,Hoax,Liputan6 Cek Fakta
"Hoaks Krisis Energi Menyebar Luas, Pemerintah Malaysia Beri Tindakan Tegas",Hoax,Liputan6 Cek Fakta
"Mantan Presiden Jokowi Masih Kerap Diserang Hoaks, Simak Daftarnya",Hoax,Liputan6 Cek Fakta
"Awas Penipuan Rekrutmen KAI, Begini Cara Kenali Modusnya",Hoax,Liputan6 Cek Fakta
"Cek Penerima PKH Dijadikan Bahan Hoaks, Simak Panduan Resmi Biar Tak Terjebak Penipuan",Hoax,Liputan6 Cek Fakta
"Ragam Hoaks Catut Nama Habiburokhman, Simak Daftarnya",Hoax,Liputan6 Cek Fakta
Cek Fakta: Hoaks Artikel Bahlil akan Denda Rakyat Rp 20 Juta Bagi yang Tak Matikan Kulkas ...,Hoax,Liputan6 Cek Fakta
"Modus Penipuan Lewat Hoaks yang Mencatut Tokoh Terkenal, Simak Daftarnya",Hoax,Liputan6 Cek Fakta
"Marak Hoaks Seputar Pemutihan Pajak Kendaraan, Simak Daftarnya untuk Hindari Jebakan Penip...",Hoax,Liputan6 Cek Fakta
"6 Hoaks yang Beredar Sepekan, dari Bantuan sampai Isu Global",Hoax,Liputan6 Cek Fakta
"Presiden Prabowo Kerap Jadi Sasaran Hoaks, Simak Faktanya",Hoax,Liputan6 Cek Fakta
"Cara Cek Penerima Bansos Online, Simak untuk Kenali Penipuan",Hoax,Liputan6 Cek Fakta
Cek Fakta: Tidak Benar Ini Klaim Link Pendaftaran Pemutihan Pajak Kendaraan 2026,Hoax,Liputan6 Cek Fakta
"Kumpulan Hoaks yang Dikaitkan dengan Masjid, Simak Daftarnya",Hoax,Liputan6 Cek Fakta
"Deretan Hoaks Catut Nama Dedi Mulyadi, Simak Faktanya",Hoax,Liputan6 Cek Fakta
"Lowongan Kerja Pos Indonesia Palsu Beredar Dalam Berbagai Bentuk, Simak Jalur Resmi Rekrut...",Hoax,Liputan6 Cek Fakta
Cek Fakta: Hoaks Artikel Presiden Prabowo Minta Polisi Tutup Semua Masjid Jelang Lebaran k...,Hoax,Liputan6 Cek Fakta
"Ragam Hoaks Haji 2026, dari Keberangkatan Gratis hingga Pendaftaran Petugas",Hoax,Liputan6 Cek Fakta
Cek Fakta: Tidak Benar Link Pendaftaran CPNS dan PPPK 2026,Hoax,Liputan6 Cek Fakta
"Tiktok Terbanyak Memuat Konten Disinformasi, Topik Kesehatan Teratas",Hoax,Liputan6 Cek Fakta
"Deretan Hoaks Terbaru yang Catut Nama Menkeu Purbaya, Simak Faktanya",Hoax,Liputan6 Cek Fakta
"Deretan Hoaks Sasar PM Israel, Simak Daftarnya",Hoax,Liputan6 Cek Fakta
"Kumpulan Video Hoaks Promosi Situs Judol Catut Tokoh Ternama, dari Selebriti hingga Gubern...",Hoax,Liputan6 Cek Fakta
Cek Fakta: Hoaks Video Menkeu Purbaya Umumkan Bantuan untuk Lansia,Hoax,Liputan6 Cek Fakta
Cek Fakta: Hoaks Video Gubernur Jawa Barat Dedi Mulyadi Promosi Situs Judol,Hoax,Liputan6 Cek Fakta
"Israel Jadi Sasaran Hoaks, Cek Daftarnya",Hoax,Liputan6 Cek Fakta
"Hoaks Gunakan AI Makin Marak, Simak Cara Menghindarinya",Hoax,Liputan6 Cek Fakta
"Deretan Hoaks yang Dikaitkan dengan Peristiwa di Dubai, Simak Daftarnya",Hoax,Liputan6 Cek Fakta
Catat! Jadwal Libur Mei 2026 Lengkap dengan Cuti Bersama,Hoax,Liputan6 Cek Fakta
Cek Fakta: Hoaks Artikel PM Israel Ajak Suku Batak Ikuti Program Wajib Militer,Hoax,Liputan6 Cek Fakta
"Ragam Hoaks Serang Fasilitas dan Pejabat AS, Simak Faktanya",Hoax,Liputan6 Cek Fakta
"Cara Daftar Subsidi Tepat MyPertamina, Simak Langkahnya untuk Hindari Link Pendaftaran Pal...",Hoax,Liputan6 Cek Fakta
Cek Fakta: Tidak Benar Dalam Video Ini Masyarakat Dubai Demo Tuntut Pengusiran Pangkalan M...,Hoax,Liputan6 Cek Fakta
"Penerima Bansos PKH Bisa Cek Status dengan Mudah, Simak untuk Hindari Penipuan",Hoax,Liputan6 Cek Fakta
"Kumpulan Hoaks Seputar BSU 2026 yang Beredar di Media Sosial, Simak Faktanya",Hoax,Liputan6 Cek Fakta
Cek Fakta: Tidak Benar Tautan untuk Daftar Bantuan Traktor dari Kementan,Hoax,Liputan6 Cek Fakta
"Deretan Hoaks di Media Sosial yang Gunakan AI, Simak Daftarnya",Hoax,Liputan6 Cek Fakta
"Ragam Hoaks Pendaftaran CPNS 2026, dari Kementerian Imigrasi hingga Kemenkes",Hoax,Liputan6 Cek Fakta
"Ragam Hoaks yang Catut Nama Gibran, dari Promo Motor Murah hingga Bantuan Dana",Hoax,Liputan6 Cek Fakta
"Kumpulan Hoaks Bantuan Pemerintah, Simak untuk Hindari Penipuan",Hoax,Liputan6 Cek Fakta
"Deretan Hoaks Sasar Kepala KSP M Qodari, Simak Faktanya",Hoax,Liputan6 Cek Fakta
Cek Fakta: Tidak Benar Tautan Pendaftaran BSU 2026 Sebesar Rp 600.000,Hoax,Liputan6 Cek Fakta
"IFCN Rilis Laporan Tahunan Pemeriksa Fakta, Pendanaan Jadi Tantangan Terbesar",Hoax,Liputan6 Cek Fakta
Cek Fakta: Tidak Benar Video Wapres Gibran Umumkan Tebus Murah Motor Rp 600 Ribu,Hoax,Liputan6 Cek Fakta
"Libur Panjang Bakal Kembali Pekan Ini, Cek Jadwalnya",Hoax,Liputan6 Cek Fakta
Cek Fakta: Hoaks Artikel Kepala KSP M Qodari Sebut Wapres Gibran Penuhi Syarat Jadi Nabi,Hoax,Liputan6 Cek Fakta
"Hoaks Seputar Gempa dan Tsunami Pernah Beredar di Media Sosial, Cek Faktanya",Hoax,Liputan6 Cek Fakta
"Daftar Lowongan Kerja Sektor Migas yang Ternyata Hoaks, Simak Biar Tak Jadi Korban Penipua...",Hoax,Liputan6 Cek Fakta
"Awas Jebakan Foto Hoaks, Simak Daftarnya",Hoax,Liputan6 Cek Fakta
Waspada Modus Penipuan Link Website Palsu yang Mencatut BRI,Hoax,Liputan6 Cek Fakta
"Tarif Listrik April-Juni 2026, Cek Rincian Golongan Pelanggan di Sini",Hoax,Liputan6 Cek Fakta
Cek Fakta: Hoaks Link Pendaftaran CPNS Kementerian Imigrasi 2026 Usia Maksimal 45 Tahun,Hoax,Liputan6 Cek Fakta
"Hoaks Seputar ASN Beredar di Medsos, dari Iuran BPJS hingga Pakaian Dinas",Hoax,Liputan6 Cek Fakta
IFCN Dukung Meta Kembali Kolaborasi dengan Pemeriksa Fakta di AS,Hoax,Liputan6 Cek Fakta
"Deretan Hoaks Seputar Lowongan Kerja yang Beredar di Medsos, Simak Faktanya",Hoax,Liputan6 Cek Fakta
"Jadwal Libur Long Weekend April 2026 Berdasarkan SKB 3 Menteri, Simak Detailnya",Hoax,Liputan6 Cek Fakta
Dewan Pengawas Meta Sebut Perluasan Fitur Catatan Komunitas Berisiko Besar,Hoax,Liputan6 Cek Fakta
Cek Fakta: Tidak Benar Link Pendaftaran Lowongan Kerja di PT Pegadaian 2026,Hoax,Liputan6 Cek Fakta
"Penipuan Cek Bansos Kian Marak, Simak Cara Resmi untuk Periksa Status Penerimanya",Hoax,Liputan6 Cek Fakta
"Kumpulan Hoaks Token Listrik PLN, dari Dibagikan Gratis sampai Diusulkan Naik",Hoax,Liputan6 Cek Fakta
"Kumpulan Hoaks Pemberian Bantuan Catut Nama Mahfud Md, Cek Daftarnya",Hoax,Liputan6 Cek Fakta
"Deretan Hoaks Seputar Pertalite Beredar di Media Sosial, Simak Faktanya",Hoax,Liputan6 Cek Fakta
Cek Fakta: Hoaks Link Pendaftaran BLT UMKM dengan Batas Akhir 1 April 2026,Hoax,Liputan6 Cek Fakta
Cek Fakta: Tidak Benar Video Mahfud Md Mengumumkan Bantuan Modal Usaha,Hoax,Liputan6 Cek Fakta
"6 Hoaks Sepekan, Waspadai Ragam Bantuan hingga Peristiwa Mudik",Hoax,Liputan6 Cek Fakta
"Deretan Hoaks Seputar PKH dan BPNT, Simak Faktanya Agar Terhindar dari Penipuan",Hoax,Liputan6 Cek Fakta
Cek Fakta: Tidak Benar Ini Link Pendaftaran Token Listrik Gratis Rp 750 Ribu untuk Pelangg...,Hoax,Liputan6 Cek Fakta
"Kumpulan Hoaks Seputar Jusuf Kalla yang Beredar di Media Sosial, Cek Faktanya",Hoax,Liputan6 Cek Fakta
Cek Fakta: Tidak Benar Link Cek Bansos PKH dan BPNT yang Cair Maret-April 2026,Hoax,Liputan6 Cek Fakta
Cek Fakta: Tidak Benar Jusuf Kalla Terbang ke Iran untuk Upaya Perdamaian,Hoax,Liputan6 Cek Fakta
"Rekrutmen ASN Jadi Bahan Hoaks, Cek Ragam Modus Penipuannya Sebelum Tergiur",Hoax,Liputan6 Cek Fakta
"Hoaks Pengisian BBM, Simak Daftarnya Biar Tak Terpengaruh",Hoax,Liputan6 Cek Fakta
"Daftar Video Hoaks Terkini, Awas Ada yang Gunakan AI",Hoax,Liputan6 Cek Fakta
Cek Fakta: Tidak Benar Ini Link Pendaftaran BLT Periode Maret-Juli,Hoax,Liputan6 Cek Fakta
"John Cena Jadi Sasaran Hoaks, Simak Daftarnya",Hoax,Liputan6 Cek Fakta
"Kumpulan Hoaks Terkait Arab Saudi, dari Konflik Global hingga Dana Hibah",Hoax,Liputan6 Cek Fakta
"Kumpulan Hoaks yang Dikaitkan dengan Monas, Cek Daftarnya",Hoax,Liputan6 Cek Fakta
"Deretan Hoaks Seputar Haji 2026 yang Beredar di Medsos, Simak Faktanya",Hoax,Liputan6 Cek Fakta
"Ragam Hoaks Catut Nama Menkeu Purbaya, dari Audit SIM hingga Bantuan THR",Hoax,Liputan6 Cek Fakta
Cek Fakta: Tidak Benar Video Menag Nasaruddin Umumkan Dana Hibah Arab Saudi untuk Masyarak...,Hoax,Liputan6 Cek Fakta
"Ragam Hoaks Pendaftaran SPPI Beredar di Media Sosial, Cek Faktanya",Hoax,Liputan6 Cek Fakta
Cek Fakta: Hoaks Link Pendaftaran Rekrutmen 30.000 SPPI Koperasi Desa Merah Putih 2026,Hoax,Liputan6 Cek Fakta
"Cek Fakta: Tidak Benar Link Pendaftaran Bantuan Sapi, Kambing, dan Ayam dari Kementan",Hoax,Liputan6 Cek Fakta
"Kumpulan Hoaks Seputar BBM Beredar di Media Sosial, Simak Daftarnya",Hoax,Liputan6 Cek Fakta
Cek Fakta: Tidak Benar Link Pendaftaran CPNS Polsuspas 2026,Hoax,Liputan6 Cek Fakta
"Kumpulan Hoaks Kondisi Mudik, Simak Faktanya",Hoax,Liputan6 Cek Fakta
Cek Fakta: Tidak Benar Link Pendaftaran Haji Gratis 2026 untuk Keberangkatan 2027,Hoax,Liputan6 Cek Fakta
"Penipuan Lapor SPT Mengintai Wajib Pajak, Kenali Ciri dan Cara Menghindarinya",Hoax,Liputan6 Cek Fakta
Cek Fakta: Tidak Benar Dalam Video Ini Keadaan Kedubes AS di Riyadh Arab Saudi,Hoax,Liputan6 Cek Fakta
BGN Sebut Isu Siswa Dipaksa Ambil MBG saat Pembelajaran Daring Hoaks,Hoax,Liputan6 Cek Fakta
"Awas Penipuan Pendaftaran PPPK, Simak Tips Hindarinya Biar Tak Jadi Korban",Hoax,Liputan6 Cek Fakta
"6 Hoaks yang Beredar di Media Sosial, Simak Biar Tak Terkecoh",Hoax,Liputan6 Cek Fakta
"Panduan Rekrutmen Polri, Simak Cara Daftar dan Tips Hindari Penipuan",Hoax,Liputan6 Cek Fakta
Cek Fakta: Dalam Foto Ini Bukan Bus Pemudik Masuk Jurang,Hoax,Liputan6 Cek Fakta
"Panduan Pendaftaran SNBT 2026: Jadwal, Cara Daftar, dan Tips Hindari Penipuan",Hoax,Liputan6 Cek Fakta
"Hoaks Seputar Yaqut Cholil Qoumas Beredar di Media Sosial, Cek Faktanya",Hoax,Liputan6 Cek Fakta
"Deretan Hoaks Catut Nama Presiden RI, dari Prabowo hingga SBY",Hoax,Liputan6 Cek Fakta
"Timnas Indonesia Diterpa Sejumlah Hoaks di Media Sosial, Simak Daftarnya",Hoax,Liputan6 Cek Fakta
Cek Fakta: Tidak Benar Video Ini Prabowo Subianto Umumkan Beri Bantuan Rp 50 Juta,Hoax,Liputan6 Cek Fakta
"Hoaks Seputar Bansos PKH yang Beredar di Media Sosial, Simak Daftarnya",Hoax,Liputan6 Cek Fakta
"Kumpulan Hoaks Catut Nama Prabowo Subianto yang Beredar di Media Sosial, Cek Faktanya",Hoax,Liputan6 Cek Fakta
"Harga Emas Melemah, Simak Deretan Hoaks Seputar Logam Mulia Ini yang Beredar di Media Sosi...",Hoax,Liputan6 Cek Fakta
Cek Fakta: Tidak Benar Link untuk Mengecek Status Bansos PKH Via Telegram,Hoax,Liputan6 Cek Fakta
"Menteri Bahlil Kerap Jadi Sasaran Hoaks, Simak Faktanya",Hoax,Liputan6 Cek Fakta
Jadwal Libur April 2026 Berdasarkan SKB 3 Menteri: Ada Long Weekend Lagi,Hoax,Liputan6 Cek Fakta
"Kumpulan Hoaks Sasar Eks Wapres Ma'ruf Amin, Simak Faktanya",Hoax,Liputan6 Cek Fakta
"Deretan Hoaks Seputar BBM yang Sempat Resahkan Masyarakat, Simak Daftarnya",Hoax,Liputan6 Cek Fakta
"Hoaks Memanfaatkan AI Semakin Canggih, Simak Daftarnya",Hoax,Liputan6 Cek Fakta
"Ragam Modus Penipuan yang Beredar saat Lebaran Idul Fitri, Simak Biar Tak Jadi Korban",Hoax,Liputan6 Cek Fakta
"Daftar Pejabat yang Dijadikan Bahan Hoaks, Kenali Faktanya",Hoax,Liputan6 Cek Fakta
"Waspada Penipuan Pajak Mengatasnamakan Petugas DJP, Simak Ragam Modusnya",Hoax,Liputan6 Cek Fakta
"Kumpulan Hoaks Catut Nama Menag Nasaruddin Umar Beredar di Medsos, Cek Daftarnya",Hoax,Liputan6 Cek Fakta
"Ragam Hoaks Terkait Idul Fitri yang Beredar di Media Sosial, Simak Faktanya",Hoax,Liputan6 Cek Fakta
Cek Fakta: Tidak Benar Video Menag Nasaruddin Umar Beri Bantuan Rp 40 Juta,Hoax,Liputan6 Cek Fakta
Cek Fakta: Tidak Benar Link Pendaftaran Bantuan Alat Pertanian 2026,Hoax,Liputan6 Cek Fakta
"Waspada Jebakan Hoaks Manfaatkan Momen Ramadan, Simak Daftarnya",Hoax,Liputan6 Cek Fakta
"Hoaks Zakat untuk Mendanai Program Pemerintah Terus Beredar, Simak Daftarnya",Hoax,Liputan6 Cek Fakta
"Daftar Hoaks Terkait Harga BBM dan Listrik, Awas Terpengaruh Informasi Palsu",Hoax,Liputan6 Cek Fakta
"Kumpulan Hoaks yang Mencatut Program Mudik Perusahaan BUMN, Simak Daftarnya",Hoax,Liputan6 Cek Fakta
"Deretan Hoaks yang Dikaitkan dengan Yaqut Cholil Qoumas, Simak Daftarnya",Hoax,Liputan6 Cek Fakta
Cek Fakta: Hoaks Artikel Ma'ruf Amin Sebut Zakat Tidak Masalah Digunakan untuk MBG,Hoax,Liputan6 Cek Fakta
Jadwal Cuti Bersama Lebaran 2026: Libur Panjang hingga 7 Hari!,Hoax,Liputan6 Cek Fakta
Cek Fakta: Hoaks Artikel Habiburokhman Sebut Jokowi Terlibat Penyiraman Air Keras Aktivis ...,Hoax,Liputan6 Cek Fakta
"Deretan Hoaks Sasar Presiden AS Donald Trump, Simak Daftarnya",Hoax,Liputan6 Cek Fakta
Catat! Daftar Tanggal Merah Maret 2026 dan Cuti Bersama yang Wajib Kamu Tahu,Hoax,Liputan6 Cek Fakta
Cek Fakta: Hoaks Artikel Yaqut Sebut Bahlil Serahkan Uang Minyak Pertamina ke Jokowi 5 Tri...,Hoax,Liputan6 Cek Fakta
Cek Fakta: Satir Harga BBM di Pulau Jawa dan Bali Berubah pada 9 Maret 2026,Hoax,Liputan6 Cek Fakta
"Waspada Hoaks Mencatut Pertamina, Simak Kumpulannya Biar Tak Terpengaruh",Hoax,Liputan6 Cek Fakta
"6 Hoaks yang Beredar di Media Sosial, dari Iran-Israel sampai MBG",Hoax,Liputan6 Cek Fakta
Cek Fakta: Tidak Benar Ini Link Pendaftaran Mudik Gratis Pertamina 2026,Hoax,Liputan6 Cek Fakta
"Diskon Tarif Tol 30 Persen untuk Lebaran 2026, Simak Daftar Ruasnya",Hoax,Liputan6 Cek Fakta
"Hoaks Produk Makanan Mengandung Babi, Simak Daftarnya",Hoax,Liputan6 Cek Fakta
"Hoaks Kembali Catut Nama Menkeu Purbaya, Simak Faktanya",Hoax,Liputan6 Cek Fakta
Cek Fakta: Tidak Benar Link Pendaftaran Bantuan Dana DAP Australia untuk Umat Kristen,Hoax,Liputan6 Cek Fakta
"Deretan Hoaks Seputar Gempa yang Beredar di Media Sosial, Simak Faktanya",Hoax,Liputan6 Cek Fakta
Cek Fakta: Tidak Benar Video Purbaya Umumkan Bantuan untuk Masyarakat yang Membutuhkan,Hoax,Liputan6 Cek Fakta
"Hoaks Pendaftaran Mudik Gratis Marak Jelang Lebaran, Kenali Modusnya",Hoax,Liputan6 Cek Fakta
"Waspada Penipuan Mudik Lebaran, Kenali Modus, Ciri dan Tips Aman Perjalananmu",Hoax,Liputan6 Cek Fakta
Cek Fakta: Tidak Benar Ini Link Pendaftaran Mudik Gratis Lebaran 2026 dari Pemerintah,Hoax,Liputan6 Cek Fakta
"Siap-siap Pendaftaran CPNS 2026 akan Dibuka, Simak Syarat Pendaftarannya",Hoax,Liputan6 Cek Fakta
"Jelang Lebaran Penipuan Online Semakin Marak, Simak Ragam Modusnya",Hoax,Liputan6 Cek Fakta
Cek Fakta: Tidak Benar Ini Link Pendaftaran BLT Kesra Periode Maret-April 2026,Hoax,Liputan6 Cek Fakta
Cek Fakta: Tidak Benar Link Pendaftaran Pembuatan SIM Online Gratis,Hoax,Liputan6 Cek Fakta
"Jadwal Cuti Bersama Maret 2026, Siap-siap Libur Panjang Berkat SKB 3 Menteri",Hoax,Liputan6 Cek Fakta
"Video Hoaks Semakin Marak, Kenali Ragamnya",Hoax,Liputan6 Cek Fakta
Cek Fakta: Hoaks Foto Presiden Prabowo dengan Donald Trump Pamer Produk Daging Babi,Hoax,Liputan6 Cek Fakta
"Kumpulan Hoaks Seputar BGN yang Beredar di Medsos, Cek Faktanya",Hoax,Liputan6 Cek Fakta
"Hoaks Seputar Mudik Gratis Marak Beredar, Komdigi Tingkatkan Patroli Siber",Hoax,Liputan6 Cek Fakta
"Waspada Hoaks Pendaftaran BSU Manfaatkan Momen Ramadan, Simak Daftarnya",Hoax,Liputan6 Cek Fakta
"Deretan Hoaks Catut Menag Nasaruddin Umar Beredar di Medsos, Simak Daftarnya",Hoax,Liputan6 Cek Fakta
"Ragam Hoaks Seputar Pendaftaran PPPK yang Beredar di Media Sosial, Simak Faktanya",Hoax,Liputan6 Cek Fakta
Cek Fakta: Tidak Benar Video Menag Nasaruddin Umar Umumkan Program Berbagi Rezeki,Hoax,Liputan6 Cek Fakta
"Perangi Misinformasi, Youtube Perluas Akses Deteksi AI",Hoax,Liputan6 Cek Fakta
Cek Fakta: Tidak Benar Tautan Pendaftaran PPPK Badan Gizi Nasional 2026,Hoax,Liputan6 Cek Fakta
BGN Minta SPPG Tidak Reaktif Tanggapi Hoaks di Medsos,Hoax,Liputan6 Cek Fakta
Cek Fakta: Tidak Benar Maladewa Putus Hubungan Diplomatik dengan Israel Akibat Konflik Ira...,Hoax,Liputan6 Cek Fakta
Meta Diminta Lebih Tegas Awasi Video AI Palsu saat Konflik Global,Hoax,Liputan6 Cek Fakta
Cek Fakta: Tidak Benar Link Pendaftaran Bantuan Budidaya Ikan Air Tawar dari Pemerintah,Hoax,Liputan6 Cek Fakta
"Ragam Hoaks Catut Nama Kemenag, dari Aturan Pakaian Dinas hingga Batasi Takbiran",Hoax,Liputan6 Cek Fakta
"Ragam Hoaks Bantuan Ternak dari Pemerintah, Simak Faktanya",Hoax,Liputan6 Cek Fakta
"Maret 2026 Bakal Penuh Hari Libur, Simak Jadwal Lengkapnya",Hoax,Liputan6 Cek Fakta
"Deretan Hoaks Lowongan Kerja yang Beredar di Medsos, Simak Agar Terhindar dari Penipuan",Hoax,Liputan6 Cek Fakta
Cek Fakta: Tidak Benar Ini Link Pendaftaran Kartu Prakerja Ramadan 2026,Hoax,Liputan6 Cek Fakta
"Rekrutmen Amil Baznas Jadi Bahan Hoaks, Simak Faktanya Biar Tak Tertipu",Hoax,Liputan6 Cek Fakta
Cek Fakta: Tidak Benar Informasi Lowongan Kerja di LPSK,Hoax,Liputan6 Cek Fakta
Cek Fakta: Klarifikasi Kemenag Membatasi Takbiran pada Tahun 2026,Hoax,Liputan6 Cek Fakta
Cek Fakta: Hoaks Link Pendaftaran Program Bantuan Sapi Tahun Anggaran 2026,Hoax,Liputan6 Cek Fakta
"Awas Ucapan Hari Raya Idul Fitri Bisa Jadi Penipuan, Simak Modus dan Cara Menghindarinya",Hoax,Liputan6 Cek Fakta
"Waspada Penipuan Mudik Gratis Mencatut PLN, Kenali Modus dan Program Resmi 2026",Hoax,Liputan6 Cek Fakta
"Marak Hoaks Seputar Vaksin, Komunikasi Pemerintah Harus Kuat",Hoax,Liputan6 Cek Fakta
"Awas Zakat Dijadikan Bahan Hoaks dan Penipuan, Simak Tips Menghindarinya",Hoax,Liputan6 Cek Fakta
Cek Fakta: Tidak Benar Ini Link Pendaftaran BSU Jelang Lebaran,Hoax,Liputan6 Cek Fakta
"Jelang Idul Fitri Marak Beredar Uang Palsu, Kenali Ciri Asli Agar Tak Tertipu",Hoax,Liputan6 Cek Fakta
Cek Fakta: Video Tentara Israel Diserang Ribuan Lebah Ini Buatan AI,Hoax,Liputan6 Cek Fakta
"Jadwal Libur Idul Fitri 2026 Berdasar SKB 3 Menteri, Siap-Siap Libur Panjang!",Hoax,Liputan6 Cek Fakta
"THR Cair, Awas Kejahatan Siber yang Bisa Kuras Tabungan",Hoax,Liputan6 Cek Fakta
"6 Hoaks yang Beredar di Media Sosial Dalam Sepekan, Simak Daftarnya",Hoax,Liputan6 Cek Fakta
"Ragam Hoaks Seputar THR yang Beredar di Media Sosial, Simak Daftarnya",Hoax,Liputan6 Cek Fakta
"Waspada Pos Indonesia Dicatut Penipuan Phishing, Kenali Modus dan Tips Menghindarinya",Hoax,Liputan6 Cek Fakta
Cek Fakta: Tidak Benar Ini Link Rekrutmen Bersama SKK Migas dan KKKS 2026,Hoax,Liputan6 Cek Fakta
Cek Fakta: Tidak Benar Link Pendaftaran THR Keagamaan Rp 1 Juta dari Pemerintah,Hoax,Liputan6 Cek Fakta
"Hoaks Masih Beredar Luas, Mafindo: Masyarakat Perlu Tingkatkan Literasi Digital",Hoax,Liputan6 Cek Fakta
"Deretan Hoaks Seputar Pendaftaran BLT, Simak Agar Tak Jadi Korban Penipuan",Hoax,Liputan6 Cek Fakta
"Kumpulan Hoaks Seputar PLN Terkini, Cek Daftarnya",Hoax,Liputan6 Cek Fakta
"Hoaks Seputar Banjir Jakarta yang Pernah Beredar di Medsos, Cek Faktanya",Hoax,Liputan6 Cek Fakta
"Hoaks Konflik Timur Tengah Marak Beredar, Dubes RI untuk UEA Minta Publik Bijak Terima Inf...",Hoax,Liputan6 Cek Fakta
Cek Fakta: Tidak Benar Link Pendaftaran BLT UMKM Sebesar Rp 5 Juta,Hoax,Liputan6 Cek Fakta
"Hoaks Perang Iran Vs Amerika Serikat-Israel Beredar di Media Sosial, Simak Faktanya",Hoax,Liputan6 Cek Fakta
"Hoaks Mudik Gratis Marak Beredar, Simak Agar Tak Terjebak",Hoax,Liputan6 Cek Fakta
"Komdigi Ungkap Cara Lawan Hoaks Seputar MBG, Apa Saja?",Hoax,Liputan6 Cek Fakta
"Ragam Hoaks Sasar Presiden Prabowo, dari Urusan MBG hingga Konflik Iran - Israel",Hoax,Liputan6 Cek Fakta
Jadwal Libur Nyepi dan Idul Fitri 2026 Beri Potensi Libur Panjang di Bulan Maret,Hoax,Liputan6 Cek Fakta
"Kumpulan Hoaks yang Dikaitkan dengan Polri, Simak Faktanya",Hoax,Liputan6 Cek Fakta
Cek Fakta: Hoaks Link Pendaftaran CPNS Kementerian Imigrasi pada 28 Februari-31 Maret 2026,Hoax,Liputan6 Cek Fakta
"Perang Iran Israel Disertai Hoaks, Simak Daftarnya",Hoax,Liputan6 Cek Fakta
"Hoaks Sasar Sejumlah Dubes di Indonesia, dari China hingga Iran",Hoax,Liputan6 Cek Fakta
Cek Fakta: Hoaks Dalam Video Ini Israel Jadi Lautan Api,Hoax,Liputan6 Cek Fakta
Cek Fakta: Hoaks Presiden Prabowo Sebut Trump dan Netanyahu Takut Padanya karena Dia Macan...,Hoax,Liputan6 Cek Fakta
Cek Fakta: Tidak Benar Link Pendaftaran Token dan Subsidi Listrik Gratis dari PLN,Hoax,Liputan6 Cek Fakta
Cek Fakta: Tidak Benar Jurnalis CNN Indonesia Ditahan karena Ungkap Kasus MBG,Hoax,Liputan6 Cek Fakta
"Deretan Hoaks Seputar BSU yang Beredar di Media Sosial, Simak Faktanya",Hoax,Liputan6 Cek Fakta
"Kumpulan Hoaks Koperasi Merah Putih, Kenali Faktanya",Hoax,Liputan6 Cek Fakta
"Pajak THR, Daftar Pihak yang Terkena Wajib Bayar dan Mekanisme Perhitungannya",Hoax,Liputan6 Cek Fakta
"Ragam Hoaks Catut Nama BMKG, dari Gempa Megathrust hingga Siklon Tropis",Hoax,Liputan6 Cek Fakta
"Jadwal Libur Idul Fitri 2026, Siap-siap Nikmati Libur Panjang!",Hoax,Liputan6 Cek Fakta
Cek Fakta: Tidak Benar Video Ini Pemakaman Pemimpin Tertinggi Iran Ali Khamenei,Hoax,Liputan6 Cek Fakta
Cek Fakta: Hoaks BMKG Prediksi Gempa Besar pada 5 Maret 2026,Hoax,Liputan6 Cek Fakta
"Bahayakan Warga, Meta Didesak Hapus Konten Negatif dan Ilegal",Hoax,Liputan6 Cek Fakta
Cek Fakta: Hoaks Dubes Iran Minta Prabowo Urus Rakyatnya yang Miskin Ketimbang Mediasi Ira...,Hoax,Liputan6 Cek Fakta
Cek Fakta: Hoaks Link Pendaftaran BSU Ramadan Sebesar Rp 600.000,Hoax,Liputan6 Cek Fakta
"Deretan Hoaks Sasar Kapolri Listyo Sigit Prabowo, Simak Daftarnya",Hoax,Liputan6 Cek Fakta
"Imunisasi Campak Ditingkatkan, Kemenkes Perangi Misinformasi",Hoax,Liputan6 Cek Fakta
"Waspada Hoaks Mengklaim Bantuan Pemerintah saat Ramadan, Simak Daftarnya",Hoax,Liputan6 Cek Fakta
Cek Fakta: Tidak Benar Ini Link Pendaftaran Rekrutmen Pegawai Koperasi Merah Putih 2026,Hoax,Liputan6 Cek Fakta
"Jadwal Libur Maret 2026: Nyepi dan Idul Fitri Beri Libur Panjang, Catat Tanggalnya!",Hoax,Liputan6 Cek Fakta
Cek Fakta: Hoaks Kapolri Sebut Barang Bukti Sabu Kadang Hilang Sendiri karena Cuaca Panas,Hoax,Liputan6 Cek Fakta
"Badan Gizi Nasional Kerap Jadi Sasaran Hoaks, Simak Faktanya",Hoax,Liputan6 Cek Fakta
"Hoaks Berkedok Mudik Gratis Makin Marak, Simak Daftarnya",Hoax,Liputan6 Cek Fakta
"Mudik Pertamina 2026, Simak Cara Daftarnya untuk Hindari Penipuan",Hoax,Liputan6 Cek Fakta
Cek Fakta: Tidak Benar Video Gibran Umumkan Bantuan Dana Spesial Ramadan Rp 25 Juta,Hoax,Liputan6 Cek Fakta
"Deretan Hoaks yang Pernah Menerpa KPK di Media Sosial, Simak Daftarnya",Hoax,Liputan6 Cek Fakta
Cek Fakta: Tidak Benar Ini Link Pendaftaran Mudik Bersama PLN,Hoax,Liputan6 Cek Fakta
Cek Fakta: Tidak Benar Link Pendaftaran Bansos Ibu Hamil Sebesar Rp 3 Juta,Hoax,Liputan6 Cek Fakta
"Gerhana Bulan 3 Maret 2026 di Indonesia, Cek Daftar Lokasi Lokasi untuk Menyaksikannya",Hoax,Liputan6 Cek Fakta
"6 Hoaks yang Beredar Sepekan, Simak Biar Tak Tergiur Jebakan Penipuan",Hoax,Liputan6 Cek Fakta
Cek Fakta: Hoaks Link Pendaftaran Bantuan Bibit Ayam Periode 21 Februari - 30 April 2026,Hoax,Liputan6 Cek Fakta
"Ragam Hoaks Seputar MBG yang Beredar di Media Sosial, Simak Faktanya",Hoax,Liputan6 Cek Fakta
"Ragam Hoaks Seputar SIM di Medsos, dari Audit Pendapatan hingga Pembuatan Gratis",Hoax,Liputan6 Cek Fakta
"Ragam Hoaks Sasar Kepala Staf Kepresidenan M Qodari, Simak Daftarnya",Hoax,Liputan6 Cek Fakta
Cek Fakta: Hoaks Klaim Menkeu Purbaya Ingin Mengaudit Pendapatan SIM,Hoax,Liputan6 Cek Fakta
"Deretan Hoaks Sasar PSI, Simak Faktanya",Hoax,Liputan6 Cek Fakta
Cek Fakta: Tidak Benar Prabowo Akan Hentikan MBG Setelah Idul Fitri,Hoax,Liputan6 Cek Fakta
"Tangkal Hoaks Seputar MBG, BGN Gandeng Komdigi Jaga Ruang Digital",Hoax,Liputan6 Cek Fakta
Cek Fakta: Ini Bukan Link Pendaftaran Program Kartu Prakerja Selama Ramadan 2026,Hoax,Liputan6 Cek Fakta
Cek Fakta: Tidak Benar BGN akan Pidanakan Orangtua yang Unggah Foto Menu MBG di Medsos,Hoax,Liputan6 Cek Fakta
"Hoaks Mencatut Perusahaan BUMN Marak Beredar, Kenali Ragamnya",Hoax,Liputan6 Cek Fakta
"Kumpulan Video Hoaks yang Viral, Cek Faktanya",Hoax,Liputan6 Cek Fakta
"Promo Gratis Ramadan Dijadikan Bahan Hoaks, Simak Daftarnya",Hoax,Liputan6 Cek Fakta
"Penipuan Pajak Bermunculan Jelang Batas Akhir Pelaporan, Simak Ragam Modusnya",Hoax,Liputan6 Cek Fakta
Cek Fakta: Tidak Benar Link Pendaftaran PLN Bagikan Token Listrik Gratis Dalam Rangka Rama...,Hoax,Liputan6 Cek Fakta
"Cara Cek PIP 2026, Panduan Resmi dan Waspada Penipuan Dana Pendidikan",Hoax,Liputan6 Cek Fakta
"Iran Tercatat Pernah Diterpa Sederet Hoaks di Media Sosial, Simak Daftarnya",Hoax,Liputan6 Cek Fakta
Cek Fakta: Tidak Benar Link Pendaftaran Bansos Ramadan 2026,Hoax,Liputan6 Cek Fakta
Kemenag Tegaskan Program Bantuan Hibah Arab Saudi 70 Persen untuk Kepentingan Pribadi Hoak...,Hoax,Liputan6 Cek Fakta
"Hoaks Seputar Pendaftaran CPNS 2026 Kembali Beredar, Simak Faktanya",Hoax,Liputan6 Cek Fakta
"Kemenag Kerap Jadi Sasaran Hoaks, Simak Faktanya",Hoax,Liputan6 Cek Fakta
Cek Fakta: Tidak Benar Link Pendaftaran CPNS Dinas Perhubungan pada 9 Februari-20 Maret 20...,Hoax,Liputan6 Cek Fakta
"Deretan Hoaks Seputar THR Beredar di Media Sosial, Cek Faktanya",Hoax,Liputan6 Cek Fakta
"PLN Dijadikan Bahan Hoaks, Simak Daftar Hoaksnya",Hoax,Liputan6 Cek Fakta
Waspada! Video Hoaks Pembagian Dana Bantuan dari Australia Catut Nama Gubernur Papua Barat,Hoax,Liputan6 Cek Fakta
Cek Fakta: Tidak Benar Link Pendaftaran Token Listrik Gratis dari PLN Program Terangi Rama...,Hoax,Liputan6 Cek Fakta
Cek Fakta: Hoaks Artikel M Qodari Pastikan Suara PSI Mencapai 49 Persen pada 2029,Hoax,Liputan6 Cek Fakta
"Viral Prediksi Gempa Megathrust akan Terjadi di Seluruh Indonesia pada 2026, Simak Penjela...",Hoax,Liputan6 Cek Fakta
Cek Fakta: Tidak Benar Video Menkeu Purbaya Umumkan Bantuan THR,Hoax,Liputan6 Cek Fakta
"Kumpulan Hoaks Berkedok Pembagian Bantuan Ramadan, Cek Daftarnya",Hoax,Liputan6 Cek Fakta
"Deretan Hoaks Seputar Zakat yang Beredar di Media Sosial, Simak Faktanya",Hoax,Liputan6 Cek Fakta
"Kumpulan Hoaks Catut BPJS Kesehatan, dari Pemutihan Denda hingga Lowongan Kerja",Hoax,Liputan6 Cek Fakta
"Ragam Hoaks Seputar Gempa Megathrust yang Beredar di Media Sosial, Cek Faktanya",Hoax,Liputan6 Cek Fakta
"Disinformasi Digital, Tantangan Terbesar Jelang Pemilu 2029",Hoax,Liputan6 Cek Fakta
Cek Fakta: Tidak Benar Kemenag Maksimalkan Zakat untuk Dukung Program MBG,Hoax,Liputan6 Cek Fakta
"Deretan Hoaks Promosi Situs Judol Catut Tokoh Ternama, Simak Daftarnya",Hoax,Liputan6 Cek Fakta
"Catat! Jadwal Libur Lebaran dan Cuti Bersama Maret 2026, Siap-siap Libur Panjang",Hoax,Liputan6 Cek Fakta
Cek Fakta: Hoaks BMKG Prediksi Gempa Megathrust Akan Terjadi di Seluruh Indonesia pada 202...,Hoax,Liputan6 Cek Fakta
"Ragam Hoaks Catut Nama Hotman Paris, Waspada Penipuan dan Promosi Situs Judol",Hoax,Liputan6 Cek Fakta
"8 Trik Mengusir Nyamuk dari Kamar Mandi, Dijamin Tidak Balik Lagi",Hoax,Liputan6 Cek Fakta
"Pertamina Dijadikan Bahan Hoaks, Simak Daftarnya Biar Tak Tertipu",Hoax,Liputan6 Cek Fakta
Kemnaker Ingatkan Masyarakat Waspadai Situs Palsu Skillhub,Hoax,Liputan6 Cek Fakta
"Deretan Hoaks Catut Nama Elon Musk, Simak Faktanya",Hoax,Liputan6 Cek Fakta
"Awas Kejahatan Siber Meningkat saat Ramadan, Kenali Modusnya Biar Tabungan Tak Terkuras",Hoax,Liputan6 Cek Fakta
Cek Fakta: Tidak Benar Link Pendaftaran Pembagian Sembako Ramadan dari Pertamina,Hoax,Liputan6 Cek Fakta
"Kumpulan Hoaks Seputar MBG Terbaru, Simak Faktanya",Hoax,Liputan6 Cek Fakta
Cek Fakta: Tidak Benar Elon Musk Berjanji akan Talangi Seluruh Dana MBG,Hoax,Liputan6 Cek Fakta
"Hoaks Terkini BBM dan Elpiji, Cek Daftarnya",Hoax,Liputan6 Cek Fakta
"Ragam Hoaks Catut Nama Bali yang Pernah Beredar di Media Sosial, Simak Faktanya",Hoax,Liputan6 Cek Fakta
"Kereta Cepat Whoosh Dimanfaatkan untuk Menipu, Simak Ragam Modusnya",Hoax,Liputan6 Cek Fakta
Cek Fakta: Tidak Benar Link Pendaftaran Pemutihan Denda Iuran BPJS Kesehatan 2026,Hoax,Liputan6 Cek Fakta
"Gebyar Hadiah BCA Dijadikan Bahan Hoaks, Simak Modusnya untuk Hindari Penipuan",Hoax,Liputan6 Cek Fakta
"Ragam Hoaks Sasar Menteri ESDM Bahlil Lahadalia, Simak Daftarnya",Hoax,Liputan6 Cek Fakta
"Ragam Hoaks Lowongan Kerja Beredar di Media Sosial, dari Bawaslu hingga BPJS Kesehatan",Hoax,Liputan6 Cek Fakta
"Lawan Disinformasi, Kolaborasi Lintas Sektor Sangat Dibutuhkan",Hoax,Liputan6 Cek Fakta
"Viral Video MBG Dibagikan saat Sahur, Simak Fakta dari BGN",Hoax,Liputan6 Cek Fakta
Cek Fakta: Tidak Benar Link Rekrutmen Anggota Bawaslu Kabupaten/Kota Lewat WhatsApp,Hoax,Liputan6 Cek Fakta
Cek Fakta: Hoaks Video Hotman Paris Promosikan Situs Judol Tertentu,Hoax,Liputan6 Cek Fakta
Cek Fakta: Hoaks Artikel Menteri Bahlil Sebut Pemilihan Kepala Daerah Oleh DPR Usulan Joko...,Hoax,Liputan6 Cek Fakta
"6 Hoaks yang Beredar dalam Sepekan, Terbanyak Mencatut Nama Tokoh Terkenal",Hoax,Liputan6 Cek Fakta
"Daftar Hoaks Internet Gratis, Simak Biar Tak Terjebak Penipuan",Hoax,Liputan6 Cek Fakta
Cek Fakta: Tidak Benar Ini Link Cetak Kupon Program Undian Gebyar BCA,Hoax,Liputan6 Cek Fakta
"Penukaran Uang Baru via pintar.bi.go.id,Simak Panduan Lengkap dan Cara Hindari Penipuan",Hoax,Liputan6 Cek Fakta
"Ragam Hoaks Seputar Dolar yang Pernah Beredar di Media Sosial, Simak Faktanya",Hoax,Liputan6 Cek Fakta
Cek Fakta: Tidak Benar Link Pendaftaran Bantuan Alat Pertanian untuk Petani Milenial,Hoax,Liputan6 Cek Fakta
"Hoaks Seputar Ramadan yang Beredar di Medsos, dari Internet Gratis hingga Relawan Baznas",Hoax,Liputan6 Cek Fakta
Cek Fakta: Tidak Benar Link Pendaftaran Internet Gratis Selama Ramadan,Hoax,Liputan6 Cek Fakta
"Deretan Hoaks Catut Nama Menteri Kabinet Merah Putih, dari Menkeu hingga Menag",Hoax,Liputan6 Cek Fakta
"Kumpulan Hoaks Seputar Tabung Gas Elpiji, dari Kemasan Saset hingga Penarikan di Awal Puas...",Hoax,Liputan6 Cek Fakta
Awas Jebakan Hoaks! Ini Cara Terhindar dari Artikel Palsu di Tengah Arus Informasi Digital,Hoax,Liputan6 Cek Fakta
Cek Fakta: Tidak Benar Dirjen Bimas Islam Umumkan Pembagian Bantuan Dana Hibah Ramadan,Hoax,Liputan6 Cek Fakta
"Ragam Hoaks yang Menerpa Ahok, dari Beri Bantuan Dana hingga Jadi Ketua KPK",Hoax,Liputan6 Cek Fakta
"Ragam Hoaks Seputar Haji yang Beredar di Media Sosial, Simak Daftarnya",Hoax,Liputan6 Cek Fakta
Cek Fakta: Tidak Benar Video Ahok Umumkan Bagi-Bagi Bantuan Dana Selama Ramadan,Hoax,Liputan6 Cek Fakta
"Deretan Hoaks Bantuan Ikan dari Pemerintah yang Beredar di Medsos, Cek Faktanya",Hoax,Liputan6 Cek Fakta
Cek Fakta: Tidak Benar Link Pendaftaran Haji Gratis untuk 100 Orang yang Beruntung,Hoax,Liputan6 Cek Fakta
Cek Fakta: Tidak Benar Link Pendaftaran Rekrutmen Relawan Ramadan Baznas 2026,Hoax,Liputan6 Cek Fakta
"Deretan Hoaks soal Bantuan Dana yang Catut Nama Pejabat, dari Purbaya hingga Mahfud Md",Hoax,Liputan6 Cek Fakta
Cek Fakta: Hoaks Link Pendaftaran Bantuan Dana untuk Umat Kristen dan Gereja Lewat WhatsAp...,Hoax,Liputan6 Cek Fakta
"Prabowo Subianto Diterpa Sederet Hoaks di Media Sosial, Simak Faktanya",Hoax,Liputan6 Cek Fakta
Cek Fakta: Tidak Benar Link Pendaftaran Bantuan Bibit Ikan Via Telegram,Hoax,Liputan6 Cek Fakta
Cek Fakta: Tidak Benar Video Ini Prabowo Umumkan Pencairan Bansos Rp 7 Juta per KTP,Hoax,Liputan6 Cek Fakta
"Nama Menkeu Purbaya Dicatut Jadi Hoaks, Simak Daftarnya",Hoax,Liputan6 Cek Fakta
Cek Fakta: Tidak Benar Video Menteri Purbaya Bagi-Bagi Dana Bantuan Rp 50 Juta,Hoax,Liputan6 Cek Fakta
"Deretan Hoaks yang Catut Nama Wapres Gibran, Cek Daftarnya",Hoax,Liputan6 Cek Fakta
Cek Fakta: Tidak Benar Tautan Ini untuk Mengecek Status Penerima BSU 2026,Hoax,Liputan6 Cek Fakta
"Ragam Hoaks Pemberian THR yang Pernah Beredar di Medsos, Simak Faktanya",Hoax,Liputan6 Cek Fakta
Cek Fakta: Tidak Benar Video Gibran Umumkan Beri Bantuan Dana Rp 40 Juta,Hoax,Liputan6 Cek Fakta
"Konten Hoaks Pakai AI Semakin Merajarela, dari Audio hingga Video, Simak Daftarnya",Hoax,Liputan6 Cek Fakta
"Mantan Presiden Jokowi Kerap Diserang Hoaks, Simak Faktanya",Hoax,Liputan6 Cek Fakta
Cuti Bersama Februari 2026: Simak Jadwal Lengkapnya!,Hoax,Liputan6 Cek Fakta
"Ramadan 2026: Ini Jadwal Belajar Selama Puasa, Catat Tanggal Pentingnya",Hoax,Liputan6 Cek Fakta
"Waspada Penipuan, Simak Deretan Hoaks Seputar Bantuan Alat Pertanian dari Kementan",Hoax,Liputan6 Cek Fakta
"Kumpulan Hoaks Mudik Lebaran yang Beredar di Media Sosial, Cek Daftarnya",Hoax,Liputan6 Cek Fakta
Cek Fakta: Tidak Benar Link Pendaftaran Bantuan Alat Pertanian dan Pupuk Kementan 2026,Hoax,Liputan6 Cek Fakta
"Ragam Hoaks Catut Nama Korlantas Polri, Cek Faktanya",Hoax,Liputan6 Cek Fakta
Cek Fakta: Tidak Benar Link Ini untuk Daftar Mudik Gratis Lebaran 2026,Hoax,Liputan6 Cek Fakta
Cek Fakta: Hoaks Pemutihan Pajak Kendaraan Februari 2026 dari Korlantas Polri,Hoax,Liputan6 Cek Fakta
"Deretan Hoaks CPNS 2026 yang Beredar di Media Sosial, Simak Faktanya",Hoax,Liputan6 Cek Fakta
"Ragam Hoaks Seputar BPS yang Beredar di Media Sosial, Simak Faktanya",Hoax,Liputan6 Cek Fakta
"Cek Fakta: Hoaks BPS Rilis Rata Rata Gaji Rakyat Indonesia Rp 78,6 Juta",Hoax,Liputan6 Cek Fakta
"Kumpulan Hoaks Seputar Bantuan Bibit Ayam, Simak Faktanya Agar Tak Tertipu",Hoax,Liputan6 Cek Fakta
"Elpiji 3 Kg Jadi Sasaran Hoaks, Simak Ragamnya",Hoax,Liputan6 Cek Fakta
Cek Fakta: Tidak Benar Link Pendaftaran Bantuan Bibit Ayam,Hoax,Liputan6 Cek Fakta
"Hoaks Seputar Imlek yang Pernah Beredar di Media Sosial, Cek Faktanya",Hoax,Liputan6 Cek Fakta
Cek Fakta: Hoaks Tautan Pendaftaran Undian Berhadiah Bank SulutGo,Hoax,Liputan6 Cek Fakta
"Ragam Hoaks Lowongan Kerja yang Catut Nama Pemerintah, Simak Faktanya",Hoax,Liputan6 Cek Fakta
"Deretan Hoaks Terkait Dukungan Cristiano Ronaldo untuk Palestina, Simak Daftarnya",Hoax,Liputan6 Cek Fakta
Cek Fakta: Tidak Benar Tabung Elpiji Hijau 3 Kg Ditarik dari Peredaran Awal Puasa 2026,Hoax,Liputan6 Cek Fakta
"Wapres Gibran Rakabuming Raka Jadi Sasaran Hoaks, Simak Faktanya",Hoax,Liputan6 Cek Fakta
Cek Fakta: Tidak Benar Link Pendaftaran Lowongan Kerja di BPS,Hoax,Liputan6 Cek Fakta
"Daftar Lowongan Kerja Kemenkes yang Ternyata Hoaks, Simak Faktanya",Hoax,Liputan6 Cek Fakta
Cek Fakta: Video Cristiano Ronaldo Ditangkap karena Bela Palestina Ini Buatan AI,Hoax,Liputan6 Cek Fakta
"Deretan Hoaks Seputar BBM yang Sempat Viral, Simak Daftarnya",Hoax,Liputan6 Cek Fakta
"Bank BUMN Dijadikan Bahan Penipuan Berkedok Undian Berhadiah, Simak Daftarnya",Hoax,Liputan6 Cek Fakta
"Viral AS Minta Sertifikasi Halal Indonesia Dicabut, Simak Fakta dari BPJPH",Hoax,Liputan6 Cek Fakta
"Hoaks Catut Nama Pertamina Kerap Beredar Luas, Simak Faktanya",Hoax,Liputan6 Cek Fakta
"BSU Dijadikan Jebakan Hoaks, Kenali Modus Penipuan dan Cara Verifikasi Resmi",Hoax,Liputan6 Cek Fakta
"Deretan Hoaks yang Dikaitkan dengan Solo, dari Pembubaran Konser hingga Aksi Demonstrasi",Hoax,Liputan6 Cek Fakta
Cek Fakta: Hoaks Pertamina Adakan Pengisian BBM Gratis di Seluruh SPBU pada 29-30 Februari...,Hoax,Liputan6 Cek Fakta
Cek Fakta: Tidak Benar Ini Link Pendaftaran BPJS Kesehatan Gratis Tanpa Iuran Bulanan,Hoax,Liputan6 Cek Fakta
"Cara Cek Penerima BPNT 2026, Simak untuk Hindari Hoaks dan Penipuan",Hoax,Liputan6 Cek Fakta
"6 Hoaks yang Beredar di Media Sosial dalam Sepekan, Terbanyak Jebakan Penipuan",Hoax,Liputan6 Cek Fakta
"Kumpulan Hoaks Mengatasnamakan BPJS Kesehatan, Simak Faktanya",Hoax,Liputan6 Cek Fakta
"Ragam Hoaks yang Dikaitkan dengan Habib, Simak Faktanya",Hoax,Liputan6 Cek Fakta
"Hoaks Rekrutmen BPJS Kesehatan Mengintai, Kenali Cara Bedakan Informasi yang Asli dan Pals...",Hoax,Liputan6 Cek Fakta
Cek Fakta: Tidak Benar Ini Link Pendaftaran Festival Berhadiah Awal 2026 untuk Nasabah BRI,Hoax,Liputan6 Cek Fakta
Cek Fakta: Tidak Benar Tautan Ini untuk Cek Penerima Bansos Ramadan 2026,Hoax,Liputan6 Cek Fakta
Cek Fakta: Tidak Benar Link Pendaftaran untuk Aktifkan Lagi BPI BPJS Kesehatan,Hoax,Liputan6 Cek Fakta
"Jadwal Libur Februari 2026, Menanti Long Weekend Sambut Imlek",Hoax,Liputan6 Cek Fakta
Cek Fakta: Hoaks Artikel Masyarakat Solo Berdemonstrasi Menolak Jokowi Sebagai Raja,Hoax,Liputan6 Cek Fakta
Cek Fakta: Hoaks Artikel Habib Luthfi Meminta Seluruh Pendukungnya untuk Mendukung PSI,Hoax,Liputan6 Cek Fakta
Kumpulan Hoaks Program Pemerintah Februari 2026 yang Menyesatkan Masyarakat,Hoax,Liputan6 Cek Fakta
"Awas Jebakan Hoaks di Tengah Derasnya Arus Informasi, Begini Cara Mudah Hindarinya",Hoax,Liputan6 Cek Fakta
"Waspada Hoaks Berkedok Program Pemerintah, Kenali Cirinya",Hoax,Liputan6 Cek Fakta
Cek Fakta: Tidak Benar Ini Link Pendaftaran SIM Online Gratis hingga 28 Februari 2026,Hoax,Liputan6 Cek Fakta
"Kenali Penipuan Cek Bansos Kemensos 2026, Cek Panduan Lengkap Biar Tak Jadi Korban",Hoax,Liputan6 Cek Fakta
"Undian Berhadiah Palsu Catut Nama Bank Marak Beredar, Simak Tips Agar Tak Terjebak",Hoax,Liputan6 Cek Fakta
Jadwal Long Weekend Februari 2026: Siap-siap Nikmati Libur Panjang Empat Hari Penuh!,Hoax,Liputan6 Cek Fakta
"Kumpulan Hoaks Catut Nama Gubernur yang Sempat Viral, dari DKI Jakarta hingga Malut",Hoax,Liputan6 Cek Fakta
"Ragam Hoaks Terkait Survei, dari Isu Politik hingga Modus Penipuan",Hoax,Liputan6 Cek Fakta
"Partai Politik Dijadikan Bahan Hoaks, Cek Daftarnya",Hoax,Liputan6 Cek Fakta
"Deretan Hoaks Bagi-Bagi Hadiah yang Beredar di Media Sosial, Cek Faktanya",Hoax,Liputan6 Cek Fakta
"Waspada Artikel Hoaks Tokoh Publik Disamakan dengan Nabi, Simak Faktanya",Hoax,Liputan6 Cek Fakta
Cek Fakta: Tidak Benar Gubernur Malut Sherly Tjoanda Beri Giveaway di Facebook,Hoax,Liputan6 Cek Fakta
Cek Fakta: Tidak Benar Ini Link Pendaftaran BLT Rp 900 Ribu Periode Februari 2026,Hoax,Liputan6 Cek Fakta
Cek Fakta: Hoaks Artikel Survei LSI Sebut 85 Persen Rakyat Setuju Jokowi Jadi Presiden Lag...,Hoax,Liputan6 Cek Fakta
"Kumpulan Hoaks Catut Nama Bank BRI, Simak Daftarnya",Hoax,Liputan6 Cek Fakta
Cek Fakta: Hoaks Tautan Pendaftaran Undian Berhadiah Bank Kalteng,Hoax,Liputan6 Cek Fakta
"Ragam Hoaks yang Catut Nama BPJS Kesehatan, Cek Daftarnya",Hoax,Liputan6 Cek Fakta
"Daftar Video Viral yang Ternyata Hoaks, Simak Faktanya",Hoax,Liputan6 Cek Fakta
"Kumpulan Hoaks Terkini Seputar Bansos, Simak Biar Tak Terkecoh",Hoax,Liputan6 Cek Fakta
"Deretan Hoaks yang Dikaitkan dengan PSI, Simak Faktanya",Hoax,Liputan6 Cek Fakta
Cek Fakta: Tidak Benar Link Pendaftaran Rekrutmen Pegawai BPJS Kesehatan 2026,Hoax,Liputan6 Cek Fakta
"Hoaks Rekrutmen Baznas yang Marak Beredar, Simak Daftarnya Biar Tak Tertipu",Hoax,Liputan6 Cek Fakta
"Ragam Hoaks Catut Nama Bea Cukai Beredar di Medsos, Simak Faktanya",Hoax,Liputan6 Cek Fakta
Cek Fakta: Hoaks Artikel Habiburokhman Sebut Wapres Gibran Mirip Nabi Yusuf,Hoax,Liputan6 Cek Fakta
"Hoaks Catut Pertamina yang Beredar di Media Sosial, Simak Daftarnya",Hoax,Liputan6 Cek Fakta
"Long Weekend Februari 2026, Simak Jadwal Lengkapnya!",Hoax,Liputan6 Cek Fakta
Cek Fakta: Tidak Benar Link Pendaftaran Undian BRImo Festival 2026,Hoax,Liputan6 Cek Fakta
Cek Fakta: Hoaks Artikel Ketua BEM SI Buat Pernyataan Menolak PSI dan Jokowi di Daerah Mas...,Hoax,Liputan6 Cek Fakta
Cek Fakta: Tidak Benar Ini Link Pendaftaran Rekrutmen Amil Baznas 2026,Hoax,Liputan6 Cek Fakta
"Kumpulan Hoaks UMKM, Waspada Modus Penipuan Bantuan yang Makin Canggih",Hoax,Liputan6 Cek Fakta
Cek Fakta: Tidak Benar Link Pendaftaran Bansos Digital sampai Pertengahan 2026,Hoax,Liputan6 Cek Fakta
"Cara Cek Bansos Online 2026, Simak untuk Hindari Penipuan",Hoax,Liputan6 Cek Fakta
Cek Fakta: Tidak Benar Tautan Ini untuk Cek Status Bansos PKH - BPNT,Hoax,Liputan6 Cek Fakta
"Ragam Hoaks yang Mencatut Nama KPK di Media Sosial, Simak Faktanya",Hoax,Liputan6 Cek Fakta
"Pendaftaran Guru Sekolah Garuda Dibuka, Ini Link Resmi dan Persyaratannya",Hoax,Liputan6 Cek Fakta
Cek Fakta: Tidak Benar Link Ini untuk Pendaftaran CPNS Kemenkes 2026,Hoax,Liputan6 Cek Fakta
"Teknologi AI Disalahgunakan untuk Membuat Hoaks, Simak Kumpulannya",Hoax,Liputan6 Cek Fakta
Awas Jebakan Hoaks Pendaftaran Seleksi CPNS 2026 Gunakan AI,Hoax,Liputan6 Cek Fakta
"Rekrutmen Pendamping Desa Belum Dibuka, Awas Jebakan Hoaks",Hoax,Liputan6 Cek Fakta
"Deretan Hoaks Seputar Undian Berhadiah dari Bank, Simak Faktanya",Hoax,Liputan6 Cek Fakta
"Membongkar Hoaks Fenomena Langit, Kenali Ragam Klaim Palsu dan Faktanya",Hoax,Liputan6 Cek Fakta
"Deretan Hoaks yang Dikaitkan dengan BEM, Simak Faktanya",Hoax,Liputan6 Cek Fakta
Cek Fakta: Tidak Benar Link Ini untuk Pendaftaran Undian Wondr BNI,Hoax,Liputan6 Cek Fakta
SPPG Bantah Isu Siswi Meninggal Dunia di Kudus Akibat Keracunan MBG,Hoax,Liputan6 Cek Fakta
"Gibran Rakabuming Raka Diterpa Sejumlah Hoaks di Medsos, Simak Daftarnya",Hoax,Liputan6 Cek Fakta
Cek Fakta: Tidak Benar Ini Link Pendaftaran BSU 2026,Hoax,Liputan6 Cek Fakta
Cek Fakta: Video Gibran Beri Bantuan Dana Rp 40 Juta Tidak Benar dan Hasil AI,Hoax,Liputan6 Cek Fakta
Cek Fakta: Hoaks Artikel Mahasiswa BEM Seluruh Indonesia Sepakat Menolak Jokowi dan PSI,Hoax,Liputan6 Cek Fakta
Cek Fakta: Hoaks Artikel Yaqut Minta KPK Tahan Jokowi karena Terima Uang Suap Dua Triliun,Hoax,Liputan6 Cek Fakta
"Hoaks Terkait Seragam ASN, Cek Ragamnya",Hoax,Liputan6 Cek Fakta
"6 Hoaks yang Beredar di Media Sosial Dalam Sepekan, Simak Biar Tak Terjebak",Hoax,Liputan6 Cek Fakta
"Hoaks Seputar Lowongan Kerja yang Beredar di Medsos, Cek Daftarnya",Hoax,Liputan6 Cek Fakta
"Kasus Korupsi Kuota Haji Diiringi Hoaks, Simak Daftarnya",Hoax,Liputan6 Cek Fakta
"Kumpulan Hoaks Catut Nama Purbaya yang Beredar di Medsos, Cek Faktanya",Hoax,Liputan6 Cek Fakta
Cek Fakta: Tidak Benar Link Pendaftaran Bantuan Modal Usaha UMKM Gratis,Hoax,Liputan6 Cek Fakta
Cek Fakta: Tidak Benar Link Pendaftaran Lowongan Bea Cukai 2026,Hoax,Liputan6 Cek Fakta
"Tanggal Merah Februari 2026, Simak Jadwal Lengkapnya dan Potensi Libur Panjang Imlek",Hoax,Liputan6 Cek Fakta
Cek Fakta: Video Menkeu Purbaya Umumkan Dana Bansos UMKM Ini Hasil AI,Hoax,Liputan6 Cek Fakta
Cek Fakta: Hoaks Artikel BEM Seluruh Indonesia Sepakat Menolak Anies dan Partai Gerakan Ra...,Hoax,Liputan6 Cek Fakta
Cek Fakta: Hoaks Artikel Jokowi Mengaku Mendapat Sedikit dari Korupsi Kuota Haji,Hoax,Liputan6 Cek Fakta
"Guru Jadi Target Hoaks, Simak Daftarnya",Hoax,Liputan6 Cek Fakta
"Daftar CPNS 2026, Simak Panduan Lengkap dan Tips Hindari Penipuan",Hoax,Liputan6 Cek Fakta
Cek Fakta: Tidak Benar Guru ASN Bayar Iuran BPJS 26 Kali Dalam Setahun,Hoax,Liputan6 Cek Fakta
"Harga BBM dan Listrik Dijadikan Bahan Hoaks, Simak Daftarnya",Hoax,Liputan6 Cek Fakta
"Cara Dapat KIP Kuliah 2026, Simak Syarat, Tahapan dan Tips Hindari Penipuan",Hoax,Liputan6 Cek Fakta
"Hoaks SIM Online Gratis Mengintai, Simak Ragamnya Biar Tak Terjebak Modus Penipuan",Hoax,Liputan6 Cek Fakta
"Ragam Artikel Hoaks Sasar Mantan Presiden Jokowi, Simak Faktanya",Hoax,Liputan6 Cek Fakta
"ASN Jadi Sasaran Hoaks, dari Pendaftaran hingga Aturan Seragam Dinas",Hoax,Liputan6 Cek Fakta
"Jadwal Resmi Tanggal Merah Bulan Februari 2026, Ada Potensi Long Weekend Imlek",Hoax,Liputan6 Cek Fakta
"OJK Kerap Dicatut Namanya untuk Hoaks, Simak Faktanya Agar Tak Terjebak",Hoax,Liputan6 Cek Fakta
Cek Fakta: Tidak Benar Link Pendaftaran Rekrutmen PPPK BGN 2026 Lewat WhatsApp,Hoax,Liputan6 Cek Fakta
Cek Fakta: Tidak Benar Link Pendaftaran Ulang Bansos 2026,Hoax,Liputan6 Cek Fakta
Cek Fakta: Tidak Benar Ini Link Pendaftaran SIM Online Gratis Periode Januari,Hoax,Liputan6 Cek Fakta
"Viral Guru ASN Bayar Iuran BPJS Kesehatan 26 kali Dalam Setahun, Simak Faktanya",Hoax,Liputan6 Cek Fakta
"Catat! Daftar Tanggal Merah dan Hari Libur Februari 2026, Ada Long Weekend Imlek",Hoax,Liputan6 Cek Fakta
"Ragam Hoaks Catut Bulan Ramadan yang Beredar di Medsos, Cek Faktanya",Hoax,Liputan6 Cek Fakta
"Deretan Hoaks yang Dikaitkan dengan Kejagung, Simak Daftarnya",Hoax,Liputan6 Cek Fakta
Cek Fakta: Hoaks Aturan Pakaian Dinas ASN Kemenag Pakai Baju Biru Muda Prabowo,Hoax,Liputan6 Cek Fakta
"Ragam Hoaks Terkait Madiun, Simak Daftarnya",Hoax,Liputan6 Cek Fakta
"Transportasi Umum Jadi Sasaran Hoaks, Simak Ragam Klaim Palsu dan Faktanya",Hoax,Liputan6 Cek Fakta
"Kumpulan Hoaks Seputar Undian Berhadiah dari Bank Daerah, Simak Faktanya",Hoax,Liputan6 Cek Fakta
"Token Listrik Jadi Bahan Hoaks, dari Diusulkan Naik sampai Dibagikan Gratis",Hoax,Liputan6 Cek Fakta
"Deretan Hoaks Seputar Kemensos yang Beredar di Medsos, Cek Faktanya",Hoax,Liputan6 Cek Fakta
"Ragam Hoaks Bantuan Bibit Ayam dari Pemerintah yang Beredar di Medsos, Cek Faktanya",Hoax,Liputan6 Cek Fakta
Kejagung Minta Masyarakat Waspadai Surat Tilang Elektronik Palsu,Hoax,Liputan6 Cek Fakta
Cek Fakta: Tidak Benar Link Pendaftaran Undian Berhadiah Bank Kalteng,Hoax,Liputan6 Cek Fakta
"Deretan Hoaks Catut Nama Kemenag, Undian Haji Gratis hingga Pendaftaran CPNS Palsu",Hoax,Liputan6 Cek Fakta
"Program MBG Jadi Sasaran Hoaks, Simak Daftarnya",Hoax,Liputan6 Cek Fakta
Cek Fakta: Hoaks Tautan Pendaftaran Bantuan Bibit Ayam 2026 untuk Masyarakat,Hoax,Liputan6 Cek Fakta
"Deretan Hoaks Terkait Kecelakaan Pesawat, Simak Faktanya",Hoax,Liputan6 Cek Fakta
"Ragam Hoaks Seputar Reshuffle Kabinet, Simak Faktanya",Hoax,Liputan6 Cek Fakta
Cek Fakta: Tidak Benar MBG Diganti dengan Uang Tunai Rp 350.000,Hoax,Liputan6 Cek Fakta
"Kemenkeu dan Purbaya Jadi Sasaran Hoaks, Simak Daftarnya",Hoax,Liputan6 Cek Fakta
Cek Fakta: Tidak Benar Ini Video Penumpang Detik-Detik Pesawat ATR 42- 500 Jatuh,Hoax,Liputan6 Cek Fakta
Cek Fakta: Tidak Benar Tautan Pendaftaran BLT UMKM 2026,Hoax,Liputan6 Cek Fakta
Cek Fakta: Tidak Benar Ini Link Pendaftaran Pelatihan Program Resmi Kartu Prakerja,Hoax,Liputan6 Cek Fakta
"Kumpulan Hoaks Terbaru Seputar Pendaftaran CPNS 2026, Simak Faktanya",Hoax,Liputan6 Cek Fakta
"Bahlil Diserang Hoaks, dari Listrik sampai BBM",Hoax,Liputan6 Cek Fakta
"Waspada Hoaks Lowongan Kerja, Kenali Ragamnya",Hoax,Liputan6 Cek Fakta
Cek Fakta: Tidak Benar Link Pendaftaran CPNS pada 3 Januari - 7 Februari 2026,Hoax,Liputan6 Cek Fakta
"Ragam Hoaks yang Dikaitkan dengan Ridwan Kamil, Simak Faktanya",Hoax,Liputan6 Cek Fakta
"Kumpulan Hoaks Seputar Polri yang Beredar di Media Sosial, Simak Daftarnya",Hoax,Liputan6 Cek Fakta
"Kumpulan Hoaks Catut Nama Bank BJB, Simak Faktanya",Hoax,Liputan6 Cek Fakta
Cek Fakta: Tidak Benar Bahlil Ajak PLN Naikkan Harga Token Listrik,Hoax,Liputan6 Cek Fakta
"Deretan Hoaks Terkait Sertifikasi Halal, Simak Daftarnya",Hoax,Liputan6 Cek Fakta
Cek Fakta: Tidak Benar Link Pendaftaran PKH - BPNT Januari dan Februari 2026,Hoax,Liputan6 Cek Fakta
Cek Fakta: Hoaks Artikel Jokowi Terima Uang Pengadaan Iklan Bank BJB 850 Miliar Dolar AS d...,Hoax,Liputan6 Cek Fakta
"Kumpulan Hoaks Catut Internet Rakyat yang Beredar di Medsos, Cek Faktanya",Hoax,Liputan6 Cek Fakta
"Peringatan Tsunami dan Gempa BMKG Dijadikan Bahan Hoaks, Simak Daftarnya",Hoax,Liputan6 Cek Fakta
"Waspada Hoaks Kesehatan, Simak Daftarnya Biar Tak Terpengaruh",Hoax,Liputan6 Cek Fakta
"6 Hoaks yang Beredar Sepekan, Simak Daftar Faktanya",Hoax,Liputan6 Cek Fakta
"Ragam Hoaks Menerpa SBY yang Beredar di Media Sosial, Simak Faktanya",Hoax,Liputan6 Cek Fakta
"Mantan Menteri Jadi Sasaran Hoaks, dari Menkes hingga Menpora",Hoax,Liputan6 Cek Fakta
Cek Fakta: Tidak Benar Link Pendaftaran Bantuan Dana Non Muslim dan Gereja 2026 Lewat What...,Hoax,Liputan6 Cek Fakta
Cek Fakta: Tidak Benar Link Pendaftaran Internet Rakyat Gratis 3 Bulan untuk Pendaftar Bar...,Hoax,Liputan6 Cek Fakta
"Kumpulan Hoaks yang Dikaitkan dengan KPK, Simak Daftarnya",Hoax,Liputan6 Cek Fakta
"Ragam Hoaks Catut Profesi Guru, Simak Faktanya",Hoax,Liputan6 Cek Fakta
BKN Imbau Masyarakat Waspadai Informasi Hoaks Pendaftaran CPNS 2026,Hoax,Liputan6 Cek Fakta
Cek Fakta: Hoaks Foto-Foto SBY Masuk Rumah Sakit pada Januari 2026,Hoax,Liputan6 Cek Fakta
"Xi Jinping Dijadikan Bahan Hoaks, Simak Ragamnya",Hoax,Liputan6 Cek Fakta
Cek Fakta: Hoaks Artikel Mantan Menpora Dito Ariotedjo Sebut Jokowi Terima Uang Rp 2 Trili...,Hoax,Liputan6 Cek Fakta
"Waspada Hoaks Bantuan Modal Usaha, Simak Daftarnya",Hoax,Liputan6 Cek Fakta
"Ragam Hoaks yang Dikaitkan dengan Wali Kota, dari Boston hingga Madiun",Hoax,Liputan6 Cek Fakta
"Transjakarta Jadi Sasaran Hoaks, dari Isu Politik hingga Lowongan Kerja Palsu",Hoax,Liputan6 Cek Fakta
"Catat! Ini Jadwal Resmi Tanggal Merah dan Cuti Bersama Februari 2026, Ada Potensi Long Wee...",Hoax,Liputan6 Cek Fakta
"Deretan Hoaks Catut Nama OJK, Simak Faktanya",Hoax,Liputan6 Cek Fakta
"Kumpulan Hoaks Seputar Bantuan yang Catut Nama Pemerintah, Simak Daftarnya",Hoax,Liputan6 Cek Fakta
Cek Fakta: Tidak Benar Tautan Pendaftaran Bantuan Insentif untuk Guru 2026,Hoax,Liputan6 Cek Fakta
Cek Fakta: Tidak Benar Pendaftaran PPPK Kemenag 2026 pada 1 Januari - 28 Februari,Hoax,Liputan6 Cek Fakta
"Ragam Hoaks yang Pernah Menerpa Megawati Soekarnoputri, Simak Faktanya",Hoax,Liputan6 Cek Fakta
"Daftar Video Hoaks Terkini, Simak Faktanya",Hoax,Liputan6 Cek Fakta
"Ragam Hoaks Seputar Banjir yang Beredar di Media Sosial, Cek Faktanya",Hoax,Liputan6 Cek Fakta
Cek Fakta: Tidak Benar Link Pendaftaran CPNS 2026 Penempatan Seluruh Indonesia,Hoax,Liputan6 Cek Fakta
"Viral Klaim Video Warga Terjebak di Dalam Bus yang Banjir, Simak Fakta dari Transjakarta",Hoax,Liputan6 Cek Fakta
Cek Fakta: Tidak Benar Link Ini untuk Daftar DTKS 2026,Hoax,Liputan6 Cek Fakta
Cek Fakta: Video Warga Terjebak Banjir di Dalam Bus Jakarta Selatan Ini Tidak Benar,Hoax,Liputan6 Cek Fakta
"Waspada Penipuan Mengatasnamakan E-Tilang, Kenali Tanda dan Link Resminya",Hoax,Liputan6 Cek Fakta
Cek Fakta: Hoaks Artikel Wali Kota Madiun Serahkan Uang Rp 800 Juta ke Jokowi,Hoax,Liputan6 Cek Fakta
"Waspada Hoaks Link Pendaftaran PPPK BGN, Kenali Modus Penipuan dan Sumber Resmi",Hoax,Liputan6 Cek Fakta
"Kumpulan Hoaks Terkait Cuaca Buruk di Wilayah Jawa, Cek Faktanya",Hoax,Liputan6 Cek Fakta
"Deretan Hoaks Seputar Bansos PKH yang Beredar di Media Sosial, Simak Daftarnya",Hoax,Liputan6 Cek Fakta
Bawaslu Ungkap Tantangan Halau Disinformasi Pemilu di Indonesia,Hoax,Liputan6 Cek Fakta
"Kumpulan Hoaks Seputar Pinjol yang Beredar di Medsos, Cek Faktanya",Hoax,Liputan6 Cek Fakta
"Deretan Hoaks Sasar Menag Yaqut Cholil Qoumas, Simak Daftarnya",Hoax,Liputan6 Cek Fakta
Cek Fakta: Klarifikasi Amerika Serikat Larang Sertifikat Halal di Indonesia,Hoax,Liputan6 Cek Fakta
Cek Fakta: Hoaks Tautan Pendaftaran Voucer Listrik Gratis dari PLN,Hoax,Liputan6 Cek Fakta
Cek Fakta: Tidak Benar Link Pendaftaran Penghapusan Data Pinjol dari OJK,Hoax,Liputan6 Cek Fakta
"Beredar Link Pendaftaran CPNS dan PPPK Kemenag, Awas Penipuan",Hoax,Liputan6 Cek Fakta
Catat! Ini Jadwal Tanggal Merah Februari 2026 dan Potensi Long Weekend Imlek 4 Hari,Hoax,Liputan6 Cek Fakta
Cek Fakta: Tidak Benar Ini Link Pendaftaran Promo Undian BPD Aceh 2026,Hoax,Liputan6 Cek Fakta
"Lindungi Anak-Anak dari Paparan Hoaks AI, Simak Caranya",Hoax,Liputan6 Cek Fakta
Cek Fakta: Tidak Benar Link Pendaftaran Lowongan Kerja Kemenkes 2026,Hoax,Liputan6 Cek Fakta
"BMKG Ungkap Potensi Cuaca Ekstrem di Akhir Januari 2026, Kenali Ciri Hoaksnya",Hoax,Liputan6 Cek Fakta
"Dorong Inklusivitas Literasi Digital, ICT Watch Gandeng Meta Berikan Pelatihan Bagi Penyan...",Hoax,Liputan6 Cek Fakta
Waspada Video Hoaks Menkeu Purbaya Resmikan Pinjaman Online Al Mubarok,Hoax,Liputan6 Cek Fakta
Cek Fakta: Hoaks Artikel Yaqut Cholil Qoumas Sebut Uang Kuota Haji Dibagi Dua dengan Jokow...,Hoax,Liputan6 Cek Fakta
Cek Fakta: Hoaks Artikel Jokowi Sebut Gibran-Kaesang akan Jadi Presiden-Wapres pada 2029,Hoax,Liputan6 Cek Fakta
Keamanan Siber Layanan Publik Harus Beri Jaminan Perlindungan Data Pribadi,Hoax,Liputan6 Cek Fakta
Cara Daftar Bansos Kemensos dan Tips Hindari Penipuan,Hoax,Liputan6 Cek Fakta
"Ragam Hoaks yang Dikaitkan dengan Aceh, Simak Daftarnya",Hoax,Liputan6 Cek Fakta
"Nilai Tukar Rupiah Melemah, Simak Ragam Hoaks Seputar Uang yang Sempat Beredar di Medsos",Hoax,Liputan6 Cek Fakta
Cek Fakta: Tidak Benar Link Pendaftaran Bantuan Budidaya Ikan Air Tawar hingga Juni 2026,Hoax,Liputan6 Cek Fakta
Cek Fakta: Tidak Benar Pendaftaran PKH dan BNPT Cair Januari 2026 Lewat Link Ini,Hoax,Liputan6 Cek Fakta
Cek Fakta: Tidak Benar Informasi Rekrutmen CPNS Kejaksaan 2026,Hoax,Liputan6 Cek Fakta
"Awas Hoaks Berkedok Kemensos, dari Pendaftaran sampai Cek Bansos",Hoax,Liputan6 Cek Fakta
"Hoaks SIM dan STNK Gratis Marak Beredar, Simak Daftarnya",Hoax,Liputan6 Cek Fakta
"6 Hoaks yang Beredar Sepekan, Simak Ragam Faktanya",Hoax,Liputan6 Cek Fakta
Cek Fakta: Tidak Benar Link Ini untuk Cek Status Bansos PKH 2026,Hoax,Liputan6 Cek Fakta
"Thomas Djiwandono Diusulkan Jadi Deputi Gubernur Bank Indonesia, Ini Ragam Hoaks Catut Nam...",Hoax,Liputan6 Cek Fakta
"Gerhana Matahari Total, Fenomena Langka dan Jadwal Mendatang",Hoax,Liputan6 Cek Fakta
"Deretan Hoaks Seputar Kereta Api yang Pernah Beredar di Medsos, Cek Faktanya",Hoax,Liputan6 Cek Fakta
"Waspada Jebakan Hoaks Lewat Layanan STNK Gratis, Simak Faktanya",Hoax,Liputan6 Cek Fakta
Cek Fakta: Tidak Benar Link Pendaftaran Bantuan Modal Usaha UMKM,Hoax,Liputan6 Cek Fakta
"Kumpulan Hoaks Seputar BSU 2026 yang Beredar di Media Sosial, Simak Daftarnya",Hoax,Liputan6 Cek Fakta
"Deretan Hoaks Seputar CPNS 2026, Cek Faktanya",Hoax,Liputan6 Cek Fakta
Cek Fakta: Tidak Benar Link untuk Mengecek Status Penerima BSU Januari 2026,Hoax,Liputan6 Cek Fakta
"Sederet Hoaks Seputar Hujan yang Beredar di Medsos, Simak Daftarnya",Hoax,Liputan6 Cek Fakta
Cek Fakta: Tidak Benar Link Pendaftaran CPNS Kemendagri pada 11 Januari-7 Februari 2026,Hoax,Liputan6 Cek Fakta
"Deretan Hoaks Pesawat Jatuh, Cek Faktanya",Hoax,Liputan6 Cek Fakta
"Kumpulan Hoaks Terkait Kanker, Pahami Fakta dan Mitosnya",Hoax,Liputan6 Cek Fakta
"Pendaftaran Sertifikat Tanah Gratis dari Kementerian ATR Jadi Bahan Penipuan, Simak Modusn...",Hoax,Liputan6 Cek Fakta
"BPOM Temukan Puluhan Kosmetik Berbahaya, Simak Cara Cek Produk yang Aman",Hoax,Liputan6 Cek Fakta
"Ragam Hoaks Seputar Promo Listrik yang Catut Nama PLN, Cek Faktanya",Hoax,Liputan6 Cek Fakta
Cek Fakta: Tidak Benar Link untuk Cek BLT Kesra 2026 Bagi Pengguna Telegram,Hoax,Liputan6 Cek Fakta
Cek Fakta: Tidak Benar Link Pendaftaran Diskon Tarif Listrik 50 Persen dari PLN,Hoax,Liputan6 Cek Fakta
"Hoaks Seputar Pembuatan dan Perpanjangan SIM yang Beredar di Medsos, Simak Faktanya",Hoax,Liputan6 Cek Fakta
"Waspada Pesan Berantai Hoaks Menyebar di Masyarakat, Simak Daftarnya",Hoax,Liputan6 Cek Fakta
"Ragam Hoaks Catut Nama Menkeu Purbaya, Simak Daftarnya",Hoax,Liputan6 Cek Fakta
"Ojol Dijadikan Bahan Hoaks, Simak Daftarnya",Hoax,Liputan6 Cek Fakta
Cek Fakta: Hoaks Link Pendaftaran Pembuatan dan Perpanjangan SIM Gratis 2026,Hoax,Liputan6 Cek Fakta
"Daftar Hoaks Dampak Fenomena Alam, Cek Faktanya",Hoax,Liputan6 Cek Fakta
Cek Fakta: Hoaks Menkeu Purbaya Temukan Data Uang Jokowi Ribuan Triliun di Bank China,Hoax,Liputan6 Cek Fakta
Cek Fakta: Hoaks Pesan Berantai Klaim Air Rebusan Pare Bisa Membunuh Sel Kanker,Hoax,Liputan6 Cek Fakta
Cek Fakta: Tidak Benar Pernyataan Bahlil Ojol Wajib Beli Motor Listrik Sendiri untuk Kura...,Hoax,Liputan6 Cek Fakta
16 Januari Libur Apa? Siap-siap Sambut Long Weekend!,Hoax,Liputan6 Cek Fakta
"Kumpulan Hoaks Bantuan Bibit Ayam yang Beredar di Media Sosial, Cek Faktanya",Hoax,Liputan6 Cek Fakta
"Deretan Hoaks Pembagian Hadiah Catut Nama Dedi Mulyadi, Simak Daftarnya Agar Tak Terjebak",Hoax,Liputan6 Cek Fakta
"Waspada Hoaks Pendaftaran Petugas Haji, Cek Cara Resminya",Hoax,Liputan6 Cek Fakta
"Ragam Hoaks Pendaftaran CPNS 2026, Simak Faktanya",Hoax,Liputan6 Cek Fakta
"Cara Cek Bansos Januari 2026 Pakai KTP, Pastikan Terdaftar",Hoax,Liputan6 Cek Fakta
Cek Fakta: Tidak Benar Link Pendaftaran Bantuan Bibit Ayam 2026 dari Pemerintah,Hoax,Liputan6 Cek Fakta
Cek Fakta: Tidak Benar Ini Link Pendaftaran Program Prakerja 2026,Hoax,Liputan6 Cek Fakta
Cek Fakta: Tidak Benar Tautan Pendaftaran CPNS 2026 di 6 Kementerian Ini,Hoax,Liputan6 Cek Fakta
"Deretan Hoaks Seputar Token Listrik yang Beredar di Media Sosial, Simak Daftarnya",Hoax,Liputan6 Cek Fakta
"5 Modus Penipuan Scam Manfaatkan Psikologis, Simak untuk Hindarinya",Hoax,Liputan6 Cek Fakta
"Temuan Kasus Hoaks di Jabar Meningkat 107,9 Persen",Hoax,Liputan6 Cek Fakta
"Waspada Hoaks Peringatan Cuaca Buruk Mencatut BMKG, Kenali Ragamnya",Hoax,Liputan6 Cek Fakta
Cek Fakta: Tidak Benar Link untuk Daftar Bantuan Token Listrik Rp 750 Ribu dari PLN,Hoax,Liputan6 Cek Fakta
Cek Fakta: Hoaks Dedi Mulyadi Bagikan Rp 50 Juta Hanya dengan Memberikan Komentar di Faceb...,Hoax,Liputan6 Cek Fakta
"Kumpulan Hoaks Terbaru Seputar Bantuan Ternak Gratis, Simak Daftarnya",Hoax,Liputan6 Cek Fakta
"Ragam Hoaks yang Dikaitkan dengan Timnas Indonesia, Simak Faktanya",Hoax,Liputan6 Cek Fakta
"Jumat, 16 Januari 2026 Libur Apa? Ini Penjelasan SKB 3 Menteri dan Potensi Libur Panjang",Hoax,Liputan6 Cek Fakta
Cek Fakta: Hoaks Link Pendaftaran Bantuan Hewan Ternak Gratis,Hoax,Liputan6 Cek Fakta
"Cek Fakta: Tidak Benar Peringatan BMKG Fenomena Squall Line Bawa Hujan Lebat, Angin Kencan...",Hoax,Liputan6 Cek Fakta
"Deretan Hoaks Seputar Sekolah Rakyat yang Beredar di Media Sosial, Simak Faktanya",Hoax,Liputan6 Cek Fakta
"Waspada, Deretan Konten Hoaks Promosi Situs Judol Pakai Modifikasi AI: Ubah Video hingga S...",Hoax,Liputan6 Cek Fakta
"Kumpulan Kabar Viral Seputar Banjir, Simak Ragam Faktanya",Hoax,Liputan6 Cek Fakta
"Waspada Hoaks Terkait Pajak Kendaraan, Simak Daftarnya",Hoax,Liputan6 Cek Fakta
"6 Hoaks Sepekan, dari Pendaftaran Bansos sampai CPNS",Hoax,Liputan6 Cek Fakta
Cek Fakta: Tidak Benar Pemutihan Pajak Kendaraan di Seluruh Indonesia Periode Januari-Apri...,Hoax,Liputan6 Cek Fakta
"Waspada Artikel Hoaks Menyebar di Media Sosial, Simak Faktanya",Hoax,Liputan6 Cek Fakta
Jadwal Long Weekend Januari 2026: Nikmati Libur Tiga Hari Akhir Pekan Ini,Hoax,Liputan6 Cek Fakta
Cek Fakta: Audio Narasumber Promosi Situs Judol Ini Merupakan Modifikasi AI,Hoax,Liputan6 Cek Fakta
"Cegah Penipuan, Simak Panduan Lengkap Registrasi Akun SNPMB 2026 dan Link Resminya",Hoax,Liputan6 Cek Fakta
Cek Fakta: Hoaks Artikel Yaqut Cholil Qoumas Sebut Jokowi Terima Uang Kuota Haji Rp 470 T,Hoax,Liputan6 Cek Fakta
"KPK Jadi Sasaran Hoaks, Simak Daftarnya Agar Tak Tertipu",Hoax,Liputan6 Cek Fakta
"Simak, Cara Mudah Terhindar dari Artikel Palsu yang Bikin Resah",Hoax,Liputan6 Cek Fakta
"Deretan Artikel Hoaks Seputar Kasus Korupsi Kuota Haji, Simak Faktanya",Hoax,Liputan6 Cek Fakta
Cek Fakta: Hoaks Artikel Yaqut Cholil Qoumas Minta KPK Periksa Jokowi karena Menerima Uang...,Hoax,Liputan6 Cek Fakta
Cek Fakta: Tidak Benar Link Ini Pendaftaran Bansos 2026,Hoax,Liputan6 Cek Fakta
"Yaqut Cholil Qoumas Jadi Tersangka KPK, Simak Kumpulan Hoaks yang Pernah Menerpanya",Hoax,Liputan6 Cek Fakta
Cek Fakta: Tidak Benar Tautan Ini untuk Daftar Internet Rakyat,Hoax,Liputan6 Cek Fakta
"Kumpulan Hoaks Seputar Pendaftaran Petugas Haji 2026, Simak Daftarnya",Hoax,Liputan6 Cek Fakta
"Kumpulan Hoaks Terkait Yaqut Cholil Qoumas, Simak Daftarnya",Hoax,Liputan6 Cek Fakta
"Hoaks Terkini yang Mencatut Program Kementerian, Simak Daftarnya",Hoax,Liputan6 Cek Fakta
Tanggal 16 Januari 2026 Libur Apa? Siap-siap Nikmati Long Weekend Lagi,Hoax,Liputan6 Cek Fakta
Cek Fakta: Tidak Benar Link Pendaftaran Pegawai Haji 2026 dari BPKH,Hoax,Liputan6 Cek Fakta
"Hoaks Terkait Covid-19 Masih Beredar saat Pandemi Berakhir, Simak Daftarnya",Hoax,Liputan6 Cek Fakta
"Kumpulan Hoaks Seputar Amerika Serikat yang Beredar di Media Sosial, Cek Daftarnya",Hoax,Liputan6 Cek Fakta
Cek Fakta: Hoaks Artikel Eks Menag Yaqut Cholil Qoumas Minta Jokowi Tidak Hilangkan Barang...,Hoax,Liputan6 Cek Fakta
"Ragam Hoaks Seputar BLT yang Beredar di Media Sosial, Simak Faktanya",Hoax,Liputan6 Cek Fakta
Cek Fakta: Hoaks Artikel Jokowi akan Bertobat Jika Ijazahnya Dinyatakan Palsu,Hoax,Liputan6 Cek Fakta
Cek Fakta: Tidak Benar Ini Link Pendaftaran Bansos Digital Resmi dari Kementerian Sosial,Hoax,Liputan6 Cek Fakta
Waspada! Ini Tips Terhindar dari Hoaks Bantuan Pemerintah Agar Tak Tertipu,Hoax,Liputan6 Cek Fakta
"Awas Jebakan Hoaks Berkedok Bantuan Pemerintah 2026, Simak Daftarnya",Hoax,Liputan6 Cek Fakta
"Kumpulan Hoaks yang Dikaitkan dengan Mahfud MD, Simak Faktanya",Hoax,Liputan6 Cek Fakta
Cek Fakta: Tidak Benar Link Cara Cek BLT Kesra Periode Januari-Maret 2026,Hoax,Liputan6 Cek Fakta
"Kumpulan Hoaks Seputar Undian Berhadiah Catut Nama Bank, Simak Faktanya",Hoax,Liputan6 Cek Fakta
Cek Fakta: Hoaks Link Pendaftaran Undian Bank Aceh,Hoax,Liputan6 Cek Fakta
Cek Fakta: Hoaks Presiden Prabowo Minta Warga Aceh Keroyok Bahlil,Hoax,Liputan6 Cek Fakta
Cek Fakta: Tidak Benar Link Pendaftaran Bantuan Bibit Ikan,Hoax,Liputan6 Cek Fakta
Cek Fakta: Hoaks Video Mahfud MD Bagikan Bantuan Modal Usaha dari Uang Sitaan Korupsi,Hoax,Liputan6 Cek Fakta
"Rekrutmen TNI AD 2026, Cara Daftarnya untuk Hindari Penipuan",Hoax,Liputan6 Cek Fakta
Cek Fakta: Tidak Benar Ini Link untuk Cek Status Penerima BSU 2026,Hoax,Liputan6 Cek Fakta
"Waspada Hoaks Mencatut PLN, Simak Daftarnya",Hoax,Liputan6 Cek Fakta
"Link BSU 2026 Bermunculan di Media Sosial, Simak Fakta dari Kemnaker",Hoax,Liputan6 Cek Fakta
Catat! Jadwal Long Weekend Januari 2026 dan Tips Maksimalkan Liburan Awal Tahun,Hoax,Liputan6 Cek Fakta
"Kumpulan Hoaks Seputar Flu, Simak Faktanya",Hoax,Liputan6 Cek Fakta
Cek Fakta: Tidak Benar Link Cek Penerima BLT 2026 Online Rp 900 Ribu,Hoax,Liputan6 Cek Fakta
"Deretan Artikel Hoaks Terkait Kasus Dugaan Ijazah Palsu Jokowi, Simak Faktanya",Hoax,Liputan6 Cek Fakta
"Ragam Hoaks Catut Nama Mahkamah Internasional, Simak Daftarnya",Hoax,Liputan6 Cek Fakta
"Pendaftaran PPPK KemenHam 2026, Cek Jadwal, Formasi, dan Syarat Lengkap",Hoax,Liputan6 Cek Fakta
"Waspada Jebakan Scam, Pahami Modus dan Cara Melindungi Diri dari Penipuan Online",Hoax,Liputan6 Cek Fakta
"Deretan Hoaks Terkait China, Simak Faktanya",Hoax,Liputan6 Cek Fakta
"Bahlil Dijadikan Bahan Hoaks, Cek Daftarnya",Hoax,Liputan6 Cek Fakta
Cek Fakta: Tidak Benar Link Cek Nama Penerima Bansos PKH 2026,Hoax,Liputan6 Cek Fakta
"Sederet Hoaks yang Pernah Menerpa Nadiem Makarim, Simak Faktanya",Hoax,Liputan6 Cek Fakta
"Masjid Istiqlal Tak Luput dari Sasaran Hoaks, Simak Daftarnya",Hoax,Liputan6 Cek Fakta
Cek Fakta: Tidak Benar Ini Link Pendaftaran Undian Wondr Bank BNI,Hoax,Liputan6 Cek Fakta
"Deretan Video AI Hoaks yang Sempat Viral, Simak Faktanya",Hoax,Liputan6 Cek Fakta
"Hoaks Kesehatan Terkini, Cek Ragam Faktanya",Hoax,Liputan6 Cek Fakta
"Kumpulan Hoaks Bantuan Catut Kemenag dan Australia yang Beredar di Medsos, Simak Daftarnya",Hoax,Liputan6 Cek Fakta
Cek Fakta: Hoaks Artikel Mahkamah Internasional Sebut Ijazah Jokowi Asli,Hoax,Liputan6 Cek Fakta
"Registrasi SNPMB 2026 Dibuka, Simak Panduan Lengkap Cara Daftar untuk Hindari Penipuan",Hoax,Liputan6 Cek Fakta
"Kumpulan Foto Hoaks Terkini, dari Tentara China hingga AS",Hoax,Liputan6 Cek Fakta
"6 Hoaks yang Beredar Sepekan, dari Hadiah Tahun Baru hingga Pendaftaran CPNS 2026",Hoax,Liputan6 Cek Fakta
"Kumpulan Hoaks Seputar BSU yang Beredar di Media Sosial, Simak Daftarnya",Hoax,Liputan6 Cek Fakta
"Deretan Hoaks yang Manfaatkan Momen Natal, Simak Daftarnya",Hoax,Liputan6 Cek Fakta
Cek Fakta: Tidak Benar Link Cek Status Penerima BSU 2026 Via Kemnaker dan BPJS Ketenagaker...,Hoax,Liputan6 Cek Fakta
"Kumpulan Hoaks Peristiwa di Masjid, dari California hingga Istiqlal",Hoax,Liputan6 Cek Fakta
Cek Fakta: Tidak Benar Link Pendaftaran Bantuan Dana DAP untuk Umat Kristen dari Australia,Hoax,Liputan6 Cek Fakta
Cek Fakta: Tidak Benar Ini Foto Tentara China Mendarat di Bandara Sam Ratulangi Manado,Hoax,Liputan6 Cek Fakta
"Kumpulan Hoaks Seputar BLT UMKM yang Beredar di Medsos, Simak Faktanya",Hoax,Liputan6 Cek Fakta
"Daftar Resmi Tanggal Merah Januari 2026, Siap Sambut Long Weekend Lagi",Hoax,Liputan6 Cek Fakta
"Pendaftaran CPNS 2026, Simak Ragam Syarat dan Persiapannya",Hoax,Liputan6 Cek Fakta
Cek Fakta: Hoaks Video Perayaan Natal di Dalam Masjid Istiqlal,Hoax,Liputan6 Cek Fakta
"Kumpulan Hoaks Seputar Virus Flu, Simak Biar Tak Terpengaruh",Hoax,Liputan6 Cek Fakta
Cek Fakta: Tidak Benar Link Pendaftaran BLT UMKM 2026 Sebesar Rp 50 Juta,Hoax,Liputan6 Cek Fakta
"Ragam Hoaks Bagi-Bagi Dana Bantuan Catut Nama Pejabat, dari Mahfud Md hingga Purbaya",Hoax,Liputan6 Cek Fakta
"John Herdman Jadi Pelatih Baru, Simak Ragam Hoaks Seputar Timnas yang Pernah Beredar",Hoax,Liputan6 Cek Fakta
Cek Fakta: Hoaks Video Mahfud Md Bagikan Modal Usaha Rp 100 Juta ke 4 Orang Terpilih,Hoax,Liputan6 Cek Fakta
"Tarif Listrik per kWh Telah Ditetapkan Pemerintah, Cek Rincian Biaya Golongan Pelanggan",Hoax,Liputan6 Cek Fakta
Cek Fakta: Tidak Benar Super Flu Lebih Parah dari Covid-19,Hoax,Liputan6 Cek Fakta
Minat Daftar CPNS 2026? Simak Dulu Ragam Hoaksnya,Hoax,Liputan6 Cek Fakta
"Waspada Hoaks Hadiah Tahun Baru 2026 Mencatut Pertamina, Awas Terjebak Penipuan",Hoax,Liputan6 Cek Fakta
Waspada! Ini 7 Tips Ampuh Terhindar dari Pesan Berantai Hoaks yang Meresahkan,Hoax,Liputan6 Cek Fakta
"Hoaks Catut Nama BMKG Kerap Beredar di Masyarakat, Simak Daftarnya",Hoax,Liputan6 Cek Fakta
"Pemerintah Tetapkan 8 Hari Cuti Bersama 2026, Simak Jadwal Lengkapnya",Hoax,Liputan6 Cek Fakta
"Kumpulan Hoaks Menkeu Purbaya Bagi-Bagi Dana Bantuan, Simak Daftarnya",Hoax,Liputan6 Cek Fakta
"Kumpulan Hoaks Terbaru Seputar Pendaftaran CPNS, Simak Daftarnya",Hoax,Liputan6 Cek Fakta
Cek Fakta: Video Menkeu Purbaya Beri Bantuan Rp 50 Juta Tidak Benar dan Hasil AI,Hoax,Liputan6 Cek Fakta
"Kumpulan Hoaks yang Catut Perayaan Tahun Baru, Simak Faktanya",Hoax,Liputan6 Cek Fakta
Cek Fakta: Tidak Benar Link Ini untuk Pendaftaran CPNS 2026,Hoax,Liputan6 Cek Fakta
"Waspada, 5 Modus Penipuan Siber yang Incar Masyarakat Jelang Tahun Baru",Hoax,Liputan6 Cek Fakta
"Kumpulan Hoaks Catut Nama Pertamina, dari Rekrutmen hingga Aturan Pengisian BBM",Hoax,Liputan6 Cek Fakta
"Waspada Hoaks Hadiah Tahun Baru 2026 Mencatut PLN, Simak Modusnya",Hoax,Liputan6 Cek Fakta
"Deretan Hoaks Berbentuk Pesan Berantai, dari Urusan Kriminal hingga Undian Berhadiah",Hoax,Liputan6 Cek Fakta
"Perusahaan BUMN Dijadikan Bahan Hoaks, Cek Daftarnya Biar Tak Tertipu",Hoax,Liputan6 Cek Fakta
"Badai Ekstrem Bakal Terjadi di Pulau Jawa pada Malam Tahun Baru, BMKG: Hoaks",Hoax,Liputan6 Cek Fakta
"Waspada Hoaks, Simak Panduan Lengkap Cara Cek Bansos KTP Resmi dari Kemensos",Hoax,Liputan6 Cek Fakta
"Hoaks Seputar Kartu Prakerja Terus Beredar, Cek Ragamnya Biar Tak Terjebak",Hoax,Liputan6 Cek Fakta
"Tahun Baru Dimanfaatkan untuk Sebar Hoaks Pembagian Hadiah, Simak Daftarnya",Hoax,Liputan6 Cek Fakta
"Awas Hoaks Berkedok Cek Bansos, Simak Ragamnya untuk Hindari Penipuan",Hoax,Liputan6 Cek Fakta
"Hoaks Seputar Gempa Bumi yang Pernah Beredar di Medsos, Cek Faktanya",Hoax,Liputan6 Cek Fakta
"Kumpulan Hoaks Seputar BLT Kesra yang Beredar di Medsos, Simak Faktanya",Hoax,Liputan6 Cek Fakta
"6 Hoaks yang Beredar Sepekan, Mencatut Pejabat hingga Tawaran Menarik",Hoax,Liputan6 Cek Fakta
Cek Fakta: Tidak Benar Link Pendaftaran Bansos PKH Via Telegram,Hoax,Liputan6 Cek Fakta
Cek Fakta: Tidak Benar Ini Link Pendaftaran Prakerja 2025 gelombang 72,Hoax,Liputan6 Cek Fakta
Cek Fakta: Tidak Benar Link Ini untuk Mengecek Penerima BLT Kesra,Hoax,Liputan6 Cek Fakta
"Ragam Hoaks Catut Nama Luhut Binsar Pandjaitan, Simak Daftarnya",Hoax,Liputan6 Cek Fakta
"Kumpulan Hoaks soal Token Listrik Gratis yang Beredar di Medsos, Simak Faktanya",Hoax,Liputan6 Cek Fakta
Cek Fakta: Tidak Benar Link Pendaftaran Undian Akhir Tahun dari Bank Jateng,Hoax,Liputan6 Cek Fakta
Cek Fakta: Tidak Benar Link Pendaftaran untuk Dapat Token Listrik Gratis 6 Bulan,Hoax,Liputan6 Cek Fakta
"Cek Fakta: Hoaks Pesan Berantai Pertamina Bagikan Hadiah Tahun Baru Rp 1,5 Juta Hanya deng...",Hoax,Liputan6 Cek Fakta
Resmi Ditetapkan! Ini Dia Lengkap Jadwal Cuti Bersama 2026 untuk Libur Panjangmu,Hoax,Liputan6 Cek Fakta
"Deretan Hoaks Catut Nama KPK Resahkan Masyarakat, Simak Daftarnya",Hoax,Liputan6 Cek Fakta
Catat! Ini Dua Tanggal Merah Januari 2026 yang Ditetapkan Pemerintah,Hoax,Liputan6 Cek Fakta
"Gubernur Jawa Barat Dedi Mulyadi Kerap Jadi Sasaran Hoaks, Simak Faktanya",Hoax,Liputan6 Cek Fakta
Jadwal Long Weekend Akhir Desember 2025: Libur Natal dan Potensi Libur Panjang Menuju Tahu...,Hoax,Liputan6 Cek Fakta
Cek Fakta: Tidak Benar Klaim Link Hadiah PLN Tahun Baru 2026,Hoax,Liputan6 Cek Fakta
Awas Penipuan Berkedok Pesan Ucapan Natal Bisa Kuras Isi Tabungan,Hoax,Liputan6 Cek Fakta
"Waspada Penipuan Digital Makin Gencar saat Musim Liburan, Simak Tips Menghindarinya",Hoax,Liputan6 Cek Fakta
Cek Fakta: Tidak Benar Mulai 20 Desember 2025 Presiden Prabowo Gratiskan Listrik 3 Bulan u...,Hoax,Liputan6 Cek Fakta
Cek Fakta: Hoaks Artikel Mantan Presiden Jokowi Terima Uang Rp 87 Miliar dari Bupati Bekas...,Hoax,Liputan6 Cek Fakta
"Kasus Tudingan Ijazah Palsu Jokowi Diiringi Sejumlah Hoaks, Simak Daftarnya",Hoax,Liputan6 Cek Fakta
Cek Fakta: Hoaks Luhut Binsar Pandjaitan Sebut Dedi Mulyadi ke Sumatera Hanya untuk Pencit...,Hoax,Liputan6 Cek Fakta
Catat! Ini Daftar Lengkap Tanggal Merah Januari 2026 dan Hari Penting Lainnya,Hoax,Liputan6 Cek Fakta
"Waspada Hoaks Token Listrik Marak Beredar, Cek Daftarnya Biar Tak Tertipu",Hoax,Liputan6 Cek Fakta
"Waspada Hoaks Seputar Fungsi KTP, Bisa Lacak Posisi sampai Bansos Fiktif",Hoax,Liputan6 Cek Fakta
"Ragam Video Hoaks yang Mengklaim Kebijakan Menkeu Purbaya, Simak Daftarnya",Hoax,Liputan6 Cek Fakta
Cek Fakta: Tidak Benar Ini Link Pendaftaran Token Listrik Gratis Rp 300 Ribu Periode 2025 ...,Hoax,Liputan6 Cek Fakta
"Viral Peringatan Potensi Tsunami dan Gempa Megathrust di Lampung, Simak Fakta dari BMKG",Hoax,Liputan6 Cek Fakta
"UMP Jakarta 2026 Naik Jadi Rp 5,72 Juta, Simak Dasar Penetapannya",Hoax,Liputan6 Cek Fakta
"Kumpulan Hoaks Seputar Internet Rakyat, Simak Penelusurannya",Hoax,Liputan6 Cek Fakta
Cek Fakta: Tidak Benar Link Ini untuk Daftar Bansos PKH dan BLT,Hoax,Liputan6 Cek Fakta
"Hoaks Terkait Bom Kerap Meresahkan Masyarakat, Simak Faktanya",Hoax,Liputan6 Cek Fakta
"Waspada Hoaks Undian Berhadiah Catut Nama Bank Jateng, Jangan Sampai Tertipu",Hoax,Liputan6 Cek Fakta
"Waspada Hoaks Pendaftaran CPNS untuk 2026, Kenali Modus dan Cara Menghindarinya",Hoax,Liputan6 Cek Fakta
"Deretan Hoaks yang Dikaitkan dengan Morowali, Simak Daftarnya",Hoax,Liputan6 Cek Fakta
"Ragam Hoaks Seputar Natal yang Pernah Beredar di Media Sosial, Cek Faktanya",Hoax,Liputan6 Cek Fakta
"Cek Bansos Kemensos Dijadikan Bahan Hoaks untuk Menipu, Simak Panduan Resminya",Hoax,Liputan6 Cek Fakta
Cek Fakta: Tidak Benar Link Ini Pendaftaran Internet Rakyat Gratis 25 GB,Hoax,Liputan6 Cek Fakta
Daftar Tanggal Merah Januari 2026: Ada Long Weekend Pertama di Awal Tahun,Hoax,Liputan6 Cek Fakta
"Kumpulan Hoaks Terkini Pendaftaran ASN, Simak Sebelum Terjebak Penipuan",Hoax,Liputan6 Cek Fakta
"BPBD Sulbar Pastikan Info Potensi Gempa dan Tsunami Magnitudo 7,9 Adalah Hoaks",Hoax,Liputan6 Cek Fakta
"Ragam Hoaks Seputar Pajak yang Pernah Beredar di Medsos, Simak Faktanya",Hoax,Liputan6 Cek Fakta
"Kumpulan Hoaks Seputar BSU BPJS Ketenagakerjaan, Simak Faktanya",Hoax,Liputan6 Cek Fakta
Cek Fakta: Tidak Benar Klaim Chip e-KTP untuk Melacak Pemiliknya,Hoax,Liputan6 Cek Fakta
"Ragam Hoaks yang Menerpa Menkeu Purbaya, Simak Faktanya",Hoax,Liputan6 Cek Fakta
Cek Fakta: Tidak Benar Link Ini untuk Cek Status Penerima BSU BPJS Ketenagakerjaan,Hoax,Liputan6 Cek Fakta
"Ragam Hoaks Seputar Emas yang Beredar di Medsos, Simak Faktanya",Hoax,Liputan6 Cek Fakta
Cek Fakta: Tidak Benar Video Menkeu Purbaya Buka Program Bantuan Rp 30 Juta,Hoax,Liputan6 Cek Fakta
BNPB Sebut Mewaspadai Hoaks Bisa Kurangi Risiko dan Dampak Bencana,Hoax,Liputan6 Cek Fakta
Cek Fakta: Tidak Benar Ini Link Pendaftaran CPNS 2025-2026 untuk Ribuan Formasi,Hoax,Liputan6 Cek Fakta
"Kumpulan Hoaks Terkait Kasus Korupsi, dari Hasil sampai Penetapan Tersangka",Hoax,Liputan6 Cek Fakta
"ASN Diperbolehkan WFA Periode Natal 2025 dan Tahun Baru 2026, Bagaimana dengan Pekerja Swa...",Hoax,Liputan6 Cek Fakta
"Hoaks Terkini Seputar BLT Kesra, Kenali Ragamnya Biar Tak Terjebak",Hoax,Liputan6 Cek Fakta
"Kumpulan Hoaks Seputar Bantuan Ikan dari Pemerintah, Simak Faktanya",Hoax,Liputan6 Cek Fakta
"Ragam Hoaks Seputar KRL yang Sempat Beredar di Medsos, Cek Faktanya",Hoax,Liputan6 Cek Fakta
Cek Fakta: Tidak Benar Link Pendaftaran Bantuan Token Listrik dari PLN,Hoax,Liputan6 Cek Fakta
Cek Fakta: Tidak Benar Link Pendaftaran Bantuan Bibit Ikan Gratis,Hoax,Liputan6 Cek Fakta
"Sederet Hoaks Seputar Bantuan Ternak, Simak Agar Tak Jadi Korban Penipuan",Hoax,Liputan6 Cek Fakta
"Ragam Hoaks Seputar BLT yang Beredar di Medsos, Simak Faktanya",Hoax,Liputan6 Cek Fakta
Cek Fakta: Tidak Benar Link Pendaftaran untuk Mendapatkan Bantuan Bibit Ayam,Hoax,Liputan6 Cek Fakta
"Kumpulan Hoaks yang Dikaitkan dengan China, Simak Daftarnya",Hoax,Liputan6 Cek Fakta
Cek Fakta: Tidak Benar Ini Link Pendaftaran dan Cek BLT Kesra Desember,Hoax,Liputan6 Cek Fakta
Cek Fakta: Hoaks Link Pendaftaran untuk Dapatkan BLT UMKM Sebesar Rp 5 Juta,Hoax,Liputan6 Cek Fakta
Jadwal Libur Nasional dan Cuti Bersama Desember 2025: Siap-siap Libur Panjang Akhir Tahun!,Hoax,Liputan6 Cek Fakta
"Cek BLT Kesra Desember 2025, Panduan Lengkap Pencairan Bantuan dan Cara Hindari Hoaks",Hoax,Liputan6 Cek Fakta
"Bantuan Pemerintah Periode Desember 2025 Dijadikan Bahan Hoaks, Simak Ragamnya",Hoax,Liputan6 Cek Fakta
"Cara Cek PIP Lewat HP, Pastikan Dana Bantuan Pendidikan Cair",Hoax,Liputan6 Cek Fakta
"Mantan Menkes Jadi Sasaran Hoaks, dari Nila Moeloek hingga Siti Fadilah",Hoax,Liputan6 Cek Fakta
Cek Fakta: Tidak Benar Link untuk Periksa BLT Tambahan Desember 2025-Januari 2026,Hoax,Liputan6 Cek Fakta
"Eks Menkes Siti Fadilah Supari Jadi Sasaran Hoaks, Simak Daftarnya",Hoax,Liputan6 Cek Fakta
Jadwal Lengkap Tanggal Merah Desember 2025: Potensi Libur Panjang Akhir Tahun,Hoax,Liputan6 Cek Fakta
Cek Fakta: Hoaks Artikel Luhut Ancam Keluar dari Indonesia Jika China Dilarang Kelola Band...,Hoax,Liputan6 Cek Fakta
"Mulai 1 Januari 2026 Registrasi Kartu SIM Pakai Pengenal Wajah, Simak Tujuannya",Hoax,Liputan6 Cek Fakta
"PP Tunas, Menkomdigi Tegaskan Sanksi Hanya untuk Platform Digital Bukan Orangtua",Hoax,Liputan6 Cek Fakta
Cek Fakta: Tidak Benar Ini Link Pendaftaran Program Kartu Prakerja Akhir 2025,Hoax,Liputan6 Cek Fakta
"Hadapi Tantangan AI dan Hoaks, Komdigi Perkuat Literasi Digital Nasional",Hoax,Liputan6 Cek Fakta
"Yaqut Diperiksa KPK, Simak Kumpulan Hoaks Terkait Korupsi Kuota Haji",Hoax,Liputan6 Cek Fakta
"Ragam Hoaks Seputar KPK yang Sempat Beredar, Simak Faktanya",Hoax,Liputan6 Cek Fakta
"Deretan Hoaks yang Dikaitkan dengan Penangkapan Bupati Lampung Tengah, Simak Daftarnya",Hoax,Liputan6 Cek Fakta
"Jadwal Lengkap Cuti Bersama 2025, Siap-siap Libur Panjang Akhir Tahun",Hoax,Liputan6 Cek Fakta
"Viral Siti Fadilah Supari Kecelakaan Mobilnya Dibom, Cek Faktanya",Hoax,Liputan6 Cek Fakta
Cek Fakta: Hoaks Video Eks Menkes Siti Fadilah Supari Alami Kecelakaan Akibat Mobilnya Dib...,Hoax,Liputan6 Cek Fakta
"KIP Kuliah Solusi Kendala Keuangan, Simak Cara Daftar dan Cek Status Penerimanya",Hoax,Liputan6 Cek Fakta
"Deretan Hoaks Seputar Dedi Mulyadi yang Beredar di Medsos, Simak Faktanya",Hoax,Liputan6 Cek Fakta
"Jadwal Lengkap Libur Nasional Desember 2025 dan Cuti Bersama, Siap Sambut Akhir Tahun",Hoax,Liputan6 Cek Fakta
Cek Fakta: Tidak Benar Link Pendaftaran Bansos PKH Periode Desember 2025,Hoax,Liputan6 Cek Fakta
"Deretan Hoaks Catut Nama Sejumlah Bupati di Indonesia, Simak Daftarnya",Hoax,Liputan6 Cek Fakta
Cek Fakta: Foto Dedi Mulyadi Dioperasi di RSPAD Peristiwa Lama pada 2022,Hoax,Liputan6 Cek Fakta
"Kumpulan Hoaks Terbaru Seputar Pendaftaran CPNS, Cek Faktanya",Hoax,Liputan6 Cek Fakta
"Tanggal Merah 2026 dan Cuti Bersama dari SKB Tiga Menteri, Simak Jadwal Lengkapnya",Hoax,Liputan6 Cek Fakta
Cek Fakta: Hoaks Artikel Bupati Lampung Tengah Minta KPK Menetapkan Jokowi Sebagai Tersang...,Hoax,Liputan6 Cek Fakta
"Ragam Hoaks Terbaru Seputar BPJS Kesehatan, Simak Faktanya",Hoax,Liputan6 Cek Fakta
"6 Hoaks yang Beredar Dalam Sepekan, Cek Faktanya Biar Tak Terpengaruh",Hoax,Liputan6 Cek Fakta
Cek Fakta: Tidak Benar Link Pendaftaran CPNS Kementerian Perhubungan,Hoax,Liputan6 Cek Fakta
Pemerintah Tetapkan Jadwal Cuti Bersama 2026: Simak Daftarnya,Hoax,Liputan6 Cek Fakta
"Hoaks Seputar Ridwan Kamil yang Sempat Viral di Medsos, Simak Faktanya",Hoax,Liputan6 Cek Fakta
Cek Fakta: Hoaks Artikel Bupati Lampung Tengah Sebut Jokowi Terima Uang Suap dan Emas Bata...,Hoax,Liputan6 Cek Fakta
Cek Fakta: Tidak Benar Ini Link Registrasi Internet Rakyat Gratis 3 Bulan untuk Pendaftar ...,Hoax,Liputan6 Cek Fakta
Cek Fakta: Tidak Benar Link Pendaftaran BPJS Gratis Program Pemerintah,Hoax,Liputan6 Cek Fakta
Jadwal Resmi Cuti Bersama Desember 2025: Siap-Siap Libur Panjang Akhir Tahun!,Hoax,Liputan6 Cek Fakta
Libur Nasional Desember 2025: Simak Jadwal Lengkapnya,Hoax,Liputan6 Cek Fakta
"Deretan Informasi Viral Prediksi Tsunami, Simak Faktanya Agar Tak Terpengaruh",Hoax,Liputan6 Cek Fakta
"Cara Cek Status Penerima BSU Kemenag 2025, Guru Madrasah Harus Simak Biar Tak Tertipu",Hoax,Liputan6 Cek Fakta
Cek Fakta: Tidak Benar BMKG Sebut Siklon 97S Berpotensi Besar Kepung Kepulauan Jawa,Hoax,Liputan6 Cek Fakta
"Cek Status Penerima BSU BPJS Ketenagakerjaan Jadi Bahan Hoaks, Simak Daftarnya",Hoax,Liputan6 Cek Fakta
"Awas Penipuan Berkedok Tiket Pesawat Murah, Kenali Modusnya Biar Liburan Aman",Hoax,Liputan6 Cek Fakta
"Hoaks Pembagian Modal Usaha Makin Menggiurkan, Simak Daftarnya",Hoax,Liputan6 Cek Fakta
"Kumpulan Hoaks Terbaru Seputar Token Listrik, Simak Faktanya",Hoax,Liputan6 Cek Fakta
Cek Fakta: Tidak Benar Link Ini untuk Mengecek Status Penerima BSU,Hoax,Liputan6 Cek Fakta
Cek Fakta: Hoaks Link Daftar Bantuan Token Listrik Rp 750.000 dari PLN,Hoax,Liputan6 Cek Fakta
Cek Fakta: Tidak Benar Link Pendaftaran Program Undian Rejeki Wondr Bank BNI,Hoax,Liputan6 Cek Fakta
"Beragam Hoaks Sasar Mantan Presiden Jokowi, Simak Faktanya",Hoax,Liputan6 Cek Fakta
Cek Fakta: Tidak Benar Ini Link Pendaftaran Bansos Pangan Tunai 2025,Hoax,Liputan6 Cek Fakta
"Ragam Hoaks Seputar Bansos yang Beredar di Medsos, Cek Faktanya",Hoax,Liputan6 Cek Fakta
"Kumpulan Artikel Palsu Sasar Mantan Presiden Jokowi, Ini Faktanya",Hoax,Liputan6 Cek Fakta
Cek Fakta: Tidak Benar Link Pendaftaran Bansos PKH dan BLT,Hoax,Liputan6 Cek Fakta
"Sederet Hoaks Seputar Lowongan Kerja di Sekolah Rakyat, Simak Faktanya",Hoax,Liputan6 Cek Fakta
"Mobil MBG Tabrak Siswa, Polda Metro Jaya Bantah Hoaks Adanya Korban Jiwa",Hoax,Liputan6 Cek Fakta
"Kumpulan Hoaks Peringatan Bencana dan Cuaca Buruk, Simak Biar Tak Terpengaruh",Hoax,Liputan6 Cek Fakta
Cek Fakta: Hoaks Link Pendaftaran Program E-Toll Rp 500.000 dari Jasa Marga,Hoax,Liputan6 Cek Fakta
Cek Fakta: Hoaks Artikel Pemerintah Tetapkan Jokowi Sebagai Bencana Nasional,Hoax,Liputan6 Cek Fakta
Cek Fakta: Tidak Benar BMKG Keluarkan Peringatan Potensi Tsunami dan Gempa Megathrust di ...,Hoax,Liputan6 Cek Fakta
"Fakta Hujan Meteor Geminid, Begini Cara Menyaksikannya",Hoax,Liputan6 Cek Fakta
"Daftar Fasilitas Internet Gratis Berikut Cuma Hoaks, Simak Biar Tak Tertipu",Hoax,Liputan6 Cek Fakta
"CPNS 2026, Simak Cara Hindari Hoaks Pendaftaran dan Modus Penipuan",Hoax,Liputan6 Cek Fakta
Cek Fakta: Tidak Benar Link Pendaftaran ASN pada Sekolah Rakyat,Hoax,Liputan6 Cek Fakta
"Ragam Hoaks Lowongan Pekerjaan yang Beredar di Medsos, Simak Faktanya",Hoax,Liputan6 Cek Fakta
Cek Fakta: Tidak Benar Ini Link Pendaftaran Internet Rakyat Gratis,Hoax,Liputan6 Cek Fakta
Cek Fakta: Tidak Benar Link Ini untuk Pendaftaran PPPK Badan Gizi Nasional,Hoax,Liputan6 Cek Fakta
Cek Fakta: Tidak Benar Ini Link Pendaftaran Rekrutmen Bersama BUMN 2025,Hoax,Liputan6 Cek Fakta
Cek Fakta: Tidak Benar Ini Link Pendaftaran Bansos BLT Kesra 2025-2026,Hoax,Liputan6 Cek Fakta
Polda Banten Gandeng Ulama untuk Berantas Hoaks,Hoax,Liputan6 Cek Fakta
Kumpulan Hoaks Catut Nama Australia: Modus Penipuan Lowongan Kerja hingga Bantuan Dana Pal...,Hoax,Liputan6 Cek Fakta
Jadwal Lengkap Libur Akhir Tahun 2025: Waktunya Bersantai Sejenak,Hoax,Liputan6 Cek Fakta
"Kumpulan Hoaks Ini Beredar Manfaatkan Momen Natal, Simak Faktanya",Hoax,Liputan6 Cek Fakta
"Bantuan Pelunasan Gagal Bayar Pinjol Marak Jadi Bahan Hoaks, Cek Daftarnya Biar Tak Terjeb...",Hoax,Liputan6 Cek Fakta
"Gempa Padang Hari Ini, Simak Ragam Faktanya",Hoax,Liputan6 Cek Fakta
IFCN Sayangkan Pembatasan Visa Amerika Serikat Bagi Pemeriksa Fakta,Hoax,Liputan6 Cek Fakta
"Video Hoaks Hasil Olahan AI Makin Realistis, Simak Daftarnya Biar Tak Terpengaruh",Hoax,Liputan6 Cek Fakta
Cek Fakta: Tidak Benar Ini Tautan Pendaftaran Kartu Prakerja,Hoax,Liputan6 Cek Fakta
"Dicatut Penipuan, Simak Cara BSI Lindungi Masyarakat",Hoax,Liputan6 Cek Fakta
"Deretan Hoaks Dikaitkan dengan Presiden Prabowo, Simak Faktanya",Hoax,Liputan6 Cek Fakta
Kemkomdigi Sebut Facebook Jadi Tempat Terbanyak Persebaran Konten Negatif di Medsos,Hoax,Liputan6 Cek Fakta
Cek Fakta: Hoaks Tautan Pendaftaran Bantuan Dana dari Australia Sambut Natal dan Tahun Bar...,Hoax,Liputan6 Cek Fakta
"Simak, Jadwal Lengkap Libur Akhir Tahun 2025: Natal dan Cuti Bersama Siap Menanti",Hoax,Liputan6 Cek Fakta
"Viral Isu Mayat di Dalam Mobil Terdampak Banjir Aceh, Begini Fakta dari Polisi",Hoax,Liputan6 Cek Fakta
"Beli Sembako Murah Tak Harus Antre Lewat antrianpanganbersubsidi.pasarjaya.co.id, Begini C...",Hoax,Liputan6 Cek Fakta
Telisix Tingkatkan Gairah Literasi Anak Muda dan Relevansinya dalam Perkembangan Zaman,Hoax,Liputan6 Cek Fakta
"Menguak Ragam Hoaks yang Beredar Dalam Sepekan, Simak Faktanya",Hoax,Liputan6 Cek Fakta
"Kumpulan Hoaks Seputar Pergantian Program MBG, Simak Daftarnya",Hoax,Liputan6 Cek Fakta
Panduan Cek Status Lamaran Magang Hub Kemnaker dan Tips Hindari Penipuan,Hoax,Liputan6 Cek Fakta
"Deretan Hoaks yang Dikaitkan dengan BMKG, Simak Faktanya",Hoax,Liputan6 Cek Fakta
"Hoaks Seputar Beras Bikin Resah Masyarakat, dari Beras Plastik hingga Penjualan Beras Bant...",Hoax,Liputan6 Cek Fakta
Cek Fakta: Hoaks Menkeu Purbaya Minta Presiden Prabowo Mengalihkan Program MBG Menjadi Uan...,Hoax,Liputan6 Cek Fakta
Cek Fakta: Tidak Benar Peringatan Siaga Darurat dari BMKG Terkait Siklon 97S untuk Kabupat...,Hoax,Liputan6 Cek Fakta
"Kumpulan Kabar Viral Terkait Banjir Sumatera, Simak Faktanya Biar Tak Resah",Hoax,Liputan6 Cek Fakta
"Ragam Hoaks Undian Catut Nama Bank Beredar di Medsos, Simak Faktanya",Hoax,Liputan6 Cek Fakta
Cek Fakta: Tidak Benar Link Ini untuk Daftar Undian Wondr Bank BNI,Hoax,Liputan6 Cek Fakta
Cek Fakta: Tidak Benar Link Pendaftaran Bantuan Alat Pertanian dan Pupuk dari Kementan,Hoax,Liputan6 Cek Fakta
Klarifikasi Bulog: Kabar Penjualan Beras Bantuan Bencana di Aceh Tengah Tidak Benar,Hoax,Liputan6 Cek Fakta
"Ragam Hoaks yang Dikaitkan dengan Arab Saudi, dari Sepak Bola hingga Isu Politik",Hoax,Liputan6 Cek Fakta
BMKG Bantah Hoaks Siklon 97S akan Kepung Pulau Jawa,Hoax,Liputan6 Cek Fakta
"Waspada Hoaks Penipuan Program Bantuan Catut Nama Kementan, Simak Daftarnya",Hoax,Liputan6 Cek Fakta
"Marak Hoaks Cek Bansos BLT 900 Ribu, Simak Cara Mudah yang Aman",Hoax,Liputan6 Cek Fakta
"Ragam Hoaks Seputar Mahfud Md yang Beredar di Medsos, Simak Faktanya",Hoax,Liputan6 Cek Fakta
"Kumpulan Hoaks Bantuan Ayam dari Kementan yang Beredar di Media Sosial, Cek Faktanya",Hoax,Liputan6 Cek Fakta
Cek Fakta: Tidak Benar Link Ini untuk Cek Status Penerima BSU Desember,Hoax,Liputan6 Cek Fakta
Cek Fakta: Beredar Lagi Hoaks Artikel Nadiem Makarim Sebut Ia Menjadi Tersangka karena Ula...,Hoax,Liputan6 Cek Fakta
Cek Fakta: Tidak Benar Link Pendaftaran Bantuan Ayam Gratis dari Kementan,Hoax,Liputan6 Cek Fakta
Cek Fakta: Hoaks Mantan Presiden Jokowi Diberi Gelar Amirul Kazzab dari Kerajaan Arab Saud...,Hoax,Liputan6 Cek Fakta
Cek Fakta: Hoaks Video Mahfud Md Bagikan Bantuan Modal untuk Membuka Usaha,Hoax,Liputan6 Cek Fakta
Banjir Rob Adalah: Memahami Pengertian dan Penyebabnya,Hoax,Liputan6 Cek Fakta
"Cara Mudah Cek NIK DTSEN, Pastikan Status Penerima Bantuan Sosial Terbaru",Hoax,Liputan6 Cek Fakta
Cek Fakta: Waspada Hoaks Artikel Yaqut Cholil Qoumas Sebut Jokowi Atur Kuota Haji,Hoax,Liputan6 Cek Fakta
"Hoaks Seputar Akses Mendapatkan BLT Kian Marak, Kenali Ragam Agar Tak Tertipu",Hoax,Liputan6 Cek Fakta
"Mantan Presiden Jokowi Masih Menjadi Sasaran Hoaks, Simak Daftarnya",Hoax,Liputan6 Cek Fakta
"Sederet Hoaks Terbaru soal Pendaftaran CPNS, Simak Faktanya",Hoax,Liputan6 Cek Fakta
"Deretan Hoaks Seputar Peristiwa di Sumatera yang Bikin Resah Masyarakat, dari Isu Politik ...",Hoax,Liputan6 Cek Fakta
"Ragam Hoaks Seputar Luhut yang Beredar di Medsos, Simak Faktanya",Hoax,Liputan6 Cek Fakta
"Daftar Klaim Manfaat Air Hujan yang Ternyata Hoaks, Simak Biar Tak Terkecoh",Hoax,Liputan6 Cek Fakta
Cek Fakta: Tidak Benar Ini Link Situs Resmi Kemensos Cek BLT Periode Oktober 2025-Januari ...,Hoax,Liputan6 Cek Fakta
Cek Fakta: Tidak Benar Link Ini untuk Mengecek BSU 2025 Via Kemenaker,Hoax,Liputan6 Cek Fakta
Cek Fakta: Klarifikasi Video Jokowi Tinjau Bencana Banjir di Sumatera Ini Terjadi Tahun 20...,Hoax,Liputan6 Cek Fakta
Cek Fakta: Tidak Benar Link Pendaftaran CPNS Kemenkeu 2026,Hoax,Liputan6 Cek Fakta
"Rekrutmen PPPK Tenaga Kependidikan Sekolah Rakyat Dibuka, Simak Cara Daftarnya",Hoax,Liputan6 Cek Fakta
Cek Fakta: Tidak Benar Ketua Task Force BRIN untuk Bencana Sumatera Adalah Mantan Presiden...,Hoax,Liputan6 Cek Fakta
"Hoaks Bencana Dikaitkan Erupsi Gunung Api, Simak Daftarnya",Hoax,Liputan6 Cek Fakta
"Gunung Marapi Erupsi, Simak Hoaks Seputar Letusan Gunung yang Pernah Beredar di Medsos",Hoax,Liputan6 Cek Fakta
Cek Fakta: Tidak Benar Link Pendaftaran Undian BPD Jateng Berhadiah Umroh hingga Mobil,Hoax,Liputan6 Cek Fakta
"Cegah Hoaks Meluas, MUI Imbau Masyarakat Jaga Etika di Ruang Digital",Hoax,Liputan6 Cek Fakta
"Hoaks Undian Berhadiah Catut Nama Bank Daerah Masih Marak, Simak Daftarnya",Hoax,Liputan6 Cek Fakta
"Marak Hoaks Selama Penanganan Bencana, Komdigi Minta Masyarakat Hati-Hati",Hoax,Liputan6 Cek Fakta
Cek Fakta: Tidak Benar Link Ini Pendaftaran Bansos BPNT 2025,Hoax,Liputan6 Cek Fakta
"Hoaks Penipuan Catut Nama Soimah Kembali Marak, Simak Faktanya Agar Tak Terjebak",Hoax,Liputan6 Cek Fakta
Cek Fakta: Hoaks Tautan Pendaftaran Gebyar Undian Berhadiah Bank Nagari,Hoax,Liputan6 Cek Fakta
Cek Fakta: Tidak Benar Ini Link Pendaftaran Bansos BLT,Hoax,Liputan6 Cek Fakta
"Hoaks Beredar di Tengah Bencana Hidrometeorologi Sumatera, Simak Daftarnya",Hoax,Liputan6 Cek Fakta
"Kumpulan Hoaks Seputar Harimau yang Bikin Heboh Media Sosial, Simak Daftarnya",Hoax,Liputan6 Cek Fakta
"Deretan Hoaks Seputar Banjir yang Sempat Viral, Simak Faktanya",Hoax,Liputan6 Cek Fakta
"Sebar Hoaks Saat Musibah Banjir, Polres Pidie Jaya Tangkap 5 Orang",Hoax,Liputan6 Cek Fakta
Cek Fakta: Video Harimau Terbawa Arus Banjir di Sumatera Ini Buatan AI,Hoax,Liputan6 Cek Fakta
"Awas Hoaks Mudah Pengaruhi Masyarakat di Wilayah Bencana, Simak Penyebabnya",Hoax,Liputan6 Cek Fakta
"Kumpulan Video Hoaks Terbaru, Terbanyak Menggunakan AI",Hoax,Liputan6 Cek Fakta
"Kumpulan Hoaks yang Beredar Dalam Sepekan, Terbanyak Tawaran Menggiurkan",Hoax,Liputan6 Cek Fakta
"Ragam Hoaks Seputar Internet yang Beredar di Media Sosial, Simak Faktanya",Hoax,Liputan6 Cek Fakta
Cek Fakta: Video Anjing dan Sapi Hanyut Terseret Banjir Ini Hasil AI,Hoax,Liputan6 Cek Fakta
"Kereta Petani-Pedagang Beroperasi 1 Desember 2025, Cek Ragam Hoaks soal Angkutan Ini",Hoax,Liputan6 Cek Fakta
"Pendaftaran Petugas Kesehatan Haji 2026 Lewat daftarin kemkes go id, Cek untuk Hindari Pen...",Hoax,Liputan6 Cek Fakta
Cek Fakta: Tidak Benar Ini Link Pendaftaran Internet Rakyat Gratis 3 Bulan,Hoax,Liputan6 Cek Fakta
Cek Fakta: Tidak Benar Video Banjir Sibolga Diiringi Erupsi Gunung Api,Hoax,Liputan6 Cek Fakta
"Cara Hindari Hoaks Seputar Bencana Alam, Simak agar Tak Panik dan Salah Langkah",Hoax,Liputan6 Cek Fakta
"Deretan Penampakan Uang Rupiah Baru Ini Hoaks, Simak Faktanya",Hoax,Liputan6 Cek Fakta
"Panduan Lengkap Cek BSU Ketenagakerjaan, Hindari Hoaks Jadi Modus Penipuan",Hoax,Liputan6 Cek Fakta
Wamenkomdigi Minta Lintas Sektor Berkolaborasi untuk Tangani Hoaks,Hoax,Liputan6 Cek Fakta
Cek Fakta: Tidak Benar Link Pendaftaran Undian Bank BPD Bali,Hoax,Liputan6 Cek Fakta
"Gajah dan Badak Sedang Jadi Sorotan, Simak Hoaks Seputar 2 Satwa Ini",Hoax,Liputan6 Cek Fakta
"Redam Hoaks di Ruang Digital, Wamenkomdigi Dorong Kolaborasi Lintas Sektor",Hoax,Liputan6 Cek Fakta
Cek Fakta: Hoaks Soimah Bagikan Uang Rp 20 Juta dengan Daftar di Facebook,Hoax,Liputan6 Cek Fakta
"Kumpulan Hoaks yang Dikaitkan dengan Mantan Presiden Jokowi, Simak Faktanya",Hoax,Liputan6 Cek Fakta
"Kumpulan Hoaks soal Bantuan Alat Pertanian dari Kementan, Simak Faktanya",Hoax,Liputan6 Cek Fakta
"Deretan Menteri di Kabinet Merah Putih yang Jadi Sasaran Hoaks, Simak Daftarnya",Hoax,Liputan6 Cek Fakta
Cek Fakta: Hoaks Video Klaim Operasi Zebra 2025 Incar Mobil Kaca Gelap,Hoax,Liputan6 Cek Fakta
Cek Fakta: Hoaks Artikel Zulkifli Hasan Memuji Jokowi Seperti Nabi Musa,Hoax,Liputan6 Cek Fakta
Cek Fakta: Tidak Benar Ini Link Pendaftaran Bantuan Alat Pertanian dari Kementan,Hoax,Liputan6 Cek Fakta
"Kumpulan Hoaks Penipuan Catut Nama Kemenag, Simak Daftarnya",Hoax,Liputan6 Cek Fakta
Cek Fakta: Hoaks Artikel Denny Indrayana Sebut Mantan Presiden Jokowi Terlibat Pembakaran ...,Hoax,Liputan6 Cek Fakta
"Ragam Hoaks Sasar Anies Baswedan, Simak Faktanya",Hoax,Liputan6 Cek Fakta
Cek Fakta: Hoaks Tautan Pendaftaran Bantuan Gereja dari Kemenag dan Kedubes Australia,Hoax,Liputan6 Cek Fakta
Cek Fakta: Tidak Benar Link Ini untuk Cek Bansos BLT Rp 900 Ribu,Hoax,Liputan6 Cek Fakta
"Kumpulan Hoaks soal Pendaftaran Petugas Haji, Cek Faktanya",Hoax,Liputan6 Cek Fakta
"Ragam Hoaks Seputar Kucing yang Beredar di Medsos, Simak Faktanya",Hoax,Liputan6 Cek Fakta
"Viral Penampakan Uang Redenominasi, Simak Faktanya dari BI",Hoax,Liputan6 Cek Fakta
Cek Fakta: Tidak Benar Link Ini untuk Pendaftaran CPNS 2025,Hoax,Liputan6 Cek Fakta
Cek Fakta: Tidak Benar Ini Link Pendaftaran Petugas Haji 2026,Hoax,Liputan6 Cek Fakta
"Selamat Hari Guru 2025, Ini Deretan Hoaks Seputar Guru",Hoax,Liputan6 Cek Fakta
"Ragam Hoaks Seputar Menkeu Purbaya, dari Resmikan Pinjaman hingga Bantuan Modal Usaha",Hoax,Liputan6 Cek Fakta
"6 Hoaks yang Beredar Dalam Sepekan, Terbanyak Terkait Bantuan Pemerintah",Hoax,Liputan6 Cek Fakta
Cek Fakta: Tidak Benar di Video Ini Menkeu Purbaya Resmikan Pinjaman Tanpa Bunga,Hoax,Liputan6 Cek Fakta
"Ragam Hoaks Terbaru Seputar BSU 2025, Cek Faktanya",Hoax,Liputan6 Cek Fakta
"Cara Mudah Cek Bansos KTP, Simak untuk Hindari Penipuan",Hoax,Liputan6 Cek Fakta
"Deretan Hoaks Seputar Beras yang Beredar di Medsos, Simak Faktanya",Hoax,Liputan6 Cek Fakta
Cek Fakta: Tidak Benar Link Pendaftaran BSU 2025 Sebesar Rp 600.000,Hoax,Liputan6 Cek Fakta
"Daftar Hoaks yang Mencatut Bantuan Masyarakat Tak Mampu, dari Ayam sampai Listrik",Hoax,Liputan6 Cek Fakta
Cek Fakta: Hoaks Penampakan Uang Baru Resmi Dikeluarkan BI Tanpa Tiga Nol di Belakang,Hoax,Liputan6 Cek Fakta
"Waspada Hoaks Bantuan Hewan Ternak, Simak Modusnya",Hoax,Liputan6 Cek Fakta
"Waspada Modus Penipuan BLT Kesra 2025, Simak Cara Hindarinya",Hoax,Liputan6 Cek Fakta
Cek Fakta: Tidak Benar Ini Link Pendaftaran Program Ayam Gratis dari Pemerintah untuk Masy...,Hoax,Liputan6 Cek Fakta
Minat Jadi Petugas Haji? Simak Cara Daftar dan Persyaratannya,Hoax,Liputan6 Cek Fakta
Waspada Deepfake! Ini Tips Terhindar Video Hoaks AI yang Makin Canggih dan Sulit Dikenali,Hoax,Liputan6 Cek Fakta
"Lawan Hoaks Seputar Bencana Gunung Semeru, Pemkab Lumajang Lakukan Ini",Hoax,Liputan6 Cek Fakta
Cek Fakta: Hoaks Artikel Anies Baswedan Bangga Jokowi Dipuji Bloomberg,Hoax,Liputan6 Cek Fakta
"Kumpulan Hoaks Promosi Situs Judol Catut Tokoh Ternama, Simak Daftarnya",Hoax,Liputan6 Cek Fakta
"Daftar Video Hoaks Hasil Manipulasi AI, Cek Biar Tak Tergocek",Hoax,Liputan6 Cek Fakta
"Pemerintah Daerah Diminta Aktif Tangkal Disinformasi, Simak Alasannya",Hoax,Liputan6 Cek Fakta
"Deretan Hoaks Seputar Bantuan Ikan dari Pemerintah, Simak Faktanya",Hoax,Liputan6 Cek Fakta
"Ragam Hoaks Penipuan Catut Nama Hotman Paris, dari Promosi Judi Online hingga Bagi-Bagi Ua...",Hoax,Liputan6 Cek Fakta
Cek Fakta: Video Penemuan Ubi Ungu Mirip Orang Ini Hasil AI,Hoax,Liputan6 Cek Fakta
Cek Fakta: Tidak Benar Link Ini Pendaftaran Bantuan Budidaya Ikan Air Tawar dari Pemerinta...,Hoax,Liputan6 Cek Fakta
"Deretan Hoaks Terkait Bupati di Indonesia, Simak Daftarnya",Hoax,Liputan6 Cek Fakta
"Seleksi Petugas Haji 2026 Dibuka 22-28 November, Ini Link Resmi Pendaftarannya",Hoax,Liputan6 Cek Fakta
Cek Fakta: Waspada Video Hoaks Hotman Paris Promosi Situs Judol Miliknya,Hoax,Liputan6 Cek Fakta
"OJK Dijadikan Bahan Hoaks, Simak Daftar Tawaran yang Menggiurkan",Hoax,Liputan6 Cek Fakta
"Waspada Hoaks Seputar BLT, Simak Daftarnya Jangan Sampai Tertipu",Hoax,Liputan6 Cek Fakta
Cek Fakta: Tidak Benar Link Ini Pendaftaran Bantuan Insentif untuk Guru Non ASN,Hoax,Liputan6 Cek Fakta
"Kumpulan Hoaks Terbaru Seputar CPNS 2025, Simak Faktanya",Hoax,Liputan6 Cek Fakta
"OJK Rekrutmen Dibuka, Simak Syarat dan Cara Daftar untuk Hindari Penipuan",Hoax,Liputan6 Cek Fakta
Cek Fakta: Tidak Benar Link Pendaftaran CPNS Dinas Perhubungan Periode 15 November-20 Dese...,Hoax,Liputan6 Cek Fakta
"Jelang Hari Guru Nasional 2025, Simak Sederet Hoaks Catut Profesi Guru",Hoax,Liputan6 Cek Fakta
Cek Fakta: Tidak Benar Ini Link untuk Cek Status Penerima Bansos BLT Rp 900 Ribu,Hoax,Liputan6 Cek Fakta
Ragam Fakta dari Erupsi Gunung Semeru 19 November 2025,Hoax,Liputan6 Cek Fakta
"Hoaks Seputar Kasus Terorisme yang Pernah Beredar di Medsos, Simak Faktanya",Hoax,Liputan6 Cek Fakta
"Deretan Hoaks Seputar Jamur yang Sempat Viral, Simak Faktanya",Hoax,Liputan6 Cek Fakta
"Ragam Hoaks Terbaru Seputar BSU, Simak Faktanya",Hoax,Liputan6 Cek Fakta
Cek Fakta: Waspada Hoaks Tautan Pendaftaran Undian Wondr Bank BNI,Hoax,Liputan6 Cek Fakta
Danrindam XVII/Cenderawasih: Video Penutupan Gereja di Jayapura Hoaks,Hoax,Liputan6 Cek Fakta
Siap-siap Libur Panjang! Ini Jadwal Libur Desember 2025 Lengkap dengan Cuti Bersama Natal,Hoax,Liputan6 Cek Fakta
Cek Fakta: Video Temuan Jamur Enoki Berbahaya Terjadi 5 Tahun Lalu Bukan November 2025,Hoax,Liputan6 Cek Fakta
Cek Fakta: Tidak Benar Link Pendaftaran BSU November 2025,Hoax,Liputan6 Cek Fakta
"Hoaks Terkini Pembagian Uang Mencatut Tokoh Terkenal, Simak Daftarnya",Hoax,Liputan6 Cek Fakta
Cek Fakta: Tidak Benar Link Pendaftaran Bantuan Alat dan Mesin Pertanian 2025,Hoax,Liputan6 Cek Fakta
"Kumpulan Hoaks Terkait PKI yang Sempat Meresahkan Masyarakat, Simak Daftarnya",Hoax,Liputan6 Cek Fakta
"Sederet Hoaks Seputar Harimau Beredar di Media Sosial, Cek Faktanya",Hoax,Liputan6 Cek Fakta
"Deretan Hoaks yang Dikaitkan dengan Fadli Zon, Simak Faktanya",Hoax,Liputan6 Cek Fakta
Cek Fakta: Tidak Benar Ini Link Situs Resmi Kemensos Cek Status Penerima BLT Periode Oktob...,Hoax,Liputan6 Cek Fakta
"Ragam Hoaks Undian dari Bank, Simak Faktanya",Hoax,Liputan6 Cek Fakta
Cek Fakta: Hoaks Menteri Kebudayaan Fadli Zon Sebut PKI Berasal dari Yaman,Hoax,Liputan6 Cek Fakta
Cek Fakta: Tidak Benar Link Pendaftaran Undian Bank Jateng,Hoax,Liputan6 Cek Fakta
"Daftar Hoaks Terkini Bantuan Hewan Ternak, Waspada Pencurian Data",Hoax,Liputan6 Cek Fakta
"Deretan Foto Hoaks Sasar Mantan Presiden Jokowi, Simak Daftarnya",Hoax,Liputan6 Cek Fakta
"Pemerintah Tetapkan Tarif Listrik PLN November-Desember 2025, Cek Rincian Biaya per kWh",Hoax,Liputan6 Cek Fakta
"Sederet Hoaks Seputar Token Listrik Gratis dari PLN, Simak Faktanya",Hoax,Liputan6 Cek Fakta
"Cara Cek Status Penerima PIP, Awas Penipuan dan Pastikan Dana Cair",Hoax,Liputan6 Cek Fakta
Cek Fakta: Tidak Benar Tautan Pendaftaran Bansos PKH-BPNT Tahap IV,Hoax,Liputan6 Cek Fakta
Cek Fakta: Tidak Benar Ini Link Pendaftaran Program Pemerintah Bantuan Sapi,Hoax,Liputan6 Cek Fakta
"Viral Pendaftaran Seleksi CPNS 2026, Simak Panduan Pendaftarannya",Hoax,Liputan6 Cek Fakta
"Kumpulan Hoaks Terkait Ijazah Palsu, Simak Faktanya",Hoax,Liputan6 Cek Fakta
Cek Fakta: Tidak Benar Link Pendaftaran PLN Bagi-Bagi Token Listrik Gratis Rp 750 Ribu,Hoax,Liputan6 Cek Fakta
Cek Fakta: Hoaks Artikel Bupati Ponorogo Sebut Jokowi Terima Uang Fee Rp 280 Miliar dari A...,Hoax,Liputan6 Cek Fakta
"Sederet Hoaks Seputar Buruh, Simak Faktanya",Hoax,Liputan6 Cek Fakta
Cek Fakta: Hoaks Foto Mantan Presiden Jokowi Baca Buku Dahsyatnya Siksa Kubur,Hoax,Liputan6 Cek Fakta
"Kumpulan Hoaks yang Beredar dalam Sepekan, dari Bantuan Pemerintah sampai Ijazah Palsu",Hoax,Liputan6 Cek Fakta
"Ragam Hoaks Penipuan Catut Nama BPJS Kesehatan, Lowongan Kerja hingga Pendaftaran Pemutiha...",Hoax,Liputan6 Cek Fakta
"Kumpulan Pesan Berantai Hoaks yang Sempat Viral, Simak Faktanya Agar Tak Terjebak",Hoax,Liputan6 Cek Fakta
"Deretan Video Hoaks Terbaru, Pelantikan Wali Kota New York hingga Raffi Ahmad Promosi Situ...",Hoax,Liputan6 Cek Fakta
"Deretan Artikel Palsu Sasar Wapres Gibran, Simak Faktanya",Hoax,Liputan6 Cek Fakta
Cek Fakta: Tidak Benar Link Pendaftaran Program Pemutihan Tunggakan BPJS Kesehatan,Hoax,Liputan6 Cek Fakta
"Deretan Hoaks Seputar BLT Kesra yang Beredar di Medsos, Cek Faktanya",Hoax,Liputan6 Cek Fakta
"Ragam Hoaks Seputar Magang Nasional, Simak Faktanya",Hoax,Liputan6 Cek Fakta
Cek Fakta: Tidak Benar Ini Tautan Pendaftaran Penerima Bansos Terbaru,Hoax,Liputan6 Cek Fakta
Cek Fakta: Tidak Benar Ini Link Pendaftaran Program BLT Kesra Akhir Tahun,Hoax,Liputan6 Cek Fakta
"Kumpulan Hoaks yang Dikaitkan dengan Luhut Binsar Pandjaitan, Simak Faktanya",Hoax,Liputan6 Cek Fakta
"Waspada Hoaks Lowongan Kerja Lulusan SMA, Simak Daftarnya",Hoax,Liputan6 Cek Fakta
"Kumpulan Hoaks yang Menerpa Jusuf Kalla, Simak Faktanya",Hoax,Liputan6 Cek Fakta
"Kumpulan Hoaks terkait Solo yang Beredar di Media Sosial, Cek Faktanya",Hoax,Liputan6 Cek Fakta
"Ragam Hoaks Promosi Situs Judol Catut Nama Tokoh Terkenal, Simak Daftarnya",Hoax,Liputan6 Cek Fakta
"Ragam Hoaks Seputar Polisi yang Beredar di Medsos, Simak Faktanya",Hoax,Liputan6 Cek Fakta
"Waspada Hoaks Seputar Pendaftaran Kartu Prakerja, Cek Daftarnya",Hoax,Liputan6 Cek Fakta
"Waspada Hoaks Penipuan Catut Nama Raffi Ahmad, Simak Daftarnya",Hoax,Liputan6 Cek Fakta
"Kumpulan Hoaks Seputar BPJS Kesehatan, Simak Biar Tak Terjebak Penipuan",Hoax,Liputan6 Cek Fakta
Koalisi Cek Fakta Manfaatkan AI Galifakta untuk Tangani Disinformasi,Hoax,Liputan6 Cek Fakta
Cek Fakta: Tidak Benar Ini Link Pendaftaran Kartu Prakerja Gelombang Terbaru,Hoax,Liputan6 Cek Fakta
"Pengguna Internet Generasi Muda Tinggi, Literasi Digital Makin Mendesak",Hoax,Liputan6 Cek Fakta
Cek Fakta: Hoaks Artikel Wapres Gibran Sebut Dirinya Juara Umum dan Lulus 1 Tahun Saat Kul...,Hoax,Liputan6 Cek Fakta
Cek Fakta: Hoaks Video Raffi Ahmad Promosi Situs Judol yang Pasti Menang,Hoax,Liputan6 Cek Fakta
"Tunjangan Profesi Guru Dijadwalkan Cair November 2025, Begini Cara Cek Status Penerima unt...",Hoax,Liputan6 Cek Fakta
Kapan BSU BPJS Ketenagakerjaan Cair? Simak Jadwal dan Cara Cek Status Resmi Biar Tak Terti...,Hoax,Liputan6 Cek Fakta
"Pemberian Gelar Pahlawan Nasional Diiringi Hoaks, Simak Daftarnya",Hoax,Liputan6 Cek Fakta
Cek Fakta: Tidak Benar Ini Link untuk Cek Status Penerima BSU Tahap 3 dan 4,Hoax,Liputan6 Cek Fakta
"Wacana Redenominasi, Simak Ragam Hoaks Seputar Rupiah",Hoax,Liputan6 Cek Fakta
"Hari Kesehatan Nasional, Simak Ragam Hoaks Seputar Kesehatan",Hoax,Liputan6 Cek Fakta
"Kumpulan Hoaks Dana Bantuan untuk Non Muslim dan Pembangunan Gereja, Simak Faktanya",Hoax,Liputan6 Cek Fakta
"Waspada Hoaks Pendaftaran BSU BPJS Ketenagakerjaan, Simak Jadwal Resmi Pencairannya",Hoax,Liputan6 Cek Fakta
"Cek Fakta: Tidak Benar Link Pendaftaran Bansos KTP Senilai Rp 2,5 Juta",Hoax,Liputan6 Cek Fakta
Ragam Fakta di Balik Kumpulan Hoaks Utang Kereta Cepat Whoosh,Hoax,Liputan6 Cek Fakta
"Kumpulan Hoaks yang Dikaitkan dengan New York, Simak Daftarnya",Hoax,Liputan6 Cek Fakta
"Ragam Hoaks Lowongan Kerja yang Beredar di Medsos, dari Guru hingga Pegawai Dishub",Hoax,Liputan6 Cek Fakta
"Kumpulan Hoaks soal BSU 2025, Simak Faktanya",Hoax,Liputan6 Cek Fakta
Cek Fakta: Tidak Benar Link Info Lowongan Kerja BPJS Kesehatan,Hoax,Liputan6 Cek Fakta
"Deretan Hoaks Sasar Wali Kota AS Beredar di Indonesia, Simak Faktanya",Hoax,Liputan6 Cek Fakta
"Lawan Disinformasi, Kurikulum Siswa SD di Inggris Bakal Dirombak",Hoax,Liputan6 Cek Fakta
Cek Fakta: Hoaks Video Kardinal Ignatius Suharyo soal Bantuan Dana Pembangunan Gereja,Hoax,Liputan6 Cek Fakta
Cek Fakta: Tidak Benar Video Imam Shamsi Ali Membaca Al Quran dalam Pelantikan Wali Kota N...,Hoax,Liputan6 Cek Fakta
Ragam Fakta dari Isu Kenaikan Gaji Pensiunan 2025,Hoax,Liputan6 Cek Fakta
"Kumpulan Hoaks yang Beredar Sepekan, Ada yang Mencatut Menkeu Purbaya",Hoax,Liputan6 Cek Fakta
"Informasi yang Terkait Ibadah Haji Ini Cuma Hoaks, Simak Faktanya",Hoax,Liputan6 Cek Fakta
Cek Fakta: Tidak Benar Ini Link Pendaftaran Pelatihan Program Kartu Prakerja dan Insentif...,Hoax,Liputan6 Cek Fakta
"Marak Hoaks, Media Berperan Penting Tingkatkan Literasi Digital Masyarakat",Hoax,Liputan6 Cek Fakta
"Deretan Hoaks Catut Nama KPK, Simak Faktanya",Hoax,Liputan6 Cek Fakta
Cek Fakta: Hoaks Dedi Mulyadi Bagikan Uang Ratusan Juta dengan Tebak Kata di Facebook,Hoax,Liputan6 Cek Fakta
"Panduan Lengkap Daftar Pangan Bersubsidi DKI Jakarta, Simak untuk Hindari Penipuan",Hoax,Liputan6 Cek Fakta
"Kumpulan Hoaks Pendaftaran Bantuan Pemerintah, Simak Biar Tak Terjerat Penipuan",Hoax,Liputan6 Cek Fakta
"Deretan Hoaks Catut Nama Menkeu Purbaya, Bantuan Palsu hingga Urusan Uang Negara",Hoax,Liputan6 Cek Fakta
"Sederet Gubernur Jadi Sasaran Hoaks, Simak Daftarnya",Hoax,Liputan6 Cek Fakta
"Kumpulan Hoaks Terbaru Catut Nama Jokowi, Simak Faktanya",Hoax,Liputan6 Cek Fakta
"Hoaks Terkait Gubernur Riau Abdul Wahid Usai Tertangkap KPK, Simak Daftarnya",Hoax,Liputan6 Cek Fakta
"Ragam Hoaks Seputar Petugas Haji, Simak Faktanya",Hoax,Liputan6 Cek Fakta
Cek Fakta: Tidak Benar Link Ini Pendaftaran Petugas Haji 2025/2026,Hoax,Liputan6 Cek Fakta
Cek Fakta: Tidak Benar Link Pendaftaran Bansos Digital Sebesar Rp 3 Juta,Hoax,Liputan6 Cek Fakta
"Ragam Hoaks Terbaru Seputar CPNS 2025, Simak Faktanya",Hoax,Liputan6 Cek Fakta
"Ragam Hoaks Seputar Ijazah Jokowi yang Beredar di Medsos, Simak Faktanya",Hoax,Liputan6 Cek Fakta
"Awas Hoaks, Pendakian ke Gunung Gede Pangrango Masih Ditutup",Hoax,Liputan6 Cek Fakta
Cek Fakta: Tidak Benar Link Pendaftaran untuk Dapatkan BLT Kesra,Hoax,Liputan6 Cek Fakta
"Ragam Hoaks Sasar Wapres Gibran Rakabuming Raka, Simak Faktanya",Hoax,Liputan6 Cek Fakta
Cek Fakta: Tidak Benar Tautan Pendaftaran Bantuan Bibit Ayam Tahun Anggaran 2025,Hoax,Liputan6 Cek Fakta
"Deretan Hoaks yang Dikaitkan dengan Kepala KSP M Qodari, Simak Daftarnya",Hoax,Liputan6 Cek Fakta
Cek Fakta: Hoaks Artikel Gubernur Riau Abdul Wahid Minta KPK Periksa Jokowi karena Terima ...,Hoax,Liputan6 Cek Fakta
Cek Fakta: Hoaks Menkeu Purbaya Sebut Uang Negara 1000 T Hilang saat Pemerintahan Jokowi,Hoax,Liputan6 Cek Fakta
Cek Fakta: Tidak Benar Link Pendaftaran CPNS 2025 untuk Usia 18-45 Tahun,Hoax,Liputan6 Cek Fakta
"Ragam Hoaks Seputar Amerika Serikat, Simak Faktanya",Hoax,Liputan6 Cek Fakta
"Tahun Baru Sebentar Lagi, Simak Jadwal Cuti Bersama 2026",Hoax,Liputan6 Cek Fakta
LPSK Sebut Surat Pencairan Dana Korban Indosurya Hoaks,Hoax,Liputan6 Cek Fakta
Cek Fakta: Hoaks Foto Militer Amerika dan Indonesia Kibarkan Bendera Bintang Kejora,Hoax,Liputan6 Cek Fakta
"Deretan Hoaks Penipuan Catut Nama Soimah, Simak Agar Tak Tertipu",Hoax,Liputan6 Cek Fakta
Cek Fakta: Hoaks Artikel Jokowi Terima Uang Suap Pemerasan Rp 18 Miliar dari Gubernur Riau...,Hoax,Liputan6 Cek Fakta
Laporan Ungkap Kerugian Penipuan Digital di Indonesia Capai Rp 49 Triliun per Tahun,Hoax,Liputan6 Cek Fakta
"Deretan Hoaks Catut Nama Hotman Paris, Promosi Situs Judol hingga Bagi-Bagi Uang di Facebo...",Hoax,Liputan6 Cek Fakta
Cek Fakta: Hoaks Soimah Bagikan Bantuan Rp 100 Juta Hanya Dengan Susun Kata di Facebook,Hoax,Liputan6 Cek Fakta
Simak! Cara Mudah Periksa Status Penerima Bansos Via Website Cek Bansos,Hoax,Liputan6 Cek Fakta
Cek Fakta: Hoaks Artikel M Qodari Sebut Jokowi Layak Dapat Gelar Pahlawan karena Jasanya M...,Hoax,Liputan6 Cek Fakta
"Ragam Hoaks Seputar Bantuan Ikan dari Pemerintah, Simak Faktanya",Hoax,Liputan6 Cek Fakta
"Gelar OTT, Ini Kumpulan Hoaks Seputar KPK yang Beredar di Medsos",Hoax,Liputan6 Cek Fakta
Cek Fakta: Tidak Benar Link Pendaftaran Dinas Perhubungan Periode 13 Oktober-25 November 2...,Hoax,Liputan6 Cek Fakta
Cek Fakta: Hoaks Hotman Paris Bagikan Rp 100 Juta dengan Menebak Kata di Facebook,Hoax,Liputan6 Cek Fakta
Cek Fakta: Hoaks Artikel Wapres Gibran Minta Rakyat Sisihkan Hartanya untuk Pemerintah kar...,Hoax,Liputan6 Cek Fakta
Cek Fakta: Tidak Benar Link Pendaftaran Bantuan Budidaya Ikan Air Tawar,Hoax,Liputan6 Cek Fakta
"Kumpulan Hoaks Seputar Menkeu Purbaya, Cek Faktanya",Hoax,Liputan6 Cek Fakta
"Purnama Perige Akan Terjadi 5 November 2025, Simak Waktu Terbaik Menyaksikannya",Hoax,Liputan6 Cek Fakta
Cek Fakta: Tidak Benar Video Menkeu Purbaya Beri Bantuan Modal Usaha,Hoax,Liputan6 Cek Fakta
"Ragam Hoaks Seputar Kaesang Pangarep yang Beredar di Medsos, Simak Faktanya",Hoax,Liputan6 Cek Fakta
"Kumpulan Hoaks Catut Nama Kemenag, Simak Faktanya",Hoax,Liputan6 Cek Fakta
"Kumpulan Hoaks soal Lowongan Kerja Guru Sekolah Rakyat, Simak Faktanya",Hoax,Liputan6 Cek Fakta
Cek Fakta: Tidak Benar Link Pendaftaran Seleksi Anggota Baznas Masa Kerja 2025-2030,Hoax,Liputan6 Cek Fakta
Cek Fakta: Tidak Benar Link Ini Pendaftaran Lowongan Kerja Guru Sekolah Rakyat,Hoax,Liputan6 Cek Fakta
Waspada! Ini Tips Cegah Terjebak Hoaks Undian Berhadiah yang Kian Marak,Hoax,Liputan6 Cek Fakta
"Kumpulan Artikel Palsu Catut Nama Luhut Binsar Pandjaitan, Simak Faktanya",Hoax,Liputan6 Cek Fakta
Cek Fakta: Hoaks Artikel Kaesang Sebut Banyak Rakyat Memaksanya Jadi Presiden,Hoax,Liputan6 Cek Fakta
Cek Fakta: Hoaks Artikel Luhut Binsar Pandjaitan Sebut Ekonomi Indonesia Melebihi Amerika ...,Hoax,Liputan6 Cek Fakta
"Waspada, Informasi Lowongan Kerja di Dishub DKI Jakarta Cuma Hoaks",Hoax,Liputan6 Cek Fakta
"Minimalisir Hoaks, Masyarakat Harus Punya Tanggung Jawab Atas Informasi",Hoax,Liputan6 Cek Fakta
"Deretan Hoaks Sasar Mantan Presiden Jokowi, Simak Daftarnya",Hoax,Liputan6 Cek Fakta
Cek Fakta: Hoaks Artikel Jokowi Setujui Gibran Jadi Pahlawan Nasional,Hoax,Liputan6 Cek Fakta
"Waspada Modus Penipuan Rekrutmen PPPK, Kenali Ciri dan Sumber Resmi",Hoax,Liputan6 Cek Fakta
"Awas Penipuan Jual Emas Antam, Kenali Modusnya Biar Tak Jadi Korban",Hoax,Liputan6 Cek Fakta
"Waspada Hoaks Pemutihan Sertifikat Tanah Gratis 2025, Simak Faktanya",Hoax,Liputan6 Cek Fakta
"BSU Sudah Tak Disalurkan Hoaksnya Masih Beredar, Ini Daftarnya",Hoax,Liputan6 Cek Fakta
"Beragam Hoaks Sasar Wapres Gibran, Simak Faktanya",Hoax,Liputan6 Cek Fakta
Cek Fakta: Tidak Benar Ini Link Pendaftaran BSU untuk yang Belum Dapat Bantuan,Hoax,Liputan6 Cek Fakta
Cek Fakta: Hoaks Artikel Ketua Harian PSI Usulkan ke Relawan Duet Gibran-Jokowi pada Pilpr...,Hoax,Liputan6 Cek Fakta
"Kumpulan Hoaks Catut Nama M Qodari, Simak Daftarnya",Hoax,Liputan6 Cek Fakta
Cek Fakta: Hoaks Artikel Kepala Staf Kepresiden M Qodari Usulkan Wapres Gibran Jadi Pahlaw...,Hoax,Liputan6 Cek Fakta
"Masyarakat Tak Mampu Jadi Incaran Penipu Lewat Hoaks Bantuan, Cek Daftarnya",Hoax,Liputan6 Cek Fakta
3.943 Konten Disinformasi hingga Kebencian Ditindak Kemkomdigi,Hoax,Liputan6 Cek Fakta
"Pertamina Buka 5 Ribu Lebih Lowongan Kerja dan Magang Sepanjang 2025, Simak Rinciannya",Hoax,Liputan6 Cek Fakta
"Deretan Hoaks Sasar Menkeu Purbaya, Simak Faktanya",Hoax,Liputan6 Cek Fakta
"Kumpulan Hoaks Catut Nama Mahfud MD, dari Isu Politik hingga Pembagian Bantuan Palsu",Hoax,Liputan6 Cek Fakta
Cek Fakta: Tidak Benar Ini Link Pendaftaran Program JKN untuk Masyarakat Tak Mampu Bayar T...,Hoax,Liputan6 Cek Fakta
Cek Fakta: Hoaks Artikel Jokowi Sebut Rakyat Akan Patungan 3 Tahun Untuk Bayar Utang Keret...,Hoax,Liputan6 Cek Fakta
"Lawan Hoaks Terkait MBG, Simak Strategi BGN",Hoax,Liputan6 Cek Fakta
"Awas Kejahatan Siber Lewat Hoaks Listrik Gratis, Simak Ragamnya",Hoax,Liputan6 Cek Fakta
"Ragam Jebakan Hoaks Terkait Utang Luar Negeri Indonesia, Simak Faktanya",Hoax,Liputan6 Cek Fakta
"Hoaks Lewat Program Undian Berhadiah Semakin Beragam, dari Naik Haji sampai Bank",Hoax,Liputan6 Cek Fakta
"Waspada Hoaks, Simak Kumpulan Disinformasi yang Beredar di Media Sosial Dalam Sepekan",Hoax,Liputan6 Cek Fakta
Cek Fakta: Tidak Benar Klaim Video Mahfud Md Membagikan Dana Bantuan Uang Tunai,Hoax,Liputan6 Cek Fakta
"Ragam Hoaks Sasar Luhut Binsar Pandjaitan, Simak Faktanya",Hoax,Liputan6 Cek Fakta
Cek Fakta: Tidak Benar Link Pendaftaran Pemutihan Tunggakan Iuran BPJS Kesehatan,Hoax,Liputan6 Cek Fakta
"Kumpulan Hoaks Terkait Kereta Cepat, Simak Daftarnya",Hoax,Liputan6 Cek Fakta
"Donald Trump Tur ke Asia, Ini Kumpulan Hoaks yang Pernah Menerpanya",Hoax,Liputan6 Cek Fakta
"Deretan Hoaks yang Dikaitkan Dengan Ibadah Haji, dari Dana Haji hingga Undian Gratis",Hoax,Liputan6 Cek Fakta
Cek Fakta: Hoaks Artikel Luhut Sebut Rakyat Akan Bayar Utang Kereta Cepat Jika Menkeu Purb...,Hoax,Liputan6 Cek Fakta
Polisi Tegaskan Video Viral Rumah Anggota Digerebek Warga di Penjaringan adalah Hoaks,Hoax,Liputan6 Cek Fakta
Cek Fakta: Tidak Benar Link Pendaftaran Voucher Listrik Gratis Program Kerja Sama PLN dan ...,Hoax,Liputan6 Cek Fakta
"Penyaluran Bantuan Subsidi Upah Pekerja Dihentikan, Waspada Penipuan Mengatasnamakan BSU",Hoax,Liputan6 Cek Fakta
"Kumpulan Hoaks soal Bansos Digital yang Beredar di Medsos, Cek Faktanya",Hoax,Liputan6 Cek Fakta
Cek Fakta: Tidak Benar Link Ini Pendaftaran Bansos Digital,Hoax,Liputan6 Cek Fakta
"Kumpulan Hoaks soal Malaysia, Simak Faktanya",Hoax,Liputan6 Cek Fakta
"Ragam Hoaks Seputar Kereta Api, Simak Faktanya",Hoax,Liputan6 Cek Fakta
Waspada Hoaks! Ini Cara Ampuh agar Tidak Terjebak Berita Palsu di Era Digital,Hoax,Liputan6 Cek Fakta
"Ragam Hoaks Catut Nama Kemenag, Bantuan Palsu hingga Undian Haji Gratis",Hoax,Liputan6 Cek Fakta
"Deretan Hoaks Pembagian Uang Catut Nama Dedi Mulyadi Marak di Media Sosial, Waspada Penipu...",Hoax,Liputan6 Cek Fakta
Panduan Lengkap Cek Bansos NIK KTP: Pastikan Anda Terdaftar sebagai Penerima,Hoax,Liputan6 Cek Fakta
Cek Fakta: Hoaks Dedi Mulyadi Bagikan Rp 50 Juta untuk Warga dari Sabang-Merauke,Hoax,Liputan6 Cek Fakta
"Penyaluran BLT Kesra Rp 900 Ribu Dimulai, Begini Cara Ceknya",Hoax,Liputan6 Cek Fakta
"Simak! Besaran Iuran BPJS Kesehatan Terbaru, Belum Ada Perubahan",Hoax,Liputan6 Cek Fakta
"Ragam Hoaks Kesehatan Terkini, Terbanyak Terkait Virus",Hoax,Liputan6 Cek Fakta
Cek Fakta: Tidak Benar Video Menkeu Purbaya Resmikan Pinjaman Tanpa Bunga,Hoax,Liputan6 Cek Fakta
Cek Fakta: Hoaks Tautan Pendaftaran Undian Haji Gratis dari Kemenag,Hoax,Liputan6 Cek Fakta
"Waspada Penipuan, Simak Ragam Hoaks Pengurusan Sertifikat Tanah",Hoax,Liputan6 Cek Fakta
"Kumpulan Hoaks Catut Nama Kaesang Pangarep, Simak Daftarnya",Hoax,Liputan6 Cek Fakta
"BLT Kesra Jadi Bahan Hoaks, Cek Daftarnya di Sini",Hoax,Liputan6 Cek Fakta
"Awas Hoaks Pemutihan Tunggakan BPJS Kesehatan, Simak Daftarnya Sebelum Tergiur",Hoax,Liputan6 Cek Fakta
"Cara Cek Status Penerima BLT Kesra 2025, Simak untuk Hindari Penipuan",Hoax,Liputan6 Cek Fakta
"Ragam Hoaks yang Dikaitkan dengan Covid-19, Simak Daftarnya",Hoax,Liputan6 Cek Fakta
Cek Fakta: Tidak Benar Link Pendaftaran Pemutihan Sertifikat Tanah Gratis 2025,Hoax,Liputan6 Cek Fakta
"Kumpulan Hoaks yang Dikaitkan dengan Kasus Ijazah Palsu, Simak Faktanya",Hoax,Liputan6 Cek Fakta
"Ragam Hoaks Terbaru soal CPNS 2025, Ini Fakta dan Cara Menghindarinya",Hoax,Liputan6 Cek Fakta
Cek Fakta: Hoaks Tautan Pendaftaran Menjadi Petugas Haji 2026,Hoax,Liputan6 Cek Fakta
"Kumpulan Hoaks Seputar Alfamart, Simak Faktanya",Hoax,Liputan6 Cek Fakta
Cek Fakta: Tidak Benar Ini Link untuk Periksa Status Penerima BLT Kesra 2025,Hoax,Liputan6 Cek Fakta
"Hoaks Incar Pelaku Usaha Kecil, Simak Daftarnya",Hoax,Liputan6 Cek Fakta
"Hasil Riset, Hoaks Berbasis AI Menyerang Satu Tahun Pemerintahan Prabowo-Gibran",Hoax,Liputan6 Cek Fakta
"Deretan Hoaks Terkait Kondom yang Sempat Viral, Sertifikasi Halal hingga Pembagian ke Maha...",Hoax,Liputan6 Cek Fakta
Cek Fakta: Tidak Benar Ini Tautan Pendaftaran CPNS 2025 untuk Lulusan SMA hingga S2,Hoax,Liputan6 Cek Fakta
Cek Fakta: Tidak Benar Link Ini Pendaftaran Bansos Melalui Portal Perlinsos Kemensos,Hoax,Liputan6 Cek Fakta
"Tarif Listrik Subsidi 2025 per kWh Stabil hingga Akhir Tahun, Simak Daftarnya",Hoax,Liputan6 Cek Fakta
Cek Fakta: Hoaks Artikel Jokowi Berharap Pemfitnah Ijazah Palsu Kena Azab,Hoax,Liputan6 Cek Fakta
Cek Fakta: Tidak Benar Pasien di RS Akibat Influenza A Diisolasi Seperti Covid-19,Hoax,Liputan6 Cek Fakta
"Kumpulan Hoaks Seputar Santri, Simak Faktanya",Hoax,Liputan6 Cek Fakta
Cek Fakta: Hoaks Artikel Kaesang Diminta Petani hingga Ojol untuk Segera Jadi Presiden,Hoax,Liputan6 Cek Fakta
"Ragam Hoaks Promo Token Listrik Mencatut PLN, Awas Terkecoh Kejahatan Siber",Hoax,Liputan6 Cek Fakta
"Ragam BLT yang Dijadikan Bahan Hoaks, Kenali Biar Tak Tertipu",Hoax,Liputan6 Cek Fakta
"Perpres MBG Selesai, Simak Kumpulan Hoaks terkait Makan Bergizi Gratis",Hoax,Liputan6 Cek Fakta
Cek Fakta: Tidak Benar Ini Tautan Pendaftaran BLT UMKM Sebesar Rp 5 Juta,Hoax,Liputan6 Cek Fakta
Cek Fakta: Tidak Benar Link Pendaftaran Bansos PKH 2025 Via Telegram,Hoax,Liputan6 Cek Fakta
"Kumpulan Hoaks soal Emas, Simak Faktanya",Hoax,Liputan6 Cek Fakta
"Ammar Zoni Kembali Berurusan dengan Narkotika, Cek Ragam Hoaks Seputar Narkoba",Hoax,Liputan6 Cek Fakta
Cek Fakta: Tidak Benar Ini Link Pendaftaran BLT Kesejahteraan Rakyat,Hoax,Liputan6 Cek Fakta
"Ada Unjuk Rasa Senin 20 Oktober 2025, Ini Ragam Hoaks Seputar Demo",Hoax,Liputan6 Cek Fakta
"Ragam Hoaks yang Catut Nama Menkeu Purbaya, Simak Faktanya",Hoax,Liputan6 Cek Fakta
"Setahun Prabowo-Gibran, Ini Ragam Hoaks yang Pernah Menerpa Keduanya",Hoax,Liputan6 Cek Fakta
"Daftar Bansos yang Cair Oktober 2025, Cek Kriteria Penerimanya",Hoax,Liputan6 Cek Fakta
"Waspada Hoaks BSU Tahap 2 Oktober 2025, Begini Fakta dari Kemnaker",Hoax,Liputan6 Cek Fakta
"Cara Resmi Daftar BLT Kesejahteraan Rakyat 2025, Simak untuk Hindari Penipuan",Hoax,Liputan6 Cek Fakta
"Deretan Hoaks Pelunasan Pinjol, Simak Biar Tak Terjebak",Hoax,Liputan6 Cek Fakta
Cek Fakta: Tidak Benar Pelanggan PLN Dapat Token Listrik Gratis Rp 250 Ribu dengan Daftar ...,Hoax,Liputan6 Cek Fakta
"Waspada Penipuan Cek Bansos, Begini Cara Periksa Status Penerima yang Mudah dan Aman",Hoax,Liputan6 Cek Fakta
"Ragam Hoaks yang Catut Profesi Guru, Simak Faktanya",Hoax,Liputan6 Cek Fakta
Cek Fakta: Tidak Benar Menkeu Purbaya Sebut Harga Pertalite Sebenarnya Rp 4.000 per Liter,Hoax,Liputan6 Cek Fakta
Cek Fakta: Tidak Benar Link Ini Pendaftaran Bantuan Insentif Guru Non ASN 2025,Hoax,Liputan6 Cek Fakta
"Aktif Suarakan Literasi Digital, Mira Sahid Terima Anugerah Perempuan Hebat Liputan6",Hoax,Liputan6 Cek Fakta
"Waspada Hoaks Program Bantuan Periode Oktober, dari BSU sampai Pemutihan Pinjol",Hoax,Liputan6 Cek Fakta
"Jangan Percaya Kabar Pencairan BSU Tahap 2, Ini Alasannya",Hoax,Liputan6 Cek Fakta
"Ragam Hoaks Catut Nama Kemenkes, dari Vaksin hingga Bantuan Bagi Pekerja Migran",Hoax,Liputan6 Cek Fakta
"Raih Penghargaan Anugerah Liputan6, Bank BRI Ingin Terus Berikan Dampak Positif ke Masyara...",Hoax,Liputan6 Cek Fakta
"Deretan Hoaks Sasar Sri Mulyani, Simak Faktanya",Hoax,Liputan6 Cek Fakta
"Ragam Program Kemnaker yang Dijadikan Bahan Hoaks, dari Magang hingga BSU",Hoax,Liputan6 Cek Fakta
Cek Fakta: Hoaks Kemenkes Dukung Program Kondom Gratis Bagi Mahasiswa,Hoax,Liputan6 Cek Fakta
"Waspada Penipuan Lewat Hoaks Bantuan Rumah Subsidi Gratis, Kenali Modusnya",Hoax,Liputan6 Cek Fakta
"BMKG Ungkap Penyebab Cuaca Panas Ekstrem di Indonesia, Bukan Gelombang Panas",Hoax,Liputan6 Cek Fakta
"Ragam Program Pemerintah yang Dijadikan Bahan Hoaks, Kenali Faktanya",Hoax,Liputan6 Cek Fakta
"Deretan Hoaks Catut Nama Gubernur Jabar Dedi Mulyadi, Simak Daftarnya",Hoax,Liputan6 Cek Fakta
"Ragam Hoaks Terkait Timnas Indonesia, Simak Faktanya",Hoax,Liputan6 Cek Fakta
Cek Fakta: Tidak Benar Ini Link Cek Isi KTP Penerima Bansos Oktober 2025,Hoax,Liputan6 Cek Fakta
"Ragam Hoaks Terbaru soal Sri Mulyani, Simak Faktanya",Hoax,Liputan6 Cek Fakta
"Pondok Pesantren Dijadikan Bahan Hoaks, Simak Daftarnya",Hoax,Liputan6 Cek Fakta
"Gencatan Senjata Israel-Hamas, Ini Kumpulan Hoaks soal Gaza",Hoax,Liputan6 Cek Fakta
"Ragam Hoaks soal Bantuan Rumah Subsidi, Simak Faktanya",Hoax,Liputan6 Cek Fakta
"BMKG Buka Seleksi Tugas Belajar D-IV STMKG 2025, Ini Bedanya degan PTB",Hoax,Liputan6 Cek Fakta
"Waspada Hoaks Pendaftaran CPNS Kementerian Imigrasi 2025, Simak Modus Penipuannya",Hoax,Liputan6 Cek Fakta
Cek Fakta: Tidak Benar Link Pendaftaran Bantuan Rumah Gratis atau Subsidi,Hoax,Liputan6 Cek Fakta
"Pendaftaran PPG Calon Guru 2025 Dibuka, Simak Syarat, Jadwal, dan Cara Daftarnya",Hoax,Liputan6 Cek Fakta
Cek Fakta: Tidak Benar Ini Link Situs Resmi Kemensos untuk Daftar PKH Tahap 3,Hoax,Liputan6 Cek Fakta
"Waspada Hoaks Pendaftaran Magang Nasional Kemnaker, Kenali Ciri dan Modus Penipuannya",Hoax,Liputan6 Cek Fakta
"Jangan Gampang Percaya Kabar Pembagian Uang dari Pejabat, Sebelum Cek Daftar Hoaks Berikut...",Hoax,Liputan6 Cek Fakta
"Ragam Hoaks soal Pendaftaran Magang Kemnaker 2025, Simak Faktanya",Hoax,Liputan6 Cek Fakta
Cek Fakta: Video Sri Mulyani Diperiksa Bareskrim Polri Ini Terjadi pada 2015,Hoax,Liputan6 Cek Fakta
Cek Fakta: Tidak Benar Ini Tautan Pendaftaran Magang Kemnaker 2025,Hoax,Liputan6 Cek Fakta
"Waspada Hoaks Pendaftaran Bansos Makin Beragam, Simak Daftarnya",Hoax,Liputan6 Cek Fakta
"Ragam Hoaks Terbaru soal Lowongan Kerja, Simak Faktanya",Hoax,Liputan6 Cek Fakta
Cek Fakta: Tidak Benar Bansos Langsung Cair Lewat Ponsel dengan Daftar Pakai Link Ini,Hoax,Liputan6 Cek Fakta
"Waspada Hoaks Pendaftaran Kartu Prakerja, Kenali Modus Penipuan",Hoax,Liputan6 Cek Fakta
"Awas Hoaks Berkedok Program Transmigrasi, Pahami Modusnya Biar Tak Terjebak",Hoax,Liputan6 Cek Fakta
"6 Hoaks yang Beredar Sepekan, Simak Faktanya Biar Tak Jadi Korban",Hoax,Liputan6 Cek Fakta
"Mira Sahid, Pegiat Literasi Digital yang Aktif Mengedukasi Pentingnya Bijak Menyebar Infor...",Hoax,Liputan6 Cek Fakta
"Kumpulan Hoaks yang Dikaitkan dengan Arab Saudi, dari Urusan Banjir hingga Sepak Bola",Hoax,Liputan6 Cek Fakta
Cek Fakta: Tidak Benar Link Pendaftaran Bansos KTP Senilai Rp 7 Juta,Hoax,Liputan6 Cek Fakta
"Deretan Hoaks Catut Nama FIFA yang Pernah Viral, Simak Faktanya",Hoax,Liputan6 Cek Fakta
Cek Fakta: Tidak Benar Lowongan Kerja Dinas Perhubungan 2025,Hoax,Liputan6 Cek Fakta
"Terungkap Hoaks Terkait Pertandingan Olahraga, Simak Kumpulannya",Hoax,Liputan6 Cek Fakta
Cek Fakta: Hoaks Dedi Mulyadi Bagikan Uang Ratusan Juta Hanya Dengan Tebak Nama Kota di Fa...,Hoax,Liputan6 Cek Fakta
Cek Fakta: Hoaks Ketua Komite Wasit FIFA Pierluigi Collina Sebut Kemenangan Timnas Arab Sa...,Hoax,Liputan6 Cek Fakta
Literasi Digital Penting Bagi Masyarakat Untuk Memilah Informasi yang Salah,Hoax,Liputan6 Cek Fakta
"Ragam Hoaks yang Dikaitkan dengan Kedubes, dari Aksi Pembakaran hingga Unjuk Rasa",Hoax,Liputan6 Cek Fakta
"Kumpulan Hoaks Catut Nama Australia, Pemberian Bantuan hingga Lowongan Kerja Palsu",Hoax,Liputan6 Cek Fakta
"Deretan Informasi Hoaks Terkait Pendaftaran Program Transmigrasi, Simak Faktanya",Hoax,Liputan6 Cek Fakta
Masyarakat Diminta Tak Mudah Sebar Hoaks Gangguan Keamanan,Hoax,Liputan6 Cek Fakta
"Waspada Penipuan Incar Petani dan Peternak Lewat Hoaks, Kenali Modusnya",Hoax,Liputan6 Cek Fakta
"Kumpulan Hoaks Pemberian Bantuan Terbaru, Simak Faktanya Biar Tak Tertipu",Hoax,Liputan6 Cek Fakta
Cek Fakta: Tidak Benar Ini Link Pendaftaran Program Kartu Prakerja,Hoax,Liputan6 Cek Fakta
"Hoaks Incar Profesi Guru, Simak Daftarnya",Hoax,Liputan6 Cek Fakta
"Ragam Hoaks Koperasi Desa Merah Putih, Simak Faktanya",Hoax,Liputan6 Cek Fakta
Kenali Influenza A dan Cara Mencegahnya,Hoax,Liputan6 Cek Fakta
Cek Fakta: Tidak Benar Link Pendaftaran Transmigrasi 2025 Tujuan Kalimantan-Sulawesi,Hoax,Liputan6 Cek Fakta
"Ragam Hoaks Terbaru soal Pendaftaran CPNS, Simak Faktanya",Hoax,Liputan6 Cek Fakta
Cek Fakta: Tidak Benar Tautan Pendaftaran untuk Menjadi Petugas Paspor di Kedubes Australi...,Hoax,Liputan6 Cek Fakta
Cek Fakta: Tidak Benar Link Pendaftaran Rekrutmen Pegawai Koperasi Desa Merah Putih 2025,Hoax,Liputan6 Cek Fakta
Cek Fakta: Tidak Benar Video yang Diklaim Detik-Detik Ambruknya Ponpes Al-Khoziny Sidoarjo,Hoax,Liputan6 Cek Fakta
Jam Kerja dan Besaran Gaji PPPK Paruh Waktu,Hoax,Liputan6 Cek Fakta
"Ragam Hoaks yang Dikaitkan dengan SEA Games, Simak Faktanya",Hoax,Liputan6 Cek Fakta
"Penggunaan AI di Media, Dewan Pers: Peran Jurnalis untuk Cek dan Ricek",Hoax,Liputan6 Cek Fakta
Kepala BBTNBBS: Video Viral Warga Dimangsa Harimau Hoaks,Hoax,Liputan6 Cek Fakta
Cek Fakta: Hoaks Link Pendaftaran CPNS Kementerian Imigrasi 2025,Hoax,Liputan6 Cek Fakta
"Waspada! Lowongan Kerja Palsu Marak Beredar di Medsos, Simak Ciri dan Modusnya Agar Tak Te...",Hoax,Liputan6 Cek Fakta
"Kumpulan Pesan Berantai Hoaks Terbaru yang Beredar, dari Soal MBG hingga Korban Begal",Hoax,Liputan6 Cek Fakta
"Deretan Informasi Seputar Korban Begal Ini Ternyata Cuma Hoaks, Simak Fakta Sebenarnya",Hoax,Liputan6 Cek Fakta
"Ragam Kabar Viral Seputar Pertalite, Simak Faktanya",Hoax,Liputan6 Cek Fakta
"Deretan Hoaks Seputar Timnas Arab Saudi yang Sempat Viral, Simak Faktanya",Hoax,Liputan6 Cek Fakta
Cek Fakta: Klarifikasi Pertalite Campur Air Jadi Etanol,Hoax,Liputan6 Cek Fakta
Waspada! Ini Kumpulan Hoaks Catut Nama Restoran Cepat Saji yang Sempat Beredar,Hoax,Liputan6 Cek Fakta
"Ragam Hoaks yang Pernah Menerpa Timnas Indonesia, Cek Faktanya",Hoax,Liputan6 Cek Fakta
Cek Fakta: Tidak Benar Link Ini Pendaftaran Magang Berbayar 2025,Hoax,Liputan6 Cek Fakta
Cek Fakta: Klarifikasi BKD soal TPP CPNS dan PNS Jakarta Naik 100 Persen,Hoax,Liputan6 Cek Fakta
Cek Fakta: Hoaks Pesan Berantai Adanya Penanganan Korban Begal di RS Abepura,Hoax,Liputan6 Cek Fakta
"Pertamina Patra Niaga Tegaskan Pertalite Produk Non Etanol, Masyarakat Diimbau Waspadai Ho...",Hoax,Liputan6 Cek Fakta
"Pajak Kendaraan Bermotor Dijadikan Bahan Hoaks, Simak Daftarnya",Hoax,Liputan6 Cek Fakta
"Ragam Hoaks Lowongan Kerja yang Catut Nama BGN, Simak Faktanya",Hoax,Liputan6 Cek Fakta
"Deretan Hoaks Terbaru yang Catut Nama Wapres Gibran, Simak Faktanya",Hoax,Liputan6 Cek Fakta
"Jangan Sampai Tertipu, Simak Kumpulan Hoaks Pembagian Token Gratis dari PLN",Hoax,Liputan6 Cek Fakta
"Waspada Penipuan Pendaftaran Rekrutmen ASN, Simak Daftar Hoaksnya",Hoax,Liputan6 Cek Fakta
Cek Fakta: Tidak Benar Link Pendaftaran Bantuan Bedah Rumah 2025,Hoax,Liputan6 Cek Fakta
"Deretan Hoaks Sasar McDonald's, Pencabutan Sertifikasi Halal hingga Lowongan Kerja Palsu",Hoax,Liputan6 Cek Fakta
"Supermoon Malam Ini 7 Oktober 2025, Simak Waktu Terbaik Menyaksikannya",Hoax,Liputan6 Cek Fakta
Cek Fakta: Hoaks Link Pendaftaran Peralihan BPJS Mandiri ke BPJS Gratis,Hoax,Liputan6 Cek Fakta
Cek Fakta: Tidak Benar Ini Link Pendaftaran Token Listrik Gratis PLN Peduli untuk Golongan...,Hoax,Liputan6 Cek Fakta
"Hoaks Pakai Teknologi Deepfake Makin Marak, Masyarakat Dituntut Jeli Cerna Informasi",Hoax,Liputan6 Cek Fakta
Cek Fakta: Hoaks Pengumuman Lowongan Kerja Kru McDonald's Indonesia,Hoax,Liputan6 Cek Fakta
"Lulusan Baru Raih Pengalaman Kerja Profesional Lewat Maganghub Kemnaker 2025, Cek Syaratny...",Hoax,Liputan6 Cek Fakta
"Simak Kumpulan Video Hoaks Terbaru yang Sempat Viral, Awas Jangan Terjebak",Hoax,Liputan6 Cek Fakta
"Kumpulan Hoaks Terkait Peristiwa Meteor Jatuh, dari Cirebon sampai Purwakarta",Hoax,Liputan6 Cek Fakta
"Kumpulan Hoaks Catut Nama Kementan, dari Bantuan Traktor hingga Petani Milenial",Hoax,Liputan6 Cek Fakta
"BPKH Buka Rekrutmen Pegawai 2025, Simak Agar Tak Jadi Korban Penipuan",Hoax,Liputan6 Cek Fakta
"Ragam Hoaks yang Dikaitkan dengan Israel, Simak Faktanya",Hoax,Liputan6 Cek Fakta
"6 Hoaks yang Beredar Sepekan, Terbanyak Soal Rekrutmen ASN",Hoax,Liputan6 Cek Fakta
"Deretan Hoaks Catut Nama Said Aqil, Simak Faktanya",Hoax,Liputan6 Cek Fakta
Cek Fakta: Tidak Benar Meteor Jatuh di Tol Ciperna Cirebon,Hoax,Liputan6 Cek Fakta
Cek Fakta: Tidak Benar Ini Link Pendaftaran Bantuan Traktor dari Kementan,Hoax,Liputan6 Cek Fakta
Cek Fakta: Tidak Benar Link Pendaftaran Bantuan 17 Juta Bibit Ikan Gratis dari KKP,Hoax,Liputan6 Cek Fakta
Cek Fakta: Hoaks Artikel Said Aqil Puji Wapres Gibran Mirip Nabi Yusuf,Hoax,Liputan6 Cek Fakta
"Pertamina Patra Niaga Imbau Masyarakat dan Konsumen Waspada Hoaks, Pastikan Kebenaran Info...",Hoax,Liputan6 Cek Fakta
Cahaya Terang di Langit Cirebon karena Meteor Jatuh? Simak Hasil Analisis BRIN,Hoax,Liputan6 Cek Fakta
"HUT ke-80, Simak Ragam Hoaks yang Pernah Menerpa TNI",Hoax,Liputan6 Cek Fakta
"Ragam Hoaks Link Cek Penerima BSU 2025, Simak Agar Terhindar dari Penipuan",Hoax,Liputan6 Cek Fakta
Cek Fakta: Tidak Benar Video Presiden Israel Dilempari Telur Busuk,Hoax,Liputan6 Cek Fakta
Cek Fakta: Tidak Benar Link Ini untuk Cek Penerima BSU Periode Oktober,Hoax,Liputan6 Cek Fakta
"Manfaat Kandungan Etanol Dalam BBM Pertamina, Simak Ragam Faktanya",Hoax,Liputan6 Cek Fakta
Kumpulan Hoaks Pendaftaran PPPK yang Menjebak Pelamar,Hoax,Liputan6 Cek Fakta
Waspada Hoaks! Begini Cara Resmi Cek BSU BPJS Ketenagakerjaan dan Syarat Penerimanya,Hoax,Liputan6 Cek Fakta
Cek Fakta: Tidak Benar Ini Link Pendaftaran Seleksi PPPK Jabatan Fungsional Guru Sekolah R...,Hoax,Liputan6 Cek Fakta
"Waspada, Informasi Rekrutmen Tenaga Non-ASN di Puskesmas Cipondoh Cuma Hoaks",Hoax,Liputan6 Cek Fakta
"Magang Hub Kemnaker 2025 Fasilitasi Fresh Graduate Dapat Pengalaman Kerja, Simak Cara Daft...",Hoax,Liputan6 Cek Fakta
"Daftar Hoaks Terkini Mencatut Perusahaan BUMN, dari Pengisian BBM sampai Token Listrik",Hoax,Liputan6 Cek Fakta
"Deretan Hoaks Seputar Dana Haji, Simak Daftarnya",Hoax,Liputan6 Cek Fakta
Simak Arti Tema dan Logo Peringatan HUT TNI ke-80 Tahun 2025,Hoax,Liputan6 Cek Fakta
Cek Fakta: Hoaks Artikel Wapres Gibran Sebut Pemerintah Tidak Berdosa Pakai Dana Haji kare...,Hoax,Liputan6 Cek Fakta
"Jangan Antusias Dulu Saat Dapat Informasi Pendaftaran ASN, Ini Alasannya",Hoax,Liputan6 Cek Fakta
"Ragam Hoaks yang Dikaitkan dengan Brimob, Simak Faktanya",Hoax,Liputan6 Cek Fakta
Cek Fakta: Tidak Benar Ini Link Pendaftaran Seleksi PPPK 2025,Hoax,Liputan6 Cek Fakta
"Tangkal Hoaks, Dirjen Bimas Kristen Kemenag Terbitkan Surat Edaran",Hoax,Liputan6 Cek Fakta
Cek Fakta: Hoaks Artikel Jokowi Sebut Gibran Aset Bangsa dan Harus Segera Jadi Presiden,Hoax,Liputan6 Cek Fakta
"Parade Alutsista HUT ke-80 TNI di Monas, Simak 2 Rute Alternatifnya",Hoax,Liputan6 Cek Fakta
Cek Fakta: Tidak Benar Link Pendaftaran Rekrutmen PPPK BGN 2025,Hoax,Liputan6 Cek Fakta
"Kumpulan Hoaks Seputar Tarif Parkir yang Sempat Viral, Simak Faktanya",Hoax,Liputan6 Cek Fakta
Cek Fakta: Tidak Benar Indonesia Hanya Kirim 12 Atlet ke SEA Games 2025,Hoax,Liputan6 Cek Fakta
Cek Fakta: Tidak Benar Link Pendaftaran Bantuan Non Muslim dari Ditjen Bimas Kristen dan A...,Hoax,Liputan6 Cek Fakta
"Bandara Soetta Jadi Sasaran Hoaks, dari Unjuk Rasa hingga Kenaikan Tarif Parkir",Hoax,Liputan6 Cek Fakta
"Ragam Hoaks Lowongan Petugas Haji, Simak Faktanya",Hoax,Liputan6 Cek Fakta
"Harga BBM Pertamina per 1 Oktober 2025, Cek Daftarnya",Hoax,Liputan6 Cek Fakta
Cek Fakta: Tidak Benar Link Pendaftaran CPNS 2025 untuk Penempatan Seluruh Indonesia,Hoax,Liputan6 Cek Fakta
"Promosi Situs Judol Catut Nama Tokoh Ternama, Simak Daftarnya",Hoax,Liputan6 Cek Fakta
"Simak, Kementerian Haji Buka Rekrutmen Petugas Haji 2026 Mulai November",Hoax,Liputan6 Cek Fakta
Cek Fakta: Tidak Benar Ini Klaim Link Pendaftaran PKH Tahap 3 2025,Hoax,Liputan6 Cek Fakta
"Deretan Hoaks Catut Nama Hotman Paris, Simak Faktanya",Hoax,Liputan6 Cek Fakta
"Waspada Hoaks Promo Alfamart, Kenali Ragamnya untuk Hindari Penipuan",Hoax,Liputan6 Cek Fakta
Cek Fakta: Tidak Benar Tarif Parkir Bandara Soekarno Hatta Naik Jadi Rp 150 Ribu per 30 Me...,Hoax,Liputan6 Cek Fakta
Cek Fakta: Hoaks Link Pendaftaran Lowongan Kerja Petugas Haji 2025/2026,Hoax,Liputan6 Cek Fakta
"Kumpulan Hoaks Pengisian BBM yang Bikin Resah Masyarakat, Simak Faktanya",Hoax,Liputan6 Cek Fakta
Cek Fakta: Tidak Benar Link Pendaftaran Cek Bansos Periode Agustus-September 2025,Hoax,Liputan6 Cek Fakta
"Undian Berhadiah dari Bank Dijadikan Bahan Hoaks, Simak Daftarnya",Hoax,Liputan6 Cek Fakta
Cek Fakta: Tidak Benar Video Ini Penampakan Mako Brimob Dibakar Massa setelah Demo Ricuh,Hoax,Liputan6 Cek Fakta
"Ragam Hoaks Seleksi Guru Sekolah Rakyat, Simak Faktanya",Hoax,Liputan6 Cek Fakta
"Cara Daftar Rekrutmen PLN 2025 Dibuka 1 Oktober, Simak untuk Hindari Penipuan",Hoax,Liputan6 Cek Fakta
Wamen Haji: Info Loker Petugas Haji di Medsos Hoaks,Hoax,Liputan6 Cek Fakta
"Kasus Korupsi Kuota Haji Diiringi Hoaks, Simak Kumpulannya",Hoax,Liputan6 Cek Fakta
Cek Fakta: Tidak Benar Link Pendaftaran Seleksi Guru Sekolah Rakyat Tahap II,Hoax,Liputan6 Cek Fakta
Waspada! Ini Kumpulan Hoaks Undian Berhadiah Catut Nama Bank Kalsel,Hoax,Liputan6 Cek Fakta
"Kumpulan Hoaks Seputar Kebakaran SPBU, dari Dibakar Massa sampai Penggunaan QR Code",Hoax,Liputan6 Cek Fakta
"6 Hoaks yang Beredar Sepekan, Terbanyak Soal Kebijakan Penyaluran BBM",Hoax,Liputan6 Cek Fakta
"Ragam Hoaks Bantuan dari Pemerintah, Simak Faktanya",Hoax,Liputan6 Cek Fakta
"Simak, Panduan Lengkap Cek Bansos Via Daring: Pastikan Anda Terdaftar",Hoax,Liputan6 Cek Fakta
Cek Fakta: Hoaks Link Pendaftaran BLT UMKM 2025 Sebesar Rp 15 Juta - 30 Juta,Hoax,Liputan6 Cek Fakta
Riset Ungkap Liputan6 Jadi Program Berita TV Terpercaya Masyarakat Indonesia,Hoax,Liputan6 Cek Fakta
Cek Fakta: Tidak Benar Ini Link Pendaftaran BSU Tahap Akhir,Hoax,Liputan6 Cek Fakta
Cek Fakta: Tidak Benar 11 Orang Meninggal Akibat MBG di Cipongkor,Hoax,Liputan6 Cek Fakta
Cek Fakta: Tidak Benar Video Hotman Paris Promosikan Situs Judol Miliknya,Hoax,Liputan6 Cek Fakta
Cek Fakta: Hoaks Tautan Pendaftaran Kupon Berhadiah dari Bank Kalsel,Hoax,Liputan6 Cek Fakta
3 Fakta dari Pertamina atas Hoaks Pembatasan Penyaluran BBM,Hoax,Liputan6 Cek Fakta
"Deretan Hoaks yang Dikaitkan dengan BBM Pertalite, Simak Faktanya",Hoax,Liputan6 Cek Fakta
"Kumpulan Artikel Palsu yang Dikaitkan dengan Jokowi, Simak Daftarnya",Hoax,Liputan6 Cek Fakta
"Ragam Artikel Hoaks Terbaru yang Sempat Viral di Medsos, Simak Faktanya",Hoax,Liputan6 Cek Fakta
"Deretan Video Hoaks Terbaru yang Beredar, Jangan Sampai Terkecoh",Hoax,Liputan6 Cek Fakta
Cek Fakta: Tidak Benar Link Pendaftaran Bansos PKH 2025,Hoax,Liputan6 Cek Fakta
"Pencairan Bansos KAJ, KLJ, KPDJ September 2025, Cek Status dan Syarat Penerimanya",Hoax,Liputan6 Cek Fakta
"Ragam Hoaks terkait DPR, Simak Faktanya",Hoax,Liputan6 Cek Fakta
Cek Fakta: Tidak Benar Video Ini Anggota DPR Ricuh Saat Sidang RUU Perampasan Aset,Hoax,Liputan6 Cek Fakta
"Simak, Tips Aman Berburu Saldo Dana Gratis Agar Tak Terjebak Penipuan",Hoax,Liputan6 Cek Fakta
Cek Fakta: Tidak Benar Link Whatsapp Pendaftaran Pendamping Lokal Desa 2025,Hoax,Liputan6 Cek Fakta
"Deretan Hoaks Seputar Cak Imin yang Beredar di Publik, Simak Faktanya",Hoax,Liputan6 Cek Fakta
"Ragam Hoaks Pendaftaran CPNS 2025, Simak Faktanya",Hoax,Liputan6 Cek Fakta
"Waspada Kumpulan Hoaks Uang Rupiah Baru Beredar, Simak Daftarnya",Hoax,Liputan6 Cek Fakta
Cek Fakta: Tidak Benar Klaim Ojol Tak Boleh Isi Pertalite,Hoax,Liputan6 Cek Fakta
"Tarif Listrik PLN Tak Naik hingga Akhir 2025, Simak Rincian Golongan Pelanggannya",Hoax,Liputan6 Cek Fakta
Cek Fakta: Hoaks Artikel Cak Imin Dapat Sedikit Hasil Korupsi Kuota Haji dari Yaqut Cholil...,Hoax,Liputan6 Cek Fakta
"Pertamina Patra Niaga Imbau Masyarakat Waspada Hoaks yang Beredar, Simak Faktanya",Hoax,Liputan6 Cek Fakta
Cek Fakta: Tidak Benar Dalam Video Ini Pom Bensin Dibakar Massa karena Motor Pajak Mati Ta...,Hoax,Liputan6 Cek Fakta
"Deretan Hoaks Seputar Yaqut Cholil Qoumas yang Beredar di Publik, Simak Daftarnya",Hoax,Liputan6 Cek Fakta
"Hoaks Berkedok Kebijakan Pengisian BBM, Simak Daftarnya Biar Tak Tersesat",Hoax,Liputan6 Cek Fakta
"Wilayah Terdampak Gempa Banyuwangi 25 September 2025, Masyarakat Diimbau Waspadai Hoaks",Hoax,Liputan6 Cek Fakta
Simak Jadwal Lengkap Hari Libur Nasional dan Cuti Bersama 2026: Total 25 Hari Libur!,Hoax,Liputan6 Cek Fakta
Pertamina Patra Niaga Ajak Konsumen Pastikan Kebenaran Informasi,Hoax,Liputan6 Cek Fakta
Cek Fakta: Hoaks Uang Pecahan Baru Rp 300 Ribu yang Beredar di Medsos,Hoax,Liputan6 Cek Fakta
Cek Fakta: Hoaks Artikel Jokowi Setujui Perampasan Aset Koruptor yang Tidak Berlaku untuk ...,Hoax,Liputan6 Cek Fakta
Cek Fakta: Tidak Benar Pertamina Terapkan Aturan Pengisian BBM 7 dan 4 Hari untuk Mobil-Mo...,Hoax,Liputan6 Cek Fakta
"Viral Pengisian BBM Mobil Motor Dibatasi 7 - 4 Hari dan Kendaraan Nunggak Pajak, Ini Penje...",Hoax,Liputan6 Cek Fakta
"Waspada Penipuan KAI Rekrutmen, Begini Cara Mengenalinya",Hoax,Liputan6 Cek Fakta
"Ragam Hoaks Catut Nama Gubernur Jabar Dedi Mulyadi, Simak Faktanya",Hoax,Liputan6 Cek Fakta
Cek Fakta: Tidak Benar Aturan Baru Pemerintah dan Pertamina Kendaraan Pajak Mati Tak Bisa ...,Hoax,Liputan6 Cek Fakta
Cek Fakta: Tidak Benar Foto Prabowo Pilih Anies Baswedan Jadi Ketua KPK,Hoax,Liputan6 Cek Fakta
Cek Fakta: Tidak Benar Gubernur Jabar Dedi Mulyadi Bagi Hadiah Rp 50 Juta,Hoax,Liputan6 Cek Fakta
"Waspada Hoaks Lowongan Kerja BUMN, Cek Daftarnya Biar Tak Tertipu",Hoax,Liputan6 Cek Fakta
Cek Fakta: Hoaks Link Pendaftaran Pemutihan Pinjol pada September-Oktober 2025 dari OJK,Hoax,Liputan6 Cek Fakta
"Cek Bansos PKH BPNT, Simak Cara Periksa Status Penerima untuk Hindari Penipuan",Hoax,Liputan6 Cek Fakta
Ditjen Bimas Kristen Minta Masyarakat Waspadai Hoaks Bantuan Dana Gereja,Hoax,Liputan6 Cek Fakta
Cek Fakta: Tidak Benar Link Pendaftaran CPNS BUMN 2025 untuk Lulusan SMA/SMK,Hoax,Liputan6 Cek Fakta
"Tarif Listrik 2025 hingga September, Simak Rincian Biayanya",Hoax,Liputan6 Cek Fakta
Cek Fakta: Tidak Benar di Foto Ini SBY Masuk RS pada September 2025,Hoax,Liputan6 Cek Fakta
Cek Fakta: Pendaftaran Hadiah Token Listrik Gratis dari PLN Ini Tidak Benar,Hoax,Liputan6 Cek Fakta
Cek Fakta: Hoaks Artikel Yaqut Cholil Qoumas Minta Jokowi Tidak Hilangkan Barang Bukti,Hoax,Liputan6 Cek Fakta
"Deretan Hoaks yang Dikaitkan dengan Puan Maharani, Simak Faktanya",Hoax,Liputan6 Cek Fakta
"Viral Pembagian Token Listrik Gratis, Simak Penjelasan PLN",Hoax,Liputan6 Cek Fakta
Cek Fakta: Hoaks Artikel Qodari Sebut Kebijakan Prabowo Mirip Nabi Sulaiman,Hoax,Liputan6 Cek Fakta
"Waspada Hoaks Pendaftaran KIP Kuliah, Simak Panduan Lengkap dan Cara Cek Keaslian",Hoax,Liputan6 Cek Fakta
Cek Fakta: Tidak Benar Ketua DPR Puan Maharani Resmi Lengser,Hoax,Liputan6 Cek Fakta
"Memahami Tax Amnesty, Tujuan dan Manfaatnya",Hoax,Liputan6 Cek Fakta
"Ragam Hoaks Bantuan Pemerintah, dari Bibit Pohon hingga Bibit Ayam",Hoax,Liputan6 Cek Fakta
Cek Fakta: Tidak Benar Link Pendaftaran Undian Wondr BNI Festival,Hoax,Liputan6 Cek Fakta
"Waspada Penipuan, Cek Link Resmi Sulingjar Kemendikdasmen",Hoax,Liputan6 Cek Fakta
Cek Fakta: Tidak Benar Link Pendaftaran Bibit Pohon Gratis dari Kemenhut,Hoax,Liputan6 Cek Fakta
"6 Hoaks Sepekan, dari Manipulasi Judul Artikel sampai Bantuan",Hoax,Liputan6 Cek Fakta
"Waspada Penipuan Lewat Hoaks Berkedok Cek Status Penerima Bantuan, Berikut Daftarnya",Hoax,Liputan6 Cek Fakta
